TERMINAL_ID,MERCHANT_ID,ACCOUNT_NUMBER,DEST_ACCOUNT_NUMBER,TIMESTAMP_DB,AMOUNT,STAN,PROCESSING_CODE,RESPONSE_CODE,MTI
T1015,M2016,ACCT100000,DST300162,2026-01-04 18:11:00,314508,100035,400000,0,200
T1015,M2000,ACCT100000,DST300099,2026-01-04 18:37:00,343042,100197,400000,0,200
T1015,M2012,ACCT100000,DST300053,2026-01-04 22:12:00,356936,100842,10000,0,200
T1015,M2015,ACCT100000,DST300131,2026-01-05 02:08:00,359793,101057,400000,0,200
T1015,M2008,ACCT100000,DST300169,2026-01-05 05:11:00,354504,101223,400000,0,200
T1015,M2015,ACCT100000,DST300169,2026-01-05 05:12:00,311848,101385,300000,55,200
T1015,M2014,ACCT100000,DST300072,2026-01-05 05:13:00,304922,101386,300000,55,200
T1015,M2010,ACCT100000,DST300133,2026-01-05 05:14:00,389301,101387,300000,55,200
T1015,M2005,ACCT100000,DST300185,2026-01-05 05:15:00,325887,101388,300000,55,200
T1015,M2013,ACCT100000,DST300122,2026-01-05 08:30:00,337681,102572,400000,0,200
T1015,M2012,ACCT100000,DST300140,2026-01-05 12:09:00,342455,102579,400000,0,200
T1015,M2011,ACCT100000,DST300066,2026-01-05 15:33:00,342138,102818,10000,0,200
T1015,M2013,ACCT100000,DST300133,2026-01-05 17:42:00,378292,103614,400000,0,200
T1015,M2012,ACCT100000,DST300062,2026-01-05 19:25:00,353090,103742,400000,0,200
T1015,M2012,ACCT100000,DST300146,2026-01-05 22:39:00,339621,103757,10000,0,200
T1015,M2014,ACCT100000,DST300057,2026-01-05 23:03:00,360998,103769,10000,0,200
T1015,M2008,ACCT100000,DST300103,2026-01-06 01:54:00,343054,103806,400000,0,200
T1015,M2009,ACCT100000,DST300197,2026-01-06 03:37:00,335671,104278,10000,0,200
T1015,M2015,ACCT100000,DST300177,2026-01-06 04:41:00,365487,104484,400000,0,200
T1008,M2017,ACCT100000,DST300015,2026-01-06 04:42:00,357902,104553,10000,0,200
T1029,M2011,ACCT100001,DST300173,2026-01-20 03:52:00,510581,102662,10000,0,200
T1029,M2004,ACCT100001,DST300060,2026-01-20 05:50:00,196906,100705,10000,0,200
T1029,M2000,ACCT100001,DST300054,2026-01-20 05:52:00,186426,102768,400000,0,200
T1029,M2000,ACCT100001,DST300182,2026-01-20 07:01:00,212916,102928,10000,0,200
T1029,M2009,ACCT100001,DST300197,2026-01-20 07:51:00,179347,101014,10000,0,200
T1029,M2009,ACCT100001,DST300068,2026-01-20 10:25:00,230545,103426,400000,0,200
T1029,M2007,ACCT100001,DST300049,2026-01-20 11:24:00,212828,101088,10000,0,200
T1029,M2005,ACCT100001,DST300156,2026-01-20 12:58:00,204951,101210,10000,0,200
T1029,M2010,ACCT100001,DST300110,2026-01-20 13:32:00,2878693,102137,10000,0,200
T1029,M2014,ACCT100001,DST300194,2026-01-20 13:41:00,187984,103438,400000,0,200
T1029,M2013,ACCT100001,DST300021,2026-01-20 14:33:00,219704,103651,400000,0,200
T1029,M2005,ACCT100001,DST300006,2026-01-20 14:57:00,196201,104023,10000,0,200
T1029,M2011,ACCT100001,DST999999,2026-01-20 14:59:00,231569,104342,400000,0,200
T1029,M2000,ACCT100001,DST999999,2026-01-20 15:01:00,202921,104343,400000,0,200
T1029,M2015,ACCT100001,DST999999,2026-01-20 15:03:00,242955,104344,400000,0,200
T1029,M2013,ACCT100001,DST300154,2026-01-20 16:54:00,240884,102147,400000,0,200
T1029,M2001,ACCT100001,DST300165,2026-01-20 17:04:00,199750,102194,400000,0,200
T1029,M2005,ACCT100001,DST300052,2026-01-20 18:56:00,176758,102502,400000,0,200
T1017,M2006,ACCT100002,DST300033,2026-01-17 03:06:00,651786,103577,10000,0,200
T1017,M2010,ACCT100002,DST300042,2026-01-17 03:45:00,241338,103617,10000,0,200
T1024,M2019,ACCT100002,DST300086,2026-01-17 13:31:00,194552,100238,400000,0,200
T1024,M2008,ACCT100002,DST300000,2026-01-17 13:32:00,267160,100277,300000,55,200
T1024,M2003,ACCT100002,DST300057,2026-01-17 13:33:00,225149,100278,300000,55,200
T1024,M2008,ACCT100002,DST300075,2026-01-17 13:34:00,244170,100279,300000,55,200
T1024,M2010,ACCT100002,DST300013,2026-01-17 13:35:00,271189,100280,300000,55,200
T1024,M2010,ACCT100002,DST300006,2026-01-17 14:06:00,226077,100688,10000,0,200
T1024,M2018,ACCT100002,DST999999,2026-01-17 14:08:00,251863,100802,400000,0,200
T1024,M2014,ACCT100002,DST999999,2026-01-17 14:10:00,218412,100803,400000,0,200
T1024,M2009,ACCT100002,DST999999,2026-01-17 14:12:00,224637,100804,400000,0,200
T1024,M2009,ACCT100002,DST999999,2026-01-17 14:14:00,235653,100805,400000,0,200
T1024,M2018,ACCT100002,DST300071,2026-01-17 16:54:00,212834,101351,10000,0,200
T1024,M2019,ACCT100002,DST300163,2026-01-17 19:56:00,213824,102060,400000,0,200
T1017,M2018,ACCT100002,DST300064,2026-01-17 20:04:00,232630,102318,10000,0,200
T1017,M2018,ACCT100003,DST300090,2026-01-16 19:55:00,352646,100678,400000,0,200
T1017,M2011,ACCT100003,DST300090,2026-01-16 23:51:00,347785,101821,400000,0,200
T1017,M2012,ACCT100003,DST300046,2026-01-17 02:27:00,312139,102151,400000,0,200
T1017,M2010,ACCT100003,DST300056,2026-01-17 03:49:00,296700,102206,400000,0,200
T1017,M2019,ACCT100003,DST300090,2026-01-17 04:12:00,4825400,102207,10000,0,200
T1017,M2017,ACCT100003,DST300122,2026-01-17 06:18:00,279526,103302,10000,0,200
T1017,M2019,ACCT100003,DST300114,2026-01-17 09:11:00,328032,103646,400000,0,200
T1017,M2019,ACCT100003,DST300059,2026-01-17 12:43:00,284729,103744,400000,0,200
T1009,M2010,ACCT100003,DST300137,2026-01-17 12:47:00,302164,103911,10000,0,200
T1009,M2015,ACCT100003,DST300105,2026-01-17 13:20:00,5373555,104101,10000,0,200
T1009,M2016,ACCT100003,DST300032,2026-01-17 14:50:00,308125,104544,400000,0,200
T1009,M2007,ACCT100003,DST300191,2026-01-17 18:39:00,288986,104857,10000,0,200
T1001,M2005,ACCT100004,DST300174,2026-01-13 02:34:00,355473,102538,10000,0,200
T1001,M2004,ACCT100004,DST300119,2026-01-13 04:56:00,387433,100065,10000,0,200
T1001,M2013,ACCT100004,DST300138,2026-01-13 05:11:00,179623,102872,10000,0,200
T1001,M2019,ACCT100004,DST300194,2026-01-13 07:06:00,230075,104584,10000,0,200
T1001,M2017,ACCT100004,DST300130,2026-01-13 07:07:00,164457,100130,400000,0,200
T1001,M2007,ACCT100004,DST300089,2026-01-13 07:57:00,121821,104878,10000,0,200
T1001,M2005,ACCT100004,DST300014,2026-01-13 08:54:00,168940,100624,10000,0,200
T1001,M2003,ACCT100004,DST300070,2026-01-13 10:40:00,172974,100712,10000,0,200
T1001,M2001,ACCT100004,DST300113,2026-01-13 12:30:00,180026,101050,10000,0,200
T1001,M2004,ACCT100004,DST999999,2026-01-13 12:32:00,156026,102011,400000,0,200
T1001,M2005,ACCT100004,DST999999,2026-01-13 12:34:00,222400,102012,400000,0,200
T1001,M2006,ACCT100004,DST999999,2026-01-13 12:36:00,197527,102013,400000,0,200
T1001,M2013,ACCT100004,DST999999,2026-01-13 12:38:00,203364,102014,400000,0,200
T1001,M2004,ACCT100004,DST300169,2026-01-13 13:15:00,213160,100008,400000,0,200
T1004,M2006,ACCT100005,DST300136,2026-01-11 03:26:00,37449,100283,400000,0,200
T1004,M2003,ACCT100005,DST300043,2026-01-11 03:43:00,1204517,100500,10000,0,200
T1004,M2005,ACCT100005,DST300171,2026-01-11 06:34:00,80192,100642,400000,0,200
T1004,M2003,ACCT100005,DST300020,2026-01-11 10:01:00,55603,100844,10000,0,200
T1004,M2017,ACCT100005,DST300094,2026-01-11 13:19:00,104612,100914,10000,0,200
T1004,M2010,ACCT100005,DST300108,2026-01-11 17:07:00,106484,100955,10000,0,200
T1005,M2017,ACCT100005,DST300054,2026-01-11 17:09:00,84683,102034,10000,0,200
T1005,M2004,ACCT100005,DST300019,2026-01-11 18:53:00,101948,102156,400000,0,200
T1005,M2007,ACCT100005,DST300040,2026-01-11 22:19:00,86166,102812,10000,0,200
T1005,M2008,ACCT100005,DST300057,2026-01-12 03:00:00,211439,103245,10000,0,200
T1005,M2012,ACCT100005,DST300020,2026-01-12 04:32:00,85501,103496,400000,0,200
T1005,M2008,ACCT100005,DST300139,2026-01-12 06:16:00,96300,103862,10000,0,200
T1005,M2016,ACCT100005,DST300143,2026-01-12 08:30:00,79598,104308,10000,0,200
T1027,M2008,ACCT100005,DST300170,2026-01-12 08:38:00,88743,104425,10000,0,200
T1027,M2013,ACCT100005,DST300183,2026-01-12 10:02:00,69480,104458,400000,0,200
T1027,M2003,ACCT100005,DST300148,2026-01-12 12:07:00,76754,104845,400000,0,200
T1005,M2003,ACCT100006,DST300053,2026-01-02 09:55:00,191634,100040,300000,55,200
T1005,M2018,ACCT100006,DST300146,2026-01-02 09:56:00,218274,100041,300000,55,200
T1005,M2011,ACCT100006,DST300179,2026-01-02 09:57:00,170933,100042,300000,55,200
T1005,M2015,ACCT100006,DST300034,2026-01-02 09:58:00,224361,100043,300000,55,200
T1005,M2001,ACCT100006,DST300036,2026-01-02 13:32:00,161500,100133,10000,0,200
T1005,M2002,ACCT100006,DST300120,2026-01-02 17:02:00,202754,100196,10000,0,200
T1005,M2012,ACCT100006,DST300141,2026-01-02 17:25:00,2911035,100908,10000,0,200
T1005,M2012,ACCT100006,DST300161,2026-01-02 18:26:00,182788,100999,10000,0,200
T1005,M2016,ACCT100006,DST300036,2026-01-02 19:08:00,225082,101298,10000,0,200
T1005,M2017,ACCT100006,DST300117,2026-01-02 20:16:00,209182,101360,10000,0,200
T1005,M2017,ACCT100006,DST300157,2026-01-03 00:01:00,172613,101395,10000,0,200
T1005,M2001,ACCT100006,DST300173,2026-01-03 02:46:00,237648,101434,10000,0,200
T1005,M2014,ACCT100006,DST300044,2026-01-03 04:02:00,214482,102368,10000,0,200
T1005,M2015,ACCT100006,DST300059,2026-01-03 04:43:00,229095,102403,10000,0,200
T1005,M2005,ACCT100006,DST999999,2026-01-03 04:45:00,219294,102597,400000,0,200
T1005,M2016,ACCT100006,DST999999,2026-01-03 04:47:00,224579,102598,400000,0,200
T1005,M2007,ACCT100006,DST999999,2026-01-03 04:49:00,188941,102599,400000,0,200
T1005,M2015,ACCT100006,DST999999,2026-01-03 04:51:00,207365,102600,400000,0,200
T1005,M2003,ACCT100006,DST300067,2026-01-03 05:08:00,263062,102788,400000,0,200
T1005,M2004,ACCT100006,DST300123,2026-01-03 05:41:00,215607,102909,400000,0,200
T1005,M2003,ACCT100006,DST300155,2026-01-03 06:22:00,206462,103881,400000,0,200
T1005,M2014,ACCT100006,DST300066,2026-01-03 08:33:00,219264,103949,400000,0,200
T1005,M2010,ACCT100006,DST300126,2026-01-03 12:09:00,201893,103950,400000,0,200
T1005,M2015,ACCT100006,DST300102,2026-01-03 15:34:00,166558,104104,10000,0,200
T1005,M2002,ACCT100006,DST300176,2026-01-03 18:52:00,181961,104208,400000,0,200
T1005,M2018,ACCT100006,DST300064,2026-01-03 21:42:00,209013,104681,400000,0,200
T1005,M2007,ACCT100006,DST300060,2026-01-03 21:43:00,176685,104850,300000,55,200
T1005,M2006,ACCT100006,DST300031,2026-01-03 21:44:00,218106,104851,300000,55,200
T1005,M2010,ACCT100006,DST300137,2026-01-03 21:45:00,228381,104852,300000,55,200
T1007,M2013,ACCT100007,DST300149,2026-01-17 05:53:00,76626,100077,10000,0,200
T1007,M2000,ACCT100007,DST300077,2026-01-17 08:27:00,88489,100209,10000,0,200
T1007,M2005,ACCT100007,DST300072,2026-01-17 08:58:00,71552,100880,10000,0,200
T1007,M2008,ACCT100007,DST300107,2026-01-17 11:34:00,72155,101368,10000,0,200
T1007,M2003,ACCT100007,DST300108,2026-01-17 14:45:00,33009,101440,10000,0,200
T1007,M2015,ACCT100007,DST300064,2026-01-17 17:35:00,42347,101618,10000,0,200
T1007,M2001,ACCT100007,DST300187,2026-01-17 19:56:00,61186,101680,400000,0,200
T1007,M2003,ACCT100007,DST300056,2026-01-17 22:02:00,66578,101932,10000,0,200
T1007,M2014,ACCT100007,DST300061,2026-01-18 01:17:00,82187,102107,400000,0,200
T1018,M2004,ACCT100007,DST300016,2026-01-18 01:23:00,97000,103446,10000,0,200
T1018,M2016,ACCT100007,DST300169,2026-01-18 01:28:00,656397,103892,10000,0,200
T1018,M2007,ACCT100007,DST300111,2026-01-18 01:35:00,825759,104869,10000,0,200
T1027,M2002,ACCT100008,DST300000,2026-01-15 22:08:00,267929,100574,10000,0,200
T1027,M2018,ACCT100008,DST300051,2026-01-15 22:53:00,295593,100689,400000,0,200
T1027,M2014,ACCT100008,DST300079,2026-01-15 23:21:00,3125480,100746,10000,0,200
T1027,M2001,ACCT100008,DST300103,2026-01-15 23:52:00,290873,100796,10000,0,200
T1027,M2018,ACCT100008,DST300177,2026-01-16 00:07:00,277428,101452,400000,0,200
T1027,M2001,ACCT100008,DST300066,2026-01-16 04:03:00,258748,101855,400000,0,200
T1027,M2016,ACCT100008,DST300136,2026-01-16 04:10:00,275428,102159,400000,0,200
T1027,M2016,ACCT100008,DST300028,2026-01-16 05:34:00,290450,102757,400000,0,200
T1027,M2008,ACCT100008,DST300046,2026-01-16 05:53:00,3796472,103787,10000,0,200
T1027,M2003,ACCT100008,DST300001,2026-01-16 09:11:00,267354,103989,10000,0,200
T1027,M2010,ACCT100008,DST300036,2026-01-16 11:48:00,236196,104036,400000,0,200
T1027,M2017,ACCT100008,DST300186,2026-01-16 15:31:00,300153,104977,400000,0,200
T1026,M2014,ACCT100009,DST300138,2026-01-06 05:41:00,2392459,100115,10000,0,200
T1026,M2007,ACCT100009,DST300073,2026-01-06 06:22:00,160048,100181,10000,0,200
T1026,M2006,ACCT100009,DST300000,2026-01-06 10:05:00,122155,100417,10000,0,200
T1026,M2004,ACCT100009,DST300118,2026-01-06 10:45:00,168045,100616,10000,0,200
T1026,M2015,ACCT100009,DST300021,2026-01-06 13:22:00,160636,100857,400000,0,200
T1026,M2013,ACCT100009,DST300185,2026-01-06 14:49:00,93970,101652,400000,0,200
T1026,M2014,ACCT100009,DST300196,2026-01-06 16:28:00,132902,102975,400000,0,200
T1026,M2012,ACCT100009,DST300178,2026-01-06 18:40:00,160524,103189,400000,0,200
T1026,M2002,ACCT100009,DST300033,2026-01-06 21:54:00,156449,103297,400000,0,200
T1026,M2016,ACCT100009,DST300051,2026-01-07 01:13:00,131548,103630,400000,0,200
T1010,M2001,ACCT100009,DST300103,2026-01-07 01:16:00,172252,103702,10000,0,200
T1010,M2004,ACCT100009,DST300195,2026-01-07 02:31:00,145717,104103,400000,0,200
T1010,M2017,ACCT100009,DST300037,2026-01-07 03:20:00,384590,104233,10000,0,200
T1010,M2016,ACCT100009,DST999999,2026-01-07 03:22:00,167634,104685,400000,0,200
T1010,M2018,ACCT100009,DST999999,2026-01-07 03:24:00,166747,104686,400000,0,200
T1010,M2014,ACCT100009,DST999999,2026-01-07 03:26:00,146658,104687,400000,0,200
T1010,M2005,ACCT100009,DST999999,2026-01-07 03:28:00,150053,104688,400000,0,200
T1010,M2003,ACCT100010,DST300002,2026-01-01 02:37:00,315690,100463,400000,0,200
T1010,M2002,ACCT100010,DST300191,2026-01-01 02:38:00,337971,100668,300000,55,200
T1010,M2012,ACCT100010,DST300089,2026-01-01 02:39:00,317252,100669,300000,55,200
T1010,M2000,ACCT100010,DST300028,2026-01-01 02:40:00,319381,100670,300000,55,200
T1010,M2007,ACCT100010,DST300175,2026-01-01 05:31:00,348676,100865,400000,0,200
T1010,M2006,ACCT100010,DST300022,2026-01-01 06:01:00,344429,101945,400000,0,200
T1010,M2013,ACCT100010,DST300027,2026-01-01 06:17:00,3688895,101955,10000,0,200
T1010,M2009,ACCT100010,DST300033,2026-01-01 10:11:00,355829,102197,400000,0,200
T1010,M2001,ACCT100010,DST300104,2026-01-01 12:11:00,328689,102396,10000,0,200
T1010,M2003,ACCT100010,DST300098,2026-01-01 13:22:00,364878,103229,10000,0,200
T1010,M2019,ACCT100010,DST300161,2026-01-01 17:14:00,350175,103363,400000,0,200
T1025,M2013,ACCT100010,DST300014,2026-01-01 17:18:00,341623,103689,10000,0,200
T1025,M2015,ACCT100010,DST300016,2026-01-01 19:21:00,366875,103706,10000,0,200
T1025,M2015,ACCT100010,DST300070,2026-01-01 21:30:00,328414,103752,10000,0,200
T1025,M2014,ACCT100010,DST300000,2026-01-02 00:56:00,344539,104230,10000,0,200
T1025,M2009,ACCT100010,DST300082,2026-01-02 02:10:00,370540,104247,10000,0,200
T1025,M2017,ACCT100010,DST300128,2026-01-02 05:18:00,323215,104471,400000,0,200
T1025,M2009,ACCT100010,DST300098,2026-01-02 06:22:00,315648,104547,400000,0,200
T1025,M2013,ACCT100010,DST300028,2026-01-02 09:22:00,317814,104612,400000,0,200
T1024,M2015,ACCT100011,DST300091,2026-01-14 20:18:00,217019,100234,400000,0,200
T1024,M2000,ACCT100011,DST300192,2026-01-14 23:27:00,230747,100367,10000,0,200
T1024,M2012,ACCT100011,DST300034,2026-01-15 02:21:00,249247,101523,10000,0,200
T1024,M2008,ACCT100011,DST300059,2026-01-15 03:15:00,539574,103608,10000,0,200
T1024,M2005,ACCT100011,DST300021,2026-01-15 06:00:00,274505,104128,400000,0,200
T1024,M2018,ACCT100011,DST300140,2026-01-15 06:10:00,248786,101609,10000,0,200
T1024,M2007,ACCT100011,DST300037,2026-01-15 06:17:00,262415,101710,400000,0,200
T1024,M2013,ACCT100011,DST300069,2026-01-15 06:18:00,237506,102304,300000,55,200
T1024,M2019,ACCT100011,DST300199,2026-01-15 06:19:00,260446,102305,300000,55,200
T1024,M2003,ACCT100011,DST300105,2026-01-15 06:20:00,220844,102306,300000,55,200
T1024,M2008,ACCT100011,DST300086,2026-01-15 08:53:00,251533,104707,400000,0,200
T1024,M2016,ACCT100011,DST300163,2026-01-15 09:49:00,232661,102715,10000,0,200
T1024,M2009,ACCT100011,DST300184,2026-01-15 11:58:00,237869,102859,10000,0,200
T1024,M2000,ACCT100011,DST300038,2026-01-15 14:49:00,301818,103281,10000,0,200
T1024,M2007,ACCT100011,DST300177,2026-01-15 18:19:00,224621,103316,400000,0,200
T1001,M2003,ACCT100012,DST300170,2026-01-08 01:21:00,614919,104218,10000,0,200
T1001,M2003,ACCT100012,DST300162,2026-01-08 02:06:00,269805,104403,400000,0,200
T1001,M2013,ACCT100012,DST300162,2026-01-08 08:37:00,195855,100047,400000,0,200
T1001,M2012,ACCT100012,DST300033,2026-01-08 11:12:00,199159,100814,400000,0,200
T1001,M2018,ACCT100012,DST300192,2026-01-08 13:42:00,256477,101454,10000,0,200
T1001,M2011,ACCT100012,DST300009,2026-01-08 14:57:00,264629,104212,10000,0,200
T1009,M2000,ACCT100013,DST300031,2026-01-20 18:50:00,92297,100026,10000,0,200
T1009,M2004,ACCT100013,DST300045,2026-01-20 19:53:00,69557,100094,10000,0,200
T1009,M2005,ACCT100013,DST300062,2026-01-20 19:54:00,136647,100384,300000,55,200
T1009,M2004,ACCT100013,DST300015,2026-01-20 19:55:00,135021,100385,300000,55,200
T1009,M2013,ACCT100013,DST300097,2026-01-20 19:56:00,56833,100386,300000,55,200
T1009,M2005,ACCT100013,DST300008,2026-01-20 19:57:00,103424,100387,300000,55,200
T1009,M2004,ACCT100013,DST300198,2026-01-20 19:58:00,104025,100388,300000,55,200
T1009,M2001,ACCT100013,DST300105,2026-01-20 21:32:00,161377,101019,400000,0,200
T1029,M2011,ACCT100013,DST300066,2026-01-20 21:33:00,91817,101389,10000,0,200
T1029,M2012,ACCT100013,DST300186,2026-01-20 23:56:00,76566,101566,10000,0,200
T1029,M2008,ACCT100013,DST300084,2026-01-21 01:52:00,260726,102736,10000,0,200
T1029,M2012,ACCT100013,DST300093,2026-01-21 02:21:00,76875,102749,10000,0,200
T1016,M2002,ACCT100013,DST300063,2026-01-21 04:26:00,220692,104581,10000,0,200
T1029,M2019,ACCT100013,DST300113,2026-01-21 05:32:00,92834,103175,400000,0,200
T1016,M2001,ACCT100013,DST300173,2026-01-21 05:37:00,126471,103667,10000,0,200
T1016,M2010,ACCT100013,DST300178,2026-01-21 07:07:00,109734,104689,400000,0,200
T1016,M2019,ACCT100013,DST300197,2026-01-21 07:56:00,114332,103819,10000,0,200
T1016,M2014,ACCT100013,DST300034,2026-01-21 10:16:00,102064,104202,10000,0,200
T1023,M2005,ACCT100014,DST300005,2026-01-14 03:56:00,626720,100159,10000,0,200
T1023,M2000,ACCT100014,DST300033,2026-01-14 04:25:00,4957997,100256,10000,0,200
T1023,M2000,ACCT100014,DST300053,2026-01-14 08:02:00,309137,100273,10000,0,200
T1023,M2009,ACCT100014,DST300178,2026-01-14 08:08:00,249666,100465,10000,0,200
T1023,M2015,ACCT100014,DST300187,2026-01-14 11:38:00,293525,100740,10000,0,200
T1023,M2017,ACCT100014,DST300103,2026-01-14 13:45:00,310752,100962,400000,0,200
T1023,M2011,ACCT100014,DST300011,2026-01-14 13:46:00,267256,101926,300000,55,200
T1023,M2012,ACCT100014,DST300197,2026-01-14 13:47:00,309610,101927,300000,55,200
T1023,M2011,ACCT100014,DST300073,2026-01-14 13:48:00,291430,101928,300000,55,200
T1023,M2018,ACCT100014,DST300118,2026-01-14 13:49:00,281848,101929,300000,55,200
T1023,M2004,ACCT100014,DST300084,2026-01-14 13:50:00,275438,101930,300000,55,200
T1023,M2007,ACCT100014,DST300068,2026-01-14 16:23:00,297773,102149,400000,0,200
T1023,M2000,ACCT100014,DST300100,2026-01-14 17:55:00,289612,102518,400000,0,200
T1023,M2015,ACCT100014,DST300146,2026-01-14 18:03:00,323293,100136,10000,0,200
T1023,M2004,ACCT100014,DST300142,2026-01-14 18:27:00,2936342,102902,10000,0,200
T1023,M2010,ACCT100014,DST300006,2026-01-14 21:07:00,340910,103641,10000,0,200
T1023,M2007,ACCT100014,DST300148,2026-01-14 23:33:00,335050,103874,400000,0,200
T1023,M2003,ACCT100014,DST300101,2026-01-15 01:23:00,761173,104483,10000,0,200
T1023,M2017,ACCT100014,DST300091,2026-01-15 01:44:00,278912,104402,400000,0,200
T1023,M2006,ACCT100014,DST300007,2026-01-15 04:55:00,329662,104482,10000,0,200
T1021,M2019,ACCT100015,DST300171,2026-01-09 15:34:00,121151,100162,400000,0,200
T1021,M2005,ACCT100015,DST300138,2026-01-09 18:12:00,162330,100292,10000,0,200
T1021,M2000,ACCT100015,DST300073,2026-01-09 19:51:00,111073,100307,400000,0,200
T1021,M2010,ACCT100015,DST300049,2026-01-09 22:20:00,132926,100405,10000,0,200
T1021,M2019,ACCT100015,DST300024,2026-01-09 22:45:00,1680319,100954,10000,0,200
T1021,M2009,ACCT100015,DST300007,2026-01-09 22:46:00,109629,100990,300000,55,200
T1021,M2013,ACCT100015,DST300123,2026-01-09 22:47:00,170647,100991,300000,55,200
T1021,M2015,ACCT100015,DST300029,2026-01-09 22:48:00,134485,100992,300000,55,200
T1021,M2014,ACCT100015,DST300170,2026-01-09 22:49:00,58363,101040,300000,55,200
T1021,M2015,ACCT100015,DST300121,2026-01-09 22:50:00,85584,101041,300000,55,200
T1021,M2018,ACCT100015,DST300186,2026-01-09 22:51:00,86842,101042,300000,55,200
T1021,M2012,ACCT100015,DST300106,2026-01-09 22:52:00,141940,101043,300000,55,200
T1021,M2005,ACCT100015,DST300106,2026-01-09 22:53:00,128326,101044,300000,55,200
T1021,M2003,ACCT100015,DST300170,2026-01-10 02:02:00,109648,101428,400000,0,200
T1021,M2010,ACCT100015,DST300058,2026-01-10 03:02:00,100363,102235,10000,0,200
T1021,M2013,ACCT100015,DST999999,2026-01-10 03:04:00,123362,102363,400000,0,200
T1021,M2008,ACCT100015,DST999999,2026-01-10 03:06:00,135792,102364,400000,0,200
T1021,M2004,ACCT100015,DST300094,2026-01-10 03:21:00,1534112,103507,10000,0,200
T1021,M2015,ACCT100015,DST300160,2026-01-10 05:54:00,117869,104488,400000,0,200
T1027,M2018,ACCT100015,DST300132,2026-01-10 05:57:00,93198,104906,10000,0,200
T1002,M2012,ACCT100016,DST300189,2026-01-06 14:51:00,142732,100884,10000,0,200
T1002,M2000,ACCT100016,DST300094,2026-01-06 18:33:00,154596,101078,400000,0,200
T1002,M2012,ACCT100016,DST300101,2026-01-06 20:37:00,148030,102457,10000,0,200
T1002,M2016,ACCT100016,DST999999,2026-01-06 20:39:00,127110,102711,400000,0,200
T1002,M2005,ACCT100016,DST999999,2026-01-06 20:41:00,193233,102712,400000,0,200
T1002,M2000,ACCT100016,DST999999,2026-01-06 20:43:00,141266,102713,400000,0,200
T1002,M2019,ACCT100016,DST999999,2026-01-06 20:45:00,179511,102714,400000,0,200
T1002,M2017,ACCT100016,DST300076,2026-01-06 21:44:00,123860,102723,10000,0,200
T1002,M2010,ACCT100016,DST300128,2026-01-07 01:42:00,144384,102726,400000,0,200
T1002,M2016,ACCT100016,DST300124,2026-01-07 02:13:00,2420111,103060,10000,0,200
T1002,M2009,ACCT100016,DST300064,2026-01-07 04:13:00,130402,103482,400000,0,200
T1002,M2003,ACCT100016,DST300135,2026-01-07 04:59:00,156165,104075,400000,0,200
T1002,M2011,ACCT100016,DST300036,2026-01-07 07:11:00,156005,104965,10000,0,200
T1018,M2006,ACCT100017,DST300067,2026-01-18 01:16:00,322187,100199,400000,0,200
T1018,M2000,ACCT100017,DST300004,2026-01-18 03:25:00,336762,101545,10000,0,200
T1020,M2013,ACCT100017,DST300197,2026-01-18 03:31:00,301271,101647,10000,0,200
T1020,M2007,ACCT100017,DST300036,2026-01-18 04:03:00,844599,101911,10000,0,200
T1020,M2007,ACCT100017,DST300180,2026-01-18 04:59:00,318546,101970,10000,0,200
T1020,M2016,ACCT100017,DST300081,2026-01-18 08:22:00,289542,102301,10000,0,200
T1013,M2010,ACCT100017,DST300021,2026-01-18 08:28:00,324405,102320,10000,0,200
T1013,M2019,ACCT100017,DST999999,2026-01-18 08:30:00,321537,102382,400000,0,200
T1013,M2012,ACCT100017,DST999999,2026-01-18 08:32:00,301409,102383,400000,0,200
T1013,M2014,ACCT100017,DST999999,2026-01-18 08:34:00,302356,102384,400000,0,200
T1013,M2001,ACCT100017,DST999999,2026-01-18 08:36:00,287340,102427,400000,0,200
T1013,M2014,ACCT100017,DST999999,2026-01-18 08:38:00,295711,102428,400000,0,200
T1013,M2007,ACCT100017,DST300152,2026-01-18 12:21:00,312701,102730,400000,0,200
T1013,M2009,ACCT100017,DST300091,2026-01-18 12:27:00,282948,103478,400000,0,200
T1013,M2007,ACCT100017,DST300009,2026-01-18 14:35:00,334569,103649,400000,0,200
T1013,M2003,ACCT100017,DST300048,2026-01-18 16:51:00,308617,103974,400000,0,200
T1013,M2006,ACCT100017,DST300132,2026-01-18 19:37:00,293896,104150,10000,0,200
T1013,M2018,ACCT100017,DST300071,2026-01-18 21:27:00,281818,104322,10000,0,200
T1013,M2007,ACCT100017,DST300195,2026-01-18 23:25:00,319909,104347,400000,0,200
T1013,M2019,ACCT100017,DST300046,2026-01-18 23:43:00,307184,104375,400000,0,200
T1027,M2002,ACCT100018,DST300028,2026-01-01 07:31:00,138088,100297,10000,0,200
T1027,M2008,ACCT100018,DST300056,2026-01-01 10:10:00,143048,101661,400000,0,200
T1027,M2014,ACCT100018,DST300197,2026-01-01 10:19:00,114171,102051,400000,0,200
T1027,M2014,ACCT100018,DST300060,2026-01-01 12:35:00,176303,102185,10000,0,200
T1027,M2004,ACCT100018,DST300092,2026-01-01 14:52:00,136691,103109,400000,0,200
T1028,M2000,ACCT100018,DST300013,2026-01-01 14:55:00,115065,103740,10000,0,200
T1028,M2010,ACCT100018,DST300083,2026-01-01 15:54:00,108466,104153,10000,0,200
T1028,M2000,ACCT100018,DST300016,2026-01-01 19:01:00,127257,104511,10000,0,200
T1000,M2005,ACCT100019,DST300184,2026-01-13 02:01:00,961635,103203,10000,0,200
T1019,M2017,ACCT100019,DST300195,2026-01-13 02:04:00,316789,104064,10000,0,200
T1004,M2013,ACCT100019,DST300074,2026-01-13 02:12:00,336182,104276,10000,0,200
T1004,M2000,ACCT100019,DST300184,2026-01-13 02:26:00,328404,104361,10000,0,200
T1000,M2008,ACCT100019,DST300035,2026-01-13 04:12:00,842848,101367,10000,0,200
T1000,M2008,ACCT100019,DST300008,2026-01-13 05:23:00,355300,101400,10000,0,200
T1000,M2012,ACCT100019,DST300096,2026-01-13 05:54:00,302745,100312,10000,0,200
T1000,M2002,ACCT100019,DST300160,2026-01-13 06:11:00,300545,102025,400000,0,200
T1000,M2009,ACCT100019,DST300147,2026-01-13 06:25:00,320202,102561,10000,0,200
T1000,M2009,ACCT100019,DST300007,2026-01-13 09:16:00,317773,100835,10000,0,200
T1024,M2015,ACCT100020,DST300144,2026-01-15 00:51:00,308045,100200,400000,0,200
T1024,M2017,ACCT100020,DST300158,2026-01-15 02:11:00,788896,103635,10000,0,200
T1024,M2019,ACCT100020,DST300114,2026-01-15 04:44:00,302899,101172,10000,0,200
T1024,M2010,ACCT100020,DST300047,2026-01-15 05:01:00,330190,104063,400000,0,200
T1024,M2004,ACCT100020,DST300124,2026-01-15 05:19:00,293178,104151,10000,0,200
T1024,M2005,ACCT100020,DST300103,2026-01-15 06:45:00,340789,101190,10000,0,200
T1024,M2014,ACCT100020,DST300180,2026-01-15 08:01:00,289094,101195,10000,0,200
T1024,M2003,ACCT100020,DST300088,2026-01-15 10:59:00,319489,101899,10000,0,200
T1024,M2005,ACCT100020,DST999999,2026-01-15 11:01:00,302523,102169,400000,0,200
T1024,M2016,ACCT100020,DST999999,2026-01-15 11:03:00,317330,102170,400000,0,200
T1024,M2003,ACCT100020,DST999999,2026-01-15 11:05:00,302156,102171,400000,0,200
T1024,M2000,ACCT100020,DST300164,2026-01-15 13:00:00,345037,103105,400000,0,200
T1024,M2014,ACCT100020,DST300122,2026-01-15 16:23:00,310819,103279,10000,0,200
T1022,M2011,ACCT100021,DST300193,2026-01-06 03:25:00,109571,100546,400000,0,200
T1022,M2013,ACCT100021,DST300185,2026-01-06 04:02:00,250435,101617,10000,0,200
T1022,M2008,ACCT100021,DST300124,2026-01-06 04:41:00,146710,100811,10000,0,200
T1022,M2019,ACCT100021,DST300074,2026-01-06 05:09:00,103861,101038,400000,0,200
T1022,M2009,ACCT100021,DST300176,2026-01-06 06:56:00,104671,101058,10000,0,200
T1022,M2011,ACCT100021,DST300006,2026-01-06 07:59:00,141857,101641,400000,0,200
T1022,M2013,ACCT100021,DST300175,2026-01-06 09:59:00,158474,101713,10000,0,200
T1022,M2000,ACCT100021,DST300043,2026-01-06 10:23:00,145168,101957,400000,0,200
T1022,M2003,ACCT100021,DST300148,2026-01-06 14:23:00,84690,102873,10000,0,200
T1022,M2003,ACCT100021,DST300066,2026-01-06 17:57:00,137183,102916,10000,0,200
T1022,M2002,ACCT100021,DST300042,2026-01-06 21:39:00,115464,103185,400000,0,200
T1022,M2006,ACCT100021,DST300199,2026-01-06 22:54:00,119636,103221,400000,0,200
T1022,M2007,ACCT100021,DST999999,2026-01-06 22:56:00,141170,103339,400000,0,200
T1022,M2017,ACCT100021,DST999999,2026-01-06 22:58:00,122648,103340,400000,0,200
T1022,M2015,ACCT100021,DST300040,2026-01-07 02:21:00,136337,104049,10000,0,200
T1022,M2016,ACCT100021,DST300179,2026-01-07 02:44:00,107713,104969,10000,0,200
T1022,M2019,ACCT100022,DST300053,2026-01-12 15:47:00,135174,100369,400000,0,200
T1022,M2018,ACCT100022,DST300105,2026-01-12 19:27:00,132864,101662,400000,0,200
T1022,M2006,ACCT100022,DST999999,2026-01-12 19:29:00,166676,102290,400000,0,200
T1022,M2008,ACCT100022,DST999999,2026-01-12 19:31:00,134280,102291,400000,0,200
T1022,M2006,ACCT100022,DST999999,2026-01-12 19:33:00,133221,102292,400000,0,200
T1022,M2004,ACCT100022,DST300124,2026-01-12 19:34:00,103645,102543,300000,55,200
T1022,M2005,ACCT100022,DST300121,2026-01-12 19:35:00,121693,102544,300000,55,200
T1022,M2004,ACCT100022,DST300141,2026-01-12 19:36:00,116790,102545,300000,55,200
T1022,M2017,ACCT100022,DST300080,2026-01-12 23:02:00,116417,102792,400000,0,200
T1022,M2003,ACCT100022,DST300096,2026-01-13 01:23:00,105834,102809,400000,0,200
T1022,M2001,ACCT100022,DST999999,2026-01-13 01:25:00,90233,103198,400000,0,200
T1022,M2015,ACCT100022,DST999999,2026-01-13 01:27:00,108693,103199,400000,0,200
T1022,M2016,ACCT100022,DST999999,2026-01-13 01:29:00,117668,103200,400000,0,200
T1022,M2012,ACCT100022,DST300068,2026-01-13 03:18:00,127780,103506,10000,0,200
T1022,M2015,ACCT100022,DST300192,2026-01-13 07:09:00,109384,103793,400000,0,200
T1022,M2000,ACCT100022,DST300125,2026-01-13 10:26:00,77875,104274,10000,0,200
T1022,M2015,ACCT100022,DST300041,2026-01-13 13:46:00,122841,104327,10000,0,200
T1022,M2007,ACCT100022,DST300042,2026-01-13 16:29:00,104426,104607,10000,0,200
T1001,M2010,ACCT100023,DST300077,2026-01-20 11:35:00,284417,100107,10000,0,200
T1001,M2008,ACCT100023,DST300058,2026-01-20 12:11:00,206028,101039,400000,0,200
T1001,M2018,ACCT100023,DST300159,2026-01-20 14:32:00,260893,101071,400000,0,200
T1001,M2010,ACCT100023,DST300046,2026-01-20 18:25:00,260367,101116,400000,0,200
T1001,M2001,ACCT100023,DST300077,2026-01-20 19:23:00,250457,101320,10000,0,200
T1001,M2015,ACCT100023,DST300025,2026-01-20 21:35:00,228804,101916,400000,0,200
T1001,M2017,ACCT100023,DST300052,2026-01-20 22:54:00,268221,102003,400000,0,200
T1001,M2011,ACCT100023,DST300102,2026-01-21 01:34:00,266830,102338,10000,0,200
T1001,M2015,ACCT100023,DST300153,2026-01-21 02:26:00,287375,102568,10000,0,200
T1001,M2019,ACCT100023,DST300098,2026-01-21 03:44:00,267497,102814,400000,0,200
T1001,M2009,ACCT100023,DST300014,2026-01-21 07:00:00,281721,102821,400000,0,200
T1001,M2010,ACCT100023,DST300160,2026-01-21 08:58:00,224272,102844,10000,0,200
T1001,M2009,ACCT100023,DST300190,2026-01-21 10:01:00,260155,102980,400000,0,200
T1001,M2017,ACCT100023,DST300083,2026-01-21 10:09:00,3720070,103118,10000,0,200
T1001,M2005,ACCT100023,DST999999,2026-01-21 10:11:00,227462,103157,400000,0,200
T1001,M2014,ACCT100023,DST999999,2026-01-21 10:13:00,253393,103158,400000,0,200
T1001,M2001,ACCT100023,DST300052,2026-01-21 11:24:00,273791,103243,400000,0,200
T1001,M2010,ACCT100023,DST300011,2026-01-21 12:54:00,256802,103288,400000,0,200
T1001,M2015,ACCT100023,DST999999,2026-01-21 12:56:00,226163,103800,400000,0,200
T1001,M2003,ACCT100023,DST999999,2026-01-21 12:58:00,259446,103801,400000,0,200
T1001,M2015,ACCT100023,DST300125,2026-01-21 14:28:00,221960,103848,400000,0,200
T1001,M2005,ACCT100023,DST300193,2026-01-21 18:18:00,273016,104029,400000,0,200
T1001,M2008,ACCT100023,DST300004,2026-01-21 21:31:00,281554,104739,400000,0,200
T1001,M2008,ACCT100023,DST300051,2026-01-22 00:35:00,258027,104856,400000,0,200
T1014,M2007,ACCT100024,DST300143,2026-01-17 04:24:00,338573,101422,10000,0,200
T1014,M2014,ACCT100024,DST300106,2026-01-17 04:38:00,1167999,101633,10000,0,200
T1014,M2016,ACCT100024,DST300098,2026-01-17 06:23:00,123714,101695,400000,0,200
T1014,M2015,ACCT100024,DST999999,2026-01-17 06:25:00,152518,101773,400000,0,200
T1014,M2006,ACCT100024,DST999999,2026-01-17 06:27:00,138776,101774,400000,0,200
T1014,M2003,ACCT100024,DST999999,2026-01-17 06:29:00,86009,101775,400000,0,200
T1014,M2009,ACCT100024,DST300148,2026-01-17 07:40:00,97227,101965,10000,0,200
T1014,M2008,ACCT100024,DST300011,2026-01-17 08:02:00,135275,101991,10000,0,200
T1014,M2016,ACCT100024,DST300000,2026-01-17 08:29:00,1880586,102359,10000,0,200
T1014,M2015,ACCT100024,DST300149,2026-01-17 11:37:00,65669,103386,400000,0,200
T1014,M2003,ACCT100024,DST300186,2026-01-17 12:31:00,154786,100180,10000,0,200
T1014,M2009,ACCT100024,DST300118,2026-01-17 13:57:00,126428,103756,10000,0,200
T1014,M2013,ACCT100024,DST300038,2026-01-17 13:58:00,127119,103823,300000,55,200
T1014,M2016,ACCT100024,DST300053,2026-01-17 13:59:00,121155,103824,300000,55,200
T1014,M2000,ACCT100024,DST300167,2026-01-17 14:00:00,136450,103825,300000,55,200
T1014,M2004,ACCT100024,DST300148,2026-01-17 14:55:00,101067,100663,10000,0,200
T1014,M2015,ACCT100024,DST300065,2026-01-17 16:09:00,143311,100893,10000,0,200
T1014,M2003,ACCT100024,DST300010,2026-01-17 17:09:00,138442,103878,10000,0,200
T1014,M2003,ACCT100024,DST300187,2026-01-17 17:24:00,149542,101087,400000,0,200
T1014,M2000,ACCT100024,DST300103,2026-01-17 17:25:00,153646,101352,300000,55,200
T1014,M2017,ACCT100024,DST300171,2026-01-17 17:26:00,77102,101353,300000,55,200
T1014,M2001,ACCT100024,DST300008,2026-01-17 17:27:00,90348,101354,300000,55,200
T1014,M2007,ACCT100024,DST300184,2026-01-17 17:28:00,113249,101355,300000,55,200
T1014,M2017,ACCT100024,DST300144,2026-01-17 20:46:00,118871,103943,400000,0,200
T1014,M2001,ACCT100024,DST300137,2026-01-17 23:53:00,127760,104704,10000,0,200
T1014,M2016,ACCT100024,DST300051,2026-01-18 04:19:00,344710,104750,10000,0,200
T1014,M2003,ACCT100024,DST300123,2026-01-18 05:24:00,96540,104831,400000,0,200
T1011,M2010,ACCT100024,DST300187,2026-01-18 05:25:00,78581,104927,10000,0,200
T1007,M2008,ACCT100025,DST300030,2026-01-05 19:59:00,5620706,100704,10000,0,200
T1007,M2017,ACCT100025,DST300130,2026-01-05 21:56:00,361817,100864,10000,0,200
T1007,M2002,ACCT100025,DST300059,2026-01-05 23:35:00,369758,101162,400000,0,200
T1007,M2016,ACCT100025,DST300031,2026-01-06 02:57:00,336637,103922,10000,0,200
T1003,M2010,ACCT100026,DST300180,2026-01-15 20:25:00,117510,100657,10000,0,200
T1020,M2004,ACCT100026,DST300086,2026-01-15 20:26:00,134463,100765,10000,0,200
T1020,M2005,ACCT100026,DST300190,2026-01-15 22:27:00,191213,101314,10000,0,200
T1020,M2014,ACCT100026,DST999999,2026-01-15 22:29:00,152129,101683,400000,0,200
T1020,M2012,ACCT100026,DST999999,2026-01-15 22:31:00,129463,101684,400000,0,200
T1020,M2005,ACCT100026,DST999999,2026-01-15 22:33:00,163848,101685,400000,0,200
T1020,M2010,ACCT100026,DST300091,2026-01-16 02:33:00,150384,102109,400000,0,200
T1020,M2006,ACCT100026,DST300148,2026-01-16 06:14:00,190974,102424,400000,0,200
T1020,M2001,ACCT100026,DST300055,2026-01-16 10:05:00,163044,103508,400000,0,200
T1020,M2012,ACCT100026,DST300015,2026-01-16 11:58:00,151609,103975,400000,0,200
T1020,M2002,ACCT100026,DST300032,2026-01-16 14:31:00,186798,104543,10000,0,200
T1002,M2016,ACCT100027,DST300186,2026-01-17 04:36:00,178627,103407,10000,0,200
T1002,M2012,ACCT100027,DST300099,2026-01-17 04:55:00,669761,103704,10000,0,200
T1015,M2008,ACCT100027,DST300054,2026-01-17 04:56:00,66696,103976,10000,0,200
T1015,M2012,ACCT100027,DST300054,2026-01-17 06:22:00,84281,104515,10000,0,200
T1015,M2002,ACCT100027,DST300162,2026-01-17 07:10:00,79610,104871,400000,0,200
T1015,M2016,ACCT100027,DST300006,2026-01-17 09:54:00,75748,104900,400000,0,200
T1002,M2009,ACCT100027,DST300001,2026-01-17 11:48:00,47420,100421,400000,0,200
T1002,M2002,ACCT100027,DST300062,2026-01-17 11:49:00,57620,100837,300000,55,200
T1002,M2015,ACCT100027,DST300103,2026-01-17 11:50:00,20000,100838,300000,55,200
T1002,M2008,ACCT100027,DST300037,2026-01-17 11:51:00,27592,100839,300000,55,200
T1002,M2009,ACCT100027,DST300041,2026-01-17 13:37:00,74230,100916,10000,0,200
T1002,M2004,ACCT100027,DST300088,2026-01-17 16:20:00,58254,101067,10000,0,200
T1002,M2000,ACCT100027,DST300160,2026-01-17 17:14:00,43567,101241,10000,0,200
T1002,M2009,ACCT100027,DST300093,2026-01-17 19:22:00,74859,101277,10000,0,200
T1002,M2011,ACCT100027,DST999999,2026-01-17 19:24:00,45816,102513,400000,0,200
T1002,M2011,ACCT100027,DST999999,2026-01-17 19:26:00,54886,102514,400000,0,200
T1002,M2003,ACCT100027,DST999999,2026-01-17 19:28:00,55415,102515,400000,0,200
T1002,M2007,ACCT100027,DST300186,2026-01-17 19:44:00,76079,103406,400000,0,200
T1000,M2009,ACCT100028,DST300003,2026-01-12 21:13:00,3890795,100351,10000,0,200
T1000,M2019,ACCT100028,DST300030,2026-01-12 23:31:00,348124,100390,10000,0,200
T1000,M2015,ACCT100028,DST300106,2026-01-13 03:07:00,340894,100572,10000,0,200
T1000,M2015,ACCT100028,DST300014,2026-01-13 05:59:00,340452,100776,400000,0,200
T1000,M2005,ACCT100028,DST300193,2026-01-13 06:00:00,364569,101109,300000,55,200
T1000,M2006,ACCT100028,DST300005,2026-01-13 06:01:00,367744,101110,300000,55,200
T1000,M2018,ACCT100028,DST300130,2026-01-13 06:02:00,386887,101111,300000,55,200
T1000,M2016,ACCT100028,DST300193,2026-01-13 08:23:00,326435,101283,10000,0,200
T1000,M2015,ACCT100028,DST300158,2026-01-13 11:24:00,344896,101570,400000,0,200
T1000,M2010,ACCT100028,DST300148,2026-01-13 13:15:00,358660,101728,10000,0,200
T1000,M2005,ACCT100028,DST300059,2026-01-13 13:47:00,327845,101851,400000,0,200
T1000,M2009,ACCT100028,DST300016,2026-01-13 16:38:00,332136,102380,400000,0,200
T1000,M2018,ACCT100028,DST999999,2026-01-13 16:40:00,356350,102576,400000,0,200
T1000,M2004,ACCT100028,DST999999,2026-01-13 16:42:00,328551,102577,400000,0,200
T1000,M2004,ACCT100028,DST999999,2026-01-13 16:44:00,362952,102578,400000,0,200
T1000,M2007,ACCT100028,DST300162,2026-01-13 17:14:00,3456670,103812,10000,0,200
T1000,M2018,ACCT100028,DST300121,2026-01-13 19:33:00,356276,104033,400000,0,200
T1000,M2011,ACCT100028,DST300100,2026-01-13 20:23:00,340284,104464,400000,0,200
T1000,M2007,ACCT100028,DST300034,2026-01-13 23:06:00,315818,104759,400000,0,200
T1000,M2014,ACCT100028,DST300121,2026-01-14 02:24:00,314628,104825,400000,0,200
T1025,M2012,ACCT100029,DST300146,2026-01-16 02:06:00,451711,101473,10000,0,200
T1025,M2002,ACCT100029,DST300038,2026-01-16 02:07:00,246895,102086,300000,55,200
T1025,M2019,ACCT100029,DST300002,2026-01-16 02:08:00,204928,102087,300000,55,200
T1025,M2008,ACCT100029,DST300174,2026-01-16 02:09:00,211636,102088,300000,55,200
T1025,M2016,ACCT100029,DST300011,2026-01-16 02:20:00,232100,102378,400000,0,200
T1025,M2013,ACCT100029,DST999999,2026-01-16 02:22:00,205194,103468,400000,0,200
T1025,M2018,ACCT100029,DST999999,2026-01-16 02:24:00,213194,103469,400000,0,200
T1025,M2010,ACCT100029,DST300134,2026-01-16 02:39:00,203030,103471,10000,0,200
T1025,M2006,ACCT100029,DST300000,2026-01-16 03:01:00,261135,100444,400000,0,200
T1025,M2012,ACCT100029,DST300029,2026-01-16 03:48:00,193846,103750,10000,0,200
T1029,M2004,ACCT100029,DST300153,2026-01-16 03:52:00,185500,104661,10000,0,200
T1029,M2014,ACCT100029,DST300060,2026-01-16 06:04:00,234360,104865,10000,0,200
T1014,M2012,ACCT100030,DST300139,2026-01-04 01:51:00,523987,103836,10000,0,200
T1014,M2016,ACCT100030,DST300191,2026-01-04 02:07:00,289105,104248,10000,0,200
T1014,M2013,ACCT100030,DST300124,2026-01-04 11:48:00,246213,100314,10000,0,200
T1014,M2004,ACCT100030,DST300175,2026-01-04 11:57:00,234903,102186,400000,0,200
T1014,M2017,ACCT100030,DST300121,2026-01-04 12:05:00,4338945,102189,10000,0,200
T1014,M2005,ACCT100030,DST300032,2026-01-04 15:17:00,281525,102279,400000,0,200
T1014,M2016,ACCT100030,DST300092,2026-01-04 18:38:00,255407,103191,400000,0,200
T1018,M2003,ACCT100031,DST300091,2026-01-20 12:29:00,254377,101155,400000,0,200
T1018,M2000,ACCT100031,DST300064,2026-01-20 14:16:00,294830,101539,10000,0,200
T1018,M2004,ACCT100031,DST300001,2026-01-20 17:44:00,260700,101752,10000,0,200
T1018,M2003,ACCT100031,DST300131,2026-01-20 18:54:00,288279,102240,10000,0,200
T1018,M2009,ACCT100031,DST300194,2026-01-20 20:23:00,281273,102271,10000,0,200
T1018,M2015,ACCT100031,DST999999,2026-01-20 20:25:00,251587,104280,400000,0,200
T1018,M2003,ACCT100031,DST999999,2026-01-20 20:27:00,275409,104281,400000,0,200
T1018,M2018,ACCT100031,DST300070,2026-01-20 23:58:00,269341,104555,10000,0,200
T1018,M2011,ACCT100031,DST999999,2026-01-21 00:00:00,253354,104587,400000,0,200
T1018,M2001,ACCT100031,DST999999,2026-01-21 00:02:00,295190,104588,400000,0,200
T1018,M2006,ACCT100031,DST300166,2026-01-21 01:15:00,267298,104775,10000,0,200
T1003,M2010,ACCT100032,DST300048,2026-01-16 11:48:00,170057,101055,10000,0,200
T1003,M2000,ACCT100032,DST300139,2026-01-16 12:02:00,145484,101141,10000,0,200
T1003,M2018,ACCT100032,DST300130,2026-01-16 12:29:00,164344,101874,400000,0,200
T1003,M2004,ACCT100032,DST300063,2026-01-16 13:01:00,186048,102054,10000,0,200
T1003,M2000,ACCT100032,DST300124,2026-01-16 13:02:00,195643,102124,300000,55,200
T1003,M2007,ACCT100032,DST300082,2026-01-16 13:03:00,204876,102125,300000,55,200
T1003,M2018,ACCT100032,DST300172,2026-01-16 13:04:00,161795,102126,300000,55,200
T1003,M2008,ACCT100032,DST300180,2026-01-16 13:05:00,215174,102127,300000,55,200
T1003,M2007,ACCT100032,DST300075,2026-01-16 13:06:00,174593,102128,300000,55,200
T1003,M2015,ACCT100032,DST300011,2026-01-16 13:21:00,134784,102463,10000,0,200
T1003,M2007,ACCT100032,DST300086,2026-01-16 13:30:00,160686,103481,10000,0,200
T1022,M2012,ACCT100033,DST300114,2026-01-02 12:07:00,132864,100255,10000,0,200
T1022,M2001,ACCT100033,DST300102,2026-01-02 14:07:00,172667,100497,400000,0,200
T1022,M2018,ACCT100033,DST300080,2026-01-02 16:41:00,151687,100923,10000,0,200
T1022,M2006,ACCT100033,DST300136,2026-01-02 19:06:00,179442,101107,400000,0,200
T1022,M2018,ACCT100033,DST300194,2026-01-02 19:19:00,148772,101281,400000,0,200
T1027,M2007,ACCT100033,DST300185,2026-01-02 19:26:00,121406,101681,10000,0,200
T1027,M2018,ACCT100033,DST999999,2026-01-02 19:28:00,172910,101881,400000,0,200
T1027,M2000,ACCT100033,DST999999,2026-01-02 19:30:00,177875,101882,400000,0,200
T1027,M2004,ACCT100033,DST999999,2026-01-02 19:32:00,132080,101883,400000,0,200
T1027,M2017,ACCT100033,DST300041,2026-01-02 19:33:00,127372,102334,300000,55,200
T1027,M2000,ACCT100033,DST300017,2026-01-02 19:34:00,172892,102335,300000,55,200
T1027,M2012,ACCT100033,DST300018,2026-01-02 19:35:00,156806,102336,300000,55,200
T1027,M2017,ACCT100033,DST300075,2026-01-02 19:36:00,174655,102337,300000,55,200
T1027,M2009,ACCT100033,DST300013,2026-01-02 20:01:00,147917,102755,10000,0,200
T1027,M2006,ACCT100033,DST300176,2026-01-02 21:35:00,192317,102829,10000,0,200
T1027,M2008,ACCT100033,DST300148,2026-01-03 00:04:00,128513,103089,10000,0,200
T1027,M2002,ACCT100033,DST300169,2026-01-03 03:07:00,151749,104047,400000,0,200
T1008,M2018,ACCT100033,DST300183,2026-01-03 03:15:00,163491,104229,10000,0,200
T1008,M2004,ACCT100033,DST300036,2026-01-03 07:03:00,146186,104399,400000,0,200
T1010,M2008,ACCT100034,DST300189,2026-01-14 21:34:00,207961,100317,10000,0,200
T1010,M2017,ACCT100034,DST300016,2026-01-15 00:13:00,190860,100708,400000,0,200
T1010,M2019,ACCT100034,DST999999,2026-01-15 00:15:00,233865,100976,400000,0,200
T1010,M2010,ACCT100034,DST999999,2026-01-15 00:17:00,194401,100977,400000,0,200
T1010,M2007,ACCT100034,DST999999,2026-01-15 00:19:00,171429,100978,400000,0,200
T1010,M2002,ACCT100034,DST300077,2026-01-15 00:38:00,212856,102349,400000,0,200
T1010,M2006,ACCT100034,DST300021,2026-01-15 02:10:00,202416,102847,400000,0,200
T1010,M2007,ACCT100034,DST300083,2026-01-15 03:38:00,186340,103010,400000,0,200
T1010,M2003,ACCT100034,DST300085,2026-01-15 06:01:00,202199,103042,10000,0,200
T1010,M2001,ACCT100034,DST300192,2026-01-15 09:35:00,188323,103568,400000,0,200
T1010,M2001,ACCT100034,DST300108,2026-01-15 11:38:00,177513,104179,400000,0,200
T1010,M2008,ACCT100034,DST300049,2026-01-15 12:32:00,192211,104669,400000,0,200
T1010,M2013,ACCT100034,DST300037,2026-01-15 13:35:00,203565,104787,10000,0,200
T1004,M2004,ACCT100035,DST300083,2026-01-11 20:29:00,115337,100566,10000,0,200
T1004,M2017,ACCT100035,DST300015,2026-01-11 22:41:00,115093,100841,10000,0,200
T1004,M2002,ACCT100035,DST300080,2026-01-11 23:46:00,148498,101659,400000,0,200
T1004,M2003,ACCT100035,DST300182,2026-01-11 23:47:00,121284,101785,300000,55,200
T1004,M2012,ACCT100035,DST300066,2026-01-11 23:48:00,115116,101786,300000,55,200
T1004,M2000,ACCT100035,DST300001,2026-01-11 23:49:00,104551,101787,300000,55,200
T1004,M2004,ACCT100035,DST300169,2026-01-11 23:50:00,162362,101788,300000,55,200
T1004,M2012,ACCT100035,DST300168,2026-01-12 02:37:00,145797,101818,10000,0,200
T1025,M2002,ACCT100035,DST300097,2026-01-12 02:39:00,144644,102492,10000,0,200
T1025,M2013,ACCT100035,DST300006,2026-01-12 03:31:00,257776,104203,10000,0,200
T1025,M2001,ACCT100035,DST300028,2026-01-12 04:29:00,100016,102681,10000,0,200
T1025,M2012,ACCT100035,DST300010,2026-01-12 05:37:00,155427,104603,10000,0,200
T1025,M2001,ACCT100035,DST300000,2026-01-12 06:14:00,122276,103192,400000,0,200
T1025,M2019,ACCT100035,DST300109,2026-01-12 07:57:00,101756,103433,10000,0,200
T1025,M2010,ACCT100035,DST300147,2026-01-12 10:21:00,124214,103561,400000,0,200
T1025,M2011,ACCT100035,DST300082,2026-01-12 13:44:00,107219,103572,400000,0,200
T1025,M2016,ACCT100035,DST300008,2026-01-12 16:58:00,105356,103909,10000,0,200
T1005,M2002,ACCT100036,DST300013,2026-01-01 17:18:00,307632,100034,400000,0,200
T1005,M2007,ACCT100036,DST300034,2026-01-01 19:37:00,298273,100127,10000,0,200
T1005,M2013,ACCT100036,DST300128,2026-01-01 23:06:00,333413,100223,10000,0,200
T1005,M2007,ACCT100036,DST999999,2026-01-01 23:08:00,300376,100521,400000,0,200
T1005,M2011,ACCT100036,DST999999,2026-01-01 23:10:00,340975,100522,400000,0,200
T1005,M2013,ACCT100036,DST300182,2026-01-02 02:45:00,320593,101286,10000,0,200
T1005,M2010,ACCT100036,DST300175,2026-01-02 04:56:00,297214,101754,400000,0,200
T1005,M2007,ACCT100036,DST300034,2026-01-02 07:31:00,294408,103718,10000,0,200
T1005,M2009,ACCT100036,DST300147,2026-01-02 09:56:00,273601,104416,400000,0,200
T1005,M2007,ACCT100036,DST300194,2026-01-02 09:57:00,280081,104449,300000,55,200
T1005,M2005,ACCT100036,DST300075,2026-01-02 09:58:00,278265,104450,300000,55,200
T1005,M2005,ACCT100036,DST300031,2026-01-02 09:59:00,304857,104451,300000,55,200
T1005,M2010,ACCT100036,DST300123,2026-01-02 12:14:00,288987,104468,10000,0,200
T1005,M2010,ACCT100036,DST300023,2026-01-02 13:34:00,303333,104754,10000,0,200
T1005,M2013,ACCT100036,DST300024,2026-01-02 13:35:00,299337,104808,300000,55,200
T1005,M2013,ACCT100036,DST300019,2026-01-02 13:36:00,285339,104809,300000,55,200
T1005,M2013,ACCT100036,DST300053,2026-01-02 13:37:00,316770,104810,300000,55,200
T1005,M2002,ACCT100036,DST300025,2026-01-02 14:44:00,274776,104938,10000,0,200
T1000,M2019,ACCT100037,DST300145,2026-01-15 23:00:00,154647,100160,400000,0,200
T1000,M2015,ACCT100037,DST999999,2026-01-15 23:02:00,140985,100683,400000,0,200
T1000,M2008,ACCT100037,DST999999,2026-01-15 23:04:00,167689,100684,400000,0,200
T1000,M2019,ACCT100037,DST999999,2026-01-15 23:06:00,160387,100685,400000,0,200
T1000,M2010,ACCT100037,DST999999,2026-01-15 23:08:00,139007,100686,400000,0,200
T1000,M2015,ACCT100037,DST300140,2026-01-16 00:35:00,127605,100815,400000,0,200
T1000,M2002,ACCT100037,DST999999,2026-01-16 00:37:00,147048,101857,400000,0,200
T1000,M2012,ACCT100037,DST999999,2026-01-16 00:39:00,143662,101858,400000,0,200
T1000,M2004,ACCT100037,DST999999,2026-01-16 00:41:00,150158,101859,400000,0,200
T1000,M2018,ACCT100037,DST999999,2026-01-16 00:43:00,150905,101860,400000,0,200
T1000,M2019,ACCT100037,DST300048,2026-01-16 03:21:00,157496,102955,10000,0,200
T1000,M2000,ACCT100037,DST300108,2026-01-16 04:20:00,170799,103834,400000,0,200
T1025,M2012,ACCT100037,DST300072,2026-01-16 04:26:00,121489,104120,10000,0,200
T1025,M2019,ACCT100037,DST300044,2026-01-16 07:34:00,164060,104708,10000,0,200
T1002,M2012,ACCT100038,DST300092,2026-01-01 22:40:00,67036,100672,400000,0,200
T1012,M2017,ACCT100038,DST300178,2026-01-01 22:46:00,58134,101086,10000,0,200
T1012,M2001,ACCT100038,DST300161,2026-01-02 00:44:00,20000,101484,400000,0,200
T1012,M2011,ACCT100038,DST300062,2026-01-02 03:36:00,39545,102627,400000,0,200
T1012,M2010,ACCT100038,DST300167,2026-01-02 05:55:00,54364,102702,400000,0,200
T1012,M2005,ACCT100038,DST300189,2026-01-02 09:01:00,61907,103500,10000,0,200
T1012,M2011,ACCT100038,DST300059,2026-01-02 11:45:00,57199,103542,10000,0,200
T1012,M2016,ACCT100038,DST300104,2026-01-02 14:27:00,60446,103601,400000,0,200
T1012,M2017,ACCT100038,DST300049,2026-01-02 17:25:00,94835,103711,400000,0,200
T1012,M2006,ACCT100038,DST300060,2026-01-02 19:11:00,70871,104190,400000,0,200
T1012,M2016,ACCT100038,DST300077,2026-01-02 22:24:00,98617,104355,10000,0,200
T1012,M2016,ACCT100038,DST300081,2026-01-03 01:23:00,74891,104501,10000,0,200
T1018,M2004,ACCT100039,DST300155,2026-01-20 18:34:00,329626,100383,10000,0,200
T1018,M2014,ACCT100039,DST300150,2026-01-20 22:34:00,294858,100530,400000,0,200
T1018,M2019,ACCT100039,DST300136,2026-01-20 22:35:00,297697,100726,300000,55,200
T1018,M2017,ACCT100039,DST300015,2026-01-20 22:36:00,284473,100727,300000,55,200
T1018,M2017,ACCT100039,DST300022,2026-01-20 22:37:00,312435,100728,300000,55,200
T1027,M2016,ACCT100039,DST300013,2026-01-20 22:42:00,335784,100820,10000,0,200
T1027,M2011,ACCT100039,DST300022,2026-01-21 00:56:00,328070,100870,10000,0,200
T1027,M2003,ACCT100039,DST300119,2026-01-21 01:40:00,298435,101409,400000,0,200
T1027,M2014,ACCT100039,DST300034,2026-01-21 01:57:00,922496,102179,10000,0,200
T1027,M2015,ACCT100039,DST300131,2026-01-21 03:26:00,310157,101620,10000,0,200
T1027,M2007,ACCT100039,DST300058,2026-01-21 03:52:00,283222,101971,400000,0,200
T1027,M2014,ACCT100039,DST300025,2026-01-21 03:53:00,310346,102360,10000,0,200
T1027,M2010,ACCT100039,DST300071,2026-01-21 04:16:00,326081,102638,400000,0,200
T1027,M2002,ACCT100039,DST300019,2026-01-21 06:17:00,339713,103998,10000,0,200
T1027,M2012,ACCT100039,DST300152,2026-01-21 06:24:00,340799,104138,10000,0,200
T1027,M2004,ACCT100039,DST300191,2026-01-21 07:04:00,328343,104701,400000,0,200
T1016,M2005,ACCT100040,DST300173,2026-01-07 02:54:00,933420,101113,10000,0,200
T1016,M2013,ACCT100040,DST300058,2026-01-07 03:45:00,763398,100927,10000,0,200
T1016,M2005,ACCT100040,DST300001,2026-01-07 05:18:00,286121,101329,400000,0,200
T1013,M2003,ACCT100040,DST300150,2026-01-07 05:25:00,312813,101448,10000,0,200
T1013,M2010,ACCT100040,DST300032,2026-01-07 07:05:00,349048,101451,10000,0,200
T1013,M2007,ACCT100040,DST999999,2026-01-07 07:07:00,347056,102350,400000,0,200
T1013,M2012,ACCT100040,DST999999,2026-01-07 07:09:00,337939,102351,400000,0,200
T1013,M2014,ACCT100040,DST999999,2026-01-07 07:11:00,350231,102352,400000,0,200
T1013,M2003,ACCT100040,DST999999,2026-01-07 07:13:00,344793,102353,400000,0,200
T1013,M2011,ACCT100040,DST300131,2026-01-07 10:54:00,303681,102595,400000,0,200
T1013,M2004,ACCT100040,DST300027,2026-01-07 11:20:00,4524861,102801,10000,0,200
T1013,M2003,ACCT100040,DST300181,2026-01-07 12:58:00,299226,102901,400000,0,200
T1013,M2008,ACCT100040,DST300003,2026-01-07 14:02:00,313599,103392,400000,0,200
T1013,M2001,ACCT100040,DST300056,2026-01-07 14:03:00,328080,103753,300000,55,200
T1013,M2005,ACCT100040,DST300150,2026-01-07 14:04:00,333316,103754,300000,55,200
T1013,M2018,ACCT100040,DST300119,2026-01-07 14:05:00,319974,103755,300000,55,200
T1013,M2000,ACCT100040,DST300173,2026-01-07 17:51:00,310602,104160,10000,0,200
T1013,M2008,ACCT100040,DST300165,2026-01-07 19:00:00,330040,104477,10000,0,200
T1013,M2014,ACCT100040,DST300014,2026-01-07 20:57:00,308153,104967,400000,0,200
T1017,M2011,ACCT100041,DST300020,2026-01-06 03:32:00,122174,104087,10000,0,200
T1017,M2011,ACCT100041,DST300013,2026-01-06 03:55:00,812518,104284,10000,0,200
T1017,M2017,ACCT100041,DST300012,2026-01-06 03:57:00,126487,101837,10000,0,200
T1017,M2009,ACCT100041,DST300002,2026-01-06 06:44:00,65428,102987,10000,0,200
T1017,M2019,ACCT100041,DST300168,2026-01-06 07:33:00,89838,104702,400000,0,200
T1017,M2008,ACCT100041,DST300115,2026-01-06 10:31:00,69114,103686,400000,0,200
T1017,M2006,ACCT100041,DST300101,2026-01-06 12:07:00,26832,100399,10000,0,200
T1017,M2016,ACCT100041,DST300052,2026-01-06 12:21:00,79490,103720,400000,0,200
T1017,M2012,ACCT100041,DST300131,2026-01-06 12:49:00,930716,103784,10000,0,200
T1017,M2007,ACCT100041,DST300172,2026-01-06 13:40:00,57481,100963,10000,0,200
T1012,M2014,ACCT100042,DST300149,2026-01-06 01:00:00,262682,100782,400000,0,200
T1012,M2005,ACCT100042,DST300003,2026-01-06 01:30:00,537159,103273,10000,0,200
T1012,M2009,ACCT100042,DST300090,2026-01-06 03:23:00,194556,102074,10000,0,200
T1012,M2007,ACCT100042,DST300156,2026-01-06 04:23:00,228005,103509,10000,0,200
T1012,M2002,ACCT100042,DST300086,2026-01-06 05:06:00,204146,102176,400000,0,200
T1012,M2010,ACCT100042,DST300030,2026-01-06 07:56:00,195380,103539,400000,0,200
T1012,M2010,ACCT100042,DST300135,2026-01-06 08:43:00,186180,102953,10000,0,200
T1012,M2001,ACCT100042,DST300093,2026-01-06 12:24:00,253856,103156,10000,0,200
T1007,M2012,ACCT100043,DST300083,2026-01-15 11:05:00,196267,100318,10000,0,200
T1027,M2001,ACCT100043,DST300173,2026-01-15 11:07:00,134993,101468,10000,0,200
T1027,M2001,ACCT100043,DST300058,2026-01-15 12:07:00,111950,101553,10000,0,200
T1019,M2008,ACCT100043,DST300139,2026-01-15 12:08:00,149507,101834,10000,0,200
T1022,M2014,ACCT100043,DST300179,2026-01-15 12:11:00,146942,102029,10000,0,200
T1022,M2012,ACCT100043,DST300162,2026-01-15 13:45:00,154108,103113,10000,0,200
T1022,M2017,ACCT100043,DST300159,2026-01-15 15:54:00,133026,103733,400000,0,200
T1022,M2016,ACCT100043,DST300093,2026-01-15 19:44:00,159987,103885,10000,0,200
T1022,M2010,ACCT100043,DST300120,2026-01-15 19:45:00,166221,103966,300000,55,200
T1022,M2007,ACCT100043,DST300175,2026-01-15 19:46:00,149181,103967,300000,55,200
T1022,M2009,ACCT100043,DST300124,2026-01-15 19:47:00,140271,103968,300000,55,200
T1022,M2014,ACCT100043,DST300034,2026-01-15 19:48:00,141323,103969,300000,55,200
T1022,M2015,ACCT100043,DST300004,2026-01-15 23:13:00,117869,104373,400000,0,200
T1011,M2009,ACCT100043,DST300106,2026-01-15 23:21:00,153239,104604,10000,0,200
T1011,M2010,ACCT100043,DST300047,2026-01-16 01:12:00,140579,104642,10000,0,200
T1011,M2011,ACCT100043,DST300178,2026-01-16 05:08:00,180631,104664,400000,0,200
T1018,M2011,ACCT100044,DST300127,2026-01-17 04:52:00,694386,100152,10000,0,200
T1018,M2007,ACCT100044,DST300192,2026-01-17 04:53:00,284873,100492,300000,55,200
T1018,M2013,ACCT100044,DST300026,2026-01-17 04:54:00,350453,100493,300000,55,200
T1018,M2002,ACCT100044,DST300197,2026-01-17 04:55:00,274005,100494,300000,55,200
T1018,M2010,ACCT100044,DST300143,2026-01-17 07:27:00,318294,100877,10000,0,200
T1018,M2005,ACCT100044,DST300068,2026-01-17 11:27:00,339448,101142,10000,0,200
T1018,M2002,ACCT100044,DST300003,2026-01-17 13:59:00,307156,101576,400000,0,200
T1018,M2012,ACCT100044,DST300087,2026-01-17 16:03:00,294888,101830,400000,0,200
T1018,M2006,ACCT100044,DST300112,2026-01-17 18:34:00,295148,102663,400000,0,200
T1018,M2008,ACCT100044,DST300027,2026-01-17 22:33:00,288137,102876,10000,0,200
T1018,M2017,ACCT100044,DST300167,2026-01-18 01:53:00,283132,103144,10000,0,200
T1018,M2005,ACCT100044,DST300006,2026-01-18 04:02:00,289725,103344,400000,0,200
T1018,M2000,ACCT100044,DST300041,2026-01-18 05:16:00,322375,103502,10000,0,200
T1018,M2018,ACCT100044,DST300197,2026-01-18 06:45:00,295295,103563,400000,0,200
T1018,M2018,ACCT100044,DST300085,2026-01-18 08:11:00,295922,104098,10000,0,200
T1018,M2013,ACCT100044,DST300027,2026-01-18 10:49:00,314533,104254,400000,0,200
T1020,M2017,ACCT100045,DST300087,2026-01-15 22:33:00,317826,100482,400000,0,200
T1020,M2000,ACCT100045,DST300102,2026-01-16 01:01:00,929786,101471,10000,0,200
T1020,M2004,ACCT100045,DST300087,2026-01-16 01:28:00,314454,101496,10000,0,200
T1020,M2017,ACCT100045,DST300136,2026-01-16 02:32:00,318915,101500,10000,0,200
T1020,M2006,ACCT100045,DST300089,2026-01-16 03:50:00,333026,102177,400000,0,200
T1020,M2011,ACCT100045,DST300042,2026-01-16 06:59:00,364889,102774,400000,0,200
T1020,M2004,ACCT100045,DST300024,2026-01-16 08:19:00,339740,103402,400000,0,200
T1020,M2012,ACCT100045,DST300101,2026-01-16 08:20:00,363409,103520,300000,55,200
T1020,M2019,ACCT100045,DST300073,2026-01-16 08:21:00,356583,103521,300000,55,200
T1020,M2018,ACCT100045,DST300121,2026-01-16 08:22:00,350963,103522,300000,55,200
T1020,M2012,ACCT100045,DST300147,2026-01-16 08:23:00,367614,103523,300000,55,200
T1020,M2006,ACCT100045,DST300044,2026-01-16 10:43:00,348005,104032,400000,0,200
T1020,M2003,ACCT100045,DST300134,2026-01-16 11:15:00,358367,104591,400000,0,200
T1020,M2017,ACCT100045,DST300135,2026-01-16 11:26:00,5747089,104651,10000,0,200
T1020,M2001,ACCT100045,DST300095,2026-01-16 14:26:00,410005,104846,400000,0,200
T1014,M2006,ACCT100046,DST300122,2026-01-16 05:53:00,216360,100364,10000,0,200
T1014,M2008,ACCT100046,DST300072,2026-01-16 08:40:00,188694,100715,10000,0,200
T1014,M2013,ACCT100046,DST300107,2026-01-16 12:33:00,220139,100878,10000,0,200
T1014,M2018,ACCT100046,DST300160,2026-01-16 13:47:00,204547,101779,10000,0,200
T1014,M2014,ACCT100046,DST300038,2026-01-16 16:51:00,234934,102679,10000,0,200
T1014,M2008,ACCT100046,DST300175,2026-01-16 16:52:00,247020,102693,300000,55,200
T1014,M2001,ACCT100046,DST300004,2026-01-16 16:53:00,220120,102694,300000,55,200
T1014,M2000,ACCT100046,DST300171,2026-01-16 16:54:00,239073,102695,300000,55,200
T1014,M2004,ACCT100046,DST300040,2026-01-16 16:55:00,217374,102696,300000,55,200
T1014,M2006,ACCT100046,DST300036,2026-01-16 16:56:00,227827,102697,300000,55,200
T1014,M2003,ACCT100046,DST300096,2026-01-16 19:40:00,247492,102756,10000,0,200
T1014,M2010,ACCT100046,DST300154,2026-01-16 20:09:00,243218,102776,400000,0,200
T1014,M2001,ACCT100046,DST300174,2026-01-16 20:56:00,253158,102865,400000,0,200
T1014,M2002,ACCT100046,DST300194,2026-01-16 20:57:00,230094,103217,300000,55,200
T1014,M2011,ACCT100046,DST300132,2026-01-16 20:58:00,253021,103218,300000,55,200
T1014,M2014,ACCT100046,DST300008,2026-01-16 20:59:00,240743,103219,300000,55,200
T1014,M2009,ACCT100046,DST300064,2026-01-16 23:49:00,223615,103290,10000,0,200
T1014,M2005,ACCT100046,DST300175,2026-01-17 01:18:00,224232,103465,400000,0,200
T1014,M2012,ACCT100046,DST300014,2026-01-17 01:56:00,261574,104376,400000,0,200
T1014,M2018,ACCT100046,DST300105,2026-01-17 03:21:00,236314,104735,400000,0,200
T1014,M2012,ACCT100046,DST300034,2026-01-17 06:31:00,231158,104773,10000,0,200
T1020,M2015,ACCT100047,DST300114,2026-01-08 21:35:00,248435,100427,10000,0,200
T1020,M2004,ACCT100047,DST300147,2026-01-08 23:36:00,307638,100641,400000,0,200
T1020,M2004,ACCT100047,DST300058,2026-01-09 00:53:00,278550,100700,400000,0,200
T1020,M2007,ACCT100047,DST300159,2026-01-09 01:56:00,248981,101171,10000,0,200
T1020,M2011,ACCT100047,DST300108,2026-01-09 04:26:00,279225,101348,400000,0,200
T1020,M2017,ACCT100047,DST300028,2026-01-09 07:56:00,253062,102090,10000,0,200
T1005,M2007,ACCT100047,DST300113,2026-01-09 07:58:00,288609,102960,10000,0,200
T1005,M2017,ACCT100047,DST300164,2026-01-09 08:36:00,292639,102985,10000,0,200
T1005,M2015,ACCT100047,DST300061,2026-01-09 11:41:00,260028,103167,400000,0,200
T1005,M2010,ACCT100047,DST300159,2026-01-09 14:51:00,258819,103662,10000,0,200
T1005,M2014,ACCT100047,DST300186,2026-01-09 16:59:00,259694,104910,10000,0,200
T1005,M2008,ACCT100047,DST300164,2026-01-09 18:52:00,265570,104933,10000,0,200
T1019,M2004,ACCT100048,DST300168,2026-01-19 16:41:00,159560,100201,10000,0,200
T1019,M2013,ACCT100048,DST300151,2026-01-19 18:05:00,172510,101465,10000,0,200
T1019,M2012,ACCT100048,DST300124,2026-01-19 21:09:00,172821,101762,10000,0,200
T1019,M2013,ACCT100048,DST300148,2026-01-20 00:35:00,132011,101822,400000,0,200
T1019,M2008,ACCT100048,DST300152,2026-01-20 01:19:00,149832,101934,10000,0,200
T1024,M2005,ACCT100048,DST300124,2026-01-20 03:20:00,391018,103410,10000,0,200
T1019,M2000,ACCT100048,DST300034,2026-01-20 04:48:00,155894,102297,10000,0,200
T1024,M2011,ACCT100048,DST300091,2026-01-20 04:58:00,152463,104102,10000,0,200
T1006,M2010,ACCT100048,DST300174,2026-01-20 04:59:00,155544,104142,10000,0,200
T1006,M2006,ACCT100048,DST300196,2026-01-20 06:15:00,145469,104567,10000,0,200
T1019,M2002,ACCT100048,DST300027,2026-01-20 07:16:00,145380,102379,400000,0,200
T1019,M2005,ACCT100048,DST300097,2026-01-20 07:41:00,152023,102817,400000,0,200
T1019,M2018,ACCT100048,DST999999,2026-01-20 07:43:00,176986,102934,400000,0,200
T1019,M2008,ACCT100048,DST999999,2026-01-20 07:45:00,136811,102935,400000,0,200
T1024,M2005,ACCT100048,DST300126,2026-01-20 07:51:00,161720,103225,10000,0,200
T1029,M2012,ACCT100049,DST300164,2026-01-21 02:55:00,249858,100049,400000,0,200
T1029,M2011,ACCT100049,DST300174,2026-01-21 03:24:00,3052541,100965,10000,0,200
T1029,M2017,ACCT100049,DST300056,2026-01-21 07:23:00,276696,100969,400000,0,200
T1029,M2015,ACCT100049,DST300106,2026-01-21 09:37:00,286966,101457,400000,0,200
T1029,M2010,ACCT100049,DST300040,2026-01-21 11:03:00,255122,101888,10000,0,200
T1029,M2010,ACCT100049,DST300054,2026-01-21 12:04:00,251356,101912,400000,0,200
T1029,M2002,ACCT100049,DST300133,2026-01-21 13:02:00,250060,102565,10000,0,200
T1029,M2005,ACCT100049,DST300189,2026-01-21 14:34:00,244678,102804,10000,0,200
T1029,M2004,ACCT100049,DST300018,2026-01-21 16:50:00,272895,103518,10000,0,200
T1029,M2015,ACCT100049,DST300070,2026-01-21 18:29:00,257146,104237,400000,0,200
T1009,M2015,ACCT100049,DST300196,2026-01-21 18:34:00,251429,104243,10000,0,200
T1029,M2017,ACCT100049,DST300195,2026-01-21 18:37:00,266437,104353,10000,0,200
T1029,M2009,ACCT100049,DST999999,2026-01-21 18:39:00,269429,104447,400000,0,200
T1029,M2004,ACCT100049,DST999999,2026-01-21 18:41:00,247990,104448,400000,0,200
T1029,M2006,ACCT100049,DST300085,2026-01-21 18:59:00,271185,104548,400000,0,200
T1017,M2001,ACCT100050,DST999999,2026-01-11 05:23:00,145575,100212,400000,0,200
T1017,M2005,ACCT100050,DST999999,2026-01-11 05:25:00,179172,100213,400000,0,200
T1017,M2016,ACCT100050,DST999999,2026-01-11 05:27:00,157179,100214,400000,0,200
T1017,M2013,ACCT100050,DST999999,2026-01-11 05:29:00,128564,100215,400000,0,200
T1017,M2008,ACCT100050,DST300040,2026-01-11 09:24:00,173191,100637,400000,0,200
T1028,M2019,ACCT100050,DST300176,2026-01-11 09:30:00,142879,101165,10000,0,200
T1028,M2000,ACCT100050,DST300135,2026-01-11 10:23:00,174767,101480,400000,0,200
T1028,M2019,ACCT100050,DST300050,2026-01-11 10:33:00,2538963,104220,10000,0,200
T1028,M2012,ACCT100050,DST300014,2026-01-11 13:36:00,174860,104285,10000,0,200
T1028,M2014,ACCT100050,DST300003,2026-01-11 17:27:00,175665,104290,10000,0,200
T1028,M2015,ACCT100050,DST300046,2026-01-11 18:19:00,165368,104435,400000,0,200
T1028,M2015,ACCT100050,DST300170,2026-01-11 19:32:00,140439,104998,10000,0,200
T1002,M2013,ACCT100051,DST300121,2026-01-04 06:26:00,318549,100155,10000,0,200
T1002,M2012,ACCT100051,DST300056,2026-01-04 06:33:00,3337205,100208,10000,0,200
T1002,M2002,ACCT100051,DST300142,2026-01-04 06:45:00,342408,100403,400000,0,200
T1019,M2015,ACCT100051,DST300146,2026-01-04 06:48:00,324876,101413,10000,0,200
T1019,M2014,ACCT100051,DST300000,2026-01-04 09:22:00,343330,101430,10000,0,200
T1019,M2009,ACCT100051,DST300108,2026-01-04 11:39:00,327868,101848,10000,0,200
T1019,M2003,ACCT100051,DST300178,2026-01-04 13:11:00,286460,103678,10000,0,200
T1019,M2009,ACCT100051,DST300068,2026-01-04 16:32:00,344039,103851,400000,0,200
T1019,M2019,ACCT100051,DST300157,2026-01-04 19:41:00,320114,103988,10000,0,200
T1019,M2011,ACCT100051,DST999999,2026-01-04 19:43:00,312732,104517,400000,0,200
T1019,M2017,ACCT100051,DST999999,2026-01-04 19:45:00,330455,104518,400000,0,200
T1019,M2014,ACCT100051,DST999999,2026-01-04 19:47:00,301940,104519,400000,0,200
T1019,M2006,ACCT100051,DST999999,2026-01-04 19:49:00,321292,104520,400000,0,200
T1018,M2006,ACCT100052,DST300016,2026-01-17 11:18:00,1472711,100131,10000,0,200
T1018,M2014,ACCT100052,DST300198,2026-01-17 15:17:00,99800,100570,10000,0,200
T1018,M2004,ACCT100052,DST300130,2026-01-17 15:40:00,82877,100725,10000,0,200
T1018,M2000,ACCT100052,DST300090,2026-01-17 17:49:00,96247,100911,10000,0,200
T1003,M2003,ACCT100052,DST300151,2026-01-17 17:55:00,83632,101209,10000,0,200
T1003,M2000,ACCT100052,DST999999,2026-01-17 17:57:00,122918,101218,400000,0,200
T1003,M2008,ACCT100052,DST999999,2026-01-17 17:59:00,77699,101219,400000,0,200
T1003,M2014,ACCT100052,DST999999,2026-01-17 18:01:00,91169,101220,400000,0,200
T1003,M2009,ACCT100052,DST999999,2026-01-17 18:03:00,108817,101221,400000,0,200
T1003,M2005,ACCT100052,DST300030,2026-01-17 21:53:00,81674,101470,400000,0,200
T1003,M2002,ACCT100052,DST300076,2026-01-17 22:28:00,90777,102004,400000,0,200
T1003,M2006,ACCT100052,DST300153,2026-01-17 22:55:00,1453466,102362,10000,0,200
T1003,M2013,ACCT100052,DST300011,2026-01-18 02:06:00,78379,102366,10000,0,200
T1003,M2005,ACCT100052,DST300151,2026-01-18 03:32:00,75278,102421,400000,0,200
T1003,M2014,ACCT100052,DST300002,2026-01-18 03:33:00,93897,102510,300000,55,200
T1003,M2015,ACCT100052,DST300122,2026-01-18 03:34:00,88814,102511,300000,55,200
T1003,M2008,ACCT100052,DST300139,2026-01-18 03:35:00,110785,102512,300000,55,200
T1003,M2009,ACCT100052,DST300112,2026-01-18 03:43:00,1544254,102762,10000,0,200
T1003,M2004,ACCT100052,DST999999,2026-01-18 03:45:00,121434,103367,400000,0,200
T1003,M2001,ACCT100052,DST999999,2026-01-18 03:47:00,101028,103368,400000,0,200
T1003,M2009,ACCT100052,DST999999,2026-01-18 03:49:00,59464,103369,400000,0,200
T1003,M2010,ACCT100052,DST999999,2026-01-18 03:51:00,58570,103370,400000,0,200
T1003,M2008,ACCT100052,DST300137,2026-01-18 03:52:00,100899,103414,300000,55,200
T1003,M2007,ACCT100052,DST300004,2026-01-18 03:53:00,79306,103415,300000,55,200
T1003,M2005,ACCT100052,DST300077,2026-01-18 03:54:00,60391,103416,300000,55,200
T1003,M2002,ACCT100052,DST300095,2026-01-18 07:02:00,91708,103531,400000,0,200
T1003,M2018,ACCT100052,DST300014,2026-01-18 08:46:00,68145,104381,400000,0,200
T1003,M2010,ACCT100052,DST300119,2026-01-18 11:05:00,94884,104868,400000,0,200
T1019,M2008,ACCT100053,DST300060,2026-01-12 03:47:00,80890,100189,10000,0,200
T1019,M2001,ACCT100053,DST300155,2026-01-12 05:05:00,62647,100315,10000,0,200
T1019,M2000,ACCT100053,DST300032,2026-01-12 06:02:00,61646,100481,400000,0,200
T1019,M2001,ACCT100053,DST300094,2026-01-12 09:13:00,70028,100569,400000,0,200
T1019,M2002,ACCT100053,DST300052,2026-01-12 10:30:00,56653,101085,10000,0,200
T1019,M2019,ACCT100053,DST300134,2026-01-12 13:46:00,56025,101166,10000,0,200
T1019,M2018,ACCT100053,DST300172,2026-01-12 16:59:00,83010,101649,10000,0,200
T1019,M2001,ACCT100053,DST300064,2026-01-12 19:07:00,91571,102283,10000,0,200
T1019,M2014,ACCT100053,DST300016,2026-01-12 22:58:00,52084,102929,10000,0,200
T1019,M2014,ACCT100053,DST300005,2026-01-12 23:21:00,53076,103003,10000,0,200
T1028,M2015,ACCT100053,DST300022,2026-01-12 23:26:00,108222,104763,10000,0,200
T1003,M2008,ACCT100054,DST300103,2026-01-12 08:38:00,316902,100326,400000,0,200
T1003,M2009,ACCT100054,DST300082,2026-01-12 10:49:00,264656,100487,400000,0,200
T1003,M2004,ACCT100054,DST300195,2026-01-12 13:48:00,253940,100971,400000,0,200
T1003,M2000,ACCT100054,DST300091,2026-01-12 15:11:00,309796,101013,10000,0,200
T1003,M2017,ACCT100054,DST300119,2026-01-12 18:08:00,311674,101909,400000,0,200
T1003,M2001,ACCT100054,DST999999,2026-01-12 18:10:00,297993,102092,400000,0,200
T1003,M2007,ACCT100054,DST999999,2026-01-12 18:12:00,317206,102093,400000,0,200
T1003,M2011,ACCT100054,DST999999,2026-01-12 18:14:00,283117,102094,400000,0,200
T1003,M2011,ACCT100054,DST300066,2026-01-12 20:57:00,308975,102475,10000,0,200
T1003,M2010,ACCT100054,DST300153,2026-01-13 01:50:00,622846,102487,10000,0,200
T1010,M2018,ACCT100054,DST300073,2026-01-13 01:51:00,290176,102520,10000,0,200
T1010,M2015,ACCT100054,DST300057,2026-01-13 04:41:00,304915,102936,400000,0,200
T1010,M2008,ACCT100054,DST300034,2026-01-13 05:14:00,4218066,102972,10000,0,200
T1010,M2017,ACCT100054,DST300026,2026-01-13 08:57:00,281555,103371,10000,0,200
T1010,M2018,ACCT100054,DST300066,2026-01-13 12:08:00,298339,103670,400000,0,200
T1010,M2003,ACCT100054,DST300089,2026-01-13 14:58:00,277368,103811,400000,0,200
T1010,M2011,ACCT100054,DST300166,2026-01-13 17:31:00,289739,103905,400000,0,200
T1010,M2014,ACCT100054,DST300183,2026-01-13 19:37:00,292788,104084,400000,0,200
T1010,M2011,ACCT100054,DST300002,2026-01-13 20:19:00,295692,104335,10000,0,200
T1010,M2019,ACCT100054,DST300040,2026-01-13 21:28:00,274839,104390,10000,0,200
T1010,M2008,ACCT100054,DST300080,2026-01-13 21:29:00,245839,104797,300000,55,200
T1010,M2015,ACCT100054,DST300092,2026-01-13 21:30:00,316124,104798,300000,55,200
T1010,M2007,ACCT100054,DST300080,2026-01-13 21:31:00,286238,104799,300000,55,200
T1010,M2001,ACCT100054,DST300168,2026-01-13 21:32:00,312875,104800,300000,55,200
T1010,M2003,ACCT100054,DST300063,2026-01-13 21:33:00,257274,104801,300000,55,200
T1010,M2010,ACCT100054,DST300102,2026-01-14 00:51:00,288061,104936,10000,0,200
T1004,M2017,ACCT100055,DST300095,2026-01-04 04:13:00,537891,104640,10000,0,200
T1004,M2017,ACCT100055,DST300175,2026-01-04 05:52:00,201248,104649,400000,0,200
T1004,M2015,ACCT100055,DST300167,2026-01-04 08:02:00,170134,100339,10000,0,200
T1004,M2018,ACCT100055,DST300039,2026-01-04 09:34:00,205712,104883,400000,0,200
T1004,M2001,ACCT100055,DST300174,2026-01-04 11:35:00,179424,101456,10000,0,200
T1004,M2001,ACCT100055,DST300068,2026-01-04 13:21:00,202894,101604,10000,0,200
T1004,M2001,ACCT100055,DST300053,2026-01-04 13:39:00,193754,101844,10000,0,200
T1004,M2017,ACCT100055,DST300199,2026-01-04 16:39:00,145759,102106,400000,0,200
T1004,M2005,ACCT100055,DST300129,2026-01-04 17:33:00,203037,102404,400000,0,200
T1004,M2019,ACCT100055,DST300103,2026-01-04 21:30:00,205946,102883,10000,0,200
T1004,M2013,ACCT100055,DST300144,2026-01-04 22:38:00,207238,104217,10000,0,200
T1017,M2006,ACCT100056,DST300069,2026-01-04 05:15:00,229303,100518,400000,0,200
T1017,M2011,ACCT100056,DST300029,2026-01-04 05:32:00,3904974,100529,10000,0,200
T1017,M2009,ACCT100056,DST300048,2026-01-04 06:55:00,193954,100867,400000,0,200
T1017,M2013,ACCT100056,DST300056,2026-01-04 07:19:00,4115085,101137,10000,0,200
T1017,M2014,ACCT100056,DST300004,2026-01-04 09:47:00,222728,101330,10000,0,200
T1017,M2001,ACCT100056,DST300092,2026-01-04 09:56:00,222757,101750,400000,0,200
T1017,M2019,ACCT100056,DST300129,2026-01-04 11:56:00,236764,101783,400000,0,200
T1017,M2002,ACCT100056,DST300056,2026-01-04 15:19:00,214572,102911,10000,0,200
T1017,M2006,ACCT100056,DST300177,2026-01-04 16:50:00,246999,104394,400000,0,200
T1017,M2016,ACCT100056,DST300187,2026-01-04 19:46:00,187743,104876,10000,0,200
T1001,M2003,ACCT100057,DST300186,2026-01-14 18:47:00,314386,100061,400000,0,200
T1001,M2010,ACCT100057,DST300193,2026-01-14 19:41:00,276687,100145,400000,0,200
T1028,M2015,ACCT100057,DST300189,2026-01-14 19:46:00,293238,100408,10000,0,200
T1028,M2004,ACCT100057,DST300077,2026-01-14 21:07:00,293200,100428,10000,0,200
T1028,M2013,ACCT100057,DST999999,2026-01-14 21:09:00,292710,100489,400000,0,200
T1028,M2009,ACCT100057,DST999999,2026-01-14 21:11:00,315167,100490,400000,0,200
T1028,M2012,ACCT100057,DST300043,2026-01-15 00:46:00,310772,101300,10000,0,200
T1028,M2013,ACCT100057,DST300166,2026-01-15 03:46:00,236507,101744,400000,0,200
T1028,M2004,ACCT100057,DST300045,2026-01-15 07:15:00,246753,101778,400000,0,200
T1028,M2014,ACCT100057,DST300064,2026-01-15 07:47:00,314366,102752,10000,0,200
T1028,M2014,ACCT100057,DST300115,2026-01-15 08:11:00,270864,102868,400000,0,200
T1028,M2017,ACCT100057,DST300104,2026-01-15 10:27:00,284793,103387,400000,0,200
T1028,M2006,ACCT100057,DST300154,2026-01-15 10:45:00,3190494,103580,10000,0,200
T1010,M2002,ACCT100058,DST300099,2026-01-02 00:00:00,246641,100179,10000,0,200
T1010,M2005,ACCT100058,DST300067,2026-01-02 02:34:00,286914,101567,10000,0,200
T1010,M2003,ACCT100058,DST300169,2026-01-02 04:30:00,282930,101578,10000,0,200
T1010,M2001,ACCT100058,DST300038,2026-01-02 08:08:00,253497,101748,400000,0,200
T1010,M2019,ACCT100058,DST300168,2026-01-02 08:19:00,303485,101978,400000,0,200
T1010,M2018,ACCT100058,DST300059,2026-01-02 10:54:00,293546,102536,400000,0,200
T1010,M2011,ACCT100058,DST300145,2026-01-02 10:55:00,263999,102924,300000,55,200
T1010,M2011,ACCT100058,DST300154,2026-01-02 10:56:00,255394,102925,300000,55,200
T1010,M2009,ACCT100058,DST300178,2026-01-02 10:57:00,264971,102926,300000,55,200
T1010,M2016,ACCT100058,DST300012,2026-01-02 10:58:00,269506,102927,300000,55,200
T1029,M2000,ACCT100058,DST300198,2026-01-02 11:00:00,248337,103135,10000,0,200
T1029,M2003,ACCT100058,DST300088,2026-01-02 11:39:00,293976,103246,10000,0,200
T1029,M2008,ACCT100058,DST300062,2026-01-02 14:31:00,309825,103783,10000,0,200
T1029,M2016,ACCT100058,DST300106,2026-01-02 15:23:00,282046,104610,400000,0,200
T1015,M2001,ACCT100059,DST300074,2026-01-05 04:56:00,258470,100377,400000,0,200
T1015,M2000,ACCT100059,DST300117,2026-01-05 08:49:00,262581,101063,10000,0,200
T1015,M2005,ACCT100059,DST300068,2026-01-05 12:36:00,248734,101371,10000,0,200
T1015,M2009,ACCT100059,DST300060,2026-01-05 14:31:00,277753,101433,400000,0,200
T1015,M2017,ACCT100059,DST300108,2026-01-05 18:26:00,268829,101790,10000,0,200
T1015,M2009,ACCT100059,DST300046,2026-01-05 21:41:00,270443,101920,10000,0,200
T1015,M2010,ACCT100059,DST300041,2026-01-05 22:34:00,274109,102678,400000,0,200
T1015,M2014,ACCT100059,DST300030,2026-01-05 23:18:00,239078,103364,400000,0,200
T1015,M2006,ACCT100059,DST300070,2026-01-05 23:47:00,4163038,103771,10000,0,200
T1015,M2007,ACCT100059,DST300111,2026-01-06 02:37:00,244082,104377,400000,0,200
T1015,M2009,ACCT100059,DST300015,2026-01-06 05:08:00,272775,104617,400000,0,200
T1010,M2013,ACCT100060,DST300015,2026-01-14 10:36:00,186149,100099,10000,0,200
T1010,M2008,ACCT100060,DST300035,2026-01-14 12:52:00,176036,100579,10000,0,200
T1010,M2016,ACCT100060,DST300092,2026-01-14 14:16:00,166196,100613,10000,0,200
T1010,M2011,ACCT100060,DST300103,2026-01-14 15:27:00,159887,101012,400000,0,200
T1010,M2014,ACCT100060,DST300086,2026-01-14 19:06:00,155041,101177,10000,0,200
T1010,M2011,ACCT100060,DST999999,2026-01-14 19:08:00,149769,101740,400000,0,200
T1010,M2004,ACCT100060,DST999999,2026-01-14 19:10:00,172035,101741,400000,0,200
T1010,M2000,ACCT100060,DST999999,2026-01-14 19:12:00,206664,101742,400000,0,200
T1010,M2014,ACCT100060,DST999999,2026-01-14 19:14:00,189903,101743,400000,0,200
T1010,M2019,ACCT100060,DST999999,2026-01-14 19:16:00,180389,102217,400000,0,200
T1010,M2012,ACCT100060,DST999999,2026-01-14 19:18:00,123645,102218,400000,0,200
T1010,M2014,ACCT100060,DST999999,2026-01-14 19:20:00,174706,102219,400000,0,200
T1010,M2018,ACCT100060,DST999999,2026-01-14 19:22:00,131898,102220,400000,0,200
T1010,M2012,ACCT100060,DST300095,2026-01-14 20:15:00,188992,104210,10000,0,200
T1010,M2007,ACCT100060,DST300088,2026-01-14 23:56:00,181476,104616,10000,0,200
T1009,M2000,ACCT100061,DST300156,2026-01-06 02:13:00,595823,101313,10000,0,200
T1009,M2010,ACCT100061,DST300136,2026-01-06 02:19:00,590183,101246,10000,0,200
T1009,M2009,ACCT100061,DST300032,2026-01-06 02:24:00,4919236,102530,10000,0,200
T1009,M2017,ACCT100061,DST300095,2026-01-06 02:55:00,273364,102608,400000,0,200
T1009,M2005,ACCT100061,DST300061,2026-01-06 05:35:00,284009,102846,10000,0,200
T1009,M2016,ACCT100061,DST300162,2026-01-06 06:17:00,305519,101126,10000,0,200
T1009,M2007,ACCT100061,DST300056,2026-01-06 08:09:00,275659,103430,10000,0,200
T1009,M2016,ACCT100061,DST300082,2026-01-06 09:01:00,260514,103456,400000,0,200
T1009,M2017,ACCT100061,DST300126,2026-01-06 09:17:00,3705334,103492,10000,0,200
T1009,M2008,ACCT100061,DST999999,2026-01-06 09:19:00,271723,104576,400000,0,200
T1009,M2019,ACCT100061,DST999999,2026-01-06 09:21:00,282434,104577,400000,0,200
T1009,M2001,ACCT100061,DST300109,2026-01-06 09:44:00,4347607,104594,10000,0,200
T1017,M2012,ACCT100062,DST300059,2026-01-03 12:48:00,304084,100495,400000,0,200
T1017,M2007,ACCT100062,DST300040,2026-01-03 16:33:00,297641,101244,400000,0,200
T1017,M2005,ACCT100062,DST300036,2026-01-03 17:43:00,288615,101245,10000,0,200
T1017,M2018,ACCT100062,DST300159,2026-01-03 18:12:00,4567498,101340,10000,0,200
T1017,M2001,ACCT100062,DST300129,2026-01-03 18:37:00,273002,101362,10000,0,200
T1017,M2010,ACCT100062,DST300180,2026-01-03 21:16:00,276093,101556,10000,0,200
T1017,M2014,ACCT100062,DST300056,2026-01-03 23:25:00,295055,101797,10000,0,200
T1017,M2010,ACCT100062,DST300044,2026-01-04 03:10:00,248133,102314,400000,0,200
T1017,M2006,ACCT100062,DST300177,2026-01-04 06:18:00,289964,102573,10000,0,200
T1017,M2005,ACCT100062,DST300071,2026-01-04 07:58:00,327019,103794,10000,0,200
T1017,M2000,ACCT100062,DST999999,2026-01-04 08:00:00,286379,104332,400000,0,200
T1017,M2009,ACCT100062,DST999999,2026-01-04 08:02:00,252467,104333,400000,0,200
T1017,M2018,ACCT100062,DST300051,2026-01-04 11:10:00,298988,104359,400000,0,200
T1017,M2001,ACCT100062,DST300140,2026-01-04 11:18:00,4576641,104680,10000,0,200
T1017,M2012,ACCT100062,DST300033,2026-01-04 12:29:00,308701,104853,10000,0,200
T1017,M2001,ACCT100062,DST300170,2026-01-04 15:09:00,313825,104951,400000,0,200
T1012,M2011,ACCT100063,DST300002,2026-01-13 07:10:00,91946,100883,400000,0,200
T1012,M2013,ACCT100063,DST300030,2026-01-13 08:57:00,81917,100913,400000,0,200
T1012,M2018,ACCT100063,DST999999,2026-01-13 08:59:00,97939,101864,400000,0,200
T1012,M2007,ACCT100063,DST999999,2026-01-13 09:01:00,75556,101865,400000,0,200
T1012,M2005,ACCT100063,DST300105,2026-01-13 09:57:00,117919,102393,400000,0,200
T1012,M2008,ACCT100063,DST300142,2026-01-13 11:13:00,108175,102429,10000,0,200
T1012,M2005,ACCT100063,DST300027,2026-01-13 12:57:00,96709,102882,400000,0,200
T1012,M2015,ACCT100063,DST300189,2026-01-13 15:32:00,82334,103248,400000,0,200
T1012,M2012,ACCT100063,DST300151,2026-01-13 16:48:00,141010,103636,400000,0,200
T1027,M2010,ACCT100063,DST300150,2026-01-13 16:53:00,121666,104205,10000,0,200
T1023,M2013,ACCT100064,DST300196,2026-01-05 21:03:00,89108,101214,10000,0,200
T1023,M2007,ACCT100064,DST300164,2026-01-06 00:58:00,70104,101574,400000,0,200
T1023,M2008,ACCT100064,DST300177,2026-01-06 03:37:00,59336,102084,10000,0,200
T1023,M2002,ACCT100064,DST999999,2026-01-06 03:39:00,81933,102895,400000,0,200
T1023,M2010,ACCT100064,DST999999,2026-01-06 03:41:00,42305,102896,400000,0,200
T1023,M2006,ACCT100064,DST999999,2026-01-06 03:43:00,95046,102897,400000,0,200
T1023,M2019,ACCT100064,DST999999,2026-01-06 03:45:00,79708,102898,400000,0,200
T1023,M2012,ACCT100064,DST300042,2026-01-06 06:50:00,36412,103026,10000,0,200
T1023,M2015,ACCT100064,DST300133,2026-01-06 09:09:00,64996,103449,10000,0,200
T1016,M2012,ACCT100065,DST300072,2026-01-16 16:57:00,2446894,100363,10000,0,200
T1016,M2006,ACCT100065,DST300143,2026-01-16 20:42:00,268116,100640,400000,0,200
T1016,M2000,ACCT100065,DST300082,2026-01-16 21:17:00,3524507,100703,10000,0,200
T1016,M2008,ACCT100065,DST300183,2026-01-16 22:32:00,279038,101007,400000,0,200
T1016,M2006,ACCT100065,DST300186,2026-01-16 22:33:00,254410,101068,300000,55,200
T1016,M2001,ACCT100065,DST300178,2026-01-16 22:34:00,265755,101069,300000,55,200
T1016,M2001,ACCT100065,DST300112,2026-01-16 22:35:00,296098,101070,300000,55,200
T1016,M2010,ACCT100065,DST300107,2026-01-17 01:57:00,250270,101282,10000,0,200
T1016,M2001,ACCT100065,DST300098,2026-01-17 02:54:00,291707,101339,400000,0,200
T1016,M2001,ACCT100065,DST300072,2026-01-17 06:05:00,269561,101535,400000,0,200
T1016,M2011,ACCT100065,DST300009,2026-01-17 08:34:00,242491,101885,400000,0,200
T1016,M2005,ACCT100065,DST300181,2026-01-17 11:56:00,244198,101948,400000,0,200
T1016,M2010,ACCT100065,DST300020,2026-01-17 12:26:00,237607,102798,10000,0,200
T1016,M2016,ACCT100065,DST300020,2026-01-17 12:54:00,220348,103907,10000,0,200
T1016,M2019,ACCT100065,DST300149,2026-01-17 16:43:00,227118,104354,10000,0,200
T1024,M2008,ACCT100066,DST300145,2026-01-14 23:41:00,145652,100088,400000,0,200
T1024,M2019,ACCT100066,DST300140,2026-01-14 23:42:00,133180,100096,300000,55,200
T1024,M2017,ACCT100066,DST300184,2026-01-14 23:43:00,119798,100097,300000,55,200
T1024,M2010,ACCT100066,DST300168,2026-01-14 23:44:00,126853,100098,300000,55,200
T1024,M2013,ACCT100066,DST300036,2026-01-15 00:43:00,151897,100330,400000,0,200
T1024,M2002,ACCT100066,DST300157,2026-01-15 02:51:00,167560,100360,400000,0,200
T1024,M2000,ACCT100066,DST300093,2026-01-15 04:02:00,103016,100687,400000,0,200
T1024,M2013,ACCT100066,DST300197,2026-01-15 07:20:00,163937,101236,400000,0,200
T1024,M2014,ACCT100066,DST300085,2026-01-15 11:16:00,112895,101421,400000,0,200
T1024,M2018,ACCT100066,DST300175,2026-01-15 12:24:00,115954,101613,400000,0,200
T1024,M2016,ACCT100066,DST300091,2026-01-15 14:54:00,146525,102472,10000,0,200
T1024,M2001,ACCT100066,DST300197,2026-01-15 15:13:00,141130,102710,10000,0,200
T1024,M2009,ACCT100066,DST300008,2026-01-15 18:27:00,148729,102778,400000,0,200
T1024,M2017,ACCT100066,DST300183,2026-01-15 22:21:00,146934,103327,400000,0,200
T1024,M2003,ACCT100066,DST300147,2026-01-16 00:15:00,107051,103530,400000,0,200
T1024,M2006,ACCT100066,DST300045,2026-01-16 00:32:00,99401,103696,10000,0,200
T1024,M2009,ACCT100066,DST999999,2026-01-16 00:34:00,126529,103764,400000,0,200
T1024,M2005,ACCT100066,DST999999,2026-01-16 00:36:00,127412,103765,400000,0,200
T1024,M2001,ACCT100066,DST999999,2026-01-16 00:38:00,132525,103766,400000,0,200
T1024,M2005,ACCT100066,DST300146,2026-01-16 00:58:00,132077,104434,10000,0,200
T1023,M2007,ACCT100067,DST999999,2026-01-05 20:30:00,132580,100544,400000,0,200
T1023,M2016,ACCT100067,DST999999,2026-01-05 20:32:00,153579,100545,400000,0,200
T1023,M2018,ACCT100067,DST300021,2026-01-05 20:33:00,116859,100651,300000,55,200
T1023,M2004,ACCT100067,DST300108,2026-01-05 20:34:00,146769,100652,300000,55,200
T1023,M2012,ACCT100067,DST300115,2026-01-05 20:35:00,156616,100653,300000,55,200
T1023,M2002,ACCT100067,DST300063,2026-01-05 20:36:00,148694,100654,300000,55,200
T1023,M2010,ACCT100067,DST300041,2026-01-05 20:37:00,161469,100655,300000,55,200
T1023,M2007,ACCT100067,DST300110,2026-01-05 22:36:00,134659,101002,10000,0,200
T1023,M2014,ACCT100067,DST300000,2026-01-06 01:27:00,126768,102201,10000,0,200
T1023,M2002,ACCT100067,DST300130,2026-01-06 04:10:00,112004,102458,400000,0,200
T1023,M2004,ACCT100067,DST300074,2026-01-06 05:57:00,152740,102459,10000,0,200
T1023,M2013,ACCT100067,DST300132,2026-01-06 08:38:00,135735,103348,400000,0,200
T1023,M2014,ACCT100067,DST300031,2026-01-06 12:37:00,135057,103350,400000,0,200
T1023,M2016,ACCT100067,DST300183,2026-01-06 13:32:00,131499,103403,400000,0,200
T1023,M2016,ACCT100067,DST300041,2026-01-06 15:19:00,125248,103517,10000,0,200
T1023,M2011,ACCT100067,DST300153,2026-01-06 16:46:00,155897,103701,400000,0,200
T1023,M2012,ACCT100067,DST300092,2026-01-06 18:11:00,148730,104957,10000,0,200
T1026,M2005,ACCT100068,DST300077,2026-01-18 01:45:00,198940,100354,10000,0,200
T1026,M2008,ACCT100068,DST300171,2026-01-18 02:12:00,3431772,100372,10000,0,200
T1026,M2017,ACCT100068,DST300175,2026-01-18 05:24:00,247116,100519,10000,0,200
T1026,M2007,ACCT100068,DST300184,2026-01-18 09:19:00,194262,100543,10000,0,200
T1026,M2016,ACCT100068,DST300066,2026-01-18 09:43:00,213310,100607,10000,0,200
T1026,M2004,ACCT100068,DST300046,2026-01-18 11:23:00,228076,101188,400000,0,200
T1026,M2000,ACCT100068,DST300089,2026-01-18 12:24:00,194639,101343,400000,0,200
T1026,M2005,ACCT100068,DST300198,2026-01-18 12:47:00,209608,101366,10000,0,200
T1026,M2002,ACCT100068,DST300103,2026-01-18 15:15:00,200274,101536,10000,0,200
T1007,M2009,ACCT100068,DST300193,2026-01-18 15:16:00,219824,102921,10000,0,200
T1007,M2003,ACCT100068,DST300134,2026-01-18 18:06:00,198323,103412,10000,0,200
T1007,M2014,ACCT100068,DST999999,2026-01-18 18:08:00,196413,103868,400000,0,200
T1007,M2012,ACCT100068,DST999999,2026-01-18 18:10:00,229439,103869,400000,0,200
T1007,M2006,ACCT100068,DST300189,2026-01-18 19:17:00,227399,103942,400000,0,200
T1007,M2019,ACCT100068,DST300042,2026-01-18 22:36:00,215206,104652,400000,0,200
T1007,M2003,ACCT100068,DST999999,2026-01-18 22:38:00,211842,104914,400000,0,200
T1007,M2005,ACCT100068,DST999999,2026-01-18 22:40:00,223184,104915,400000,0,200
T1007,M2003,ACCT100068,DST999999,2026-01-18 22:42:00,177182,104916,400000,0,200
T1007,M2017,ACCT100068,DST999999,2026-01-18 22:44:00,221949,104917,400000,0,200
T1016,M2008,ACCT100069,DST300000,2026-01-06 22:14:00,149618,100457,300000,55,200
T1016,M2010,ACCT100069,DST300141,2026-01-06 22:15:00,118602,100458,300000,55,200
T1016,M2001,ACCT100069,DST300153,2026-01-06 22:16:00,130223,100459,300000,55,200
T1016,M2008,ACCT100069,DST300043,2026-01-06 22:17:00,120709,100460,300000,55,200
T1016,M2017,ACCT100069,DST300096,2026-01-06 22:18:00,128010,100461,300000,55,200
T1013,M2018,ACCT100069,DST300195,2026-01-06 22:24:00,134444,102296,10000,0,200
T1013,M2012,ACCT100069,DST300161,2026-01-06 23:10:00,142420,103680,400000,0,200
T1013,M2001,ACCT100069,DST300086,2026-01-06 23:11:00,134204,103723,300000,55,200
T1013,M2019,ACCT100069,DST300138,2026-01-06 23:12:00,129131,103724,300000,55,200
T1013,M2007,ACCT100069,DST300032,2026-01-06 23:13:00,128525,103725,300000,55,200
T1013,M2007,ACCT100069,DST300127,2026-01-06 23:14:00,139466,103726,300000,55,200
T1013,M2002,ACCT100069,DST300152,2026-01-07 00:57:00,145244,103978,400000,0,200
T1013,M2008,ACCT100069,DST300127,2026-01-07 04:33:00,126320,104066,10000,0,200
T1013,M2002,ACCT100069,DST300032,2026-01-07 04:43:00,2481548,104192,10000,0,200
T1027,M2004,ACCT100069,DST300085,2026-01-07 04:51:00,139331,104546,10000,0,200
T1027,M2015,ACCT100069,DST300041,2026-01-07 06:18:00,143159,104623,10000,0,200
T1027,M2006,ACCT100069,DST300192,2026-01-07 08:52:00,102191,104683,10000,0,200
T1018,M2017,ACCT100070,DST300086,2026-01-10 01:47:00,656853,102484,10000,0,200
T1018,M2010,ACCT100070,DST300004,2026-01-10 02:12:00,979068,103611,10000,0,200
T1018,M2008,ACCT100070,DST300182,2026-01-10 04:50:00,344021,103803,10000,0,200
T1018,M2002,ACCT100070,DST300183,2026-01-10 04:57:00,325235,103213,400000,0,200
T1018,M2009,ACCT100070,DST300156,2026-01-10 07:38:00,290416,103309,10000,0,200
T1018,M2019,ACCT100070,DST300050,2026-01-10 08:34:00,360116,104201,400000,0,200
T1018,M2003,ACCT100070,DST300008,2026-01-10 10:09:00,331493,104268,400000,0,200
T1018,M2000,ACCT100070,DST300168,2026-01-10 11:17:00,393414,104307,400000,0,200
T1018,M2012,ACCT100070,DST300008,2026-01-10 11:38:00,333884,104699,10000,0,200
T1018,M2001,ACCT100070,DST300176,2026-01-10 11:56:00,301682,104832,10000,0,200
T1022,M2015,ACCT100070,DST300176,2026-01-10 17:44:00,5589157,101267,10000,0,200
T1018,M2005,ACCT100070,DST300076,2026-01-10 17:49:00,329172,101494,10000,0,200
T1006,M2012,ACCT100071,DST300011,2026-01-12 09:12:00,161352,100506,400000,0,200
T1026,M2014,ACCT100071,DST300199,2026-01-12 09:13:00,174408,100626,10000,0,200
T1026,M2008,ACCT100071,DST300086,2026-01-12 10:10:00,175807,100721,400000,0,200
T1026,M2011,ACCT100071,DST300027,2026-01-12 10:11:00,184300,101205,300000,55,200
T1026,M2008,ACCT100071,DST300071,2026-01-12 10:12:00,166054,101206,300000,55,200
T1026,M2006,ACCT100071,DST300116,2026-01-12 10:13:00,148199,101207,300000,55,200
T1026,M2013,ACCT100071,DST300066,2026-01-12 10:14:00,202186,101208,300000,55,200
T1026,M2002,ACCT100071,DST300039,2026-01-12 12:20:00,191310,101217,400000,0,200
T1026,M2011,ACCT100071,DST300084,2026-01-12 13:19:00,203930,102438,400000,0,200
T1026,M2013,ACCT100071,DST300166,2026-01-12 14:21:00,151164,103212,400000,0,200
T1026,M2003,ACCT100071,DST300153,2026-01-12 15:49:00,141867,103326,10000,0,200
T1026,M2005,ACCT100071,DST300182,2026-01-12 16:20:00,117998,103424,10000,0,200
T1026,M2006,ACCT100071,DST300154,2026-01-12 19:20:00,165012,104819,10000,0,200
T1019,M2017,ACCT100072,DST300015,2026-01-16 01:58:00,363634,101417,10000,0,200
T1019,M2009,ACCT100072,DST300017,2026-01-16 03:37:00,136602,101529,400000,0,200
T1019,M2005,ACCT100072,DST300194,2026-01-16 05:47:00,129965,101573,400000,0,200
T1019,M2006,ACCT100072,DST300084,2026-01-16 06:37:00,152277,101896,10000,0,200
T1019,M2008,ACCT100072,DST300198,2026-01-16 07:32:00,152824,102442,10000,0,200
T1019,M2008,ACCT100072,DST300174,2026-01-16 09:28:00,136222,102562,400000,0,200
T1019,M2001,ACCT100072,DST300128,2026-01-16 13:19:00,147790,102881,10000,0,200
T1019,M2014,ACCT100072,DST300004,2026-01-16 17:08:00,102610,103298,10000,0,200
T1019,M2019,ACCT100072,DST300039,2026-01-16 18:52:00,89383,103467,400000,0,200
T1019,M2004,ACCT100072,DST300053,2026-01-16 20:41:00,139368,103867,400000,0,200
T1019,M2002,ACCT100072,DST300051,2026-01-16 21:34:00,151162,104152,10000,0,200
T1019,M2008,ACCT100072,DST300030,2026-01-16 21:40:00,1903156,104756,10000,0,200
T1014,M2012,ACCT100073,DST300164,2026-01-17 18:56:00,131273,100968,400000,0,200
T1014,M2007,ACCT100073,DST300182,2026-01-17 18:57:00,132182,102102,300000,55,200
T1014,M2000,ACCT100073,DST300103,2026-01-17 18:58:00,107027,102103,300000,55,200
T1014,M2003,ACCT100073,DST300083,2026-01-17 18:59:00,130219,102104,300000,55,200
T1014,M2006,ACCT100073,DST300043,2026-01-17 19:00:00,95627,102105,300000,55,200
T1014,M2007,ACCT100073,DST300130,2026-01-17 20:25:00,148660,102476,10000,0,200
T1014,M2017,ACCT100073,DST300067,2026-01-17 22:08:00,130554,102796,10000,0,200
T1014,M2005,ACCT100073,DST999999,2026-01-17 22:10:00,88346,102869,400000,0,200
T1014,M2016,ACCT100073,DST999999,2026-01-17 22:12:00,144682,102870,400000,0,200
T1014,M2013,ACCT100073,DST999999,2026-01-17 22:14:00,140656,102871,400000,0,200
T1014,M2008,ACCT100073,DST999999,2026-01-17 22:16:00,135501,103152,400000,0,200
T1014,M2017,ACCT100073,DST999999,2026-01-17 22:18:00,120323,103153,400000,0,200
T1014,M2001,ACCT100073,DST300116,2026-01-18 01:31:00,126610,103214,10000,0,200
T1014,M2013,ACCT100073,DST300046,2026-01-18 02:17:00,108706,103524,400000,0,200
T1014,M2005,ACCT100073,DST300002,2026-01-18 04:27:00,185684,103565,400000,0,200
T1014,M2013,ACCT100073,DST300120,2026-01-18 06:44:00,119696,103837,400000,0,200
T1014,M2004,ACCT100073,DST300048,2026-01-18 10:30:00,168631,104159,400000,0,200
T1014,M2013,ACCT100073,DST300177,2026-01-18 11:31:00,146833,104663,10000,0,200
T1014,M2006,ACCT100073,DST300060,2026-01-18 15:29:00,135797,104706,400000,0,200
T1014,M2000,ACCT100073,DST300009,2026-01-18 17:44:00,149547,104743,400000,0,200
T1014,M2003,ACCT100073,DST300170,2026-01-18 18:40:00,142754,104813,10000,0,200
T1010,M2005,ACCT100074,DST300085,2026-01-07 20:33:00,130106,100054,400000,0,200
T1010,M2003,ACCT100074,DST300065,2026-01-07 23:23:00,152233,100173,10000,0,200
T1010,M2016,ACCT100074,DST300028,2026-01-08 01:21:00,149377,101010,400000,0,200
T1010,M2011,ACCT100074,DST300134,2026-01-08 03:48:00,157546,101234,400000,0,200
T1010,M2015,ACCT100074,DST300063,2026-01-08 07:17:00,119501,101692,400000,0,200
T1010,M2019,ACCT100074,DST300128,2026-01-08 10:19:00,98722,101959,400000,0,200
T1010,M2009,ACCT100074,DST300169,2026-01-08 14:11:00,165296,102309,400000,0,200
T1010,M2003,ACCT100074,DST300058,2026-01-08 16:03:00,107813,102354,400000,0,200
T1000,M2000,ACCT100074,DST300122,2026-01-08 16:10:00,144084,102998,10000,0,200
T1000,M2013,ACCT100074,DST300156,2026-01-08 19:20:00,110169,103141,10000,0,200
T1000,M2005,ACCT100074,DST999999,2026-01-08 19:22:00,199762,103434,400000,0,200
T1000,M2017,ACCT100074,DST999999,2026-01-08 19:24:00,133835,103435,400000,0,200
T1000,M2012,ACCT100074,DST999999,2026-01-08 19:26:00,144013,103436,400000,0,200
T1000,M2017,ACCT100074,DST300074,2026-01-08 22:46:00,121305,103582,400000,0,200
T1000,M2003,ACCT100074,DST300126,2026-01-08 23:08:00,123958,104055,10000,0,200
T1000,M2009,ACCT100074,DST300189,2026-01-09 02:38:00,174911,104086,400000,0,200
T1000,M2002,ACCT100074,DST300157,2026-01-09 05:51:00,157418,104535,400000,0,200
T1000,M2001,ACCT100074,DST300032,2026-01-09 09:09:00,170450,104804,10000,0,200
T1000,M2007,ACCT100074,DST300183,2026-01-09 09:33:00,105826,104806,10000,0,200
T1000,M2011,ACCT100074,DST300191,2026-01-09 11:59:00,202240,104995,10000,0,200
T1029,M2007,ACCT100075,DST300029,2026-01-02 02:14:00,541660,100052,10000,0,200
T1029,M2000,ACCT100075,DST300043,2026-01-02 02:59:00,239155,100617,400000,0,200
T1029,M2014,ACCT100075,DST300060,2026-01-02 04:02:00,238760,100696,400000,0,200
T1029,M2008,ACCT100075,DST300039,2026-01-02 07:43:00,232707,101803,400000,0,200
T1008,M2001,ACCT100075,DST300102,2026-01-02 07:45:00,248595,101854,10000,0,200
T1008,M2003,ACCT100075,DST300195,2026-01-02 07:46:00,276729,102450,300000,55,200
T1008,M2010,ACCT100075,DST300059,2026-01-02 07:47:00,245182,102451,300000,55,200
T1008,M2009,ACCT100075,DST300125,2026-01-02 07:48:00,247287,102452,300000,55,200
T1008,M2000,ACCT100075,DST300041,2026-01-02 07:49:00,209649,102453,300000,55,200
T1008,M2016,ACCT100075,DST300142,2026-01-02 07:50:00,205832,102454,300000,55,200
T1027,M2019,ACCT100075,DST300085,2026-01-02 07:55:00,248022,102769,10000,0,200
T1027,M2014,ACCT100075,DST300190,2026-01-02 10:22:00,281828,102905,10000,0,200
T1027,M2013,ACCT100075,DST300116,2026-01-02 12:58:00,239344,103665,400000,0,200
T1027,M2003,ACCT100075,DST300080,2026-01-02 16:16:00,248500,104600,10000,0,200
T1027,M2011,ACCT100075,DST300129,2026-01-02 16:17:00,230761,104635,300000,55,200
T1027,M2014,ACCT100075,DST300002,2026-01-02 16:18:00,232674,104636,300000,55,200
T1027,M2002,ACCT100075,DST300179,2026-01-02 16:19:00,255717,104637,300000,55,200
T1027,M2011,ACCT100075,DST300133,2026-01-02 16:20:00,240581,104638,300000,55,200
T1027,M2019,ACCT100075,DST300039,2026-01-02 16:21:00,258874,104639,300000,55,200
T1027,M2017,ACCT100075,DST300197,2026-01-02 16:22:00,251551,104982,300000,55,200
T1027,M2008,ACCT100075,DST300045,2026-01-02 16:23:00,217728,104983,300000,55,200
T1027,M2004,ACCT100075,DST300005,2026-01-02 16:24:00,225950,104984,300000,55,200
T1029,M2014,ACCT100075,DST300089,2026-01-02 16:25:00,218654,100039,10000,0,200
T1027,M2018,ACCT100075,DST300058,2026-01-02 16:25:00,244390,104985,300000,55,200
T1020,M2004,ACCT100076,DST300161,2026-01-01 17:01:00,282658,100190,400000,0,200
T1020,M2010,ACCT100076,DST300043,2026-01-01 18:33:00,314707,100211,400000,0,200
T1020,M2009,ACCT100076,DST300031,2026-01-01 21:39:00,330194,101242,10000,0,200
T1020,M2008,ACCT100076,DST300108,2026-01-01 22:52:00,345874,101890,400000,0,200
T1020,M2004,ACCT100076,DST300172,2026-01-02 01:06:00,330523,102406,10000,0,200
T1020,M2000,ACCT100076,DST300024,2026-01-02 05:01:00,269655,102413,400000,0,200
T1020,M2000,ACCT100076,DST300050,2026-01-02 09:00:00,314863,102566,10000,0,200
T1020,M2000,ACCT100076,DST300116,2026-01-02 10:48:00,327041,103224,10000,0,200
T1020,M2002,ACCT100076,DST300089,2026-01-02 13:44:00,351549,103861,400000,0,200
T1020,M2014,ACCT100076,DST300001,2026-01-02 15:28:00,301704,104289,10000,0,200
T1020,M2019,ACCT100076,DST300020,2026-01-02 17:25:00,261781,104822,400000,0,200
T1028,M2018,ACCT100077,DST300069,2026-01-13 16:18:00,285829,100723,10000,0,200
T1028,M2000,ACCT100077,DST300152,2026-01-13 18:23:00,298565,100994,400000,0,200
T1028,M2019,ACCT100077,DST300020,2026-01-13 18:24:00,335556,101249,300000,55,200
T1028,M2014,ACCT100077,DST300018,2026-01-13 18:25:00,312988,101250,300000,55,200
T1028,M2019,ACCT100077,DST300012,2026-01-13 18:26:00,290919,101251,300000,55,200
T1028,M2005,ACCT100077,DST300079,2026-01-13 18:27:00,324035,101252,300000,55,200
T1028,M2006,ACCT100077,DST300139,2026-01-13 19:49:00,368334,101634,400000,0,200
T1028,M2003,ACCT100077,DST300041,2026-01-13 22:08:00,305571,101676,400000,0,200
T1028,M2002,ACCT100077,DST300039,2026-01-13 22:49:00,308037,101716,400000,0,200
T1028,M2012,ACCT100077,DST300116,2026-01-13 23:48:00,335704,102493,400000,0,200
T1028,M2004,ACCT100077,DST300168,2026-01-14 03:23:00,301121,102826,10000,0,200
T1028,M2007,ACCT100077,DST300052,2026-01-14 07:22:00,277134,103676,10000,0,200
T1028,M2005,ACCT100077,DST300141,2026-01-14 08:16:00,343609,103707,10000,0,200
T1028,M2008,ACCT100077,DST300117,2026-01-14 10:43:00,307639,103835,400000,0,200
T1028,M2005,ACCT100077,DST300069,2026-01-14 11:56:00,291857,104173,400000,0,200
T1028,M2007,ACCT100077,DST300135,2026-01-14 12:11:00,289730,104656,10000,0,200
T1028,M2009,ACCT100077,DST300028,2026-01-14 16:08:00,318230,104709,10000,0,200
T1028,M2006,ACCT100077,DST300091,2026-01-14 18:56:00,288257,104919,400000,0,200
T1003,M2008,ACCT100078,DST300179,2026-01-15 11:31:00,1239311,100143,10000,0,200
T1003,M2015,ACCT100078,DST300106,2026-01-15 15:30:00,69338,100192,400000,0,200
T1003,M2019,ACCT100078,DST300085,2026-01-15 17:13:00,89588,101090,400000,0,200
T1003,M2019,ACCT100078,DST300076,2026-01-15 20:15:00,92104,101607,10000,0,200
T1003,M2018,ACCT100078,DST300091,2026-01-15 23:37:00,80735,101997,10000,0,200
T1003,M2009,ACCT100078,DST300032,2026-01-16 01:01:00,66495,102418,400000,0,200
T1003,M2000,ACCT100078,DST300059,2026-01-16 01:02:00,73213,102665,300000,55,200
T1003,M2006,ACCT100078,DST300061,2026-01-16 01:03:00,78000,102666,300000,55,200
T1003,M2008,ACCT100078,DST300193,2026-01-16 01:04:00,94521,102667,300000,55,200
T1003,M2008,ACCT100078,DST300060,2026-01-16 04:09:00,83783,102949,10000,0,200
T1003,M2014,ACCT100078,DST300156,2026-01-16 04:40:00,1098759,103457,10000,0,200
T1003,M2005,ACCT100078,DST300059,2026-01-16 04:49:00,1057366,103679,10000,0,200
T1003,M2013,ACCT100078,DST300022,2026-01-16 06:03:00,110427,103946,10000,0,200
T1014,M2005,ACCT100079,DST300192,2026-01-19 13:53:00,330600,100266,300000,55,200
T1014,M2016,ACCT100079,DST300048,2026-01-19 13:54:00,283197,100267,300000,55,200
T1014,M2002,ACCT100079,DST300086,2026-01-19 13:55:00,334795,100268,300000,55,200
T1014,M2000,ACCT100079,DST300156,2026-01-19 13:56:00,321850,100269,300000,55,200
T1014,M2016,ACCT100079,DST300003,2026-01-19 16:02:00,327212,100395,400000,0,200
T1014,M2003,ACCT100079,DST300045,2026-01-19 19:21:00,338289,100577,400000,0,200
T1014,M2001,ACCT100079,DST300042,2026-01-19 22:39:00,294494,101269,10000,0,200
T1014,M2005,ACCT100079,DST300030,2026-01-20 00:38:00,318989,101636,400000,0,200
T1017,M2019,ACCT100079,DST300033,2026-01-20 02:53:00,840165,104956,10000,0,200
T1014,M2002,ACCT100079,DST300047,2026-01-20 03:05:00,301186,101665,400000,0,200
T1014,M2006,ACCT100079,DST300112,2026-01-20 03:13:00,313016,101737,10000,0,200
T1017,M2019,ACCT100079,DST300117,2026-01-20 04:06:00,580475,103404,10000,0,200
T1017,M2008,ACCT100079,DST300140,2026-01-20 06:14:00,344385,103743,10000,0,200
T1014,M2005,ACCT100079,DST300090,2026-01-20 07:00:00,304340,101913,400000,0,200
T1014,M2011,ACCT100079,DST300126,2026-01-20 07:28:00,357242,101933,400000,0,200
T1014,M2004,ACCT100079,DST300171,2026-01-20 07:43:00,3542428,102085,10000,0,200
T1014,M2004,ACCT100079,DST300137,2026-01-20 07:52:00,3388879,102121,10000,0,200
T1017,M2018,ACCT100079,DST300194,2026-01-20 08:56:00,307516,103797,10000,0,200
T1017,M2015,ACCT100079,DST300130,2026-01-20 09:02:00,320860,104305,10000,0,200
T1014,M2011,ACCT100079,DST300168,2026-01-20 09:08:00,287148,102430,10000,0,200
T1006,M2009,ACCT100079,DST300162,2026-01-20 09:11:00,320165,102570,10000,0,200
T1017,M2004,ACCT100079,DST300170,2026-01-20 10:41:00,310470,104811,10000,0,200
T1006,M2011,ACCT100079,DST300111,2026-01-20 11:54:00,369781,102626,400000,0,200
T1017,M2006,ACCT100079,DST300074,2026-01-20 11:59:00,349729,103107,10000,0,200
T1017,M2001,ACCT100079,DST300178,2026-01-20 12:58:00,307436,103145,400000,0,200
T1017,M2015,ACCT100079,DST300108,2026-01-20 14:29:00,358964,104912,10000,0,200
T1017,M2013,ACCT100079,DST300141,2026-01-20 18:27:00,326736,104954,10000,0,200
T1015,M2005,ACCT100080,DST300149,2026-01-20 13:37:00,36977,100423,400000,0,200
T1015,M2006,ACCT100080,DST300143,2026-01-20 17:33:00,36763,100711,400000,0,200
T1015,M2009,ACCT100080,DST300029,2026-01-20 18:18:00,33565,101006,400000,0,200
T1015,M2000,ACCT100080,DST300168,2026-01-20 18:23:00,82706,101117,10000,0,200
T1015,M2010,ACCT100080,DST300072,2026-01-20 21:46:00,57915,101411,10000,0,200
T1015,M2017,ACCT100080,DST300189,2026-01-21 00:08:00,120266,101726,400000,0,200
T1015,M2010,ACCT100080,DST300053,2026-01-21 03:10:00,178621,103069,10000,0,200
T1015,M2006,ACCT100080,DST300052,2026-01-21 03:55:00,36655,103644,400000,0,200
T1015,M2002,ACCT100080,DST300124,2026-01-21 03:57:00,70368,101829,400000,0,200
T1015,M2006,ACCT100080,DST300193,2026-01-21 06:11:00,59132,104392,10000,0,200
T1015,M2010,ACCT100080,DST300070,2026-01-21 08:51:00,78000,104641,400000,0,200
T1015,M2017,ACCT100080,DST300064,2026-01-21 10:10:00,87765,104880,400000,0,200
T1016,M2011,ACCT100081,DST300130,2026-01-06 10:04:00,300418,100422,400000,0,200
T1016,M2019,ACCT100081,DST300006,2026-01-06 13:38:00,293167,100594,400000,0,200
T1016,M2014,ACCT100081,DST300131,2026-01-06 14:46:00,348314,101097,10000,0,200
T1016,M2005,ACCT100081,DST300180,2026-01-06 16:02:00,300172,101108,10000,0,200
T1016,M2011,ACCT100081,DST300007,2026-01-06 16:17:00,4780144,101482,10000,0,200
T1016,M2015,ACCT100081,DST300102,2026-01-06 20:16:00,298863,101506,10000,0,200
T1016,M2001,ACCT100081,DST300042,2026-01-06 23:15:00,304998,101614,400000,0,200
T1011,M2013,ACCT100081,DST300159,2026-01-06 23:19:00,310715,101709,10000,0,200
T1011,M2008,ACCT100081,DST300140,2026-01-07 00:07:00,266013,101794,10000,0,200
T1011,M2006,ACCT100081,DST300000,2026-01-07 00:35:00,4183932,102100,10000,0,200
T1011,M2019,ACCT100081,DST300064,2026-01-07 00:36:00,271040,102407,300000,55,200
T1011,M2015,ACCT100081,DST300121,2026-01-07 00:37:00,283164,102408,300000,55,200
T1011,M2015,ACCT100081,DST300106,2026-01-07 00:38:00,296687,102409,300000,55,200
T1011,M2019,ACCT100081,DST999999,2026-01-07 00:40:00,262552,102734,400000,0,200
T1011,M2002,ACCT100081,DST999999,2026-01-07 00:42:00,284025,102735,400000,0,200
T1011,M2005,ACCT100081,DST300016,2026-01-07 01:00:00,3939635,102860,10000,0,200
T1011,M2019,ACCT100081,DST300161,2026-01-07 02:52:00,306311,103737,10000,0,200
T1011,M2013,ACCT100081,DST300133,2026-01-07 03:22:00,278798,104334,10000,0,200
T1007,M2011,ACCT100081,DST300199,2026-01-07 03:28:00,269601,104990,10000,0,200
T1021,M2000,ACCT100082,DST300006,2026-01-09 21:29:00,319307,100762,400000,0,200
T1021,M2017,ACCT100082,DST300034,2026-01-09 21:49:00,3980182,100786,10000,0,200
T1021,M2012,ACCT100082,DST300117,2026-01-10 00:23:00,284342,102420,10000,0,200
T1021,M2012,ACCT100082,DST300193,2026-01-10 01:12:00,850018,104921,10000,0,200
T1021,M2019,ACCT100082,DST300130,2026-01-10 02:04:00,653480,103398,10000,0,200
T1021,M2000,ACCT100082,DST300177,2026-01-10 02:39:00,306567,104417,400000,0,200
T1021,M2019,ACCT100082,DST300199,2026-01-10 03:08:00,3949658,104774,10000,0,200
T1013,M2018,ACCT100083,DST999999,2026-01-06 13:24:00,219206,100011,400000,0,200
T1013,M2001,ACCT100083,DST999999,2026-01-06 13:26:00,233007,100012,400000,0,200
T1013,M2004,ACCT100083,DST999999,2026-01-06 13:28:00,231240,100013,400000,0,200
T1013,M2015,ACCT100083,DST999999,2026-01-06 13:30:00,229346,100014,400000,0,200
T1013,M2013,ACCT100083,DST300136,2026-01-06 16:55:00,188978,100582,400000,0,200
T1013,M2015,ACCT100083,DST300049,2026-01-06 20:38:00,235377,101629,400000,0,200
T1013,M2011,ACCT100083,DST300121,2026-01-07 00:33:00,247028,102027,10000,0,200
T1013,M2015,ACCT100083,DST300182,2026-01-07 03:58:00,226804,102032,10000,0,200
T1013,M2000,ACCT100083,DST300096,2026-01-07 07:35:00,233877,102683,10000,0,200
T1013,M2001,ACCT100083,DST300032,2026-01-07 10:25:00,264707,103423,10000,0,200
T1013,M2013,ACCT100083,DST300197,2026-01-07 12:15:00,221934,103746,400000,0,200
T1013,M2014,ACCT100083,DST300109,2026-01-07 12:30:00,223834,104146,10000,0,200
T1013,M2007,ACCT100083,DST300037,2026-01-07 16:01:00,224628,104446,10000,0,200
T1013,M2000,ACCT100083,DST300182,2026-01-07 18:57:00,225665,104677,400000,0,200
T1006,M2007,ACCT100084,DST300036,2026-01-04 16:35:00,99339,100236,10000,0,200
T1006,M2017,ACCT100084,DST300113,2026-01-04 17:44:00,73497,100510,10000,0,200
T1006,M2015,ACCT100084,DST300152,2026-01-04 17:54:00,69545,100541,400000,0,200
T1006,M2004,ACCT100084,DST999999,2026-01-04 17:56:00,131207,101147,400000,0,200
T1006,M2014,ACCT100084,DST999999,2026-01-04 17:58:00,113709,101148,400000,0,200
T1006,M2012,ACCT100084,DST999999,2026-01-04 18:00:00,160754,101149,400000,0,200
T1006,M2000,ACCT100084,DST300132,2026-01-04 18:01:00,112717,101254,300000,55,200
T1006,M2008,ACCT100084,DST300017,2026-01-04 18:02:00,100516,101255,300000,55,200
T1006,M2011,ACCT100084,DST300058,2026-01-04 18:03:00,104596,101256,300000,55,200
T1006,M2005,ACCT100084,DST300113,2026-01-04 18:04:00,104487,101257,300000,55,200
T1006,M2018,ACCT100084,DST300080,2026-01-04 18:05:00,150741,101258,300000,55,200
T1006,M2019,ACCT100084,DST300042,2026-01-04 18:21:00,117803,101891,400000,0,200
T1006,M2013,ACCT100084,DST300128,2026-01-04 22:20:00,85517,102006,10000,0,200
T1006,M2003,ACCT100084,DST300110,2026-01-04 23:29:00,143226,102810,10000,0,200
T1006,M2000,ACCT100084,DST300038,2026-01-05 01:34:00,133716,102880,10000,0,200
T1006,M2007,ACCT100084,DST999999,2026-01-05 01:36:00,94910,103070,400000,0,200
T1006,M2009,ACCT100084,DST999999,2026-01-05 01:38:00,98198,103071,400000,0,200
T1006,M2005,ACCT100084,DST999999,2026-01-05 01:40:00,138555,103072,400000,0,200
T1006,M2011,ACCT100084,DST300054,2026-01-05 02:09:00,1687915,103136,10000,0,200
T1006,M2010,ACCT100084,DST999999,2026-01-05 02:11:00,102010,103935,400000,0,200
T1006,M2015,ACCT100084,DST999999,2026-01-05 02:13:00,119954,103936,400000,0,200
T1003,M2019,ACCT100084,DST300136,2026-01-05 02:15:00,71490,104643,10000,0,200
T1003,M2014,ACCT100084,DST300047,2026-01-05 03:07:00,243849,104867,10000,0,200
T1003,M2001,ACCT100084,DST300088,2026-01-05 03:41:00,296043,104690,10000,0,200
T1003,M2003,ACCT100084,DST300118,2026-01-05 05:59:00,88681,104771,10000,0,200
T1018,M2012,ACCT100085,DST300030,2026-01-02 04:04:00,539043,104184,10000,0,200
T1018,M2016,ACCT100085,DST300019,2026-01-02 04:33:00,219208,100338,10000,0,200
T1018,M2017,ACCT100085,DST300167,2026-01-02 06:20:00,225321,100426,10000,0,200
T1018,M2010,ACCT100085,DST300032,2026-01-02 07:56:00,272291,104380,10000,0,200
T1018,M2000,ACCT100085,DST300002,2026-01-02 09:49:00,250643,101118,400000,0,200
T1018,M2013,ACCT100085,DST300091,2026-01-02 10:30:00,235595,104665,10000,0,200
T1018,M2012,ACCT100085,DST300043,2026-01-02 11:04:00,218457,101599,400000,0,200
T1018,M2006,ACCT100085,DST300176,2026-01-02 13:34:00,234599,101759,400000,0,200
T1018,M2010,ACCT100085,DST300096,2026-01-02 14:01:00,226550,102470,10000,0,200
T1018,M2007,ACCT100085,DST300098,2026-01-02 16:28:00,255197,103391,10000,0,200
T1018,M2013,ACCT100085,DST300197,2026-01-02 18:04:00,204398,103653,10000,0,200
T1018,M2000,ACCT100085,DST300114,2026-01-02 18:59:00,225375,104030,400000,0,200
T1018,M2015,ACCT100085,DST999999,2026-01-02 19:01:00,234686,104057,400000,0,200
T1018,M2000,ACCT100085,DST999999,2026-01-02 19:03:00,210549,104058,400000,0,200
T1018,M2016,ACCT100085,DST999999,2026-01-02 19:05:00,214729,104059,400000,0,200
T1018,M2014,ACCT100085,DST999999,2026-01-02 19:07:00,208707,104060,400000,0,200
T1002,M2008,ACCT100086,DST300178,2026-01-20 14:31:00,179294,100072,400000,0,200
T1002,M2006,ACCT100086,DST300142,2026-01-20 15:48:00,201375,100150,10000,0,200
T1002,M2001,ACCT100086,DST300155,2026-01-20 16:23:00,187450,101066,10000,0,200
T1002,M2011,ACCT100086,DST300162,2026-01-20 16:24:00,176428,101080,300000,55,200
T1002,M2009,ACCT100086,DST300069,2026-01-20 16:25:00,169542,101081,300000,55,200
T1002,M2015,ACCT100086,DST300006,2026-01-20 16:26:00,192657,101082,300000,55,200
T1002,M2015,ACCT100086,DST300064,2026-01-20 16:27:00,189983,101083,300000,55,200
T1002,M2000,ACCT100086,DST300027,2026-01-20 16:28:00,225365,101084,300000,55,200
T1002,M2011,ACCT100086,DST300188,2026-01-20 17:03:00,171173,101327,400000,0,200
T1002,M2018,ACCT100086,DST300059,2026-01-20 17:11:00,1985228,101949,10000,0,200
T1002,M2007,ACCT100086,DST300071,2026-01-20 18:59:00,152254,102856,10000,0,200
T1002,M2013,ACCT100086,DST300102,2026-01-20 20:23:00,201688,103278,400000,0,200
T1002,M2006,ACCT100086,DST300178,2026-01-20 20:43:00,227373,103940,10000,0,200
T1002,M2003,ACCT100086,DST300166,2026-01-20 21:47:00,177492,104121,400000,0,200
T1002,M2005,ACCT100086,DST300144,2026-01-20 23:10:00,188710,104504,400000,0,200
T1002,M2005,ACCT100086,DST300030,2026-01-21 00:01:00,207127,104556,10000,0,200
T1002,M2009,ACCT100086,DST300134,2026-01-21 04:01:00,198427,104570,10000,0,200
T1002,M2011,ACCT100086,DST300162,2026-01-21 05:36:00,157214,104625,10000,0,200
T1017,M2012,ACCT100087,DST300108,2026-01-03 01:48:00,837129,103103,10000,0,200
T1017,M2004,ACCT100087,DST300142,2026-01-03 02:20:00,284782,103505,10000,0,200
T1017,M2018,ACCT100087,DST300191,2026-01-03 02:21:00,306993,103622,300000,55,200
T1017,M2009,ACCT100087,DST300153,2026-01-03 02:22:00,341175,103623,300000,55,200
T1017,M2011,ACCT100087,DST300186,2026-01-03 02:23:00,316829,103624,300000,55,200
T1017,M2004,ACCT100087,DST300005,2026-01-03 02:24:00,272311,103625,300000,55,200
T1017,M2004,ACCT100087,DST300107,2026-01-03 02:25:00,298551,103626,300000,55,200
T1002,M2003,ACCT100087,DST300076,2026-01-03 02:27:00,272850,103709,10000,0,200
T1002,M2005,ACCT100087,DST300063,2026-01-03 04:32:00,282610,103991,10000,0,200
T1017,M2017,ACCT100087,DST300069,2026-01-03 05:20:00,260812,100343,10000,0,200
T1017,M2008,ACCT100087,DST300105,2026-01-03 06:01:00,308726,100520,400000,0,200
T1017,M2017,ACCT100087,DST300023,2026-01-03 06:32:00,321233,100531,10000,0,200
T1002,M2010,ACCT100087,DST300069,2026-01-03 08:24:00,293948,104719,10000,0,200
T1017,M2017,ACCT100087,DST300123,2026-01-03 08:47:00,275223,100645,400000,0,200
T1017,M2013,ACCT100087,DST300006,2026-01-03 12:37:00,318400,100856,10000,0,200
T1017,M2013,ACCT100087,DST300134,2026-01-03 14:23:00,307044,101543,400000,0,200
T1008,M2000,ACCT100088,DST300149,2026-01-07 00:26:00,91974,100108,300000,55,200
T1008,M2001,ACCT100088,DST300128,2026-01-07 00:27:00,134861,100109,300000,55,200
T1008,M2000,ACCT100088,DST300092,2026-01-07 00:28:00,141054,100110,300000,55,200
T1008,M2016,ACCT100088,DST300033,2026-01-07 00:29:00,59121,100111,300000,55,200
T1008,M2002,ACCT100088,DST300065,2026-01-07 00:30:00,91835,100112,300000,55,200
T1008,M2017,ACCT100088,DST300062,2026-01-07 00:44:00,1384694,100128,10000,0,200
T1008,M2010,ACCT100088,DST300171,2026-01-07 04:17:00,106180,100661,10000,0,200
T1008,M2007,ACCT100088,DST300168,2026-01-07 05:02:00,75102,100730,10000,0,200
T1008,M2019,ACCT100088,DST300048,2026-01-07 07:42:00,96395,100731,10000,0,200
T1008,M2001,ACCT100088,DST300175,2026-01-07 08:07:00,1480782,101216,10000,0,200
T1008,M2002,ACCT100088,DST300164,2026-01-07 10:53:00,87541,101253,10000,0,200
T1008,M2010,ACCT100088,DST300121,2026-01-07 11:21:00,119468,101831,10000,0,200
T1008,M2006,ACCT100088,DST300041,2026-01-07 11:45:00,92128,101974,10000,0,200
T1008,M2001,ACCT100088,DST300110,2026-01-07 11:46:00,102210,102037,300000,55,200
T1008,M2007,ACCT100088,DST300116,2026-01-07 11:47:00,85989,102038,300000,55,200
T1008,M2009,ACCT100088,DST300197,2026-01-07 11:48:00,88696,102039,300000,55,200
T1008,M2003,ACCT100088,DST300017,2026-01-07 11:49:00,118677,102040,300000,55,200
T1008,M2011,ACCT100088,DST300079,2026-01-07 11:50:00,98155,102041,300000,55,200
T1021,M2016,ACCT100088,DST300106,2026-01-07 11:54:00,97895,102725,10000,0,200
T1021,M2000,ACCT100088,DST300083,2026-01-07 13:19:00,119684,103826,400000,0,200
T1021,M2009,ACCT100088,DST300012,2026-01-07 13:41:00,1199877,103938,10000,0,200
T1021,M2016,ACCT100088,DST300135,2026-01-07 15:25:00,115175,104752,10000,0,200
T1021,M2009,ACCT100088,DST300147,2026-01-07 15:26:00,64118,104924,300000,55,200
T1021,M2014,ACCT100088,DST300032,2026-01-07 15:27:00,88941,104925,300000,55,200
T1021,M2002,ACCT100088,DST300105,2026-01-07 15:28:00,102626,104926,300000,55,200
T1001,M2010,ACCT100089,DST300158,2026-01-11 20:38:00,64614,100484,10000,0,200
T1001,M2000,ACCT100089,DST300093,2026-01-11 23:09:00,93717,100680,400000,0,200
T1001,M2013,ACCT100089,DST300183,2026-01-12 00:33:00,81372,100807,10000,0,200
T1001,M2016,ACCT100089,DST300141,2026-01-12 01:09:00,107558,100823,400000,0,200
T1001,M2013,ACCT100089,DST300129,2026-01-12 03:21:00,72828,101898,400000,0,200
T1001,M2002,ACCT100089,DST300077,2026-01-12 06:08:00,70886,102593,400000,0,200
T1001,M2005,ACCT100089,DST300107,2026-01-12 06:45:00,113580,102758,10000,0,200
T1001,M2016,ACCT100089,DST300120,2026-01-12 08:24:00,47839,103112,10000,0,200
T1001,M2017,ACCT100089,DST300166,2026-01-12 09:05:00,86987,103289,400000,0,200
T1001,M2019,ACCT100089,DST300118,2026-01-12 09:30:00,97898,103657,400000,0,200
T1001,M2014,ACCT100089,DST300130,2026-01-12 09:52:00,94952,104283,10000,0,200
T1001,M2012,ACCT100089,DST300109,2026-01-12 13:06:00,37421,104436,10000,0,200
T1001,M2000,ACCT100089,DST300190,2026-01-12 13:50:00,61700,104630,400000,0,200
T1001,M2006,ACCT100089,DST300166,2026-01-12 14:51:00,79619,104814,10000,0,200
T1001,M2001,ACCT100089,DST300102,2026-01-12 17:11:00,70683,104842,400000,0,200
T1026,M2013,ACCT100090,DST300139,2026-01-15 07:49:00,71589,100007,10000,0,200
T1026,M2019,ACCT100090,DST300151,2026-01-15 11:43:00,62051,100056,10000,0,200
T1026,M2014,ACCT100090,DST300041,2026-01-15 11:59:00,68906,100157,10000,0,200
T1026,M2014,ACCT100090,DST300106,2026-01-15 12:52:00,149961,100581,400000,0,200
T1026,M2006,ACCT100090,DST300022,2026-01-15 13:09:00,86924,100656,10000,0,200
T1026,M2007,ACCT100090,DST300028,2026-01-15 15:33:00,52287,100836,400000,0,200
T1026,M2013,ACCT100090,DST300026,2026-01-15 16:26:00,76250,101328,10000,0,200
T1026,M2000,ACCT100090,DST300081,2026-01-15 16:45:00,955374,101727,10000,0,200
T1026,M2005,ACCT100090,DST300070,2026-01-15 20:26:00,56504,102007,10000,0,200
T1026,M2014,ACCT100090,DST300005,2026-01-15 20:45:00,893448,102322,10000,0,200
T1026,M2003,ACCT100090,DST300168,2026-01-16 00:16:00,73843,102329,10000,0,200
T1026,M2018,ACCT100090,DST300156,2026-01-16 01:52:00,58653,104126,400000,0,200
T1026,M2017,ACCT100090,DST300026,2026-01-16 03:23:00,88076,104647,400000,0,200
T1026,M2003,ACCT100090,DST300095,2026-01-16 07:21:00,89788,104667,10000,0,200
T1026,M2006,ACCT100090,DST300111,2026-01-16 09:35:00,49768,104974,10000,0,200
T1025,M2004,ACCT100091,DST300192,2026-01-19 00:49:00,275945,100634,400000,0,200
T1025,M2008,ACCT100091,DST300002,2026-01-19 03:31:00,288580,100665,400000,0,200
T1025,M2013,ACCT100091,DST300104,2026-01-19 06:50:00,269155,102110,400000,0,200
T1025,M2012,ACCT100091,DST300113,2026-01-19 08:13:00,289161,102602,10000,0,200
T1025,M2015,ACCT100091,DST300133,2026-01-19 12:10:00,222812,103048,400000,0,200
T1019,M2009,ACCT100091,DST300082,2026-01-19 12:14:00,316529,103174,10000,0,200
T1019,M2012,ACCT100091,DST300004,2026-01-19 13:27:00,249091,104139,10000,0,200
T1019,M2012,ACCT100091,DST300142,2026-01-19 16:15:00,303845,104885,10000,0,200
T1016,M2013,ACCT100092,DST300033,2026-01-13 03:50:00,512414,101792,10000,0,200
T1016,M2001,ACCT100092,DST300090,2026-01-13 05:14:00,247889,102415,10000,0,200
T1016,M2019,ACCT100092,DST300077,2026-01-13 08:29:00,191813,102469,400000,0,200
T1016,M2019,ACCT100092,DST300199,2026-01-13 08:30:00,201539,103021,300000,55,200
T1016,M2019,ACCT100092,DST300171,2026-01-13 08:31:00,210372,103022,300000,55,200
T1016,M2011,ACCT100092,DST300142,2026-01-13 08:32:00,164804,103023,300000,55,200
T1016,M2016,ACCT100092,DST300120,2026-01-13 08:33:00,170210,103024,300000,55,200
T1016,M2012,ACCT100092,DST300081,2026-01-13 11:40:00,211132,103197,10000,0,200
T1016,M2005,ACCT100092,DST300084,2026-01-13 11:41:00,203730,103333,300000,55,200
T1016,M2012,ACCT100092,DST300164,2026-01-13 11:42:00,205198,103334,300000,55,200
T1016,M2007,ACCT100092,DST300042,2026-01-13 11:43:00,198856,103335,300000,55,200
T1016,M2013,ACCT100092,DST300018,2026-01-13 13:38:00,235196,103514,400000,0,200
T1016,M2002,ACCT100092,DST300102,2026-01-13 14:06:00,206871,103606,400000,0,200
T1002,M2016,ACCT100092,DST300146,2026-01-13 14:14:00,222255,103628,10000,0,200
T1002,M2001,ACCT100092,DST300151,2026-01-13 17:25:00,238935,103919,10000,0,200
T1002,M2013,ACCT100092,DST300109,2026-01-13 19:28:00,188096,103933,10000,0,200
T1002,M2018,ACCT100092,DST300167,2026-01-13 19:44:00,2968098,104411,10000,0,200
T1002,M2006,ACCT100092,DST300087,2026-01-13 22:41:00,202193,104901,10000,0,200
T1006,M2003,ACCT100093,DST300093,2026-01-04 01:03:00,679091,100251,10000,0,200
T1006,M2002,ACCT100093,DST300031,2026-01-04 02:18:00,282007,100697,10000,0,200
T1006,M2011,ACCT100093,DST300184,2026-01-04 04:11:00,242913,100828,400000,0,200
T1006,M2001,ACCT100093,DST300086,2026-01-04 04:32:00,583253,102535,10000,0,200
T1006,M2005,ACCT100093,DST300163,2026-01-04 05:24:00,215417,102539,10000,0,200
T1006,M2018,ACCT100093,DST300189,2026-01-04 05:45:00,3827853,102553,10000,0,200
T1006,M2008,ACCT100093,DST300086,2026-01-04 06:27:00,253549,101106,10000,0,200
T1006,M2003,ACCT100093,DST300175,2026-01-04 07:33:00,266160,101425,400000,0,200
T1006,M2017,ACCT100093,DST300038,2026-01-04 09:42:00,209946,102773,400000,0,200
T1006,M2000,ACCT100093,DST300021,2026-01-04 10:17:00,244035,101606,400000,0,200
T1006,M2015,ACCT100093,DST300114,2026-01-04 10:29:00,267423,101630,400000,0,200
T1006,M2010,ACCT100093,DST300008,2026-01-04 12:27:00,295166,102822,400000,0,200
T1006,M2001,ACCT100093,DST300161,2026-01-04 16:35:00,256266,100182,10000,0,200
T1016,M2008,ACCT100094,DST300125,2026-01-20 01:03:00,887361,103330,10000,0,200
T1016,M2002,ACCT100094,DST300159,2026-01-20 01:23:00,387284,103484,10000,0,200
T1016,M2015,ACCT100094,DST300118,2026-01-20 01:24:00,359431,104180,300000,55,200
T1016,M2013,ACCT100094,DST300184,2026-01-20 01:25:00,347264,104181,300000,55,200
T1016,M2015,ACCT100094,DST300079,2026-01-20 01:26:00,358040,104182,300000,55,200
T1016,M2000,ACCT100094,DST300054,2026-01-20 01:27:00,333841,104183,300000,55,200
T1016,M2004,ACCT100094,DST300121,2026-01-20 13:41:00,322901,100222,10000,0,200
T1016,M2012,ACCT100094,DST300168,2026-01-20 15:40:00,354148,100775,10000,0,200
T1016,M2004,ACCT100094,DST300009,2026-01-20 19:40:00,331656,101938,10000,0,200
T1009,M2016,ACCT100095,DST300032,2026-01-10 15:44:00,251359,101324,400000,0,200
T1009,M2018,ACCT100095,DST300084,2026-01-10 15:45:00,282616,103691,300000,55,200
T1009,M2005,ACCT100095,DST300084,2026-01-10 15:46:00,267803,103692,300000,55,200
T1009,M2011,ACCT100095,DST300042,2026-01-10 15:47:00,253029,103693,300000,55,200
T1013,M2002,ACCT100096,DST300105,2026-01-16 17:37:00,356381,100508,400000,0,200
T1013,M2007,ACCT100096,DST300129,2026-01-16 21:23:00,324699,100677,400000,0,200
T1013,M2010,ACCT100096,DST300176,2026-01-16 23:30:00,321650,101289,10000,0,200
T1013,M2005,ACCT100096,DST300092,2026-01-16 23:31:00,358269,101670,300000,55,200
T1013,M2003,ACCT100096,DST300163,2026-01-16 23:32:00,337520,101671,300000,55,200
T1013,M2006,ACCT100096,DST300125,2026-01-16 23:33:00,407519,101672,300000,55,200
T1013,M2001,ACCT100096,DST300173,2026-01-16 23:34:00,319652,101673,300000,55,200
T1013,M2009,ACCT100096,DST300101,2026-01-16 23:35:00,319026,101674,300000,55,200
T1013,M2014,ACCT100096,DST300179,2026-01-17 00:08:00,5502743,101976,10000,0,200
T1006,M2014,ACCT100096,DST300151,2026-01-17 00:12:00,342753,102489,10000,0,200
T1006,M2009,ACCT100096,DST300166,2026-01-17 03:45:00,372393,102517,10000,0,200
T1006,M2010,ACCT100096,DST999999,2026-01-17 03:47:00,334021,103078,400000,0,200
T1006,M2018,ACCT100096,DST999999,2026-01-17 03:49:00,326979,103079,400000,0,200
T1006,M2009,ACCT100096,DST999999,2026-01-17 03:51:00,350754,103080,400000,0,200
T1006,M2006,ACCT100096,DST999999,2026-01-17 03:53:00,317352,103081,400000,0,200
T1006,M2018,ACCT100096,DST300188,2026-01-17 05:47:00,332269,103083,400000,0,200
T1006,M2006,ACCT100096,DST300166,2026-01-17 09:10:00,365397,103472,400000,0,200
T1006,M2011,ACCT100096,DST300107,2026-01-17 10:35:00,360290,103654,10000,0,200
T1006,M2010,ACCT100096,DST300145,2026-01-17 11:24:00,320724,104370,400000,0,200
T1006,M2010,ACCT100096,DST300058,2026-01-17 14:21:00,342563,104422,400000,0,200
T1020,M2007,ACCT100097,DST300144,2026-01-03 12:35:00,218929,100477,400000,0,200
T1020,M2001,ACCT100097,DST300154,2026-01-03 13:22:00,182860,100565,10000,0,200
T1020,M2016,ACCT100097,DST300085,2026-01-03 16:19:00,191510,100713,400000,0,200
T1020,M2013,ACCT100097,DST300118,2026-01-03 18:55:00,223387,101542,400000,0,200
T1020,M2016,ACCT100097,DST300127,2026-01-03 19:21:00,172347,101853,10000,0,200
T1020,M2002,ACCT100097,DST300012,2026-01-03 22:23:00,227127,102441,10000,0,200
T1020,M2010,ACCT100097,DST999999,2026-01-03 22:25:00,213573,102763,400000,0,200
T1020,M2011,ACCT100097,DST999999,2026-01-03 22:27:00,210507,102764,400000,0,200
T1020,M2012,ACCT100097,DST999999,2026-01-03 22:29:00,189310,102765,400000,0,200
T1020,M2009,ACCT100097,DST999999,2026-01-03 22:31:00,213993,102766,400000,0,200
T1020,M2018,ACCT100097,DST300175,2026-01-04 01:31:00,201671,102866,10000,0,200
T1020,M2006,ACCT100097,DST300080,2026-01-04 05:07:00,214062,102890,10000,0,200
T1020,M2000,ACCT100097,DST300130,2026-01-04 08:01:00,186627,102970,400000,0,200
T1020,M2019,ACCT100097,DST300164,2026-01-04 08:07:00,229168,103432,400000,0,200
T1020,M2000,ACCT100097,DST300070,2026-01-04 10:33:00,179429,103483,10000,0,200
T1020,M2001,ACCT100097,DST300082,2026-01-04 10:48:00,208358,103620,400000,0,200
T1020,M2010,ACCT100097,DST300009,2026-01-04 13:43:00,235256,103948,10000,0,200
T1020,M2004,ACCT100097,DST300155,2026-01-04 14:13:00,191729,104040,10000,0,200
T1020,M2012,ACCT100097,DST300188,2026-01-04 16:58:00,226289,104531,10000,0,200
T1020,M2008,ACCT100097,DST300166,2026-01-04 18:13:00,226080,104592,400000,0,200
T1020,M2007,ACCT100097,DST300129,2026-01-04 21:07:00,177774,104981,10000,0,200
T1022,M2004,ACCT100098,DST300105,2026-01-17 01:32:00,201944,100149,10000,0,200
T1022,M2013,ACCT100098,DST300066,2026-01-17 01:33:00,82339,100168,300000,55,200
T1022,M2002,ACCT100098,DST300096,2026-01-17 01:34:00,50624,100169,300000,55,200
T1022,M2011,ACCT100098,DST300047,2026-01-17 01:35:00,28820,100170,300000,55,200
T1022,M2000,ACCT100098,DST300035,2026-01-17 01:36:00,98174,100171,300000,55,200
T1022,M2001,ACCT100098,DST300198,2026-01-17 01:37:00,95193,100172,300000,55,200
T1022,M2015,ACCT100098,DST300009,2026-01-17 04:04:00,71811,100204,400000,0,200
T1022,M2009,ACCT100098,DST300020,2026-01-17 05:48:00,25070,101973,10000,0,200
T1022,M2006,ACCT100098,DST300029,2026-01-17 06:10:00,790449,102617,10000,0,200
T1022,M2019,ACCT100098,DST300192,2026-01-17 09:27:00,89967,102777,400000,0,200
T1022,M2016,ACCT100098,DST999999,2026-01-17 09:29:00,63159,103035,400000,0,200
T1022,M2011,ACCT100098,DST999999,2026-01-17 09:31:00,39725,103036,400000,0,200
T1022,M2017,ACCT100098,DST999999,2026-01-17 09:33:00,67570,103037,400000,0,200
T1022,M2002,ACCT100098,DST300178,2026-01-17 09:53:00,1031459,103205,10000,0,200
T1022,M2015,ACCT100098,DST300137,2026-01-17 13:52:00,90881,103365,10000,0,200
T1022,M2017,ACCT100098,DST300003,2026-01-17 17:00:00,26150,104304,10000,0,200
T1022,M2007,ACCT100098,DST300104,2026-01-17 19:41:00,41146,100090,10000,0,200
T1029,M2008,ACCT100099,DST300163,2026-01-03 17:15:00,147147,100153,10000,0,200
T1029,M2008,ACCT100099,DST300063,2026-01-03 19:25:00,156231,102479,10000,0,200
T1029,M2009,ACCT100099,DST300137,2026-01-03 19:26:00,145151,102739,300000,55,200
T1029,M2001,ACCT100099,DST300181,2026-01-03 19:27:00,152578,102740,300000,55,200
T1029,M2000,ACCT100099,DST300017,2026-01-03 19:28:00,183792,102741,300000,55,200
T1029,M2011,ACCT100099,DST300013,2026-01-03 19:29:00,135928,102742,300000,55,200
T1029,M2002,ACCT100099,DST300038,2026-01-03 21:36:00,116409,103310,10000,0,200
T1029,M2003,ACCT100099,DST300151,2026-01-04 00:46:00,153307,103448,400000,0,200
T1029,M2006,ACCT100099,DST300022,2026-01-04 01:44:00,134402,103497,10000,0,200
T1029,M2004,ACCT100099,DST300127,2026-01-04 04:28:00,123129,103985,400000,0,200
T1001,M2013,ACCT100100,DST999999,2026-01-14 18:33:00,239106,100432,400000,0,200
T1001,M2004,ACCT100100,DST999999,2026-01-14 18:35:00,243067,100433,400000,0,200
T1001,M2015,ACCT100100,DST999999,2026-01-14 18:37:00,212283,100434,400000,0,200
T1001,M2004,ACCT100100,DST300147,2026-01-14 19:45:00,240640,100761,10000,0,200
T1001,M2014,ACCT100100,DST300004,2026-01-14 20:08:00,184326,101924,10000,0,200
T1009,M2008,ACCT100100,DST300151,2026-01-14 20:12:00,188261,102175,10000,0,200
T1009,M2019,ACCT100100,DST300157,2026-01-14 21:35:00,207002,102402,400000,0,200
T1009,M2007,ACCT100100,DST300093,2026-01-15 00:41:00,195887,103058,400000,0,200
T1009,M2011,ACCT100100,DST999999,2026-01-15 00:43:00,222420,103487,400000,0,200
T1009,M2009,ACCT100100,DST999999,2026-01-15 00:45:00,164745,103488,400000,0,200
T1009,M2004,ACCT100100,DST999999,2026-01-15 00:47:00,221464,103489,400000,0,200
T1009,M2014,ACCT100100,DST300113,2026-01-15 03:00:00,207951,103838,400000,0,200
T1027,M2010,ACCT100100,DST300062,2026-01-15 03:08:00,223344,104130,10000,0,200
T1025,M2019,ACCT100101,DST300035,2026-01-03 18:22:00,317485,100036,10000,0,200
T1025,M2001,ACCT100101,DST300038,2026-01-03 20:15:00,297066,100064,10000,0,200
T1025,M2007,ACCT100101,DST300038,2026-01-03 20:16:00,283576,100355,300000,55,200
T1025,M2009,ACCT100101,DST300080,2026-01-03 20:17:00,286863,100356,300000,55,200
T1025,M2012,ACCT100101,DST300146,2026-01-03 20:18:00,295191,100357,300000,55,200
T1025,M2006,ACCT100101,DST300101,2026-01-03 20:37:00,3354663,100358,10000,0,200
T1025,M2012,ACCT100101,DST300153,2026-01-03 21:41:00,286031,101054,10000,0,200
T1025,M2007,ACCT100101,DST300142,2026-01-04 00:13:00,261155,101370,400000,0,200
T1025,M2003,ACCT100101,DST300092,2026-01-04 02:48:00,294746,101518,400000,0,200
T1023,M2006,ACCT100101,DST300183,2026-01-04 02:54:00,308796,101663,10000,0,200
T1023,M2010,ACCT100101,DST300097,2026-01-04 04:17:00,330094,102043,10000,0,200
T1023,M2010,ACCT100101,DST300119,2026-01-04 05:45:00,293849,102288,10000,0,200
T1023,M2010,ACCT100101,DST300024,2026-01-04 08:44:00,322641,102542,10000,0,200
T1023,M2007,ACCT100101,DST300063,2026-01-04 09:58:00,264841,102628,10000,0,200
T1023,M2003,ACCT100101,DST300080,2026-01-04 10:45:00,287885,102641,400000,0,200
T1023,M2013,ACCT100101,DST999999,2026-01-04 10:47:00,266152,102651,400000,0,200
T1023,M2004,ACCT100101,DST999999,2026-01-04 10:49:00,320672,102652,400000,0,200
T1023,M2014,ACCT100101,DST999999,2026-01-04 10:51:00,266477,102653,400000,0,200
T1025,M2014,ACCT100101,DST300106,2026-01-04 10:54:00,271069,102845,10000,0,200
T1025,M2019,ACCT100101,DST300109,2026-01-04 14:19:00,299335,103054,10000,0,200
T1025,M2008,ACCT100101,DST300176,2026-01-04 15:47:00,273696,103384,10000,0,200
T1025,M2009,ACCT100101,DST300134,2026-01-04 16:10:00,284465,103655,10000,0,200
T1025,M2009,ACCT100101,DST300126,2026-01-04 19:50:00,306216,104292,10000,0,200
T1020,M2008,ACCT100102,DST300083,2026-01-13 01:04:00,193405,100164,400000,0,200
T1020,M2007,ACCT100102,DST300042,2026-01-13 01:41:00,180946,100167,10000,0,200
T1020,M2004,ACCT100102,DST300005,2026-01-13 04:28:00,206302,100185,400000,0,200
T1010,M2005,ACCT100102,DST300192,2026-01-13 04:35:00,216022,101287,10000,0,200
T1010,M2003,ACCT100102,DST300075,2026-01-13 05:09:00,2331487,101639,10000,0,200
T1010,M2000,ACCT100102,DST300150,2026-01-13 07:42:00,212380,101972,400000,0,200
T1010,M2015,ACCT100102,DST300050,2026-01-13 09:44:00,154444,102095,10000,0,200
T1010,M2011,ACCT100102,DST999999,2026-01-13 09:46:00,184771,103038,400000,0,200
T1010,M2008,ACCT100102,DST999999,2026-01-13 09:48:00,181165,103039,400000,0,200
T1010,M2003,ACCT100102,DST999999,2026-01-13 09:50:00,208362,103040,400000,0,200
T1010,M2005,ACCT100102,DST999999,2026-01-13 09:52:00,195857,103041,400000,0,200
T1010,M2004,ACCT100102,DST300000,2026-01-13 12:27:00,194729,104532,400000,0,200
T1010,M2017,ACCT100102,DST300116,2026-01-13 16:13:00,230908,104737,10000,0,200
T1017,M2016,ACCT100103,DST300105,2026-01-19 00:08:00,265055,100774,400000,0,200
T1017,M2017,ACCT100103,DST300028,2026-01-19 00:09:00,268661,100787,300000,55,200
T1017,M2014,ACCT100103,DST300171,2026-01-19 00:10:00,298558,100788,300000,55,200
T1017,M2001,ACCT100103,DST300021,2026-01-19 00:11:00,278965,100789,300000,55,200
T1017,M2014,ACCT100103,DST300028,2026-01-19 00:12:00,281667,100790,300000,55,200
T1017,M2008,ACCT100103,DST300103,2026-01-19 00:13:00,251887,100791,300000,55,200
T1017,M2013,ACCT100103,DST300073,2026-01-19 01:13:00,300105,100860,400000,0,200
T1017,M2003,ACCT100103,DST300011,2026-01-19 01:30:00,278865,100889,400000,0,200
T1017,M2002,ACCT100103,DST300058,2026-01-19 04:14:00,291551,101072,10000,0,200
T1017,M2012,ACCT100103,DST300079,2026-01-19 06:24:00,275074,101455,400000,0,200
T1017,M2016,ACCT100103,DST300136,2026-01-19 09:24:00,296821,103532,400000,0,200
T1017,M2004,ACCT100103,DST300112,2026-01-19 11:06:00,275410,103762,10000,0,200
T1017,M2011,ACCT100103,DST300047,2026-01-19 11:29:00,268281,103768,400000,0,200
T1017,M2017,ACCT100103,DST300091,2026-01-19 13:40:00,275850,103770,10000,0,200
T1017,M2009,ACCT100103,DST300116,2026-01-19 15:32:00,240867,104257,400000,0,200
T1017,M2014,ACCT100103,DST300128,2026-01-19 17:55:00,274062,104554,400000,0,200
T1017,M2018,ACCT100103,DST300079,2026-01-19 21:28:00,280476,104670,400000,0,200
T1002,M2007,ACCT100104,DST300130,2026-01-08 17:55:00,253972,100575,10000,0,200
T1002,M2016,ACCT100104,DST999999,2026-01-08 17:57:00,179349,100646,400000,0,200
T1002,M2001,ACCT100104,DST999999,2026-01-08 17:59:00,196557,100647,400000,0,200
T1002,M2008,ACCT100104,DST300181,2026-01-08 21:52:00,243033,101730,10000,0,200
T1002,M2000,ACCT100104,DST300140,2026-01-09 00:24:00,218383,102042,10000,0,200
T1002,M2008,ACCT100104,DST300147,2026-01-09 00:41:00,245927,102180,10000,0,200
T1002,M2017,ACCT100104,DST300158,2026-01-09 00:42:00,242631,103249,300000,55,200
T1002,M2005,ACCT100104,DST300198,2026-01-09 00:43:00,233498,103250,300000,55,200
T1002,M2010,ACCT100104,DST300016,2026-01-09 00:44:00,204082,103251,300000,55,200
T1002,M2004,ACCT100104,DST300182,2026-01-09 00:45:00,233242,103380,300000,55,200
T1002,M2000,ACCT100104,DST300041,2026-01-09 00:46:00,234890,103381,300000,55,200
T1002,M2016,ACCT100104,DST300072,2026-01-09 00:47:00,225995,103382,300000,55,200
T1002,M2008,ACCT100104,DST300013,2026-01-09 00:48:00,227987,103383,300000,55,200
T1002,M2001,ACCT100104,DST300107,2026-01-09 03:55:00,233699,103818,10000,0,200
T1002,M2011,ACCT100104,DST999999,2026-01-09 03:57:00,208903,103993,400000,0,200
T1002,M2009,ACCT100104,DST999999,2026-01-09 03:59:00,205442,103994,400000,0,200
T1002,M2015,ACCT100104,DST300139,2026-01-09 06:52:00,220558,104000,10000,0,200
T1002,M2003,ACCT100104,DST300169,2026-01-09 09:09:00,242822,104073,400000,0,200
T1002,M2000,ACCT100104,DST300066,2026-01-09 09:40:00,218359,104400,10000,0,200
T1002,M2003,ACCT100104,DST300045,2026-01-09 11:52:00,233654,104516,400000,0,200
T1002,M2018,ACCT100104,DST999999,2026-01-09 11:54:00,229664,104745,400000,0,200
T1002,M2018,ACCT100104,DST999999,2026-01-09 11:56:00,232597,104746,400000,0,200
T1002,M2003,ACCT100104,DST999999,2026-01-09 11:58:00,220599,104747,400000,0,200
T1014,M2018,ACCT100105,DST300137,2026-01-15 01:05:00,267137,103409,10000,0,200
T1014,M2011,ACCT100105,DST999999,2026-01-15 01:07:00,93932,103970,400000,0,200
T1014,M2013,ACCT100105,DST999999,2026-01-15 01:09:00,110369,103971,400000,0,200
T1014,M2018,ACCT100105,DST300052,2026-01-15 02:58:00,140790,104249,10000,0,200
T1014,M2018,ACCT100105,DST300070,2026-01-15 03:05:00,201022,104475,10000,0,200
T1014,M2014,ACCT100105,DST300032,2026-01-15 05:28:00,112015,104557,400000,0,200
T1014,M2009,ACCT100105,DST300000,2026-01-15 06:58:00,127048,104899,400000,0,200
T1000,M2006,ACCT100105,DST300035,2026-01-15 09:08:00,151744,100300,400000,0,200
T1000,M2008,ACCT100105,DST300068,2026-01-15 12:36:00,105047,100848,10000,0,200
T1000,M2005,ACCT100105,DST999999,2026-01-15 12:38:00,130210,101622,400000,0,200
T1000,M2009,ACCT100105,DST999999,2026-01-15 12:40:00,96176,101623,400000,0,200
T1000,M2016,ACCT100105,DST999999,2026-01-15 12:42:00,103756,101624,400000,0,200
T1000,M2015,ACCT100105,DST999999,2026-01-15 12:44:00,106867,101625,400000,0,200
T1000,M2000,ACCT100105,DST300172,2026-01-15 12:58:00,1586063,101805,10000,0,200
T1014,M2006,ACCT100105,DST300044,2026-01-15 13:01:00,130614,101836,10000,0,200
T1014,M2006,ACCT100105,DST300019,2026-01-15 13:29:00,103255,102399,10000,0,200
T1014,M2017,ACCT100105,DST300031,2026-01-15 15:54:00,93419,102482,400000,0,200
T1007,M2007,ACCT100106,DST300069,2026-01-20 04:26:00,702337,100240,10000,0,200
T1007,M2018,ACCT100106,DST300006,2026-01-20 04:42:00,285942,100305,10000,0,200
T1007,M2002,ACCT100106,DST300190,2026-01-20 05:10:00,299107,100625,10000,0,200
T1018,M2019,ACCT100106,DST300034,2026-01-20 05:12:00,314809,100915,10000,0,200
T1018,M2007,ACCT100106,DST300071,2026-01-20 09:05:00,303613,101414,10000,0,200
T1018,M2012,ACCT100106,DST300032,2026-01-20 12:53:00,303350,102190,10000,0,200
T1018,M2002,ACCT100106,DST300118,2026-01-20 13:44:00,270145,102246,10000,0,200
T1018,M2016,ACCT100106,DST300021,2026-01-20 14:06:00,4802519,103418,10000,0,200
T1018,M2013,ACCT100106,DST300006,2026-01-20 14:07:00,301962,103544,300000,55,200
T1018,M2018,ACCT100106,DST300147,2026-01-20 14:08:00,279287,103545,300000,55,200
T1018,M2002,ACCT100106,DST300042,2026-01-20 14:09:00,248661,103546,300000,55,200
T1018,M2012,ACCT100106,DST300007,2026-01-20 14:10:00,303389,103547,300000,55,200
T1018,M2004,ACCT100106,DST300114,2026-01-20 14:11:00,292864,103548,300000,55,200
T1018,M2014,ACCT100106,DST300185,2026-01-20 16:08:00,289831,103852,400000,0,200
T1006,M2001,ACCT100106,DST300135,2026-01-20 16:15:00,284709,104374,10000,0,200
T1006,M2013,ACCT100106,DST300146,2026-01-20 17:08:00,273493,104715,10000,0,200
T1008,M2015,ACCT100107,DST300153,2026-01-10 21:55:00,353284,100286,10000,0,200
T1008,M2014,ACCT100107,DST300057,2026-01-10 21:56:00,333303,100468,300000,55,200
T1008,M2014,ACCT100107,DST300068,2026-01-10 21:57:00,341145,100469,300000,55,200
T1008,M2001,ACCT100107,DST300013,2026-01-10 21:58:00,347664,100470,300000,55,200
T1008,M2002,ACCT100107,DST300001,2026-01-10 21:59:00,361737,100471,300000,55,200
T1008,M2013,ACCT100107,DST300142,2026-01-11 01:10:00,326596,101541,400000,0,200
T1008,M2008,ACCT100107,DST999999,2026-01-11 01:12:00,346675,101999,400000,0,200
T1008,M2010,ACCT100107,DST999999,2026-01-11 01:14:00,317963,102000,400000,0,200
T1008,M2004,ACCT100107,DST999999,2026-01-11 01:16:00,353878,102001,400000,0,200
T1008,M2016,ACCT100107,DST300170,2026-01-11 03:55:00,348528,102030,400000,0,200
T1008,M2019,ACCT100107,DST300128,2026-01-11 03:56:00,361831,102531,300000,55,200
T1008,M2000,ACCT100107,DST300040,2026-01-11 03:57:00,335982,102532,300000,55,200
T1008,M2004,ACCT100107,DST300067,2026-01-11 03:58:00,378009,102533,300000,55,200
T1008,M2001,ACCT100107,DST300080,2026-01-11 05:41:00,345629,102879,10000,0,200
T1008,M2013,ACCT100107,DST300187,2026-01-11 08:52:00,374261,103216,400000,0,200
T1008,M2010,ACCT100107,DST300069,2026-01-11 12:28:00,343630,104356,10000,0,200
T1008,M2019,ACCT100107,DST300096,2026-01-11 15:41:00,377392,104393,10000,0,200
T1008,M2018,ACCT100107,DST300121,2026-01-11 16:34:00,316993,104696,400000,0,200
T1008,M2003,ACCT100107,DST300159,2026-01-11 19:00:00,362410,104911,10000,0,200
T1014,M2005,ACCT100108,DST300099,2026-01-08 02:07:00,647955,101215,10000,0,200
T1014,M2015,ACCT100108,DST300065,2026-01-08 04:43:00,243080,101317,10000,0,200
T1014,M2004,ACCT100108,DST300109,2026-01-08 05:43:00,215818,101374,10000,0,200
T1014,M2018,ACCT100108,DST300108,2026-01-08 09:41:00,208363,101746,10000,0,200
T1014,M2013,ACCT100108,DST300023,2026-01-08 10:47:00,210595,102140,400000,0,200
T1014,M2018,ACCT100108,DST300181,2026-01-08 11:08:00,3070719,103019,10000,0,200
T1014,M2006,ACCT100108,DST300157,2026-01-08 14:34:00,253117,103315,400000,0,200
T1014,M2017,ACCT100108,DST300052,2026-01-08 15:02:00,216028,103322,10000,0,200
T1014,M2012,ACCT100108,DST300123,2026-01-08 16:39:00,305128,103455,400000,0,200
T1014,M2000,ACCT100108,DST300159,2026-01-08 18:38:00,273004,100631,10000,0,200
T1014,M2000,ACCT100108,DST300166,2026-01-08 19:33:00,262971,103605,10000,0,200
T1014,M2006,ACCT100108,DST300060,2026-01-08 21:38:00,245183,101186,10000,0,200
T1014,M2013,ACCT100108,DST300136,2026-01-08 23:13:00,280265,104539,10000,0,200
T1028,M2011,ACCT100109,DST300139,2026-01-02 02:38:00,764868,101391,10000,0,200
T1028,M2001,ACCT100109,DST300031,2026-01-02 05:17:00,319689,101873,10000,0,200
T1028,M2009,ACCT100109,DST300105,2026-01-02 05:50:00,349286,100400,10000,0,200
T1028,M2012,ACCT100109,DST300060,2026-01-02 06:10:00,360924,101953,10000,0,200
T1028,M2009,ACCT100109,DST300196,2026-01-02 07:15:00,347206,101136,400000,0,200
T1028,M2011,ACCT100109,DST300025,2026-01-02 07:57:00,319356,102252,400000,0,200
T1028,M2015,ACCT100109,DST300127,2026-01-02 11:36:00,330454,102575,400000,0,200
T1028,M2007,ACCT100109,DST300191,2026-01-02 14:08:00,322129,102647,400000,0,200
T1028,M2003,ACCT100109,DST300017,2026-01-02 16:19:00,367287,103358,10000,0,200
T1028,M2006,ACCT100109,DST300121,2026-01-02 16:20:00,375048,103843,300000,55,200
T1028,M2017,ACCT100109,DST300066,2026-01-02 16:21:00,306442,103844,300000,55,200
T1028,M2003,ACCT100109,DST300068,2026-01-02 16:22:00,321182,103845,300000,55,200
T1028,M2007,ACCT100109,DST300164,2026-01-02 16:23:00,355110,103846,300000,55,200
T1028,M2009,ACCT100109,DST300167,2026-01-02 16:24:00,355241,103847,300000,55,200
T1028,M2003,ACCT100109,DST999999,2026-01-02 16:26:00,318786,104122,400000,0,200
T1028,M2006,ACCT100109,DST999999,2026-01-02 16:28:00,327752,104123,400000,0,200
T1028,M2000,ACCT100109,DST999999,2026-01-02 16:30:00,338956,104124,400000,0,200
T1028,M2011,ACCT100109,DST999999,2026-01-02 16:32:00,344198,104125,400000,0,200
T1001,M2018,ACCT100110,DST300003,2026-01-14 22:14:00,186120,100964,400000,0,200
T1001,M2011,ACCT100110,DST300155,2026-01-14 23:31:00,217343,101203,400000,0,200
T1001,M2011,ACCT100110,DST999999,2026-01-14 23:33:00,191372,101437,400000,0,200
T1001,M2014,ACCT100110,DST999999,2026-01-14 23:35:00,237948,101438,400000,0,200
T1001,M2005,ACCT100110,DST300166,2026-01-15 01:39:00,219844,101811,10000,0,200
T1001,M2018,ACCT100110,DST300007,2026-01-15 02:40:00,197661,101923,10000,0,200
T1001,M2012,ACCT100110,DST999999,2026-01-15 02:42:00,175027,102706,400000,0,200
T1001,M2017,ACCT100110,DST999999,2026-01-15 02:44:00,230932,102707,400000,0,200
T1001,M2018,ACCT100110,DST999999,2026-01-15 02:46:00,207472,102708,400000,0,200
T1001,M2003,ACCT100110,DST300036,2026-01-15 03:14:00,3299013,103055,10000,0,200
T1001,M2000,ACCT100110,DST300021,2026-01-15 04:11:00,242181,103222,10000,0,200
T1001,M2002,ACCT100110,DST300101,2026-01-15 07:44:00,233430,104131,400000,0,200
T1001,M2017,ACCT100110,DST300044,2026-01-15 10:38:00,243109,104530,10000,0,200
T1023,M2008,ACCT100110,DST300198,2026-01-15 10:42:00,225025,104922,10000,0,200
T1001,M2010,ACCT100111,DST300072,2026-01-10 20:32:00,164903,101222,10000,0,200
T1001,M2017,ACCT100111,DST300075,2026-01-10 21:18:00,183341,101493,10000,0,200
T1001,M2004,ACCT100111,DST300090,2026-01-10 23:23:00,197836,102070,400000,0,200
T1001,M2013,ACCT100111,DST300088,2026-01-11 02:40:00,152669,102270,400000,0,200
T1001,M2001,ACCT100111,DST300023,2026-01-11 04:23:00,214431,102299,400000,0,200
T1001,M2010,ACCT100111,DST300102,2026-01-11 04:24:00,194025,102526,300000,55,200
T1001,M2015,ACCT100111,DST300057,2026-01-11 04:25:00,208720,102527,300000,55,200
T1001,M2015,ACCT100111,DST300155,2026-01-11 04:26:00,197631,102528,300000,55,200
T1001,M2010,ACCT100111,DST300028,2026-01-11 04:27:00,221712,102529,300000,55,200
T1001,M2012,ACCT100111,DST300042,2026-01-11 07:34:00,186451,103795,400000,0,200
T1001,M2019,ACCT100111,DST300113,2026-01-11 09:36:00,211636,103972,400000,0,200
T1001,M2006,ACCT100111,DST300132,2026-01-11 09:52:00,206997,104056,10000,0,200
T1001,M2010,ACCT100111,DST300096,2026-01-11 12:50:00,181207,104367,400000,0,200
T1008,M2005,ACCT100112,DST300071,2026-01-17 02:11:00,86230,100254,10000,0,200
T1025,M2003,ACCT100112,DST300091,2026-01-17 02:17:00,73190,100822,10000,0,200
T1025,M2011,ACCT100112,DST300109,2026-01-17 03:03:00,164174,102008,10000,0,200
T1025,M2006,ACCT100112,DST300183,2026-01-17 04:12:00,87130,100892,10000,0,200
T1025,M2007,ACCT100112,DST300163,2026-01-17 05:17:00,98787,102703,400000,0,200
T1025,M2000,ACCT100112,DST300078,2026-01-17 06:50:00,92530,100966,10000,0,200
T1025,M2019,ACCT100112,DST300022,2026-01-17 06:55:00,1145286,101005,10000,0,200
T1025,M2000,ACCT100112,DST300118,2026-01-17 08:46:00,78971,102771,10000,0,200
T1025,M2016,ACCT100112,DST300112,2026-01-17 08:49:00,50105,101405,10000,0,200
T1025,M2017,ACCT100112,DST300119,2026-01-17 10:06:00,66368,102877,400000,0,200
T1024,M2002,ACCT100112,DST300059,2026-01-17 10:09:00,39925,103117,10000,0,200
T1024,M2003,ACCT100112,DST300108,2026-01-17 10:33:00,90864,103374,400000,0,200
T1024,M2006,ACCT100112,DST999999,2026-01-17 10:35:00,127231,104405,400000,0,200
T1024,M2019,ACCT100112,DST999999,2026-01-17 10:37:00,99730,104406,400000,0,200
T1024,M2010,ACCT100112,DST999999,2026-01-17 10:39:00,94690,104407,400000,0,200
T1024,M2001,ACCT100112,DST999999,2026-01-17 10:41:00,96727,104408,400000,0,200
T1024,M2003,ACCT100112,DST999999,2026-01-17 10:43:00,80802,104903,400000,0,200
T1024,M2013,ACCT100112,DST999999,2026-01-17 10:45:00,43374,104904,400000,0,200
T1024,M2001,ACCT100112,DST999999,2026-01-17 10:47:00,120817,104905,400000,0,200
T1025,M2000,ACCT100112,DST300198,2026-01-17 11:52:00,61583,101461,400000,0,200
T1025,M2015,ACCT100112,DST300123,2026-01-17 12:55:00,98999,101712,10000,0,200
T1025,M2004,ACCT100112,DST300145,2026-01-17 13:04:00,1456767,101993,10000,0,200
T1006,M2013,ACCT100113,DST300141,2026-01-15 18:23:00,283868,100100,10000,0,200
T1006,M2007,ACCT100113,DST300092,2026-01-15 18:34:00,4418593,100505,10000,0,200
T1006,M2003,ACCT100113,DST300111,2026-01-15 20:05:00,218221,101632,10000,0,200
T1006,M2004,ACCT100113,DST300158,2026-01-15 21:24:00,263730,101875,10000,0,200
T1006,M2000,ACCT100113,DST300119,2026-01-16 01:13:00,231911,102066,400000,0,200
T1006,M2013,ACCT100113,DST300189,2026-01-16 03:23:00,265890,102321,10000,0,200
T1006,M2011,ACCT100113,DST300129,2026-01-16 04:52:00,499687,103550,10000,0,200
T1006,M2014,ACCT100113,DST300022,2026-01-16 05:56:00,240586,102903,400000,0,200
T1006,M2007,ACCT100113,DST300133,2026-01-16 06:23:00,269333,103176,400000,0,200
T1006,M2013,ACCT100113,DST300081,2026-01-16 07:40:00,284937,103559,10000,0,200
T1006,M2001,ACCT100113,DST300023,2026-01-16 08:00:00,313766,103727,400000,0,200
T1006,M2013,ACCT100113,DST300173,2026-01-16 10:34:00,235431,104001,10000,0,200
T1006,M2009,ACCT100113,DST300087,2026-01-16 12:31:00,265623,104920,400000,0,200
T1012,M2004,ACCT100114,DST300072,2026-01-13 20:41:00,138587,101982,400000,0,200
T1012,M2015,ACCT100114,DST300058,2026-01-13 20:42:00,143920,102341,300000,55,200
T1012,M2005,ACCT100114,DST300107,2026-01-13 20:43:00,115949,102342,300000,55,200
T1012,M2001,ACCT100114,DST300043,2026-01-13 20:44:00,151876,102343,300000,55,200
T1012,M2009,ACCT100114,DST300026,2026-01-13 20:45:00,137673,102344,300000,55,200
T1012,M2002,ACCT100114,DST300148,2026-01-13 20:46:00,127524,102345,300000,55,200
T1012,M2017,ACCT100114,DST999999,2026-01-13 20:48:00,138141,102944,400000,0,200
T1012,M2001,ACCT100114,DST999999,2026-01-13 20:50:00,151441,102945,400000,0,200
T1012,M2008,ACCT100114,DST300005,2026-01-13 21:39:00,137772,103566,400000,0,200
T1012,M2009,ACCT100114,DST300098,2026-01-13 22:04:00,1843501,103741,10000,0,200
T1012,M2003,ACCT100114,DST300158,2026-01-14 00:51:00,145835,104606,400000,0,200
T1012,M2017,ACCT100114,DST300134,2026-01-14 04:49:00,146749,104972,400000,0,200
T1014,M2007,ACCT100115,DST300120,2026-01-07 08:42:00,119544,100076,400000,0,200
T1014,M2013,ACCT100115,DST300030,2026-01-07 08:43:00,157776,101270,300000,55,200
T1014,M2005,ACCT100115,DST300155,2026-01-07 08:44:00,127738,101271,300000,55,200
T1014,M2003,ACCT100115,DST300057,2026-01-07 08:45:00,150205,101272,300000,55,200
T1014,M2019,ACCT100115,DST300167,2026-01-07 08:46:00,141259,101273,300000,55,200
T1014,M2008,ACCT100115,DST300105,2026-01-07 08:47:00,171943,101274,300000,55,200
T1014,M2000,ACCT100115,DST300070,2026-01-07 11:29:00,168565,101462,400000,0,200
T1014,M2001,ACCT100115,DST300084,2026-01-07 12:59:00,158215,102150,10000,0,200
T1014,M2002,ACCT100115,DST300150,2026-01-07 13:51:00,182440,104090,400000,0,200
T1014,M2005,ACCT100115,DST999999,2026-01-07 13:53:00,129100,104262,400000,0,200
T1014,M2003,ACCT100115,DST999999,2026-01-07 13:55:00,179110,104263,400000,0,200
T1014,M2010,ACCT100115,DST999999,2026-01-07 13:57:00,160147,104264,400000,0,200
T1014,M2008,ACCT100115,DST999999,2026-01-07 13:59:00,190308,104265,400000,0,200
T1014,M2018,ACCT100115,DST300008,2026-01-07 16:16:00,142553,104418,10000,0,200
T1014,M2018,ACCT100115,DST300045,2026-01-07 16:47:00,174279,104462,400000,0,200
T1014,M2004,ACCT100115,DST300163,2026-01-07 19:55:00,196449,104949,10000,0,200
T1001,M2017,ACCT100116,DST300140,2026-01-05 02:52:00,277948,100163,10000,0,200
T1001,M2018,ACCT100116,DST300190,2026-01-05 03:19:00,304106,100702,400000,0,200
T1001,M2015,ACCT100116,DST300118,2026-01-05 03:24:00,265021,101435,400000,0,200
T1001,M2005,ACCT100116,DST300155,2026-01-05 05:07:00,286165,101682,400000,0,200
T1001,M2006,ACCT100116,DST300098,2026-01-05 07:48:00,267041,101767,10000,0,200
T1001,M2003,ACCT100116,DST300171,2026-01-05 07:57:00,4140491,101977,10000,0,200
T1001,M2014,ACCT100116,DST300081,2026-01-05 09:44:00,284613,102056,400000,0,200
T1001,M2019,ACCT100116,DST300151,2026-01-05 11:11:00,273008,102698,400000,0,200
T1001,M2006,ACCT100116,DST300048,2026-01-05 12:03:00,288638,102942,400000,0,200
T1018,M2011,ACCT100117,DST300096,2026-01-20 02:20:00,150622,100533,10000,0,200
T1018,M2002,ACCT100117,DST300070,2026-01-20 05:04:00,119953,100934,10000,0,200
T1018,M2006,ACCT100117,DST300048,2026-01-20 07:39:00,124065,101045,10000,0,200
T1018,M2006,ACCT100117,DST300148,2026-01-20 10:09:00,88203,101479,10000,0,200
T1018,M2014,ACCT100117,DST300052,2026-01-20 10:57:00,71593,101544,400000,0,200
T1018,M2002,ACCT100117,DST300105,2026-01-20 11:49:00,83645,100102,300000,55,200
T1018,M2013,ACCT100117,DST300147,2026-01-20 11:50:00,115177,100103,300000,55,200
T1018,M2006,ACCT100117,DST300170,2026-01-20 11:51:00,62554,100104,300000,55,200
T1018,M2000,ACCT100117,DST300036,2026-01-20 12:41:00,69845,102260,10000,0,200
T1018,M2006,ACCT100117,DST300015,2026-01-20 13:25:00,53926,102461,10000,0,200
T1018,M2019,ACCT100117,DST300051,2026-01-20 17:04:00,57851,102787,400000,0,200
T1018,M2007,ACCT100117,DST300113,2026-01-20 19:49:00,96497,104039,10000,0,200
T1026,M2019,ACCT100117,DST300121,2026-01-20 19:53:00,71499,104244,10000,0,200
T1015,M2005,ACCT100118,DST300054,2026-01-11 06:13:00,79154,101008,400000,0,200
T1015,M2004,ACCT100118,DST300178,2026-01-11 10:11:00,52505,101170,400000,0,200
T1015,M2013,ACCT100118,DST300168,2026-01-11 10:12:00,75674,101798,300000,55,200
T1015,M2003,ACCT100118,DST300156,2026-01-11 10:13:00,97291,101799,300000,55,200
T1015,M2010,ACCT100118,DST300060,2026-01-11 10:14:00,79670,101800,300000,55,200
T1015,M2016,ACCT100118,DST300135,2026-01-11 10:15:00,40148,101801,300000,55,200
T1015,M2009,ACCT100118,DST300129,2026-01-11 13:39:00,85578,101838,10000,0,200
T1015,M2012,ACCT100118,DST300033,2026-01-11 16:15:00,81620,102775,10000,0,200
T1015,M2009,ACCT100118,DST300184,2026-01-11 19:07:00,77184,103134,400000,0,200
T1015,M2003,ACCT100118,DST300186,2026-01-11 19:36:00,20000,103429,400000,0,200
T1015,M2016,ACCT100118,DST300170,2026-01-11 23:31:00,93021,103645,400000,0,200
T1015,M2015,ACCT100118,DST300015,2026-01-12 02:10:00,82711,103699,10000,0,200
T1015,M2003,ACCT100118,DST300125,2026-01-12 02:56:00,53569,103719,10000,0,200
T1015,M2011,ACCT100118,DST300146,2026-01-12 03:15:00,884589,103739,10000,0,200
T1015,M2003,ACCT100118,DST300123,2026-01-12 06:45:00,106031,104031,400000,0,200
T1015,M2009,ACCT100118,DST300151,2026-01-12 06:50:00,90400,104143,400000,0,200
T1015,M2017,ACCT100118,DST300005,2026-01-12 08:54:00,66034,104171,10000,0,200
T1015,M2012,ACCT100118,DST300161,2026-01-12 11:12:00,37116,104339,10000,0,200
T1015,M2007,ACCT100118,DST300033,2026-01-12 14:22:00,73657,104644,10000,0,200
T1013,M2013,ACCT100119,DST300093,2026-01-19 04:13:00,65611,100275,10000,0,200
T1013,M2003,ACCT100119,DST300069,2026-01-19 05:26:00,65672,100325,10000,0,200
T1013,M2015,ACCT100119,DST300015,2026-01-19 05:35:00,74558,100644,10000,0,200
T1013,M2013,ACCT100119,DST300174,2026-01-19 09:35:00,38252,102160,10000,0,200
T1013,M2004,ACCT100119,DST300154,2026-01-19 10:10:00,748265,103102,10000,0,200
T1013,M2002,ACCT100119,DST300012,2026-01-19 13:30:00,61568,103195,10000,0,200
T1013,M2008,ACCT100119,DST300104,2026-01-19 14:32:00,56412,103495,400000,0,200
T1013,M2017,ACCT100119,DST300096,2026-01-19 15:15:00,74306,103610,10000,0,200
T1013,M2005,ACCT100119,DST300074,2026-01-19 15:50:00,69883,103866,400000,0,200
T1013,M2004,ACCT100119,DST300071,2026-01-19 18:02:00,55925,104792,10000,0,200
T1013,M2019,ACCT100119,DST300152,2026-01-19 22:01:00,58876,104828,10000,0,200
T1002,M2013,ACCT100120,DST300155,2026-01-16 00:08:00,198718,100095,10000,0,200
T1002,M2002,ACCT100120,DST999999,2026-01-16 00:10:00,171132,100981,400000,0,200
T1002,M2009,ACCT100120,DST999999,2026-01-16 00:12:00,169551,100982,400000,0,200
T1002,M2003,ACCT100120,DST999999,2026-01-16 00:14:00,186312,100983,400000,0,200
T1002,M2000,ACCT100120,DST300053,2026-01-16 03:17:00,182032,101139,10000,0,200
T1002,M2000,ACCT100120,DST300006,2026-01-16 03:18:00,200713,101262,300000,55,200
T1002,M2016,ACCT100120,DST300039,2026-01-16 03:19:00,214503,101263,300000,55,200
T1002,M2019,ACCT100120,DST300106,2026-01-16 03:20:00,158271,101264,300000,55,200
T1002,M2003,ACCT100120,DST300119,2026-01-16 04:44:00,130131,101341,10000,0,200
T1002,M2019,ACCT100120,DST300052,2026-01-16 04:45:00,192806,101583,300000,55,200
T1002,M2005,ACCT100120,DST300020,2026-01-16 04:46:00,156166,101584,300000,55,200
T1002,M2015,ACCT100120,DST300089,2026-01-16 04:47:00,163659,101585,300000,55,200
T1002,M2008,ACCT100120,DST300085,2026-01-16 04:48:00,162188,101586,300000,55,200
T1002,M2015,ACCT100120,DST300112,2026-01-16 05:22:00,177419,102381,400000,0,200
T1002,M2014,ACCT100120,DST300018,2026-01-16 07:30:00,144663,102992,10000,0,200
T1002,M2006,ACCT100120,DST300037,2026-01-16 08:03:00,187249,103086,10000,0,200
T1001,M2006,ACCT100120,DST300192,2026-01-16 08:04:00,155817,104025,10000,0,200
T1001,M2017,ACCT100120,DST300110,2026-01-16 08:05:00,161333,104862,300000,55,200
T1001,M2015,ACCT100120,DST300139,2026-01-16 08:06:00,181936,104863,300000,55,200
T1001,M2016,ACCT100120,DST300159,2026-01-16 08:07:00,141458,104864,300000,55,200
T1017,M2013,ACCT100121,DST300106,2026-01-09 04:28:00,96246,104456,10000,0,200
T1017,M2005,ACCT100121,DST300139,2026-01-09 09:56:00,58573,100198,10000,0,200
T1017,M2015,ACCT100121,DST300114,2026-01-09 11:50:00,46557,100239,10000,0,200
T1017,M2007,ACCT100121,DST300065,2026-01-09 11:59:00,45859,100345,10000,0,200
T1017,M2015,ACCT100121,DST300091,2026-01-09 13:15:00,52553,101119,10000,0,200
T1017,M2009,ACCT100121,DST300018,2026-01-09 16:38:00,32527,101302,10000,0,200
T1017,M2001,ACCT100121,DST300164,2026-01-09 20:18:00,62586,101303,400000,0,200
T1017,M2009,ACCT100121,DST300093,2026-01-09 21:19:00,60216,101782,400000,0,200
T1017,M2018,ACCT100121,DST999999,2026-01-09 21:21:00,50130,102639,400000,0,200
T1017,M2014,ACCT100121,DST999999,2026-01-09 21:23:00,55528,102640,400000,0,200
T1017,M2016,ACCT100121,DST300050,2026-01-09 21:53:00,68435,103782,400000,0,200
T1013,M2007,ACCT100122,DST999999,2026-01-08 01:46:00,102318,100797,400000,0,200
T1013,M2001,ACCT100122,DST999999,2026-01-08 01:48:00,84001,100798,400000,0,200
T1013,M2006,ACCT100122,DST999999,2026-01-08 01:50:00,105152,100799,400000,0,200
T1013,M2011,ACCT100122,DST999999,2026-01-08 01:52:00,78016,100800,400000,0,200
T1013,M2019,ACCT100122,DST300135,2026-01-08 03:06:00,108098,101183,400000,0,200
T1013,M2012,ACCT100122,DST300122,2026-01-08 06:59:00,83430,101467,10000,0,200
T1013,M2010,ACCT100122,DST300137,2026-01-08 07:00:00,112910,101488,300000,55,200
T1013,M2012,ACCT100122,DST300104,2026-01-08 07:01:00,105510,101489,300000,55,200
T1013,M2007,ACCT100122,DST300183,2026-01-08 07:02:00,128371,101490,300000,55,200
T1013,M2017,ACCT100122,DST300049,2026-01-08 07:03:00,94715,101491,300000,55,200
T1013,M2009,ACCT100122,DST300157,2026-01-08 07:04:00,90786,101492,300000,55,200
T1013,M2013,ACCT100122,DST300102,2026-01-08 10:27:00,81568,101735,10000,0,200
T1013,M2008,ACCT100122,DST300104,2026-01-08 12:19:00,80827,102227,400000,0,200
T1013,M2018,ACCT100122,DST300091,2026-01-08 16:04:00,98416,102954,400000,0,200
T1013,M2016,ACCT100122,DST300161,2026-01-08 16:47:00,95596,103068,400000,0,200
T1013,M2008,ACCT100122,DST300091,2026-01-08 17:36:00,136478,103556,400000,0,200
T1013,M2018,ACCT100122,DST300057,2026-01-08 17:37:00,67348,103591,300000,55,200
T1013,M2019,ACCT100122,DST300116,2026-01-08 17:38:00,85789,103592,300000,55,200
T1013,M2003,ACCT100122,DST300112,2026-01-08 17:39:00,87326,103593,300000,55,200
T1013,M2016,ACCT100122,DST300079,2026-01-08 17:40:00,74259,103594,300000,55,200
T1013,M2013,ACCT100122,DST300195,2026-01-08 17:41:00,59103,103595,300000,55,200
T1013,M2003,ACCT100122,DST300027,2026-01-08 17:56:00,98039,103674,10000,0,200
T1013,M2017,ACCT100122,DST300095,2026-01-08 18:39:00,66475,103855,400000,0,200
T1013,M2015,ACCT100122,DST300070,2026-01-08 21:30:00,83083,103882,10000,0,200
T1001,M2019,ACCT100122,DST300188,2026-01-08 21:38:00,96670,104214,10000,0,200
T1001,M2018,ACCT100122,DST300059,2026-01-08 23:28:00,98664,104467,10000,0,200
T1001,M2000,ACCT100122,DST300161,2026-01-09 01:33:00,102007,104596,400000,0,200
T1001,M2009,ACCT100122,DST300084,2026-01-09 03:24:00,114848,104703,10000,0,200
T1015,M2012,ACCT100122,DST300040,2026-01-09 03:32:00,107918,104711,10000,0,200
T1013,M2004,ACCT100123,DST300022,2026-01-16 02:09:00,731426,104740,10000,0,200
T1013,M2014,ACCT100123,DST300191,2026-01-16 04:06:00,677791,103313,10000,0,200
T1013,M2016,ACCT100123,DST300044,2026-01-16 04:42:00,967617,102024,10000,0,200
T1013,M2003,ACCT100123,DST300005,2026-01-16 06:00:00,327675,104412,10000,0,200
T1013,M2005,ACCT100123,DST300081,2026-01-16 06:45:00,345352,100232,10000,0,200
T1013,M2006,ACCT100123,DST300175,2026-01-16 07:00:00,296436,100733,10000,0,200
T1013,M2005,ACCT100123,DST300166,2026-01-16 07:01:00,317873,101331,300000,55,200
T1013,M2019,ACCT100123,DST300087,2026-01-16 07:02:00,298377,101332,300000,55,200
T1013,M2002,ACCT100123,DST300019,2026-01-16 07:03:00,291334,101333,300000,55,200
T1013,M2018,ACCT100123,DST300069,2026-01-16 07:19:00,5020620,101376,10000,0,200
T1013,M2001,ACCT100123,DST300098,2026-01-16 08:17:00,348132,104583,10000,0,200
T1013,M2015,ACCT100123,DST300186,2026-01-16 08:24:00,339018,102063,10000,0,200
T1013,M2007,ACCT100123,DST999999,2026-01-16 08:26:00,320189,102391,400000,0,200
T1013,M2005,ACCT100123,DST999999,2026-01-16 08:28:00,300200,102392,400000,0,200
T1013,M2012,ACCT100123,DST300073,2026-01-16 09:58:00,327298,102979,10000,0,200
T1013,M2014,ACCT100123,DST300054,2026-01-16 09:59:00,285594,101631,10000,0,200
T1013,M2015,ACCT100123,DST300133,2026-01-16 12:56:00,350974,101842,10000,0,200
T1029,M2017,ACCT100124,DST300006,2026-01-02 15:36:00,294882,100249,10000,0,200
T1029,M2004,ACCT100124,DST300097,2026-01-02 18:13:00,273348,100550,10000,0,200
T1029,M2004,ACCT100124,DST300045,2026-01-02 21:36:00,281619,100612,10000,0,200
T1029,M2010,ACCT100124,DST300035,2026-01-02 23:37:00,321813,101369,400000,0,200
T1029,M2012,ACCT100124,DST300003,2026-01-03 02:38:00,520747,102886,10000,0,200
T1029,M2018,ACCT100124,DST300076,2026-01-03 02:54:00,308863,101935,400000,0,200
T1029,M2015,ACCT100124,DST300159,2026-01-03 05:12:00,271014,102968,10000,0,200
T1029,M2009,ACCT100124,DST300165,2026-01-03 07:36:00,314909,103179,10000,0,200
T1029,M2011,ACCT100124,DST300135,2026-01-03 09:58:00,226287,103458,400000,0,200
T1008,M2011,ACCT100124,DST300050,2026-01-03 10:05:00,291537,103470,10000,0,200
T1008,M2017,ACCT100124,DST300054,2026-01-03 13:25:00,234863,103538,400000,0,200
T1008,M2008,ACCT100124,DST300038,2026-01-03 16:56:00,297338,103710,10000,0,200
T1008,M2009,ACCT100124,DST300107,2026-01-03 17:06:00,290855,103877,400000,0,200
T1008,M2009,ACCT100124,DST300084,2026-01-03 19:09:00,289272,103997,10000,0,200
T1008,M2006,ACCT100124,DST999999,2026-01-03 19:11:00,282226,104110,400000,0,200
T1008,M2010,ACCT100124,DST999999,2026-01-03 19:13:00,265254,104111,400000,0,200
T1008,M2006,ACCT100124,DST999999,2026-01-03 19:15:00,305432,104112,400000,0,200
T1008,M2011,ACCT100124,DST300068,2026-01-03 21:30:00,287498,104720,10000,0,200
T1008,M2014,ACCT100124,DST300172,2026-01-04 01:12:00,264569,104939,10000,0,200
T1012,M2010,ACCT100125,DST300013,2026-01-10 04:25:00,2213829,100023,10000,0,200
T1012,M2000,ACCT100125,DST300125,2026-01-10 04:28:00,423715,101481,10000,0,200
T1012,M2009,ACCT100125,DST300168,2026-01-10 05:44:00,131770,101725,10000,0,200
T1012,M2010,ACCT100125,DST300133,2026-01-10 06:45:00,140355,100393,10000,0,200
T1012,M2001,ACCT100125,DST300023,2026-01-10 07:16:00,158152,100931,400000,0,200
T1012,M2002,ACCT100125,DST300066,2026-01-10 07:49:00,155844,100940,400000,0,200
T1012,M2010,ACCT100125,DST300090,2026-01-10 08:22:00,148662,101738,10000,0,200
T1012,M2014,ACCT100125,DST300050,2026-01-10 09:40:00,132494,102022,10000,0,200
T1012,M2006,ACCT100125,DST300039,2026-01-10 11:50:00,154143,102172,400000,0,200
T1012,M2008,ACCT100125,DST300024,2026-01-10 11:51:00,141280,102229,300000,55,200
T1012,M2019,ACCT100125,DST300009,2026-01-10 11:52:00,96080,102230,300000,55,200
T1012,M2017,ACCT100125,DST300071,2026-01-10 11:53:00,147861,102231,300000,55,200
T1012,M2000,ACCT100125,DST300075,2026-01-10 12:52:00,131681,102347,400000,0,200
T1012,M2004,ACCT100125,DST300166,2026-01-10 15:07:00,154008,102918,400000,0,200
T1012,M2005,ACCT100125,DST999999,2026-01-10 15:09:00,136645,103879,400000,0,200
T1012,M2013,ACCT100125,DST999999,2026-01-10 15:11:00,142197,103880,400000,0,200
T1029,M2014,ACCT100125,DST300100,2026-01-10 15:13:00,133244,104309,10000,0,200
T1011,M2009,ACCT100125,DST300036,2026-01-10 15:14:00,102668,104503,10000,0,200
T1013,M2003,ACCT100126,DST300095,2026-01-17 13:46:00,1314090,100414,10000,0,200
T1013,M2009,ACCT100126,DST300185,2026-01-17 16:44:00,55000,100517,400000,0,200
T1013,M2000,ACCT100126,DST300041,2026-01-17 19:52:00,113044,100664,10000,0,200
T1013,M2015,ACCT100126,DST300056,2026-01-17 23:40:00,100872,100847,400000,0,200
T1013,M2004,ACCT100126,DST300137,2026-01-18 02:17:00,64018,101361,10000,0,200
T1013,M2017,ACCT100126,DST300179,2026-01-18 02:24:00,235748,102885,10000,0,200
T1013,M2012,ACCT100126,DST300003,2026-01-18 03:22:00,95026,101364,10000,0,200
T1013,M2001,ACCT100126,DST300179,2026-01-18 03:23:00,86112,103244,10000,0,200
T1013,M2009,ACCT100126,DST300005,2026-01-18 03:39:00,135890,101424,10000,0,200
T1013,M2012,ACCT100126,DST300054,2026-01-18 06:03:00,79147,104622,10000,0,200
T1013,M2019,ACCT100126,DST300102,2026-01-18 06:44:00,64233,101724,400000,0,200
T1013,M2010,ACCT100126,DST300045,2026-01-18 07:37:00,121228,102062,10000,0,200
T1013,M2013,ACCT100126,DST300140,2026-01-18 07:38:00,116631,102629,300000,55,200
T1013,M2009,ACCT100126,DST300131,2026-01-18 07:39:00,64897,102630,300000,55,200
T1013,M2003,ACCT100126,DST300164,2026-01-18 07:40:00,65092,102631,300000,55,200
T1013,M2009,ACCT100126,DST300044,2026-01-18 07:41:00,86892,102632,300000,55,200
T1013,M2013,ACCT100126,DST300062,2026-01-18 07:42:00,74193,102633,300000,55,200
T1011,M2012,ACCT100127,DST300085,2026-01-01 02:21:00,291803,102145,10000,0,200
T1011,M2007,ACCT100127,DST300012,2026-01-01 03:37:00,166360,102327,400000,0,200
T1011,M2004,ACCT100127,DST300181,2026-01-01 04:47:00,82095,102786,400000,0,200
T1011,M2008,ACCT100127,DST300095,2026-01-01 05:21:00,1436827,103444,10000,0,200
T1011,M2005,ACCT100127,DST300194,2026-01-01 05:22:00,155396,104310,300000,55,200
T1011,M2006,ACCT100127,DST300060,2026-01-01 05:23:00,125941,104311,300000,55,200
T1011,M2010,ACCT100127,DST300162,2026-01-01 05:24:00,109221,104312,300000,55,200
T1011,M2016,ACCT100127,DST300001,2026-01-01 05:25:00,126463,104313,300000,55,200
T1011,M2010,ACCT100127,DST300158,2026-01-01 05:26:00,120316,104314,300000,55,200
T1011,M2012,ACCT100127,DST300149,2026-01-01 07:00:00,104851,100407,10000,0,200
T1011,M2018,ACCT100127,DST300072,2026-01-01 07:26:00,142736,101185,10000,0,200
T1011,M2013,ACCT100127,DST300025,2026-01-01 07:56:00,103107,104812,10000,0,200
T1011,M2009,ACCT100127,DST300197,2026-01-01 09:09:00,97596,101464,400000,0,200
T1011,M2003,ACCT100127,DST300197,2026-01-01 09:35:00,118778,101753,400000,0,200
T1011,M2008,ACCT100127,DST300029,2026-01-01 13:25:00,141758,101768,400000,0,200
T1011,M2016,ACCT100127,DST999999,2026-01-01 13:27:00,98781,102046,400000,0,200
T1011,M2017,ACCT100127,DST999999,2026-01-01 13:29:00,116447,102047,400000,0,200
T1011,M2009,ACCT100127,DST300136,2026-01-01 15:51:00,155190,102096,400000,0,200
T1011,M2006,ACCT100127,DST300067,2026-01-01 17:32:00,112649,102098,10000,0,200
T1020,M2006,ACCT100128,DST300190,2026-01-02 04:09:00,558876,100783,10000,0,200
T1020,M2019,ACCT100128,DST300170,2026-01-02 06:41:00,157835,100834,10000,0,200
T1020,M2007,ACCT100128,DST300130,2026-01-02 08:09:00,202015,102500,10000,0,200
T1020,M2001,ACCT100128,DST300109,2026-01-02 09:41:00,185498,103952,10000,0,200
T1020,M2011,ACCT100128,DST300009,2026-01-02 09:53:00,191307,104476,10000,0,200
T1010,M2017,ACCT100128,DST300171,2026-01-02 09:54:00,226542,104487,10000,0,200
T1020,M2005,ACCT100128,DST300173,2026-01-02 18:30:00,206661,100119,400000,0,200
T1020,M2019,ACCT100129,DST300051,2026-01-12 05:09:00,93109,100093,400000,0,200
T1020,M2017,ACCT100129,DST300193,2026-01-12 08:59:00,76778,100376,10000,0,200
T1020,M2007,ACCT100129,DST300137,2026-01-12 10:23:00,93911,101089,400000,0,200
T1020,M2002,ACCT100129,DST300044,2026-01-12 11:02:00,111450,101458,400000,0,200
T1020,M2003,ACCT100129,DST300114,2026-01-12 12:07:00,122346,101472,400000,0,200
T1020,M2003,ACCT100129,DST300062,2026-01-12 14:42:00,93595,101534,400000,0,200
T1020,M2016,ACCT100129,DST999999,2026-01-12 14:44:00,106169,101807,400000,0,200
T1020,M2011,ACCT100129,DST999999,2026-01-12 14:46:00,118354,101808,400000,0,200
T1020,M2014,ACCT100129,DST999999,2026-01-12 14:48:00,82774,101809,400000,0,200
T1020,M2014,ACCT100129,DST999999,2026-01-12 14:50:00,130263,101810,400000,0,200
T1020,M2009,ACCT100129,DST300031,2026-01-12 16:06:00,168700,102317,10000,0,200
T1020,M2011,ACCT100129,DST300080,2026-01-12 19:00:00,132993,102346,400000,0,200
T1020,M2003,ACCT100129,DST300142,2026-01-12 19:06:00,63147,102933,10000,0,200
T1020,M2000,ACCT100129,DST300016,2026-01-12 20:00:00,113583,102958,400000,0,200
T1020,M2017,ACCT100129,DST300159,2026-01-12 20:01:00,115188,103063,300000,55,200
T1020,M2016,ACCT100129,DST300189,2026-01-12 20:02:00,124692,103064,300000,55,200
T1020,M2006,ACCT100129,DST300061,2026-01-12 20:03:00,142856,103065,300000,55,200
T1020,M2011,ACCT100129,DST300179,2026-01-12 20:04:00,72894,103066,300000,55,200
T1020,M2011,ACCT100129,DST300173,2026-01-12 20:05:00,94620,103067,300000,55,200
T1020,M2018,ACCT100129,DST300033,2026-01-12 20:33:00,112444,103187,10000,0,200
T1000,M2018,ACCT100129,DST300004,2026-01-12 20:41:00,102830,103231,10000,0,200
T1000,M2017,ACCT100129,DST300062,2026-01-12 21:50:00,108064,103425,400000,0,200
T1000,M2016,ACCT100129,DST300030,2026-01-13 01:02:00,121659,103903,10000,0,200
T1000,M2005,ACCT100129,DST300076,2026-01-13 02:41:00,107679,104605,400000,0,200
T1000,M2004,ACCT100129,DST300122,2026-01-13 03:36:00,104696,104854,400000,0,200
T1011,M2013,ACCT100130,DST300060,2026-01-09 10:47:00,138226,101325,10000,0,200
T1011,M2009,ACCT100130,DST999999,2026-01-09 10:49:00,147074,101861,400000,0,200
T1011,M2008,ACCT100130,DST999999,2026-01-09 10:51:00,168353,101862,400000,0,200
T1011,M2004,ACCT100130,DST999999,2026-01-09 10:53:00,121192,101863,400000,0,200
T1011,M2003,ACCT100130,DST300020,2026-01-09 12:47:00,87216,102477,10000,0,200
T1011,M2015,ACCT100130,DST300179,2026-01-09 15:18:00,91139,103190,400000,0,200
T1011,M2000,ACCT100130,DST300009,2026-01-09 18:00:00,157333,103872,400000,0,200
T1011,M2012,ACCT100130,DST300113,2026-01-09 20:10:00,179816,104266,400000,0,200
T1018,M2007,ACCT100131,DST300126,2026-01-03 15:09:00,53109,100028,10000,0,200
T1018,M2008,ACCT100131,DST999999,2026-01-03 15:11:00,66627,100293,400000,0,200
T1018,M2011,ACCT100131,DST999999,2026-01-03 15:13:00,20000,100294,400000,0,200
T1018,M2013,ACCT100131,DST999999,2026-01-03 15:15:00,50796,100295,400000,0,200
T1018,M2005,ACCT100131,DST300152,2026-01-03 18:38:00,20000,100485,10000,0,200
T1018,M2002,ACCT100131,DST300088,2026-01-03 19:55:00,22760,100760,400000,0,200
T1018,M2009,ACCT100131,DST300173,2026-01-03 22:38:00,34143,100950,400000,0,200
T1018,M2002,ACCT100131,DST300086,2026-01-04 02:22:00,55735,101227,400000,0,200
T1018,M2006,ACCT100131,DST300055,2026-01-04 02:34:00,730407,101316,10000,0,200
T1018,M2018,ACCT100131,DST300011,2026-01-04 02:44:00,24619,102417,10000,0,200
T1018,M2002,ACCT100131,DST300126,2026-01-04 02:48:00,130484,103853,10000,0,200
T1018,M2012,ACCT100131,DST300162,2026-01-04 05:41:00,84792,104614,400000,0,200
T1018,M2000,ACCT100131,DST300026,2026-01-04 06:39:00,49058,103169,10000,0,200
T1018,M2011,ACCT100131,DST300112,2026-01-04 07:37:00,72075,103666,400000,0,200
T1027,M2002,ACCT100132,DST300083,2026-01-20 22:26:00,317170,100129,400000,0,200
T1027,M2000,ACCT100132,DST300166,2026-01-21 02:15:00,311919,100137,10000,0,200
T1027,M2013,ACCT100132,DST300163,2026-01-21 02:23:00,297712,100227,10000,0,200
T1027,M2003,ACCT100132,DST300193,2026-01-21 03:27:00,335918,100630,400000,0,200
T1027,M2012,ACCT100132,DST300138,2026-01-21 07:03:00,338628,100681,10000,0,200
T1027,M2005,ACCT100132,DST300100,2026-01-21 07:25:00,3800801,104366,10000,0,200
T1027,M2009,ACCT100132,DST300063,2026-01-21 11:18:00,322596,104989,400000,0,200
T1027,M2011,ACCT100133,DST300054,2026-01-17 20:02:00,112011,100050,10000,0,200
T1027,M2007,ACCT100133,DST300052,2026-01-17 20:29:00,140655,100488,10000,0,200
T1027,M2013,ACCT100133,DST300128,2026-01-18 00:12:00,123999,100667,400000,0,200
T1027,M2015,ACCT100133,DST300087,2026-01-18 03:28:00,106792,100768,10000,0,200
T1027,M2016,ACCT100133,DST300143,2026-01-18 05:17:00,56869,100942,10000,0,200
T1027,M2005,ACCT100133,DST300007,2026-01-18 05:33:00,1667272,101839,10000,0,200
T1027,M2012,ACCT100133,DST300072,2026-01-18 09:06:00,139687,102101,10000,0,200
T1027,M2010,ACCT100133,DST300040,2026-01-18 11:46:00,152369,102142,10000,0,200
T1027,M2018,ACCT100133,DST300190,2026-01-18 13:31:00,124976,103012,400000,0,200
T1027,M2002,ACCT100133,DST300083,2026-01-18 17:09:00,126533,103772,400000,0,200
T1018,M2011,ACCT100133,DST300181,2026-01-18 17:13:00,113777,104298,10000,0,200
T1018,M2003,ACCT100133,DST300030,2026-01-18 20:06:00,125014,104627,400000,0,200
T1018,M2003,ACCT100133,DST300142,2026-01-18 22:05:00,183533,104632,400000,0,200
T1018,M2014,ACCT100133,DST300060,2026-01-18 23:25:00,117637,104930,400000,0,200
T1023,M2016,ACCT100134,DST300019,2026-01-16 01:58:00,826025,103223,10000,0,200
T1023,M2005,ACCT100134,DST999999,2026-01-16 02:00:00,296465,104559,400000,0,200
T1023,M2004,ACCT100134,DST999999,2026-01-16 02:02:00,312864,104560,400000,0,200
T1023,M2006,ACCT100134,DST300034,2026-01-16 03:49:00,573150,102612,10000,0,200
T1023,M2019,ACCT100134,DST300191,2026-01-16 04:08:00,313018,100554,400000,0,200
T1023,M2015,ACCT100134,DST300184,2026-01-16 05:02:00,305981,100967,400000,0,200
T1023,M2005,ACCT100134,DST300182,2026-01-16 05:46:00,290760,101046,400000,0,200
T1023,M2015,ACCT100134,DST300106,2026-01-16 06:59:00,292958,102272,400000,0,200
T1023,M2013,ACCT100134,DST300128,2026-01-16 06:59:00,271339,102724,10000,0,200
T1023,M2011,ACCT100134,DST300047,2026-01-16 08:21:00,282494,102449,10000,0,200
T1023,M2015,ACCT100134,DST300047,2026-01-16 10:31:00,309790,102904,10000,0,200
T1023,M2001,ACCT100134,DST300177,2026-01-16 12:41:00,343434,103166,10000,0,200
T1026,M2005,ACCT100135,DST300150,2026-01-09 19:26:00,235247,100629,400000,0,200
T1026,M2005,ACCT100135,DST300062,2026-01-09 22:25:00,255208,100744,10000,0,200
T1026,M2003,ACCT100135,DST300138,2026-01-10 00:56:00,177928,102187,400000,0,200
T1026,M2011,ACCT100135,DST300009,2026-01-10 00:57:00,242763,102310,300000,55,200
T1026,M2015,ACCT100135,DST300031,2026-01-10 00:58:00,189956,102311,300000,55,200
T1026,M2017,ACCT100135,DST300008,2026-01-10 00:59:00,198476,102312,300000,55,200
T1026,M2007,ACCT100135,DST300098,2026-01-10 02:40:00,232600,103571,400000,0,200
T1026,M2011,ACCT100135,DST300097,2026-01-10 02:47:00,267624,103613,10000,0,200
T1026,M2019,ACCT100135,DST300131,2026-01-10 03:17:00,3979168,103705,10000,0,200
T1026,M2008,ACCT100135,DST300171,2026-01-10 05:53:00,260453,103954,10000,0,200
T1003,M2005,ACCT100135,DST300173,2026-01-10 06:01:00,213397,104513,10000,0,200
T1003,M2002,ACCT100135,DST300182,2026-01-10 07:31:00,221935,104802,400000,0,200
T1003,M2002,ACCT100135,DST300002,2026-01-10 08:29:00,239644,104918,400000,0,200
T1024,M2009,ACCT100136,DST300145,2026-01-16 22:07:00,148738,100015,300000,55,200
T1024,M2001,ACCT100136,DST300023,2026-01-16 22:08:00,160727,100016,300000,55,200
T1024,M2008,ACCT100136,DST300198,2026-01-16 22:09:00,165731,100017,300000,55,200
T1024,M2018,ACCT100136,DST300003,2026-01-16 22:10:00,141288,100018,300000,55,200
T1024,M2014,ACCT100136,DST300173,2026-01-16 22:11:00,150216,100019,300000,55,200
T1024,M2012,ACCT100136,DST300069,2026-01-17 01:35:00,306465,104590,10000,0,200
T1024,M2004,ACCT100136,DST300192,2026-01-17 01:47:00,391223,104794,10000,0,200
T1024,M2014,ACCT100136,DST300196,2026-01-17 04:05:00,317531,100270,10000,0,200
T1024,M2011,ACCT100136,DST300182,2026-01-17 05:22:00,125199,104675,10000,0,200
T1024,M2008,ACCT100136,DST300091,2026-01-17 05:36:00,153260,104847,400000,0,200
T1024,M2017,ACCT100136,DST300058,2026-01-17 06:29:00,137360,100901,400000,0,200
T1024,M2003,ACCT100136,DST300066,2026-01-17 06:41:00,116694,104907,10000,0,200
T1024,M2004,ACCT100136,DST300119,2026-01-17 07:27:00,119988,101616,400000,0,200
T1024,M2013,ACCT100136,DST300175,2026-01-17 08:27:00,150391,101979,400000,0,200
T1024,M2012,ACCT100136,DST300054,2026-01-17 09:19:00,173281,102162,400000,0,200
T1024,M2008,ACCT100136,DST999999,2026-01-17 09:21:00,127332,102549,400000,0,200
T1024,M2004,ACCT100136,DST999999,2026-01-17 09:23:00,95261,102550,400000,0,200
T1024,M2008,ACCT100136,DST999999,2026-01-17 09:25:00,110645,102551,400000,0,200
T1024,M2012,ACCT100136,DST999999,2026-01-17 09:27:00,119440,102552,400000,0,200
T1024,M2016,ACCT100136,DST300164,2026-01-17 09:28:00,138213,102555,300000,55,200
T1024,M2019,ACCT100136,DST300161,2026-01-17 09:29:00,151634,102556,300000,55,200
T1024,M2000,ACCT100136,DST300045,2026-01-17 09:30:00,147156,102557,300000,55,200
T1024,M2002,ACCT100136,DST300016,2026-01-17 09:31:00,152109,102558,300000,55,200
T1024,M2010,ACCT100136,DST300012,2026-01-17 09:32:00,141071,102559,300000,55,200
T1024,M2004,ACCT100136,DST300074,2026-01-17 13:06:00,137439,102875,400000,0,200
T1024,M2010,ACCT100136,DST300069,2026-01-17 15:52:00,125158,103029,400000,0,200
T1024,M2013,ACCT100136,DST300025,2026-01-17 18:22:00,180349,103871,10000,0,200
T1024,M2007,ACCT100136,DST300066,2026-01-17 21:00:00,157439,104510,10000,0,200
T1027,M2008,ACCT100137,DST300097,2026-01-05 02:32:00,228660,102516,10000,0,200
T1027,M2012,ACCT100137,DST300001,2026-01-05 05:13:00,91269,103317,10000,0,200
T1027,M2010,ACCT100137,DST300190,2026-01-05 06:08:00,1209882,100055,10000,0,200
T1027,M2002,ACCT100137,DST300100,2026-01-05 07:42:00,102962,103700,400000,0,200
T1027,M2013,ACCT100137,DST300157,2026-01-05 07:43:00,106528,100410,10000,0,200
T1027,M2002,ACCT100137,DST300063,2026-01-05 10:30:00,93179,101397,400000,0,200
T1027,M2011,ACCT100137,DST300185,2026-01-05 10:44:00,82978,104026,400000,0,200
T1027,M2006,ACCT100137,DST300138,2026-01-05 11:01:00,1585940,101758,10000,0,200
T1027,M2014,ACCT100137,DST300012,2026-01-05 11:36:00,118928,101796,400000,0,200
T1027,M2017,ACCT100137,DST300125,2026-01-05 11:45:00,1117349,102300,10000,0,200
T1027,M2000,ACCT100137,DST300028,2026-01-05 12:01:00,60288,104204,10000,0,200
T1027,M2007,ACCT100137,DST300074,2026-01-05 12:08:00,89535,102422,10000,0,200
T1027,M2012,ACCT100137,DST300091,2026-01-05 12:24:00,1522241,104976,10000,0,200
T1002,M2008,ACCT100138,DST300148,2026-01-02 17:39:00,304764,100716,10000,0,200
T1002,M2004,ACCT100138,DST999999,2026-01-02 17:41:00,330597,101401,400000,0,200
T1002,M2006,ACCT100138,DST999999,2026-01-02 17:43:00,287626,101402,400000,0,200
T1002,M2019,ACCT100138,DST999999,2026-01-02 17:45:00,302718,101403,400000,0,200
T1002,M2012,ACCT100138,DST300174,2026-01-02 19:12:00,304388,102680,10000,0,200
T1002,M2018,ACCT100138,DST300067,2026-01-02 20:56:00,357434,103025,400000,0,200
T1002,M2006,ACCT100138,DST300016,2026-01-02 22:13:00,330901,103215,400000,0,200
T1002,M2019,ACCT100138,DST300163,2026-01-03 00:36:00,281949,103597,400000,0,200
T1002,M2007,ACCT100138,DST999999,2026-01-03 00:38:00,335775,103829,400000,0,200
T1002,M2008,ACCT100138,DST999999,2026-01-03 00:40:00,279514,103830,400000,0,200
T1002,M2001,ACCT100138,DST300165,2026-01-03 03:21:00,313514,104236,10000,0,200
T1002,M2016,ACCT100138,DST300155,2026-01-03 06:40:00,329186,104595,10000,0,200
T1002,M2004,ACCT100138,DST300117,2026-01-03 09:29:00,295608,104654,400000,0,200
T1004,M2017,ACCT100139,DST300102,2026-01-15 04:48:00,150566,100316,10000,0,200
T1004,M2019,ACCT100139,DST300083,2026-01-15 06:22:00,48378,100447,10000,0,200
T1004,M2001,ACCT100139,DST300197,2026-01-15 06:32:00,26887,100734,10000,0,200
T1004,M2012,ACCT100139,DST300169,2026-01-15 10:08:00,71159,100989,10000,0,200
T1004,M2000,ACCT100139,DST300121,2026-01-15 11:52:00,51939,101077,400000,0,200
T1004,M2009,ACCT100139,DST300090,2026-01-15 11:53:00,61745,101501,300000,55,200
T1004,M2015,ACCT100139,DST300137,2026-01-15 11:54:00,20000,101502,300000,55,200
T1004,M2002,ACCT100139,DST300118,2026-01-15 11:55:00,73272,101503,300000,55,200
T1004,M2003,ACCT100139,DST300010,2026-01-15 11:56:00,56244,101504,300000,55,200
T1004,M2003,ACCT100139,DST300180,2026-01-15 11:57:00,28629,101505,300000,55,200
T1004,M2010,ACCT100139,DST300015,2026-01-15 13:55:00,46100,102690,400000,0,200
T1004,M2002,ACCT100139,DST300088,2026-01-15 15:33:00,59747,102750,10000,0,200
T1004,M2017,ACCT100139,DST300123,2026-01-15 18:31:00,42437,102843,400000,0,200
T1004,M2005,ACCT100139,DST300006,2026-01-15 20:14:00,22944,102943,400000,0,200
T1004,M2016,ACCT100139,DST300158,2026-01-15 22:08:00,106087,103303,10000,0,200
T1004,M2013,ACCT100139,DST300021,2026-01-16 01:46:00,42875,104795,10000,0,200
T1028,M2017,ACCT100140,DST999999,2026-01-19 11:16:00,93530,100340,400000,0,200
T1028,M2002,ACCT100140,DST999999,2026-01-19 11:18:00,97774,100341,400000,0,200
T1028,M2003,ACCT100140,DST999999,2026-01-19 11:20:00,151113,100342,400000,0,200
T1028,M2018,ACCT100140,DST300151,2026-01-19 15:04:00,101969,100350,10000,0,200
T1028,M2015,ACCT100140,DST300132,2026-01-19 17:48:00,75515,100359,400000,0,200
T1028,M2019,ACCT100140,DST300122,2026-01-19 19:09:00,61122,100448,400000,0,200
T1028,M2018,ACCT100140,DST300133,2026-01-19 22:54:00,88487,100819,400000,0,200
T1019,M2010,ACCT100140,DST300117,2026-01-19 23:01:00,84058,101018,10000,0,200
T1019,M2009,ACCT100140,DST300133,2026-01-19 23:08:00,97479,102481,10000,0,200
T1019,M2007,ACCT100140,DST300177,2026-01-19 23:41:00,98967,102861,10000,0,200
T1019,M2001,ACCT100140,DST300070,2026-01-19 23:42:00,104160,104238,300000,55,200
T1019,M2018,ACCT100140,DST300043,2026-01-19 23:43:00,66028,104239,300000,55,200
T1019,M2018,ACCT100140,DST300126,2026-01-19 23:44:00,130995,104240,300000,55,200
T1019,M2008,ACCT100140,DST300148,2026-01-19 23:45:00,85498,104241,300000,55,200
T1019,M2010,ACCT100140,DST300095,2026-01-19 23:46:00,85394,104242,300000,55,200
T1019,M2003,ACCT100140,DST300163,2026-01-20 01:58:00,105943,104291,400000,0,200
T1019,M2018,ACCT100140,DST300054,2026-01-20 04:09:00,136054,104319,400000,0,200
T1019,M2013,ACCT100140,DST300097,2026-01-20 04:26:00,76259,104655,10000,0,200
T1019,M2007,ACCT100140,DST300145,2026-01-20 07:51:00,77130,104718,10000,0,200
T1019,M2000,ACCT100140,DST300166,2026-01-20 08:55:00,112975,104978,10000,0,200
T1020,M2009,ACCT100141,DST300169,2026-01-09 18:34:00,241366,100313,400000,0,200
T1020,M2011,ACCT100141,DST300094,2026-01-09 20:27:00,288038,101104,400000,0,200
T1020,M2013,ACCT100141,DST300004,2026-01-09 22:51:00,241792,101345,10000,0,200
T1020,M2016,ACCT100141,DST300151,2026-01-09 23:10:00,3451153,102594,10000,0,200
T1020,M2017,ACCT100141,DST300107,2026-01-10 00:44:00,210862,103096,10000,0,200
T1011,M2017,ACCT100141,DST300080,2026-01-10 02:03:00,663514,104401,10000,0,200
T1011,M2011,ACCT100141,DST999999,2026-01-10 02:05:00,254230,104761,400000,0,200
T1011,M2012,ACCT100141,DST999999,2026-01-10 02:07:00,238504,104762,400000,0,200
T1011,M2011,ACCT100141,DST300176,2026-01-10 03:01:00,247969,104890,400000,0,200
T1020,M2015,ACCT100141,DST300146,2026-01-10 03:26:00,223811,103137,10000,0,200
T1011,M2004,ACCT100141,DST300128,2026-01-10 03:30:00,265587,104273,10000,0,200
T1011,M2004,ACCT100141,DST300174,2026-01-10 05:42:00,265759,104940,10000,0,200
T1029,M2003,ACCT100142,DST300143,2026-01-03 20:23:00,189156,100146,10000,0,200
T1029,M2016,ACCT100142,DST300049,2026-01-03 20:52:00,169545,100195,400000,0,200
T1029,M2018,ACCT100142,DST300096,2026-01-03 22:58:00,154757,100285,400000,0,200
T1029,M2006,ACCT100142,DST300078,2026-01-03 23:12:00,225822,100424,10000,0,200
T1000,M2001,ACCT100142,DST300013,2026-01-03 23:15:00,201627,100445,10000,0,200
T1000,M2014,ACCT100142,DST300194,2026-01-04 02:47:00,173239,100917,400000,0,200
T1000,M2018,ACCT100142,DST300103,2026-01-04 06:08:00,153746,102116,10000,0,200
T1000,M2013,ACCT100142,DST300048,2026-01-04 06:22:00,170881,102456,10000,0,200
T1000,M2011,ACCT100142,DST300105,2026-01-04 09:26:00,192948,103108,10000,0,200
T1000,M2014,ACCT100142,DST300180,2026-01-04 13:02:00,187132,103287,10000,0,200
T1000,M2009,ACCT100142,DST300164,2026-01-04 16:23:00,206351,104827,400000,0,200
T1000,M2010,ACCT100142,DST300041,2026-01-04 18:38:00,188195,104961,400000,0,200
T1025,M2012,ACCT100143,DST300066,2026-01-15 08:24:00,161944,101127,10000,0,200
T1025,M2001,ACCT100143,DST300017,2026-01-15 08:48:00,1873730,101466,10000,0,200
T1025,M2019,ACCT100143,DST300072,2026-01-15 09:33:00,175131,101939,10000,0,200
T1025,M2015,ACCT100143,DST300105,2026-01-15 12:31:00,199683,101990,10000,0,200
T1025,M2019,ACCT100143,DST300148,2026-01-15 16:08:00,153637,102959,10000,0,200
T1025,M2002,ACCT100143,DST300123,2026-01-15 17:47:00,153635,103201,10000,0,200
T1025,M2010,ACCT100143,DST300047,2026-01-15 18:48:00,180956,103873,10000,0,200
T1025,M2000,ACCT100143,DST300143,2026-01-15 18:54:00,132271,104017,400000,0,200
T1025,M2012,ACCT100143,DST300116,2026-01-15 20:54:00,162170,104473,400000,0,200
T1025,M2004,ACCT100143,DST300141,2026-01-16 00:39:00,182761,104565,400000,0,200
T1021,M2006,ACCT100144,DST300017,2026-01-02 00:01:00,68744,100895,400000,0,200
T1021,M2019,ACCT100144,DST300036,2026-01-02 00:32:00,1334496,101049,10000,0,200
T1021,M2006,ACCT100144,DST300095,2026-01-02 02:00:00,57023,101235,10000,0,200
T1021,M2007,ACCT100144,DST300094,2026-01-02 02:48:00,91498,101669,10000,0,200
T1021,M2017,ACCT100144,DST300056,2026-01-02 02:53:00,47535,101723,400000,0,200
T1021,M2000,ACCT100144,DST300017,2026-01-02 04:22:00,96390,103007,10000,0,200
T1021,M2009,ACCT100144,DST300044,2026-01-02 06:31:00,73474,103173,400000,0,200
T1021,M2016,ACCT100144,DST300120,2026-01-02 06:57:00,92405,103883,10000,0,200
T1021,M2004,ACCT100144,DST300074,2026-01-02 07:07:00,1152988,104010,10000,0,200
T1021,M2017,ACCT100144,DST300180,2026-01-02 07:14:00,917133,104320,10000,0,200
T1021,M2002,ACCT100144,DST300102,2026-01-02 07:26:00,114622,104489,10000,0,200
T1021,M2005,ACCT100144,DST300159,2026-01-02 10:28:00,98335,104611,400000,0,200
T1023,M2005,ACCT100145,DST300090,2026-01-15 01:07:00,602621,103133,10000,0,200
T1001,M2012,ACCT100145,DST300150,2026-01-15 01:48:00,875357,104838,10000,0,200
T1023,M2003,ACCT100145,DST300013,2026-01-15 04:30:00,281613,100253,10000,0,200
T1023,M2002,ACCT100145,DST300139,2026-01-15 04:32:00,305649,103395,400000,0,200
T1023,M2000,ACCT100145,DST300160,2026-01-15 06:47:00,335720,103504,10000,0,200
T1001,M2003,ACCT100145,DST300044,2026-01-15 06:54:00,314254,103535,10000,0,200
T1001,M2004,ACCT100145,DST300140,2026-01-15 07:10:00,301089,103876,10000,0,200
T1001,M2014,ACCT100145,DST300184,2026-01-15 07:11:00,331869,104523,300000,55,200
T1001,M2007,ACCT100145,DST300124,2026-01-15 07:12:00,345277,104524,300000,55,200
T1001,M2013,ACCT100145,DST300037,2026-01-15 07:13:00,297463,104525,300000,55,200
T1001,M2008,ACCT100145,DST300110,2026-01-15 07:14:00,327742,104526,300000,55,200
T1001,M2002,ACCT100145,DST300013,2026-01-15 07:15:00,330733,104527,300000,55,200
T1023,M2017,ACCT100145,DST300004,2026-01-15 07:49:00,363908,100979,400000,0,200
T1001,M2015,ACCT100145,DST300111,2026-01-15 08:29:00,278994,104733,400000,0,200
T1023,M2007,ACCT100145,DST300196,2026-01-15 11:11:00,310141,101076,400000,0,200
T1023,M2005,ACCT100145,DST300199,2026-01-15 12:43:00,329706,101158,400000,0,200
T1023,M2012,ACCT100145,DST300110,2026-01-15 16:13:00,334086,101164,10000,0,200
T1023,M2002,ACCT100145,DST300083,2026-01-15 18:32:00,321155,101175,10000,0,200
T1023,M2003,ACCT100145,DST300026,2026-01-15 22:13:00,366635,102584,400000,0,200
T1025,M2008,ACCT100146,DST300002,2026-01-04 03:50:00,230766,100175,400000,0,200
T1025,M2008,ACCT100146,DST300117,2026-01-04 04:33:00,236239,100751,10000,0,200
T1025,M2011,ACCT100146,DST300174,2026-01-04 06:30:00,285645,101121,400000,0,200
T1025,M2012,ACCT100146,DST300164,2026-01-04 09:43:00,273692,101238,400000,0,200
T1025,M2000,ACCT100146,DST300015,2026-01-04 13:05:00,288778,101280,10000,0,200
T1025,M2016,ACCT100146,DST300114,2026-01-04 13:11:00,4324849,101398,10000,0,200
T1025,M2018,ACCT100146,DST300092,2026-01-04 16:58:00,307518,102567,400000,0,200
T1025,M2007,ACCT100146,DST300096,2026-01-04 20:42:00,244945,102610,10000,0,200
T1025,M2000,ACCT100146,DST300022,2026-01-04 23:24:00,275740,102888,400000,0,200
T1025,M2003,ACCT100146,DST300006,2026-01-05 02:25:00,262593,104199,10000,0,200
T1025,M2000,ACCT100146,DST300092,2026-01-05 04:54:00,244348,104372,10000,0,200
T1016,M2013,ACCT100147,DST300010,2026-01-13 01:52:00,454530,100346,10000,0,200
T1016,M2004,ACCT100147,DST999999,2026-01-13 01:54:00,186433,100511,400000,0,200
T1016,M2003,ACCT100147,DST999999,2026-01-13 01:56:00,162850,100512,400000,0,200
T1016,M2013,ACCT100147,DST999999,2026-01-13 01:58:00,183174,100513,400000,0,200
T1016,M2014,ACCT100147,DST999999,2026-01-13 02:00:00,227703,100514,400000,0,200
T1000,M2006,ACCT100147,DST300005,2026-01-13 02:04:00,193300,101059,10000,0,200
T1016,M2016,ACCT100147,DST300032,2026-01-13 03:03:00,376209,100219,10000,0,200
T1000,M2000,ACCT100147,DST300005,2026-01-13 04:28:00,454406,103858,10000,0,200
T1000,M2018,ACCT100147,DST300020,2026-01-13 04:58:00,195064,101310,400000,0,200
T1016,M2003,ACCT100147,DST300102,2026-01-13 06:31:00,157644,100126,10000,0,200
T1000,M2018,ACCT100147,DST300188,2026-01-13 07:17:00,209737,101819,10000,0,200
T1000,M2018,ACCT100147,DST300172,2026-01-13 07:38:00,163716,104016,400000,0,200
T1000,M2004,ACCT100147,DST300155,2026-01-13 08:55:00,172119,101850,400000,0,200
T1000,M2006,ACCT100147,DST300035,2026-01-13 09:26:00,165495,102328,400000,0,200
T1000,M2003,ACCT100147,DST300128,2026-01-13 10:40:00,145999,104042,10000,0,200
T1000,M2006,ACCT100147,DST300134,2026-01-13 12:26:00,174764,102460,10000,0,200
T1000,M2005,ACCT100147,DST300131,2026-01-13 12:27:00,167589,102504,300000,55,200
T1000,M2014,ACCT100147,DST300172,2026-01-13 12:28:00,182850,102505,300000,55,200
T1000,M2019,ACCT100147,DST300193,2026-01-13 12:29:00,176662,102506,300000,55,200
T1000,M2010,ACCT100147,DST300006,2026-01-13 12:30:00,178093,102507,300000,55,200
T1000,M2005,ACCT100147,DST300041,2026-01-13 14:31:00,185947,103110,400000,0,200
T1000,M2019,ACCT100147,DST300007,2026-01-13 14:58:00,1875314,103376,10000,0,200
T1000,M2013,ACCT100147,DST300107,2026-01-13 17:05:00,205820,103451,10000,0,200
T1023,M2008,ACCT100148,DST300180,2026-01-11 00:11:00,338929,100089,10000,0,200
T1023,M2003,ACCT100148,DST300044,2026-01-11 01:57:00,295485,100666,10000,0,200
T1005,M2011,ACCT100148,DST300103,2026-01-11 02:03:00,335338,100957,10000,0,200
T1005,M2006,ACCT100148,DST300196,2026-01-11 02:19:00,338602,101605,400000,0,200
T1018,M2008,ACCT100148,DST300151,2026-01-11 02:20:00,309182,101705,10000,0,200
T1018,M2011,ACCT100148,DST300043,2026-01-11 03:23:00,634603,104837,10000,0,200
T1018,M2013,ACCT100148,DST300138,2026-01-11 06:09:00,322354,101915,10000,0,200
T1018,M2007,ACCT100148,DST300073,2026-01-11 08:57:00,318270,102254,400000,0,200
T1018,M2009,ACCT100148,DST300174,2026-01-11 09:30:00,3316894,102922,10000,0,200
T1018,M2017,ACCT100148,DST300152,2026-01-11 12:43:00,315005,103541,400000,0,200
T1018,M2014,ACCT100148,DST300079,2026-01-11 14:24:00,353860,103913,10000,0,200
T1018,M2019,ACCT100148,DST300147,2026-01-11 14:25:00,321178,104154,300000,55,200
T1018,M2012,ACCT100148,DST300161,2026-01-11 14:26:00,322796,104155,300000,55,200
T1018,M2014,ACCT100148,DST300096,2026-01-11 14:27:00,304009,104156,300000,55,200
T1018,M2010,ACCT100148,DST300101,2026-01-11 14:28:00,364853,104157,300000,55,200
T1018,M2019,ACCT100148,DST300060,2026-01-11 14:29:00,298858,104158,300000,55,200
T1018,M2002,ACCT100148,DST300027,2026-01-11 16:45:00,309608,104235,400000,0,200
T1025,M2013,ACCT100149,DST300120,2026-01-07 17:11:00,193520,101115,10000,0,200
T1025,M2001,ACCT100149,DST300002,2026-01-07 18:57:00,197656,101739,400000,0,200
T1025,M2008,ACCT100149,DST300109,2026-01-07 20:24:00,250485,103732,10000,0,200
T1025,M2001,ACCT100149,DST300178,2026-01-07 21:59:00,186813,103979,10000,0,200
T1025,M2016,ACCT100149,DST300072,2026-01-08 00:51:00,196498,104365,400000,0,200
T1025,M2009,ACCT100149,DST300179,2026-01-08 01:13:00,3623698,104666,10000,0,200
T1023,M2010,ACCT100150,DST300040,2026-01-08 16:28:00,3525844,100337,10000,0,200
T1023,M2001,ACCT100150,DST999999,2026-01-08 16:30:00,258423,100523,400000,0,200
T1023,M2001,ACCT100150,DST999999,2026-01-08 16:32:00,249480,100524,400000,0,200
T1023,M2007,ACCT100150,DST300124,2026-01-08 16:50:00,211163,100764,400000,0,200
T1023,M2004,ACCT100150,DST300080,2026-01-08 18:42:00,236275,100896,10000,0,200
T1023,M2010,ACCT100150,DST999999,2026-01-08 18:44:00,215545,101356,400000,0,200
T1023,M2007,ACCT100150,DST999999,2026-01-08 18:46:00,275568,101357,400000,0,200
T1023,M2017,ACCT100150,DST999999,2026-01-08 18:48:00,299511,101358,400000,0,200
T1023,M2007,ACCT100150,DST999999,2026-01-08 18:50:00,242338,101359,400000,0,200
T1023,M2003,ACCT100150,DST300199,2026-01-08 21:15:00,235337,101866,400000,0,200
T1029,M2001,ACCT100150,DST300016,2026-01-08 21:20:00,222097,102212,10000,0,200
T1029,M2003,ACCT100150,DST300041,2026-01-08 21:56:00,225624,102727,400000,0,200
T1029,M2016,ACCT100150,DST300090,2026-01-08 23:16:00,283432,102969,400000,0,200
T1029,M2016,ACCT100150,DST300091,2026-01-09 03:04:00,279998,104252,10000,0,200
T1029,M2013,ACCT100150,DST300064,2026-01-09 05:21:00,286649,104563,400000,0,200
T1023,M2004,ACCT100151,DST300054,2026-01-03 11:47:00,218003,100597,400000,0,200
T1023,M2009,ACCT100151,DST300015,2026-01-03 12:09:00,175701,101037,10000,0,200
T1023,M2008,ACCT100151,DST300012,2026-01-03 14:10:00,222452,101243,10000,0,200
T1023,M2001,ACCT100151,DST300011,2026-01-03 18:03:00,160302,102061,10000,0,200
T1023,M2012,ACCT100151,DST300077,2026-01-03 19:53:00,215131,102547,10000,0,200
T1023,M2001,ACCT100151,DST300147,2026-01-03 19:59:00,195394,102781,10000,0,200
T1023,M2016,ACCT100151,DST300120,2026-01-03 22:49:00,190036,103637,10000,0,200
T1023,M2016,ACCT100151,DST300043,2026-01-04 00:57:00,172156,104085,400000,0,200
T1023,M2001,ACCT100151,DST300067,2026-01-04 03:02:00,198615,104277,10000,0,200
T1023,M2008,ACCT100151,DST300190,2026-01-04 04:12:00,360666,104893,10000,0,200
T1023,M2013,ACCT100151,DST300076,2026-01-04 05:27:00,197627,104427,400000,0,200
T1023,M2003,ACCT100151,DST300120,2026-01-04 08:38:00,177417,104866,10000,0,200
T1023,M2012,ACCT100151,DST300164,2026-01-04 10:18:00,204751,104873,400000,0,200
T1023,M2007,ACCT100152,DST300190,2026-01-14 04:47:00,447235,100409,10000,0,200
T1023,M2012,ACCT100152,DST300110,2026-01-14 04:56:00,2857702,100674,10000,0,200
T1023,M2017,ACCT100152,DST300033,2026-01-14 06:15:00,180287,101009,400000,0,200
T1023,M2013,ACCT100152,DST300029,2026-01-14 08:42:00,231429,101146,400000,0,200
T1023,M2017,ACCT100152,DST300149,2026-01-14 08:59:00,186674,101432,400000,0,200
T1023,M2009,ACCT100152,DST300196,2026-01-14 09:05:00,3024846,101719,10000,0,200
T1023,M2016,ACCT100152,DST300183,2026-01-14 09:29:00,3590400,101804,10000,0,200
T1023,M2007,ACCT100152,DST300176,2026-01-14 11:48:00,233319,100046,400000,0,200
T1023,M2002,ACCT100152,DST300122,2026-01-14 12:00:00,230515,101967,10000,0,200
T1023,M2008,ACCT100152,DST300031,2026-01-14 15:04:00,249315,101988,10000,0,200
T1023,M2002,ACCT100152,DST300067,2026-01-14 17:31:00,217809,102400,10000,0,200
T1023,M2004,ACCT100152,DST300082,2026-01-14 20:55:00,237891,102474,400000,0,200
T1023,M2010,ACCT100152,DST300166,2026-01-14 22:36:00,239253,103011,400000,0,200
T1023,M2007,ACCT100152,DST300037,2026-01-14 22:37:00,242523,103982,300000,55,200
T1023,M2008,ACCT100152,DST300153,2026-01-14 22:38:00,230784,103983,300000,55,200
T1023,M2014,ACCT100152,DST300072,2026-01-14 22:39:00,245475,103984,300000,55,200
T1023,M2003,ACCT100152,DST300116,2026-01-15 00:53:00,191244,104133,400000,0,200
T1023,M2016,ACCT100152,DST300180,2026-01-15 03:47:00,220145,104678,10000,0,200
T1023,M2016,ACCT100152,DST300083,2026-01-15 04:48:00,191656,104717,400000,0,200
T1023,M2015,ACCT100152,DST300124,2026-01-15 05:12:00,190304,104829,10000,0,200
T1014,M2005,ACCT100153,DST300027,2026-01-03 02:37:00,644924,103805,10000,0,200
T1014,M2016,ACCT100153,DST300169,2026-01-03 05:26:00,261708,103820,400000,0,200
T1014,M2012,ACCT100153,DST300183,2026-01-03 06:31:00,244366,104019,400000,0,200
T1014,M2008,ACCT100153,DST999999,2026-01-03 06:33:00,253134,104299,400000,0,200
T1014,M2017,ACCT100153,DST999999,2026-01-03 06:35:00,296221,104300,400000,0,200
T1014,M2002,ACCT100153,DST999999,2026-01-03 06:37:00,263772,104301,400000,0,200
T1014,M2009,ACCT100153,DST999999,2026-01-03 06:39:00,232208,104302,400000,0,200
T1014,M2015,ACCT100153,DST300091,2026-01-03 08:40:00,245632,100564,400000,0,200
T1014,M2012,ACCT100153,DST300185,2026-01-03 09:05:00,279283,104395,400000,0,200
T1014,M2014,ACCT100153,DST300099,2026-01-03 10:03:00,232408,101447,10000,0,200
T1014,M2019,ACCT100153,DST300100,2026-01-03 10:13:00,249387,101780,400000,0,200
T1014,M2005,ACCT100153,DST300089,2026-01-03 11:17:00,262792,104694,10000,0,200
T1014,M2000,ACCT100153,DST300073,2026-01-03 12:15:00,273937,104742,10000,0,200
T1014,M2011,ACCT100153,DST300168,2026-01-03 14:09:00,277602,102005,10000,0,200
T1014,M2011,ACCT100153,DST300053,2026-01-03 15:37:00,275147,104892,10000,0,200
T1014,M2006,ACCT100153,DST300066,2026-01-03 16:17:00,281039,102015,400000,0,200
T1014,M2002,ACCT100153,DST300181,2026-01-03 16:30:00,256594,102326,10000,0,200
T1014,M2018,ACCT100153,DST300018,2026-01-03 17:12:00,273285,103486,10000,0,200
T1014,M2012,ACCT100153,DST300134,2026-01-03 18:12:00,248577,103668,10000,0,200
T1018,M2013,ACCT100154,DST300158,2026-01-14 02:27:00,69774,100226,10000,0,200
T1018,M2017,ACCT100154,DST300170,2026-01-14 02:57:00,1022670,100306,10000,0,200
T1018,M2003,ACCT100154,DST300184,2026-01-14 03:25:00,91734,100404,10000,0,200
T1018,M2013,ACCT100154,DST300181,2026-01-14 04:23:00,81991,100526,10000,0,200
T1018,M2014,ACCT100154,DST300074,2026-01-14 04:37:00,68380,100742,10000,0,200
T1018,M2011,ACCT100154,DST300104,2026-01-14 04:57:00,77558,100843,400000,0,200
T1018,M2004,ACCT100154,DST300177,2026-01-14 07:55:00,62801,100881,10000,0,200
T1018,M2014,ACCT100154,DST300063,2026-01-14 10:19:00,136322,101140,10000,0,200
T1028,M2006,ACCT100154,DST300073,2026-01-14 10:23:00,84590,101619,10000,0,200
T1028,M2004,ACCT100154,DST300154,2026-01-14 13:59:00,51014,102161,10000,0,200
T1028,M2012,ACCT100154,DST300111,2026-01-14 17:25:00,70063,102745,400000,0,200
T1028,M2007,ACCT100154,DST300013,2026-01-14 19:35:00,109078,102824,400000,0,200
T1028,M2016,ACCT100154,DST300089,2026-01-14 23:08:00,33109,102908,400000,0,200
T1028,M2000,ACCT100154,DST300071,2026-01-14 23:09:00,74445,104011,300000,55,200
T1028,M2002,ACCT100154,DST300151,2026-01-14 23:10:00,55621,104012,300000,55,200
T1028,M2017,ACCT100154,DST300073,2026-01-14 23:11:00,82296,104013,300000,55,200
T1028,M2009,ACCT100154,DST300080,2026-01-14 23:12:00,81619,104014,300000,55,200
T1028,M2000,ACCT100154,DST300146,2026-01-14 23:13:00,44531,104015,300000,55,200
T1028,M2010,ACCT100154,DST300085,2026-01-15 00:32:00,76928,104615,10000,0,200
T1028,M2001,ACCT100154,DST300195,2026-01-15 02:07:00,94096,104830,400000,0,200
T1026,M2014,ACCT100155,DST300104,2026-01-11 14:21:00,141670,100132,400000,0,200
T1016,M2002,ACCT100155,DST300150,2026-01-11 14:23:00,128665,100371,10000,0,200
T1016,M2015,ACCT100155,DST300033,2026-01-11 14:49:00,107543,100650,400000,0,200
T1016,M2016,ACCT100155,DST300045,2026-01-11 15:53:00,132039,101092,400000,0,200
T1016,M2015,ACCT100155,DST300089,2026-01-11 17:39:00,141698,101268,10000,0,200
T1016,M2019,ACCT100155,DST300122,2026-01-11 20:43:00,124995,101575,400000,0,200
T1016,M2017,ACCT100155,DST300110,2026-01-11 23:38:00,112760,101654,400000,0,200
T1016,M2009,ACCT100155,DST300173,2026-01-12 01:48:00,153830,101950,10000,0,200
T1016,M2014,ACCT100155,DST300063,2026-01-12 02:00:00,325653,102257,10000,0,200
T1016,M2016,ACCT100155,DST300043,2026-01-12 04:44:00,277547,102253,10000,0,200
T1016,M2008,ACCT100155,DST300189,2026-01-12 05:14:00,110009,102772,400000,0,200
T1016,M2007,ACCT100155,DST300116,2026-01-12 05:43:00,1987100,103328,10000,0,200
T1016,M2018,ACCT100155,DST300070,2026-01-12 07:47:00,125500,104321,400000,0,200
T1016,M2013,ACCT100155,DST300067,2026-01-12 08:16:00,1424936,104597,10000,0,200
T1016,M2006,ACCT100155,DST300186,2026-01-12 08:22:00,114994,104646,400000,0,200
T1016,M2008,ACCT100155,DST300165,2026-01-12 10:47:00,150815,104693,10000,0,200
T1014,M2005,ACCT100156,DST300045,2026-01-11 04:15:00,382767,102823,10000,0,200
T1014,M2008,ACCT100156,DST300034,2026-01-11 07:16:00,159261,103209,400000,0,200
T1014,M2008,ACCT100156,DST300148,2026-01-11 10:00:00,164418,104628,10000,0,200
T1014,M2016,ACCT100156,DST999999,2026-01-11 10:02:00,144407,104673,400000,0,200
T1014,M2013,ACCT100156,DST999999,2026-01-11 10:04:00,149768,104674,400000,0,200
T1014,M2019,ACCT100156,DST300091,2026-01-11 10:05:00,126542,104768,300000,55,200
T1014,M2002,ACCT100156,DST300077,2026-01-11 10:06:00,183642,104769,300000,55,200
T1014,M2010,ACCT100156,DST300041,2026-01-11 10:07:00,133958,104770,300000,55,200
T1027,M2012,ACCT100156,DST300067,2026-01-11 16:57:00,174077,100732,400000,0,200
T1027,M2011,ACCT100156,DST300169,2026-01-11 20:22:00,155058,101120,10000,0,200
T1014,M2000,ACCT100156,DST300112,2026-01-11 20:27:00,186643,101202,10000,0,200
T1014,M2005,ACCT100156,DST300061,2026-01-11 21:01:00,112820,102709,400000,0,200
T1011,M2000,ACCT100157,DST300100,2026-01-09 16:25:00,285904,100231,400000,0,200
T1011,M2002,ACCT100157,DST300115,2026-01-09 18:18:00,231203,100415,10000,0,200
T1011,M2001,ACCT100157,DST300184,2026-01-09 18:27:00,296048,101000,400000,0,200
T1011,M2018,ACCT100157,DST300062,2026-01-09 21:02:00,208472,101026,400000,0,200
T1011,M2012,ACCT100157,DST300027,2026-01-09 21:03:00,242810,101098,300000,55,200
T1011,M2017,ACCT100157,DST300029,2026-01-09 21:04:00,218198,101099,300000,55,200
T1011,M2001,ACCT100157,DST300007,2026-01-09 21:05:00,239642,101100,300000,55,200
T1011,M2017,ACCT100157,DST300096,2026-01-09 21:06:00,239649,101101,300000,55,200
T1011,M2016,ACCT100157,DST300073,2026-01-09 21:07:00,283037,101102,300000,55,200
T1011,M2010,ACCT100157,DST300003,2026-01-10 00:13:00,207772,101122,10000,0,200
T1011,M2009,ACCT100157,DST300059,2026-01-10 02:22:00,672655,102258,10000,0,200
T1011,M2014,ACCT100157,DST300048,2026-01-10 03:58:00,213133,101124,10000,0,200
T1011,M2012,ACCT100157,DST300182,2026-01-10 05:55:00,263973,102405,400000,0,200
T1011,M2014,ACCT100157,DST300084,2026-01-10 06:16:00,3011694,102676,10000,0,200
T1011,M2017,ACCT100157,DST300004,2026-01-10 06:52:00,263886,101265,10000,0,200
T1011,M2008,ACCT100157,DST300152,2026-01-10 07:12:00,269729,101372,400000,0,200
T1011,M2009,ACCT100157,DST300009,2026-01-10 07:28:00,262198,101390,400000,0,200
T1011,M2010,ACCT100157,DST300089,2026-01-10 08:11:00,239469,102997,400000,0,200
T1011,M2004,ACCT100157,DST300084,2026-01-10 08:12:00,222532,103013,300000,55,200
T1011,M2019,ACCT100157,DST300092,2026-01-10 08:13:00,229492,103014,300000,55,200
T1011,M2000,ACCT100157,DST300140,2026-01-10 08:14:00,256393,103015,300000,55,200
T1026,M2011,ACCT100157,DST300134,2026-01-10 08:16:00,284670,103255,10000,0,200
T1026,M2010,ACCT100157,DST300122,2026-01-10 10:53:00,259447,103440,400000,0,200
T1026,M2011,ACCT100157,DST300151,2026-01-10 14:17:00,223172,103498,10000,0,200
T1026,M2018,ACCT100157,DST300195,2026-01-10 17:58:00,233638,103515,400000,0,200
T1026,M2015,ACCT100157,DST999999,2026-01-10 18:00:00,243352,104480,400000,0,200
T1026,M2002,ACCT100157,DST999999,2026-01-10 18:02:00,278431,104481,400000,0,200
T1026,M2003,ACCT100157,DST300155,2026-01-10 18:48:00,192852,104736,10000,0,200
T1029,M2008,ACCT100157,DST300005,2026-01-10 18:53:00,247781,104791,10000,0,200
T1023,M2015,ACCT100158,DST300092,2026-01-03 01:44:00,502571,103091,10000,0,200
T1023,M2003,ACCT100158,DST300101,2026-01-03 02:28:00,194266,103917,10000,0,200
T1026,M2010,ACCT100158,DST300058,2026-01-03 02:55:00,372777,101228,10000,0,200
T1023,M2013,ACCT100158,DST300026,2026-01-03 06:11:00,193925,104065,400000,0,200
T1026,M2015,ACCT100158,DST300066,2026-01-03 06:49:00,162375,101507,400000,0,200
T1023,M2004,ACCT100158,DST300002,2026-01-03 08:49:00,166387,104089,10000,0,200
T1026,M2018,ACCT100158,DST300075,2026-01-03 10:47:00,181918,101721,400000,0,200
T1023,M2019,ACCT100158,DST300091,2026-01-03 10:53:00,163149,104100,10000,0,200
T1023,M2014,ACCT100158,DST300152,2026-01-03 12:30:00,212039,104409,10000,0,200
T1023,M2013,ACCT100158,DST999999,2026-01-03 12:32:00,164020,104495,400000,0,200
T1026,M2011,ACCT100158,DST300085,2026-01-03 12:33:00,175807,102017,10000,0,200
T1023,M2016,ACCT100158,DST999999,2026-01-03 12:34:00,180192,104496,400000,0,200
T1023,M2012,ACCT100158,DST999999,2026-01-03 12:36:00,175822,104497,400000,0,200
T1023,M2000,ACCT100158,DST300087,2026-01-03 12:37:00,191825,102234,10000,0,200
T1005,M2004,ACCT100158,DST300015,2026-01-03 12:39:00,220869,104585,10000,0,200
T1023,M2002,ACCT100158,DST300163,2026-01-03 16:27:00,197234,102266,10000,0,200
T1023,M2012,ACCT100158,DST300189,2026-01-03 19:12:00,183845,102691,400000,0,200
T1023,M2010,ACCT100158,DST999999,2026-01-03 19:14:00,171925,102743,400000,0,200
T1023,M2015,ACCT100158,DST999999,2026-01-03 19:16:00,146545,102744,400000,0,200
T1014,M2004,ACCT100159,DST300033,2026-01-01 22:34:00,267478,100622,10000,0,200
T1014,M2017,ACCT100159,DST300148,2026-01-02 01:31:00,324168,101304,400000,0,200
T1014,M2016,ACCT100159,DST300067,2026-01-02 02:55:00,566876,102704,10000,0,200
T1014,M2002,ACCT100159,DST300030,2026-01-02 04:37:00,304593,101511,400000,0,200
T1014,M2001,ACCT100159,DST300078,2026-01-02 06:10:00,359721,102802,400000,0,200
T1014,M2016,ACCT100159,DST300074,2026-01-02 08:27:00,301898,101600,10000,0,200
T1014,M2011,ACCT100159,DST300155,2026-01-02 08:39:00,331493,102833,10000,0,200
T1014,M2012,ACCT100159,DST300132,2026-01-02 09:15:00,369411,101943,400000,0,200
T1014,M2009,ACCT100159,DST300103,2026-01-02 09:35:00,314932,101947,10000,0,200
T1014,M2018,ACCT100159,DST300186,2026-01-02 10:29:00,336432,102930,400000,0,200
T1014,M2016,ACCT100159,DST300165,2026-01-02 11:13:00,330128,103027,400000,0,200
T1014,M2019,ACCT100159,DST300143,2026-01-02 11:54:00,364615,103028,10000,0,200
T1014,M2016,ACCT100159,DST300024,2026-01-02 12:01:00,336165,102414,400000,0,200
T1014,M2002,ACCT100159,DST300041,2026-01-02 14:23:00,314608,104498,10000,0,200
T1000,M2003,ACCT100160,DST300074,2026-01-07 08:06:00,332379,100069,10000,0,200
T1000,M2005,ACCT100160,DST300120,2026-01-07 09:08:00,307144,100207,400000,0,200
T1000,M2006,ACCT100160,DST300051,2026-01-07 11:54:00,320510,101151,400000,0,200
T1000,M2007,ACCT100160,DST300025,2026-01-07 15:42:00,319429,101259,400000,0,200
T1000,M2008,ACCT100160,DST300138,2026-01-07 17:02:00,333578,101917,10000,0,200
T1000,M2015,ACCT100160,DST300012,2026-01-07 17:03:00,335877,102191,300000,55,200
T1000,M2004,ACCT100160,DST300162,2026-01-07 17:04:00,288098,102192,300000,55,200
T1000,M2017,ACCT100160,DST300084,2026-01-07 17:05:00,324109,102193,300000,55,200
T1000,M2018,ACCT100160,DST300063,2026-01-07 17:42:00,349057,102439,400000,0,200
T1000,M2017,ACCT100160,DST300033,2026-01-07 19:36:00,348350,102635,400000,0,200
T1000,M2004,ACCT100160,DST300025,2026-01-07 19:37:00,341304,102717,300000,55,200
T1000,M2005,ACCT100160,DST300155,2026-01-07 19:38:00,343542,102718,300000,55,200
T1000,M2010,ACCT100160,DST300061,2026-01-07 19:39:00,309567,102719,300000,55,200
T1000,M2004,ACCT100160,DST300043,2026-01-07 19:40:00,319678,102720,300000,55,200
T1000,M2000,ACCT100160,DST300059,2026-01-07 19:41:00,375839,102721,300000,55,200
T1000,M2004,ACCT100160,DST300134,2026-01-07 22:42:00,332827,103181,400000,0,200
T1000,M2011,ACCT100160,DST300126,2026-01-07 22:43:00,306609,103318,300000,55,200
T1000,M2013,ACCT100160,DST300020,2026-01-07 22:44:00,368318,103319,300000,55,200
T1000,M2012,ACCT100160,DST300086,2026-01-07 22:45:00,307378,103320,300000,55,200
T1000,M2011,ACCT100160,DST300051,2026-01-07 22:46:00,312774,103321,300000,55,200
T1000,M2012,ACCT100160,DST300085,2026-01-08 00:30:00,307970,103786,10000,0,200
T1000,M2018,ACCT100160,DST300042,2026-01-08 03:28:00,335121,103995,10000,0,200
T1000,M2016,ACCT100160,DST300096,2026-01-08 03:31:00,977171,104817,10000,0,200
T1000,M2009,ACCT100160,DST300048,2026-01-08 05:52:00,331880,104384,400000,0,200
T1000,M2018,ACCT100161,DST300010,2026-01-15 16:15:00,382151,100365,10000,0,200
T1000,M2008,ACCT100161,DST300139,2026-01-15 19:20:00,334120,100562,10000,0,200
T1000,M2011,ACCT100161,DST300196,2026-01-15 23:05:00,329183,100720,400000,0,200
T1007,M2010,ACCT100161,DST300129,2026-01-16 01:41:00,753671,103573,10000,0,200
T1000,M2005,ACCT100161,DST300046,2026-01-16 02:05:00,327492,100928,10000,0,200
T1000,M2015,ACCT100161,DST300117,2026-01-16 02:06:00,354762,101129,300000,55,200
T1000,M2012,ACCT100161,DST300066,2026-01-16 02:07:00,329897,101130,300000,55,200
T1000,M2014,ACCT100161,DST300135,2026-01-16 02:08:00,369414,101131,300000,55,200
T1000,M2001,ACCT100161,DST300168,2026-01-16 02:09:00,306188,101132,300000,55,200
T1007,M2005,ACCT100161,DST300038,2026-01-16 02:52:00,321348,103697,10000,0,200
T1007,M2009,ACCT100161,DST300010,2026-01-16 03:01:00,324266,104618,400000,0,200
T1000,M2017,ACCT100161,DST300070,2026-01-16 03:11:00,285891,101224,400000,0,200
T1000,M2007,ACCT100161,DST300062,2026-01-16 06:48:00,336035,101552,400000,0,200
T1000,M2002,ACCT100161,DST999999,2026-01-16 06:50:00,374563,102067,400000,0,200
T1000,M2018,ACCT100161,DST999999,2026-01-16 06:52:00,358784,102068,400000,0,200
T1000,M2012,ACCT100161,DST999999,2026-01-16 06:54:00,348236,102069,400000,0,200
T1000,M2014,ACCT100161,DST999999,2026-01-16 06:56:00,318197,102214,400000,0,200
T1000,M2012,ACCT100161,DST999999,2026-01-16 06:58:00,326006,102215,400000,0,200
T1000,M2018,ACCT100161,DST999999,2026-01-16 07:00:00,282407,102216,400000,0,200
T1000,M2009,ACCT100161,DST300143,2026-01-16 09:52:00,363676,102348,10000,0,200
T1007,M2000,ACCT100161,DST300181,2026-01-16 09:56:00,356003,102483,10000,0,200
T1007,M2010,ACCT100161,DST300073,2026-01-16 09:57:00,357105,102643,300000,55,200
T1007,M2002,ACCT100161,DST300112,2026-01-16 09:58:00,323783,102644,300000,55,200
T1007,M2007,ACCT100161,DST300075,2026-01-16 09:59:00,317719,102645,300000,55,200
T1007,M2006,ACCT100161,DST300084,2026-01-16 10:00:00,361127,102646,300000,55,200
T1007,M2009,ACCT100161,DST300182,2026-01-16 13:15:00,370488,102686,400000,0,200
T1007,M2014,ACCT100161,DST300044,2026-01-16 14:25:00,337393,103569,10000,0,200
T1026,M2016,ACCT100162,DST300017,2026-01-04 21:39:00,177367,100148,400000,0,200
T1026,M2004,ACCT100162,DST300058,2026-01-05 00:28:00,162463,100161,400000,0,200
T1026,M2013,ACCT100162,DST300050,2026-01-05 02:09:00,187696,100717,10000,0,200
T1026,M2014,ACCT100162,DST300073,2026-01-05 02:54:00,309344,102591,10000,0,200
T1026,M2006,ACCT100162,DST300033,2026-01-05 03:36:00,193081,101062,10000,0,200
T1026,M2010,ACCT100162,DST300050,2026-01-05 04:52:00,168080,103043,10000,0,200
T1026,M2002,ACCT100162,DST300064,2026-01-05 08:24:00,232786,103074,10000,0,200
T1026,M2005,ACCT100162,DST300113,2026-01-05 11:50:00,210671,103373,10000,0,200
T1026,M2002,ACCT100162,DST300184,2026-01-05 13:54:00,136891,103494,10000,0,200
T1026,M2008,ACCT100162,DST300136,2026-01-05 16:11:00,204230,103860,400000,0,200
T1026,M2013,ACCT100162,DST300176,2026-01-05 20:04:00,182319,104602,10000,0,200
T1026,M2006,ACCT100162,DST300175,2026-01-05 20:55:00,124900,104691,10000,0,200
T1026,M2007,ACCT100162,DST300132,2026-01-05 21:35:00,184975,104695,10000,0,200
T1011,M2017,ACCT100163,DST300087,2026-01-10 01:33:00,199300,100178,10000,0,200
T1011,M2005,ACCT100163,DST300103,2026-01-10 03:46:00,187698,100691,400000,0,200
T1011,M2013,ACCT100163,DST300191,2026-01-10 05:49:00,221214,101152,400000,0,200
T1011,M2012,ACCT100163,DST300035,2026-01-10 06:13:00,237443,101703,10000,0,200
T1011,M2005,ACCT100163,DST300096,2026-01-10 09:17:00,234729,101784,10000,0,200
T1011,M2008,ACCT100163,DST300115,2026-01-10 12:28:00,236342,102820,400000,0,200
T1011,M2013,ACCT100163,DST300051,2026-01-10 13:39:00,179651,103673,10000,0,200
T1011,M2015,ACCT100163,DST300169,2026-01-10 14:53:00,211088,103690,400000,0,200
T1011,M2003,ACCT100163,DST300064,2026-01-10 18:44:00,240915,103749,400000,0,200
T1011,M2014,ACCT100163,DST300058,2026-01-10 22:03:00,159011,103804,10000,0,200
T1011,M2018,ACCT100163,DST300113,2026-01-10 23:32:00,213432,104258,400000,0,200
T1017,M2005,ACCT100164,DST300009,2026-01-18 01:50:00,521359,100044,10000,0,200
T1017,M2011,ACCT100164,DST300077,2026-01-18 05:29:00,214813,100416,400000,0,200
T1017,M2017,ACCT100164,DST300064,2026-01-18 06:06:00,158738,100698,400000,0,200
T1017,M2006,ACCT100164,DST300065,2026-01-18 06:32:00,222523,101093,400000,0,200
T1017,M2013,ACCT100164,DST300048,2026-01-18 07:24:00,205690,101731,400000,0,200
T1017,M2006,ACCT100164,DST300035,2026-01-18 07:54:00,191528,102738,10000,0,200
T1017,M2006,ACCT100164,DST300037,2026-01-18 07:55:00,216619,103898,300000,55,200
T1017,M2002,ACCT100164,DST300133,2026-01-18 07:56:00,166799,103899,300000,55,200
T1017,M2002,ACCT100164,DST300087,2026-01-18 07:57:00,203010,103900,300000,55,200
T1017,M2014,ACCT100164,DST300092,2026-01-18 07:58:00,204744,103901,300000,55,200
T1017,M2017,ACCT100164,DST300128,2026-01-18 07:59:00,190017,103902,300000,55,200
T1006,M2007,ACCT100164,DST300071,2026-01-18 08:05:00,173322,103973,10000,0,200
T1006,M2019,ACCT100164,DST300076,2026-01-18 10:33:00,181623,104024,400000,0,200
T1004,M2001,ACCT100165,DST300036,2026-01-12 00:44:00,3764495,101516,10000,0,200
T1004,M2008,ACCT100165,DST300167,2026-01-12 00:49:00,282575,101530,400000,0,200
T1004,M2004,ACCT100165,DST300164,2026-01-12 03:41:00,227811,101806,10000,0,200
T1004,M2013,ACCT100165,DST300104,2026-01-12 03:59:00,215385,102122,400000,0,200
T1004,M2004,ACCT100165,DST300031,2026-01-12 06:07:00,236389,102759,10000,0,200
T1004,M2013,ACCT100165,DST300092,2026-01-12 06:45:00,260928,102811,10000,0,200
T1004,M2000,ACCT100165,DST300098,2026-01-12 08:07:00,221165,103114,10000,0,200
T1004,M2001,ACCT100165,DST300159,2026-01-12 09:58:00,196883,103642,400000,0,200
T1004,M2013,ACCT100165,DST300062,2026-01-12 13:22:00,258091,103807,10000,0,200
T1004,M2009,ACCT100165,DST300056,2026-01-12 13:44:00,197799,104660,10000,0,200
T1004,M2009,ACCT100165,DST300078,2026-01-12 16:35:00,278890,104734,10000,0,200
T1004,M2004,ACCT100165,DST300102,2026-01-12 16:50:00,3164389,104826,10000,0,200
T1004,M2016,ACCT100165,DST300094,2026-01-12 20:12:00,235438,104888,10000,0,200
T1003,M2016,ACCT100166,DST300044,2026-01-07 18:00:00,100606,100074,400000,0,200
T1003,M2017,ACCT100166,DST300007,2026-01-07 18:22:00,1377341,100220,10000,0,200
T1003,M2003,ACCT100166,DST300046,2026-01-07 19:00:00,92990,100252,400000,0,200
T1003,M2013,ACCT100166,DST300131,2026-01-07 21:24:00,100633,100425,400000,0,200
T1003,M2014,ACCT100166,DST300117,2026-01-07 22:00:00,79964,101922,10000,0,200
T1006,M2015,ACCT100166,DST300197,2026-01-07 22:03:00,83233,102064,10000,0,200
T1006,M2009,ACCT100166,DST300064,2026-01-07 23:45:00,69760,102937,400000,0,200
T1006,M2011,ACCT100166,DST300117,2026-01-08 00:11:00,102166,103001,400000,0,200
T1006,M2004,ACCT100166,DST300125,2026-01-08 02:03:00,109949,103389,400000,0,200
T1006,M2003,ACCT100166,DST300081,2026-01-08 05:58:00,85622,103394,10000,0,200
T1006,M2019,ACCT100166,DST300166,2026-01-08 06:12:00,58030,103439,400000,0,200
T1006,M2016,ACCT100166,DST300105,2026-01-08 09:09:00,90974,103585,10000,0,200
T1006,M2002,ACCT100166,DST300035,2026-01-08 09:20:00,102381,103703,400000,0,200
T1006,M2004,ACCT100166,DST300133,2026-01-08 11:48:00,35735,103850,400000,0,200
T1006,M2018,ACCT100166,DST300090,2026-01-08 12:30:00,84906,104108,10000,0,200
T1006,M2016,ACCT100166,DST300062,2026-01-08 13:20:00,39796,104272,400000,0,200
T1006,M2016,ACCT100166,DST300083,2026-01-08 16:59:00,108049,104413,400000,0,200
T1002,M2012,ACCT100167,DST300030,2026-01-11 00:37:00,352638,100959,400000,0,200
T1002,M2010,ACCT100167,DST300074,2026-01-11 01:02:00,5606940,101594,10000,0,200
T1002,M2007,ACCT100167,DST300136,2026-01-11 01:30:00,315942,101637,10000,0,200
T1002,M2007,ACCT100167,DST300187,2026-01-11 03:00:00,304522,101761,10000,0,200
T1002,M2019,ACCT100167,DST300192,2026-01-11 06:46:00,307512,101966,400000,0,200
T1002,M2013,ACCT100167,DST300025,2026-01-11 09:37:00,301657,101995,10000,0,200
T1002,M2006,ACCT100167,DST300067,2026-01-11 10:39:00,263201,102134,10000,0,200
T1003,M2016,ACCT100167,DST300107,2026-01-11 10:43:00,326251,103030,10000,0,200
T1003,M2011,ACCT100167,DST300127,2026-01-11 11:07:00,313333,104629,400000,0,200
T1003,M2017,ACCT100167,DST300026,2026-01-11 13:06:00,337791,104941,10000,0,200
T1027,M2000,ACCT100168,DST300088,2026-01-04 20:25:00,131703,100063,400000,0,200
T1027,M2006,ACCT100168,DST300150,2026-01-04 23:44:00,114654,100551,400000,0,200
T1027,M2007,ACCT100168,DST300057,2026-01-05 02:04:00,149543,100745,10000,0,200
T1027,M2000,ACCT100168,DST300153,2026-01-05 02:23:00,169941,100851,10000,0,200
T1027,M2018,ACCT100168,DST300182,2026-01-05 03:01:00,151065,101036,10000,0,200
T1027,M2011,ACCT100168,DST300184,2026-01-05 05:27:00,154913,101192,400000,0,200
T1027,M2000,ACCT100168,DST300195,2026-01-05 09:20:00,159044,101635,10000,0,200
T1027,M2013,ACCT100168,DST300106,2026-01-05 11:00:00,171844,101756,10000,0,200
T1027,M2004,ACCT100168,DST300163,2026-01-05 11:47:00,167325,101907,10000,0,200
T1027,M2001,ACCT100168,DST300041,2026-01-05 14:54:00,133522,102135,10000,0,200
T1027,M2011,ACCT100168,DST300046,2026-01-05 15:08:00,2737346,102473,10000,0,200
T1027,M2004,ACCT100168,DST300199,2026-01-05 18:03:00,202698,102649,400000,0,200
T1027,M2018,ACCT100168,DST300173,2026-01-05 19:10:00,136777,103044,10000,0,200
T1027,M2003,ACCT100168,DST300121,2026-01-05 19:11:00,139765,103551,300000,55,200
T1027,M2012,ACCT100168,DST300033,2026-01-05 19:12:00,175284,103552,300000,55,200
T1027,M2009,ACCT100168,DST300042,2026-01-05 19:13:00,132224,103553,300000,55,200
T1027,M2010,ACCT100168,DST300111,2026-01-05 19:14:00,151647,103554,300000,55,200
T1027,M2010,ACCT100168,DST300119,2026-01-05 19:15:00,187387,103555,300000,55,200
T1027,M2003,ACCT100168,DST999999,2026-01-05 19:17:00,161305,104071,400000,0,200
T1027,M2003,ACCT100168,DST999999,2026-01-05 19:19:00,98513,104072,400000,0,200
T1027,M2011,ACCT100168,DST300102,2026-01-05 23:14:00,200966,104509,10000,0,200
T1027,M2005,ACCT100168,DST300063,2026-01-06 03:12:00,173399,104609,10000,0,200
T1023,M2007,ACCT100169,DST300066,2026-01-07 14:35:00,238114,100812,400000,0,200
T1023,M2010,ACCT100169,DST300150,2026-01-07 17:28:00,276805,101373,10000,0,200
T1023,M2011,ACCT100169,DST300049,2026-01-07 18:43:00,235513,101407,10000,0,200
T1023,M2011,ACCT100169,DST300033,2026-01-07 19:04:00,279597,101678,400000,0,200
T1023,M2017,ACCT100169,DST300123,2026-01-07 21:15:00,304626,102330,10000,0,200
T1023,M2007,ACCT100169,DST300011,2026-01-07 21:16:00,283796,102699,300000,55,200
T1023,M2000,ACCT100169,DST300069,2026-01-07 21:17:00,273078,102700,300000,55,200
T1023,M2011,ACCT100169,DST300025,2026-01-07 21:18:00,235272,102701,300000,55,200
T1023,M2019,ACCT100169,DST300020,2026-01-07 21:41:00,263344,103253,10000,0,200
T1023,M2000,ACCT100169,DST300083,2026-01-07 22:52:00,261581,103669,400000,0,200
T1016,M2014,ACCT100170,DST300093,2026-01-19 15:46:00,84336,100785,400000,0,200
T1016,M2003,ACCT100170,DST300176,2026-01-19 18:05:00,76879,101003,10000,0,200
T1016,M2011,ACCT100170,DST300170,2026-01-19 21:06:00,49740,101299,400000,0,200
T1016,M2015,ACCT100170,DST300149,2026-01-19 22:32:00,113166,102144,10000,0,200
T1016,M2014,ACCT100170,DST300123,2026-01-20 01:07:00,69073,102365,400000,0,200
T1016,M2000,ACCT100170,DST999999,2026-01-20 01:09:00,64241,103452,400000,0,200
T1016,M2015,ACCT100170,DST999999,2026-01-20 01:11:00,48842,103453,400000,0,200
T1016,M2000,ACCT100170,DST999999,2026-01-20 01:13:00,38396,103454,400000,0,200
T1016,M2010,ACCT100170,DST300076,2026-01-20 03:45:00,88777,103604,10000,0,200
T1016,M2008,ACCT100170,DST300068,2026-01-20 05:19:00,92471,103671,10000,0,200
T1016,M2014,ACCT100170,DST300194,2026-01-20 06:09:00,84014,103687,10000,0,200
T1016,M2016,ACCT100170,DST300117,2026-01-20 07:14:00,55023,104164,10000,0,200
T1016,M2005,ACCT100170,DST300143,2026-01-20 07:22:00,78531,104469,10000,0,200
T1016,M2019,ACCT100170,DST300163,2026-01-20 09:36:00,36039,104942,400000,0,200
T1026,M2016,ACCT100171,DST300032,2026-01-13 01:19:00,123041,104391,10000,0,200
T1026,M2015,ACCT100171,DST999999,2026-01-13 01:21:00,20000,104465,400000,0,200
T1026,M2019,ACCT100171,DST999999,2026-01-13 01:23:00,23320,104466,400000,0,200
T1026,M2013,ACCT100171,DST300123,2026-01-13 04:05:00,26485,100874,400000,0,200
T1026,M2007,ACCT100171,DST999999,2026-01-13 04:07:00,63897,101512,400000,0,200
T1026,M2014,ACCT100171,DST999999,2026-01-13 04:09:00,57682,101513,400000,0,200
T1026,M2018,ACCT100171,DST999999,2026-01-13 04:11:00,33074,101514,400000,0,200
T1026,M2003,ACCT100171,DST300050,2026-01-13 04:12:00,31753,104568,10000,0,200
T1026,M2008,ACCT100171,DST300007,2026-01-13 07:35:00,71236,101886,400000,0,200
T1026,M2016,ACCT100171,DST300037,2026-01-13 11:04:00,67031,102053,400000,0,200
T1026,M2007,ACCT100171,DST300163,2026-01-13 12:26:00,66585,102289,400000,0,200
T1026,M2003,ACCT100171,DST300119,2026-01-13 13:15:00,48610,103648,400000,0,200
T1026,M2009,ACCT100171,DST300029,2026-01-13 15:38:00,101320,103906,10000,0,200
T1023,M2005,ACCT100172,DST300181,2026-01-18 02:06:00,497780,102728,10000,0,200
T1023,M2010,ACCT100172,DST300063,2026-01-18 02:25:00,217050,102816,10000,0,200
T1023,M2009,ACCT100172,DST300071,2026-01-18 03:43:00,413727,103712,10000,0,200
T1023,M2015,ACCT100172,DST300143,2026-01-18 04:36:00,497255,100344,10000,0,200
T1023,M2000,ACCT100172,DST300192,2026-01-18 04:42:00,196317,102858,400000,0,200
T1023,M2001,ACCT100172,DST300169,2026-01-18 04:42:00,200967,103992,400000,0,200
T1023,M2000,ACCT100172,DST300132,2026-01-18 06:02:00,215351,103503,400000,0,200
T1023,M2017,ACCT100172,DST300021,2026-01-18 06:37:00,247280,104294,10000,0,200
T1023,M2010,ACCT100172,DST300029,2026-01-18 07:28:00,233119,102419,10000,0,200
T1023,M2013,ACCT100172,DST300110,2026-01-18 14:40:00,225285,100244,300000,55,200
T1023,M2005,ACCT100172,DST300012,2026-01-18 14:41:00,230708,100245,300000,55,200
T1023,M2004,ACCT100172,DST300001,2026-01-18 14:42:00,186403,100246,300000,55,200
T1023,M2003,ACCT100172,DST300171,2026-01-18 14:43:00,208851,100247,300000,55,200
T1023,M2012,ACCT100172,DST300115,2026-01-18 14:44:00,241601,100248,300000,55,200
T1023,M2014,ACCT100172,DST300004,2026-01-18 16:05:00,266122,100327,400000,0,200
T1000,M2004,ACCT100173,DST300170,2026-01-20 14:56:00,147612,100281,10000,0,200
T1000,M2006,ACCT100173,DST300180,2026-01-20 17:05:00,201859,100311,10000,0,200
T1000,M2003,ACCT100173,DST300129,2026-01-20 17:21:00,1818991,100937,10000,0,200
T1000,M2005,ACCT100173,DST300064,2026-01-20 21:11:00,181506,101582,400000,0,200
T1000,M2012,ACCT100173,DST300126,2026-01-20 23:26:00,195755,102228,10000,0,200
T1000,M2007,ACCT100173,DST300080,2026-01-21 02:06:00,169891,102537,400000,0,200
T1000,M2012,ACCT100173,DST300020,2026-01-21 02:31:00,147596,103032,400000,0,200
T1000,M2004,ACCT100173,DST300137,2026-01-21 03:55:00,193294,103154,400000,0,200
T1000,M2016,ACCT100173,DST999999,2026-01-21 03:57:00,193813,103226,400000,0,200
T1000,M2005,ACCT100173,DST999999,2026-01-21 03:59:00,193091,103227,400000,0,200
T1000,M2016,ACCT100173,DST999999,2026-01-21 04:01:00,194866,103228,400000,0,200
T1000,M2008,ACCT100173,DST300077,2026-01-21 07:23:00,211712,103510,400000,0,200
T1000,M2002,ACCT100173,DST300132,2026-01-21 10:38:00,179444,103543,400000,0,200
T1000,M2004,ACCT100173,DST300094,2026-01-21 14:33:00,205493,103904,10000,0,200
T1000,M2009,ACCT100173,DST300064,2026-01-21 14:34:00,178870,103925,300000,55,200
T1000,M2016,ACCT100173,DST300004,2026-01-21 14:35:00,167755,103926,300000,55,200
T1000,M2018,ACCT100173,DST300159,2026-01-21 14:36:00,196195,103927,300000,55,200
T1000,M2007,ACCT100173,DST300176,2026-01-21 14:37:00,210160,103928,300000,55,200
T1000,M2002,ACCT100173,DST300140,2026-01-21 14:38:00,210934,103929,300000,55,200
T1000,M2016,ACCT100173,DST300174,2026-01-21 17:38:00,212171,104613,10000,0,200
T1022,M2014,ACCT100173,DST300078,2026-01-21 17:43:00,209440,104698,10000,0,200
T1006,M2016,ACCT100174,DST300099,2026-01-20 12:04:00,337958,100024,10000,0,200
T1006,M2008,ACCT100174,DST300066,2026-01-20 14:28:00,370847,100825,400000,0,200
T1006,M2002,ACCT100174,DST300039,2026-01-20 16:23:00,381979,100873,400000,0,200
T1006,M2002,ACCT100174,DST300120,2026-01-20 16:24:00,350352,101030,300000,55,200
T1006,M2009,ACCT100174,DST300034,2026-01-20 16:25:00,353810,101031,300000,55,200
T1006,M2018,ACCT100174,DST300001,2026-01-20 16:26:00,365586,101032,300000,55,200
T1006,M2008,ACCT100174,DST300162,2026-01-20 16:27:00,332443,101033,300000,55,200
T1006,M2006,ACCT100174,DST300165,2026-01-20 16:28:00,337266,101034,300000,55,200
T1006,M2014,ACCT100174,DST999999,2026-01-20 16:30:00,373772,101392,400000,0,200
T1006,M2007,ACCT100174,DST999999,2026-01-20 16:32:00,323041,101393,400000,0,200
T1006,M2018,ACCT100174,DST999999,2026-01-20 16:34:00,326398,101394,400000,0,200
T1006,M2009,ACCT100174,DST300048,2026-01-20 19:18:00,338148,101760,400000,0,200
T1006,M2012,ACCT100174,DST300105,2026-01-20 21:05:00,336430,102133,400000,0,200
T1006,M2016,ACCT100174,DST300143,2026-01-20 21:56:00,343758,102238,400000,0,200
T1006,M2019,ACCT100174,DST300074,2026-01-20 22:13:00,344671,102637,400000,0,200
T1006,M2000,ACCT100174,DST999999,2026-01-20 22:15:00,351683,103004,400000,0,200
T1006,M2017,ACCT100174,DST999999,2026-01-20 22:17:00,328695,103005,400000,0,200
T1006,M2015,ACCT100174,DST999999,2026-01-20 22:19:00,338204,103006,400000,0,200
T1006,M2009,ACCT100174,DST300163,2026-01-21 02:09:00,960904,103875,10000,0,200
T1006,M2005,ACCT100174,DST300070,2026-01-21 05:06:00,337571,104824,10000,0,200
T1001,M2005,ACCT100175,DST300178,2026-01-07 04:27:00,262523,101135,10000,0,200
T1001,M2018,ACCT100175,DST300060,2026-01-07 05:41:00,115694,101408,10000,0,200
T1001,M2014,ACCT100175,DST300041,2026-01-07 05:42:00,114028,101558,300000,55,200
T1001,M2008,ACCT100175,DST300130,2026-01-07 05:43:00,102954,101559,300000,55,200
T1001,M2018,ACCT100175,DST300159,2026-01-07 05:44:00,93246,101560,300000,55,200
T1001,M2007,ACCT100175,DST300149,2026-01-07 05:45:00,107207,101561,300000,55,200
T1001,M2017,ACCT100175,DST300179,2026-01-07 08:33:00,147491,102049,10000,0,200
T1028,M2014,ACCT100175,DST300137,2026-01-07 08:37:00,157709,102782,10000,0,200
T1028,M2013,ACCT100175,DST300047,2026-01-07 09:06:00,83546,103778,400000,0,200
T1028,M2004,ACCT100175,DST300097,2026-01-07 11:17:00,90211,103849,400000,0,200
T1002,M2012,ACCT100175,DST300164,2026-01-07 11:23:00,139139,104923,10000,0,200
T1006,M2003,ACCT100175,DST300086,2026-01-07 12:32:00,141197,100020,400000,0,200
T1006,M2019,ACCT100175,DST300114,2026-01-07 13:24:00,114858,100525,400000,0,200
T1001,M2016,ACCT100175,DST300071,2026-01-07 13:25:00,116367,100580,10000,0,200
T1001,M2010,ACCT100175,DST300075,2026-01-07 17:11:00,106279,100628,10000,0,200
T1014,M2013,ACCT100176,DST300035,2026-01-16 12:21:00,220662,100154,10000,0,200
T1014,M2005,ACCT100176,DST999999,2026-01-16 12:23:00,246398,100604,400000,0,200
T1014,M2002,ACCT100176,DST999999,2026-01-16 12:25:00,261213,100605,400000,0,200
T1014,M2001,ACCT100176,DST999999,2026-01-16 12:27:00,237824,100606,400000,0,200
T1014,M2013,ACCT100176,DST300100,2026-01-16 12:56:00,166937,101419,10000,0,200
T1014,M2007,ACCT100176,DST300158,2026-01-16 16:00:00,199595,101638,10000,0,200
T1014,M2009,ACCT100176,DST300031,2026-01-16 16:05:00,244110,101894,10000,0,200
T1014,M2002,ACCT100176,DST300181,2026-01-16 18:37:00,226871,101925,400000,0,200
T1014,M2000,ACCT100176,DST300052,2026-01-16 21:17:00,232466,101954,400000,0,200
T1014,M2018,ACCT100176,DST300028,2026-01-16 21:49:00,233671,102115,400000,0,200
T1014,M2007,ACCT100176,DST300136,2026-01-16 23:58:00,210348,102664,10000,0,200
T1014,M2000,ACCT100176,DST999999,2026-01-17 00:00:00,207328,102852,400000,0,200
T1014,M2001,ACCT100176,DST999999,2026-01-17 00:02:00,222476,102853,400000,0,200
T1014,M2004,ACCT100176,DST999999,2026-01-17 00:04:00,279525,102854,400000,0,200
T1014,M2009,ACCT100176,DST999999,2026-01-17 00:06:00,215281,102855,400000,0,200
T1014,M2010,ACCT100176,DST300191,2026-01-17 03:25:00,211585,103428,10000,0,200
T1014,M2006,ACCT100176,DST300174,2026-01-17 06:17:00,186783,104189,400000,0,200
T1014,M2000,ACCT100176,DST300014,2026-01-17 08:46:00,174182,104331,10000,0,200
T1010,M2006,ACCT100177,DST300184,2026-01-15 00:12:00,185385,100194,10000,0,200
T1010,M2018,ACCT100177,DST300121,2026-01-15 03:27:00,172710,100210,10000,0,200
T1010,M2015,ACCT100177,DST300171,2026-01-15 03:50:00,440049,100287,10000,0,200
T1010,M2003,ACCT100177,DST300093,2026-01-15 04:44:00,362628,100548,10000,0,200
T1010,M2000,ACCT100177,DST300085,2026-01-15 06:56:00,168576,101279,400000,0,200
T1010,M2001,ACCT100177,DST300084,2026-01-15 08:35:00,169012,101615,400000,0,200
T1010,M2009,ACCT100177,DST300086,2026-01-15 09:42:00,169068,102819,10000,0,200
T1010,M2008,ACCT100177,DST300132,2026-01-15 12:17:00,172063,103257,10000,0,200
T1010,M2006,ACCT100177,DST300041,2026-01-15 13:04:00,155970,103390,10000,0,200
T1010,M2019,ACCT100177,DST300103,2026-01-15 13:13:00,163476,104371,400000,0,200
T1010,M2002,ACCT100177,DST300026,2026-01-15 16:40:00,162499,104624,10000,0,200
T1028,M2012,ACCT100178,DST300039,2026-01-04 15:42:00,264896,100073,400000,0,200
T1028,M2016,ACCT100178,DST300072,2026-01-04 16:22:00,311951,100202,400000,0,200
T1028,M2001,ACCT100178,DST300073,2026-01-04 17:54:00,275014,100308,10000,0,200
T1028,M2010,ACCT100178,DST300041,2026-01-04 18:29:00,319209,100899,400000,0,200
T1028,M2014,ACCT100178,DST300123,2026-01-04 21:19:00,304751,101075,400000,0,200
T1028,M2009,ACCT100178,DST999999,2026-01-04 21:21:00,306781,101159,400000,0,200
T1028,M2012,ACCT100178,DST999999,2026-01-04 21:23:00,285979,101160,400000,0,200
T1028,M2017,ACCT100178,DST999999,2026-01-04 21:25:00,254663,101161,400000,0,200
T1028,M2008,ACCT100178,DST300014,2026-01-04 23:29:00,281611,101323,400000,0,200
T1028,M2004,ACCT100178,DST300003,2026-01-05 02:10:00,289560,101551,10000,0,200
T1028,M2012,ACCT100178,DST300184,2026-01-05 02:49:00,293134,101714,10000,0,200
T1028,M2013,ACCT100178,DST300054,2026-01-05 04:31:00,283094,101733,400000,0,200
T1028,M2007,ACCT100178,DST300076,2026-01-05 07:13:00,299932,101906,400000,0,200
T1028,M2001,ACCT100178,DST300054,2026-01-05 07:20:00,286137,101946,10000,0,200
T1028,M2018,ACCT100178,DST300113,2026-01-05 10:35:00,288529,102181,10000,0,200
T1028,M2006,ACCT100178,DST300125,2026-01-05 14:27:00,290862,103560,400000,0,200
T1028,M2013,ACCT100178,DST300016,2026-01-05 14:33:00,305909,103745,10000,0,200
T1028,M2009,ACCT100178,DST300060,2026-01-05 14:57:00,303405,104097,10000,0,200
T1000,M2007,ACCT100179,DST300035,2026-01-13 17:05:00,282097,100070,10000,0,200
T1000,M2005,ACCT100179,DST300183,2026-01-13 17:29:00,2876916,100671,10000,0,200
T1000,M2004,ACCT100179,DST999999,2026-01-13 17:31:00,272042,100830,400000,0,200
T1000,M2014,ACCT100179,DST999999,2026-01-13 17:33:00,271437,100831,400000,0,200
T1000,M2016,ACCT100179,DST300080,2026-01-13 20:53:00,266005,101225,400000,0,200
T1000,M2017,ACCT100179,DST300094,2026-01-13 21:13:00,3174754,101588,10000,0,200
T1000,M2017,ACCT100179,DST300124,2026-01-13 23:11:00,279753,101598,400000,0,200
T1000,M2017,ACCT100179,DST300178,2026-01-14 01:12:00,291434,101833,10000,0,200
T1000,M2015,ACCT100179,DST300148,2026-01-14 04:01:00,284212,102585,400000,0,200
T1000,M2012,ACCT100179,DST300097,2026-01-14 04:25:00,274735,103034,10000,0,200
T1000,M2018,ACCT100179,DST300188,2026-01-14 05:34:00,274338,103748,400000,0,200
T1000,M2016,ACCT100179,DST300197,2026-01-14 08:33:00,282202,104166,400000,0,200
T1000,M2014,ACCT100179,DST300071,2026-01-14 08:58:00,267848,104514,10000,0,200
T1000,M2005,ACCT100179,DST300074,2026-01-14 12:29:00,274975,104712,400000,0,200
T1000,M2008,ACCT100180,DST300182,2026-01-13 20:32:00,269744,100452,10000,0,200
T1000,M2000,ACCT100180,DST300022,2026-01-13 23:32:00,296024,100501,400000,0,200
T1000,M2003,ACCT100180,DST300135,2026-01-14 00:17:00,319486,100576,10000,0,200
T1000,M2006,ACCT100180,DST999999,2026-01-14 00:19:00,267993,100692,400000,0,200
T1000,M2009,ACCT100180,DST999999,2026-01-14 00:21:00,333246,100693,400000,0,200
T1000,M2011,ACCT100180,DST300168,2026-01-14 00:33:00,279143,100833,10000,0,200
T1000,M2016,ACCT100180,DST300082,2026-01-14 04:05:00,297200,100984,10000,0,200
T1000,M2003,ACCT100180,DST300183,2026-01-14 04:13:00,673720,103450,10000,0,200
T1000,M2006,ACCT100180,DST300189,2026-01-14 04:42:00,301432,103589,10000,0,200
T1000,M2003,ACCT100180,DST300196,2026-01-14 05:13:00,259747,102081,10000,0,200
T1000,M2017,ACCT100180,DST300010,2026-01-14 05:40:00,248613,103939,10000,0,200
T1000,M2019,ACCT100180,DST300109,2026-01-14 06:26:00,277879,102654,400000,0,200
T1000,M2018,ACCT100180,DST300001,2026-01-14 06:45:00,259325,104107,10000,0,200
T1000,M2007,ACCT100180,DST300073,2026-01-14 07:11:00,303343,104251,400000,0,200
T1000,M2009,ACCT100180,DST300183,2026-01-14 08:03:00,302081,102789,10000,0,200
T1000,M2007,ACCT100180,DST300174,2026-01-14 08:52:00,276238,104293,10000,0,200
T1000,M2000,ACCT100180,DST300158,2026-01-14 12:08:00,251806,104937,10000,0,200
T1024,M2015,ACCT100181,DST300117,2026-01-05 01:58:00,208807,101587,10000,0,200
T1024,M2002,ACCT100181,DST300083,2026-01-05 02:18:00,193721,100370,10000,0,200
T1024,M2016,ACCT100181,DST300164,2026-01-05 04:10:00,70210,101849,400000,0,200
T1004,M2013,ACCT100181,DST300178,2026-01-05 04:13:00,62465,102018,10000,0,200
T1024,M2005,ACCT100181,DST300106,2026-01-05 05:28:00,80538,100499,400000,0,200
T1024,M2019,ACCT100181,DST300175,2026-01-05 06:44:00,59295,100932,10000,0,200
T1024,M2013,ACCT100181,DST300104,2026-01-05 06:49:00,32092,100948,400000,0,200
T1004,M2015,ACCT100181,DST300120,2026-01-05 06:52:00,65390,103211,10000,0,200
T1024,M2015,ACCT100181,DST300078,2026-01-05 09:11:00,53816,101163,10000,0,200
T1004,M2005,ACCT100181,DST300014,2026-01-05 09:35:00,55046,103570,400000,0,200
T1004,M2006,ACCT100181,DST300009,2026-01-05 11:40:00,86025,104005,10000,0,200
T1004,M2002,ACCT100181,DST300165,2026-01-05 15:00:00,65188,104692,10000,0,200
T1023,M2017,ACCT100182,DST300004,2026-01-03 20:14:00,100160,100527,10000,0,200
T1023,M2002,ACCT100182,DST300163,2026-01-03 20:15:00,111582,100777,300000,55,200
T1023,M2009,ACCT100182,DST300145,2026-01-03 20:16:00,110267,100778,300000,55,200
T1023,M2015,ACCT100182,DST300068,2026-01-03 20:17:00,134924,100779,300000,55,200
T1023,M2013,ACCT100182,DST300153,2026-01-03 20:18:00,122834,100780,300000,55,200
T1023,M2001,ACCT100182,DST300129,2026-01-03 20:19:00,116095,100781,300000,55,200
T1023,M2009,ACCT100182,DST300071,2026-01-03 22:34:00,125877,101150,10000,0,200
T1023,M2008,ACCT100182,DST300152,2026-01-03 23:12:00,110037,101293,10000,0,200
T1023,M2003,ACCT100182,DST300098,2026-01-04 00:02:00,127224,101903,400000,0,200
T1023,M2014,ACCT100182,DST300161,2026-01-04 00:43:00,153907,102131,10000,0,200
T1023,M2018,ACCT100182,DST300099,2026-01-04 03:44:00,104093,102464,10000,0,200
T1023,M2001,ACCT100182,DST300039,2026-01-04 06:43:00,116955,102609,400000,0,200
T1023,M2008,ACCT100182,DST300065,2026-01-04 08:38:00,135853,103534,400000,0,200
T1023,M2007,ACCT100182,DST300185,2026-01-04 11:05:00,110555,104499,10000,0,200
T1023,M2016,ACCT100182,DST300173,2026-01-04 11:21:00,111799,104507,400000,0,200
T1023,M2018,ACCT100182,DST300008,2026-01-04 13:55:00,157564,104879,10000,0,200
T1012,M2004,ACCT100183,DST300164,2026-01-09 02:03:00,620055,101546,10000,0,200
T1012,M2011,ACCT100183,DST300131,2026-01-09 03:51:00,188410,102148,10000,0,200
T1012,M2016,ACCT100183,DST300143,2026-01-09 04:25:00,539887,103612,10000,0,200
T1012,M2012,ACCT100183,DST300095,2026-01-09 05:25:00,238217,104051,10000,0,200
T1012,M2012,ACCT100183,DST300042,2026-01-09 05:53:00,224348,102183,400000,0,200
T1012,M2010,ACCT100183,DST999999,2026-01-09 05:55:00,233966,103147,400000,0,200
T1012,M2009,ACCT100183,DST999999,2026-01-09 05:57:00,203355,103148,400000,0,200
T1012,M2019,ACCT100183,DST999999,2026-01-09 05:59:00,235008,103149,400000,0,200
T1012,M2001,ACCT100183,DST999999,2026-01-09 06:01:00,205995,103150,400000,0,200
T1012,M2008,ACCT100183,DST300084,2026-01-09 06:39:00,240130,104083,400000,0,200
T1012,M2009,ACCT100183,DST300131,2026-01-09 08:39:00,201848,104459,400000,0,200
T1012,M2001,ACCT100183,DST300148,2026-01-09 09:10:00,2394436,104490,10000,0,200
T1012,M2003,ACCT100183,DST300025,2026-01-09 09:38:00,3618546,104964,10000,0,200
T1012,M2014,ACCT100183,DST300050,2026-01-09 13:48:00,232086,100186,400000,0,200
T1012,M2015,ACCT100183,DST300064,2026-01-09 14:08:00,193277,100188,10000,0,200
T1012,M2018,ACCT100183,DST300058,2026-01-09 14:09:00,227192,100438,300000,55,200
T1012,M2013,ACCT100183,DST300048,2026-01-09 14:10:00,221812,100439,300000,55,200
T1012,M2012,ACCT100183,DST300089,2026-01-09 14:11:00,181756,100440,300000,55,200
T1012,M2006,ACCT100183,DST300141,2026-01-09 14:12:00,223336,100441,300000,55,200
T1012,M2007,ACCT100183,DST300004,2026-01-09 14:13:00,196042,100442,300000,55,200
T1012,M2003,ACCT100183,DST300014,2026-01-09 14:18:00,237005,100846,400000,0,200
T1012,M2002,ACCT100183,DST300014,2026-01-09 14:37:00,3617192,100862,10000,0,200
T1012,M2007,ACCT100183,DST300042,2026-01-09 16:47:00,221252,101052,400000,0,200
T1012,M2017,ACCT100183,DST300063,2026-01-09 17:53:00,215515,101418,10000,0,200
T1012,M2017,ACCT100183,DST300086,2026-01-09 19:12:00,219396,101533,400000,0,200
T1019,M2007,ACCT100184,DST300113,2026-01-04 02:29:00,368425,100411,10000,0,200
T1019,M2018,ACCT100184,DST300073,2026-01-04 02:44:00,322268,100832,10000,0,200
T1019,M2016,ACCT100184,DST999999,2026-01-04 02:46:00,370977,101231,400000,0,200
T1019,M2019,ACCT100184,DST999999,2026-01-04 02:48:00,326922,101232,400000,0,200
T1019,M2009,ACCT100184,DST300078,2026-01-04 03:52:00,840529,104789,10000,0,200
T1019,M2014,ACCT100184,DST300106,2026-01-04 04:20:00,311925,102940,10000,0,200
T1019,M2008,ACCT100184,DST300161,2026-01-04 07:27:00,341331,103276,400000,0,200
T1019,M2000,ACCT100184,DST300045,2026-01-04 07:41:00,365367,104790,10000,0,200
T1019,M2002,ACCT100184,DST300170,2026-01-04 09:51:00,312841,103677,10000,0,200
T1019,M2018,ACCT100184,DST300185,2026-01-04 13:31:00,318835,104478,400000,0,200
T1019,M2001,ACCT100184,DST300158,2026-01-04 13:37:00,355575,104578,10000,0,200
T1022,M2013,ACCT100185,DST300132,2026-01-16 01:38:00,317022,100898,10000,0,200
T1022,M2010,ACCT100185,DST300146,2026-01-16 01:39:00,133856,102152,300000,55,200
T1022,M2003,ACCT100185,DST300077,2026-01-16 01:40:00,92386,102153,300000,55,200
T1022,M2008,ACCT100185,DST300079,2026-01-16 01:41:00,94496,102154,300000,55,200
T1022,M2005,ACCT100185,DST300104,2026-01-16 01:42:00,117468,102155,300000,55,200
T1022,M2002,ACCT100185,DST300018,2026-01-16 03:37:00,141745,102636,10000,0,200
T1022,M2000,ACCT100185,DST300095,2026-01-16 07:02:00,140150,102650,10000,0,200
T1022,M2007,ACCT100185,DST300099,2026-01-16 08:08:00,175827,102919,10000,0,200
T1022,M2000,ACCT100185,DST300157,2026-01-16 10:46:00,107201,103332,400000,0,200
T1022,M2006,ACCT100185,DST300108,2026-01-16 12:29:00,151836,100747,10000,0,200
T1022,M2018,ACCT100185,DST300033,2026-01-16 13:12:00,128959,104099,400000,0,200
T1022,M2001,ACCT100185,DST300089,2026-01-16 15:54:00,148636,104127,10000,0,200
T1007,M2011,ACCT100185,DST300149,2026-01-16 16:00:00,133659,104228,10000,0,200
T1007,M2002,ACCT100185,DST300117,2026-01-16 19:20:00,148409,104716,10000,0,200
T1007,M2011,ACCT100185,DST300041,2026-01-16 19:51:00,136114,104844,10000,0,200
T1027,M2013,ACCT100186,DST300070,2026-01-05 21:23:00,1752273,100623,10000,0,200
T1027,M2006,ACCT100186,DST300183,2026-01-05 21:58:00,162012,100639,10000,0,200
T1007,M2010,ACCT100186,DST300137,2026-01-05 22:02:00,139934,101789,10000,0,200
T1007,M2012,ACCT100186,DST300169,2026-01-06 00:14:00,209731,103688,10000,0,200
T1007,M2003,ACCT100186,DST300085,2026-01-06 03:29:00,134738,104044,10000,0,200
T1007,M2001,ACCT100186,DST300135,2026-01-06 04:36:00,189397,104992,10000,0,200
T1000,M2015,ACCT100187,DST300041,2026-01-01 01:42:00,464820,104145,10000,0,200
T1012,M2004,ACCT100187,DST300120,2026-01-01 03:41:00,280414,100071,10000,0,200
T1012,M2003,ACCT100187,DST300065,2026-01-01 04:22:00,238343,100563,400000,0,200
T1000,M2005,ACCT100187,DST300141,2026-01-01 05:10:00,276729,104227,10000,0,200
T1012,M2010,ACCT100187,DST300167,2026-01-01 06:50:00,280192,100595,400000,0,200
T1000,M2014,ACCT100187,DST300028,2026-01-01 07:45:00,279931,104909,10000,0,200
T1012,M2014,ACCT100187,DST300125,2026-01-01 09:29:00,262762,100706,400000,0,200
T1012,M2012,ACCT100187,DST300199,2026-01-01 10:41:00,227127,101065,400000,0,200
T1007,M2016,ACCT100187,DST300050,2026-01-01 10:47:00,254321,101904,10000,0,200
T1000,M2017,ACCT100187,DST300086,2026-01-01 10:48:00,231245,102491,10000,0,200
T1000,M2000,ACCT100187,DST300154,2026-01-01 11:02:00,3326387,102688,10000,0,200
T1000,M2002,ACCT100187,DST300176,2026-01-01 14:25:00,275707,103206,400000,0,200
T1024,M2007,ACCT100188,DST300045,2026-01-08 02:20:00,104967,103242,10000,0,200
T1024,M2013,ACCT100188,DST300068,2026-01-08 05:22:00,48251,103285,400000,0,200
T1024,M2018,ACCT100188,DST300062,2026-01-08 06:41:00,75666,103336,10000,0,200
T1024,M2007,ACCT100188,DST300190,2026-01-08 10:10:00,61734,103419,400000,0,200
T1024,M2014,ACCT100188,DST300062,2026-01-08 11:48:00,78029,103516,10000,0,200
T1024,M2003,ACCT100188,DST300127,2026-01-08 11:54:00,37452,103638,10000,0,200
T1024,M2000,ACCT100188,DST300095,2026-01-08 12:04:00,49794,100374,10000,0,200
T1024,M2001,ACCT100188,DST300012,2026-01-08 13:10:00,61402,100961,400000,0,200
T1024,M2000,ACCT100188,DST300078,2026-01-08 14:11:00,24184,103809,400000,0,200
T1024,M2018,ACCT100188,DST300138,2026-01-08 14:15:00,30715,101602,10000,0,200
T1024,M2010,ACCT100188,DST300188,2026-01-08 14:30:00,641743,104404,10000,0,200
T1024,M2012,ACCT100188,DST300118,2026-01-08 15:06:00,83401,101640,10000,0,200
T1024,M2002,ACCT100188,DST300188,2026-01-08 16:43:00,55583,104492,400000,0,200
T1024,M2006,ACCT100188,DST300146,2026-01-08 16:48:00,48731,102033,400000,0,200
T1024,M2000,ACCT100188,DST300087,2026-01-08 16:53:00,57504,104575,400000,0,200
T1024,M2014,ACCT100188,DST300153,2026-01-08 19:45:00,107412,102440,400000,0,200
T1024,M2009,ACCT100188,DST300137,2026-01-08 20:20:00,50924,104582,10000,0,200
T1024,M2010,ACCT100188,DST300004,2026-01-08 21:18:00,52283,104599,400000,0,200
T1024,M2001,ACCT100188,DST300087,2026-01-08 23:43:00,81142,104973,400000,0,200
T1004,M2015,ACCT100189,DST999999,2026-01-01 14:16:00,282421,100675,400000,0,200
T1004,M2018,ACCT100189,DST999999,2026-01-01 14:18:00,251034,100676,400000,0,200
T1004,M2007,ACCT100189,DST300171,2026-01-01 18:10:00,282849,100871,10000,0,200
T1011,M2003,ACCT100189,DST300061,2026-01-01 18:14:00,300509,101350,10000,0,200
T1011,M2016,ACCT100189,DST300071,2026-01-01 21:44:00,316977,101902,400000,0,200
T1011,M2000,ACCT100189,DST300194,2026-01-02 01:35:00,278019,102790,10000,0,200
T1011,M2013,ACCT100189,DST300164,2026-01-02 04:24:00,301580,102948,10000,0,200
T1011,M2007,ACCT100189,DST300011,2026-01-02 06:44:00,277634,103360,10000,0,200
T1011,M2002,ACCT100189,DST300180,2026-01-02 08:14:00,322585,103816,400000,0,200
T1011,M2009,ACCT100189,DST300069,2026-01-02 09:45:00,311230,104329,400000,0,200
T1011,M2014,ACCT100189,DST300060,2026-01-02 13:39:00,322650,104508,400000,0,200
T1011,M2017,ACCT100189,DST300081,2026-01-02 17:35:00,332178,104512,10000,0,200
T1017,M2019,ACCT100190,DST300051,2026-01-04 17:22:00,126063,102203,300000,55,200
T1017,M2012,ACCT100190,DST300193,2026-01-04 17:23:00,133114,102204,300000,55,200
T1017,M2014,ACCT100190,DST300091,2026-01-04 17:24:00,150439,102205,300000,55,200
T1017,M2019,ACCT100190,DST300155,2026-01-04 17:39:00,104674,102867,400000,0,200
T1017,M2018,ACCT100190,DST300168,2026-01-04 18:04:00,83883,103132,10000,0,200
T1014,M2006,ACCT100191,DST300060,2026-01-18 02:11:00,124758,103603,10000,0,200
T1014,M2010,ACCT100191,DST300080,2026-01-18 02:26:00,60671,103796,10000,0,200
T1014,M2007,ACCT100191,DST300156,2026-01-18 03:26:00,171495,101900,10000,0,200
T1014,M2011,ACCT100191,DST300077,2026-01-18 04:36:00,143737,104129,10000,0,200
T1014,M2017,ACCT100191,DST300025,2026-01-18 05:12:00,43943,104538,400000,0,200
T1014,M2012,ACCT100191,DST300165,2026-01-18 05:23:00,42624,102613,400000,0,200
T1014,M2019,ACCT100191,DST300117,2026-01-18 06:45:00,29927,104571,400000,0,200
T1014,M2012,ACCT100191,DST300109,2026-01-18 06:46:00,75582,102962,10000,0,200
T1014,M2009,ACCT100191,DST300171,2026-01-18 06:53:00,79903,103049,400000,0,200
T1023,M2018,ACCT100191,DST300071,2026-01-18 10:08:00,33541,100031,400000,0,200
T1023,M2001,ACCT100191,DST300062,2026-01-18 11:45:00,68281,100542,400000,0,200
T1014,M2003,ACCT100191,DST300016,2026-01-18 11:49:00,51024,100952,10000,0,200
T1014,M2001,ACCT100191,DST300022,2026-01-18 13:32:00,42740,101509,400000,0,200
T1006,M2007,ACCT100192,DST300066,2026-01-03 09:36:00,101536,100051,400000,0,200
T1006,M2016,ACCT100192,DST300105,2026-01-03 10:05:00,96731,100156,10000,0,200
T1006,M2013,ACCT100192,DST300118,2026-01-03 10:06:00,76326,100973,300000,55,200
T1006,M2012,ACCT100192,DST300193,2026-01-03 10:07:00,81321,100974,300000,55,200
T1006,M2011,ACCT100192,DST300006,2026-01-03 10:08:00,101621,100975,300000,55,200
T1006,M2014,ACCT100192,DST300093,2026-01-03 12:23:00,112692,101412,400000,0,200
T1019,M2018,ACCT100192,DST300147,2026-01-03 12:30:00,92094,101679,10000,0,200
T1019,M2007,ACCT100192,DST300121,2026-01-03 15:05:00,101534,102267,10000,0,200
T1019,M2003,ACCT100192,DST300033,2026-01-03 17:03:00,104588,102373,10000,0,200
T1019,M2007,ACCT100192,DST300123,2026-01-03 18:49:00,73541,102941,400000,0,200
T1019,M2011,ACCT100192,DST300042,2026-01-03 19:26:00,96124,103130,400000,0,200
T1019,M2019,ACCT100192,DST300162,2026-01-03 21:26:00,47282,103300,400000,0,200
T1019,M2015,ACCT100192,DST300186,2026-01-03 21:47:00,1144978,103813,10000,0,200
T1019,M2017,ACCT100192,DST999999,2026-01-03 21:49:00,75616,103960,400000,0,200
T1019,M2009,ACCT100192,DST999999,2026-01-03 21:51:00,111673,103961,400000,0,200
T1019,M2011,ACCT100192,DST999999,2026-01-03 21:53:00,72942,103962,400000,0,200
T1019,M2017,ACCT100192,DST999999,2026-01-03 21:55:00,78414,103963,400000,0,200
T1019,M2015,ACCT100192,DST300150,2026-01-04 00:33:00,122987,104195,10000,0,200
T1019,M2011,ACCT100192,DST300115,2026-01-04 03:19:00,96234,104255,10000,0,200
T1019,M2015,ACCT100192,DST300152,2026-01-04 03:20:00,134060,104778,300000,55,200
T1019,M2008,ACCT100192,DST300188,2026-01-04 03:21:00,107616,104779,300000,55,200
T1019,M2011,ACCT100192,DST300111,2026-01-04 03:22:00,88523,104780,300000,55,200
T1015,M2005,ACCT100193,DST300189,2026-01-13 03:10:00,2587421,100941,10000,0,200
T1015,M2006,ACCT100193,DST300192,2026-01-13 04:55:00,223433,101025,10000,0,200
T1015,M2011,ACCT100193,DST300000,2026-01-13 07:32:00,187357,101378,10000,0,200
T1015,M2007,ACCT100193,DST300165,2026-01-13 08:27:00,207840,102394,400000,0,200
T1015,M2011,ACCT100193,DST300054,2026-01-13 08:54:00,3346138,102748,10000,0,200
T1015,M2013,ACCT100193,DST300048,2026-01-13 09:29:00,2169966,103116,10000,0,200
T1015,M2005,ACCT100193,DST300180,2026-01-13 09:30:00,195157,103266,300000,55,200
T1015,M2008,ACCT100193,DST300004,2026-01-13 09:31:00,201705,103267,300000,55,200
T1015,M2013,ACCT100193,DST300105,2026-01-13 09:32:00,208475,103268,300000,55,200
T1015,M2019,ACCT100193,DST300085,2026-01-13 09:33:00,225568,103269,300000,55,200
T1015,M2018,ACCT100193,DST300148,2026-01-13 09:34:00,244119,103270,300000,55,200
T1015,M2008,ACCT100193,DST300040,2026-01-13 12:10:00,204099,103586,400000,0,200
T1015,M2008,ACCT100193,DST300052,2026-01-13 12:30:00,2779971,103588,10000,0,200
T1015,M2015,ACCT100193,DST300046,2026-01-13 16:00:00,204446,103802,10000,0,200
T1015,M2006,ACCT100193,DST300025,2026-01-13 18:50:00,239521,103815,10000,0,200
T1015,M2013,ACCT100193,DST300189,2026-01-13 22:45:00,163976,104149,400000,0,200
T1015,M2015,ACCT100193,DST300030,2026-01-14 00:43:00,244986,104206,10000,0,200
T1015,M2014,ACCT100193,DST300010,2026-01-14 03:20:00,222241,104337,400000,0,200
T1025,M2018,ACCT100193,DST300032,2026-01-14 03:28:00,210594,104579,10000,0,200
T1003,M2014,ACCT100194,DST300128,2026-01-16 21:40:00,239752,100349,10000,0,200
T1003,M2001,ACCT100194,DST300147,2026-01-16 22:50:00,238391,100701,10000,0,200
T1003,M2012,ACCT100194,DST300031,2026-01-17 02:29:00,244605,100861,10000,0,200
T1003,M2015,ACCT100194,DST300172,2026-01-17 02:47:00,247588,101212,400000,0,200
T1003,M2013,ACCT100194,DST300136,2026-01-17 04:35:00,234200,101835,400000,0,200
T1003,M2007,ACCT100194,DST300193,2026-01-17 07:15:00,231133,102188,400000,0,200
T1003,M2009,ACCT100194,DST300106,2026-01-17 09:08:00,215353,102268,10000,0,200
T1012,M2014,ACCT100194,DST300159,2026-01-17 09:09:00,229134,103865,10000,0,200
T1012,M2019,ACCT100194,DST300097,2026-01-17 09:21:00,262894,104491,400000,0,200
T1012,M2015,ACCT100194,DST300154,2026-01-17 09:30:00,265469,104793,400000,0,200
T1006,M2001,ACCT100195,DST300050,2026-01-11 16:34:00,90730,100000,300000,55,200
T1006,M2014,ACCT100195,DST300181,2026-01-11 16:35:00,67488,100001,300000,55,200
T1006,M2008,ACCT100195,DST300083,2026-01-11 16:36:00,112085,100002,300000,55,200
T1006,M2019,ACCT100195,DST300153,2026-01-11 16:37:00,39888,100003,300000,55,200
T1006,M2017,ACCT100195,DST300011,2026-01-11 16:38:00,63030,100004,300000,55,200
T1006,M2010,ACCT100195,DST300024,2026-01-11 16:43:00,82609,100455,10000,0,200
T1006,M2008,ACCT100195,DST300139,2026-01-11 20:35:00,57695,100537,10000,0,200
T1006,M2004,ACCT100195,DST300096,2026-01-11 23:00:00,60417,100571,10000,0,200
T1006,M2015,ACCT100195,DST300020,2026-01-12 01:42:00,21300,100806,400000,0,200
T1006,M2009,ACCT100195,DST300068,2026-01-12 03:12:00,34767,100953,400000,0,200
T1006,M2001,ACCT100195,DST999999,2026-01-12 03:14:00,70014,101027,400000,0,200
T1006,M2015,ACCT100195,DST999999,2026-01-12 03:16:00,83873,101028,400000,0,200
T1006,M2005,ACCT100195,DST999999,2026-01-12 03:18:00,78416,101029,400000,0,200
T1006,M2013,ACCT100195,DST300038,2026-01-12 05:11:00,74559,102166,10000,0,200
T1007,M2015,ACCT100195,DST300023,2026-01-12 05:15:00,75192,103194,10000,0,200
T1007,M2000,ACCT100195,DST300190,2026-01-12 06:25:00,69396,103421,400000,0,200
T1007,M2013,ACCT100195,DST300094,2026-01-12 07:22:00,93273,103923,400000,0,200
T1007,M2010,ACCT100195,DST300157,2026-01-12 09:58:00,86610,103934,400000,0,200
T1007,M2007,ACCT100195,DST300013,2026-01-12 11:54:00,30852,103947,400000,0,200
T1007,M2001,ACCT100195,DST300181,2026-01-12 11:55:00,99313,104221,300000,55,200
T1007,M2010,ACCT100195,DST300087,2026-01-12 11:56:00,98893,104222,300000,55,200
T1007,M2010,ACCT100195,DST300091,2026-01-12 11:57:00,84577,104223,300000,55,200
T1007,M2017,ACCT100195,DST300187,2026-01-12 11:58:00,49387,104224,300000,55,200
T1007,M2004,ACCT100195,DST300172,2026-01-12 11:59:00,62360,104225,300000,55,200
T1007,M2019,ACCT100195,DST300134,2026-01-12 12:12:00,70147,104271,400000,0,200
T1007,M2001,ACCT100195,DST999999,2026-01-12 12:14:00,53773,104839,400000,0,200
T1007,M2010,ACCT100195,DST999999,2026-01-12 12:16:00,63556,104840,400000,0,200
T1007,M2014,ACCT100195,DST999999,2026-01-12 12:18:00,96968,104841,400000,0,200
T1016,M2014,ACCT100196,DST300033,2026-01-02 04:22:00,90017,100584,300000,55,200
T1016,M2014,ACCT100196,DST300047,2026-01-02 04:23:00,63623,100585,300000,55,200
T1016,M2005,ACCT100196,DST300137,2026-01-02 04:24:00,45157,100586,300000,55,200
T1016,M2010,ACCT100196,DST300033,2026-01-02 06:26:00,82602,100894,400000,0,200
T1016,M2000,ACCT100196,DST300121,2026-01-02 10:11:00,95391,101508,400000,0,200
T1016,M2011,ACCT100196,DST300156,2026-01-02 13:59:00,107874,102519,10000,0,200
T1016,M2007,ACCT100196,DST300107,2026-01-02 15:14:00,75450,102716,400000,0,200
T1016,M2008,ACCT100196,DST300029,2026-01-02 19:02:00,95877,102989,400000,0,200
T1016,M2014,ACCT100196,DST300162,2026-01-02 21:07:00,64164,103346,400000,0,200
T1016,M2011,ACCT100196,DST300043,2026-01-02 21:22:00,67954,104897,10000,0,200
T1011,M2019,ACCT100197,DST300169,2026-01-17 19:14:00,2428531,100101,10000,0,200
T1011,M2007,ACCT100197,DST300006,2026-01-17 19:39:00,130501,100106,400000,0,200
T1011,M2002,ACCT100197,DST300099,2026-01-17 22:17:00,154065,101189,10000,0,200
T1011,M2000,ACCT100197,DST300148,2026-01-18 00:46:00,101270,101294,10000,0,200
T1011,M2014,ACCT100197,DST300056,2026-01-18 02:52:00,159279,101375,10000,0,200
T1011,M2003,ACCT100197,DST300108,2026-01-18 06:24:00,148257,101404,400000,0,200
T1011,M2017,ACCT100197,DST300042,2026-01-18 06:25:00,162952,101666,300000,55,200
T1011,M2012,ACCT100197,DST300117,2026-01-18 06:26:00,154064,101667,300000,55,200
T1011,M2015,ACCT100197,DST300047,2026-01-18 06:27:00,163619,101668,300000,55,200
T1011,M2014,ACCT100197,DST300166,2026-01-18 10:11:00,195644,102195,10000,0,200
T1011,M2013,ACCT100197,DST300119,2026-01-18 10:34:00,1777944,102256,10000,0,200
T1011,M2007,ACCT100197,DST300119,2026-01-18 11:33:00,140359,102324,10000,0,200
T1011,M2007,ACCT100197,DST300194,2026-01-18 12:04:00,158615,102797,400000,0,200
T1011,M2018,ACCT100197,DST300078,2026-01-18 12:55:00,140863,102976,400000,0,200
T1011,M2011,ACCT100197,DST300150,2026-01-18 15:14:00,148727,103284,400000,0,200
T1011,M2001,ACCT100197,DST300097,2026-01-18 17:00:00,164936,103722,10000,0,200
T1011,M2014,ACCT100197,DST300164,2026-01-18 18:07:00,143223,104474,400000,0,200
T1011,M2007,ACCT100197,DST300115,2026-01-18 18:28:00,176914,104645,400000,0,200
T1012,M2014,ACCT100198,DST300174,2026-01-19 01:53:00,164933,104198,10000,0,200
T1012,M2001,ACCT100198,DST300154,2026-01-19 05:31:00,57461,104562,10000,0,200
T1012,M2000,ACCT100198,DST300081,2026-01-19 06:39:00,76728,104672,10000,0,200
T1012,M2005,ACCT100198,DST300150,2026-01-19 09:35:00,56633,100406,400000,0,200
T1012,M2003,ACCT100198,DST300127,2026-01-19 09:36:00,69508,100557,300000,55,200
T1012,M2010,ACCT100198,DST300055,2026-01-19 09:37:00,63515,100558,300000,55,200
T1012,M2010,ACCT100198,DST300179,2026-01-19 09:38:00,59701,100559,300000,55,200
T1012,M2017,ACCT100198,DST300116,2026-01-19 09:39:00,76726,100560,300000,55,200
T1012,M2019,ACCT100198,DST300198,2026-01-19 09:40:00,82298,100561,300000,55,200
T1012,M2005,ACCT100198,DST300070,2026-01-19 10:16:00,90549,100985,400000,0,200
T1012,M2013,ACCT100198,DST999999,2026-01-19 10:18:00,32274,101519,400000,0,200
T1012,M2009,ACCT100198,DST999999,2026-01-19 10:20:00,82770,101520,400000,0,200
T1012,M2001,ACCT100198,DST999999,2026-01-19 10:22:00,62167,101521,400000,0,200
T1012,M2012,ACCT100198,DST300133,2026-01-19 12:57:00,51415,102057,400000,0,200
T1012,M2016,ACCT100198,DST300144,2026-01-19 14:39:00,57689,103863,10000,0,200
T1025,M2003,ACCT100199,DST300090,2026-01-19 03:01:00,148563,100549,400000,0,200
T1025,M2013,ACCT100199,DST300020,2026-01-19 06:17:00,130792,100772,400000,0,200
T1025,M2005,ACCT100199,DST300111,2026-01-19 08:07:00,118154,101168,400000,0,200
T1025,M2009,ACCT100199,DST300149,2026-01-19 11:07:00,118375,101295,400000,0,200
T1025,M2018,ACCT100199,DST300062,2026-01-19 14:17:00,124556,102273,10000,0,200
T1025,M2016,ACCT100199,DST300020,2026-01-19 14:49:00,95835,102991,10000,0,200
T1025,M2006,ACCT100199,DST300028,2026-01-19 15:46:00,148120,103095,400000,0,200
T1025,M2017,ACCT100199,DST300061,2026-01-19 17:05:00,82260,103138,10000,0,200
T1025,M2018,ACCT100199,DST300127,2026-01-19 18:17:00,136670,103441,400000,0,200
T1025,M2016,ACCT100199,DST300025,2026-01-19 18:34:00,162801,103921,10000,0,200
T1025,M2014,ACCT100199,DST300172,2026-01-19 18:41:00,113890,103941,10000,0,200
T1025,M2006,ACCT100199,DST300058,2026-01-19 21:01:00,107504,104226,400000,0,200
T1025,M2003,ACCT100199,DST999999,2026-01-19 21:03:00,108177,104357,400000,0,200
T1025,M2009,ACCT100199,DST999999,2026-01-19 21:05:00,108671,104358,400000,0,200
T1025,M2010,ACCT100199,DST300052,2026-01-19 21:19:00,185716,104619,10000,0,200
T1025,M2018,ACCT100199,DST300020,2026-01-20 00:00:00,122226,104820,400000,0,200
T1004,M2011,ACCT100200,DST300173,2026-01-06 14:39:00,91278,100191,400000,0,200
T1004,M2009,ACCT100200,DST300158,2026-01-06 14:40:00,82275,100263,300000,55,200
T1004,M2001,ACCT100200,DST300019,2026-01-06 14:41:00,70705,100264,300000,55,200
T1004,M2008,ACCT100200,DST300196,2026-01-06 14:42:00,128243,100265,300000,55,200
T1004,M2003,ACCT100200,DST300131,2026-01-06 18:36:00,95175,100284,10000,0,200
T1004,M2004,ACCT100200,DST300103,2026-01-06 19:29:00,65819,101194,10000,0,200
T1004,M2017,ACCT100200,DST300012,2026-01-06 19:47:00,1380284,101747,10000,0,200
T1004,M2003,ACCT100200,DST999999,2026-01-06 19:49:00,95708,102163,400000,0,200
T1004,M2010,ACCT100200,DST999999,2026-01-06 19:51:00,85994,102164,400000,0,200
T1004,M2011,ACCT100200,DST999999,2026-01-06 19:53:00,120090,102165,400000,0,200
T1004,M2019,ACCT100200,DST300148,2026-01-06 21:08:00,105609,102167,400000,0,200
T1004,M2018,ACCT100200,DST300036,2026-01-06 23:28:00,87284,102239,10000,0,200
T1004,M2005,ACCT100200,DST300102,2026-01-07 01:23:00,123218,102675,400000,0,200
T1004,M2010,ACCT100200,DST300190,2026-01-07 02:39:00,248738,103184,10000,0,200
T1004,M2018,ACCT100200,DST300134,2026-01-07 02:51:00,112177,102754,400000,0,200
T1004,M2003,ACCT100200,DST300180,2026-01-07 03:57:00,166103,103965,400000,0,200
T1004,M2006,ACCT100200,DST300091,2026-01-07 06:03:00,89874,102878,10000,0,200
T1004,M2015,ACCT100200,DST300151,2026-01-07 06:49:00,87003,104088,400000,0,200
T1004,M2019,ACCT100200,DST300076,2026-01-07 07:28:00,99244,104534,400000,0,200
T1004,M2003,ACCT100200,DST300182,2026-01-07 09:00:00,106980,104821,10000,0,200
T1009,M2003,ACCT100201,DST300093,2026-01-08 00:49:00,1586493,100045,10000,0,200
T1009,M2015,ACCT100201,DST300045,2026-01-08 03:08:00,209304,102210,10000,0,200
T1009,M2001,ACCT100201,DST300125,2026-01-08 03:34:00,103151,100203,400000,0,200
T1009,M2011,ACCT100201,DST999999,2026-01-08 03:36:00,95790,101415,400000,0,200
T1009,M2000,ACCT100201,DST999999,2026-01-08 03:38:00,74582,101416,400000,0,200
T1009,M2002,ACCT100201,DST300004,2026-01-08 04:26:00,99390,102836,400000,0,200
T1009,M2002,ACCT100201,DST300198,2026-01-08 04:26:00,179583,103536,10000,0,200
T1009,M2004,ACCT100201,DST300067,2026-01-08 04:51:00,87573,103629,10000,0,200
T1009,M2012,ACCT100201,DST300159,2026-01-08 04:52:00,121950,104362,300000,55,200
T1009,M2001,ACCT100201,DST300192,2026-01-08 04:53:00,102969,104363,300000,55,200
T1009,M2019,ACCT100201,DST300093,2026-01-08 04:54:00,111580,104364,300000,55,200
T1009,M2007,ACCT100201,DST300095,2026-01-08 06:49:00,88621,101420,10000,0,200
T1009,M2004,ACCT100201,DST300130,2026-01-08 07:11:00,62122,104993,400000,0,200
T1009,M2005,ACCT100201,DST300062,2026-01-08 09:17:00,112425,101453,400000,0,200
T1009,M2019,ACCT100201,DST300137,2026-01-08 12:12:00,120847,101975,400000,0,200
T1013,M2005,ACCT100202,DST300184,2026-01-19 20:43:00,370629,100366,10000,0,200
T1013,M2015,ACCT100202,DST300149,2026-01-20 00:11:00,322541,100615,400000,0,200
T1013,M2007,ACCT100202,DST300115,2026-01-20 01:56:00,349987,100972,400000,0,200
T1013,M2018,ACCT100202,DST300053,2026-01-20 03:55:00,346432,101940,400000,0,200
T1013,M2005,ACCT100202,DST300029,2026-01-20 04:23:00,303946,102199,10000,0,200
T1013,M2009,ACCT100202,DST300094,2026-01-20 05:29:00,321907,102237,400000,0,200
T1013,M2006,ACCT100202,DST300186,2026-01-20 09:10:00,337948,102770,10000,0,200
T1013,M2005,ACCT100202,DST300026,2026-01-20 11:42:00,327092,103196,10000,0,200
T1013,M2000,ACCT100202,DST300006,2026-01-20 14:30:00,346375,103443,400000,0,200
T1013,M2016,ACCT100202,DST300080,2026-01-20 17:40:00,318152,103621,10000,0,200
T1013,M2010,ACCT100202,DST300165,2026-01-20 20:03:00,360845,103627,400000,0,200
T1013,M2005,ACCT100202,DST300082,2026-01-20 22:54:00,314321,104415,10000,0,200
T1013,M2012,ACCT100202,DST300080,2026-01-21 00:05:00,341700,104751,10000,0,200
T1013,M2000,ACCT100202,DST300011,2026-01-21 00:06:00,405774,104764,300000,55,200
T1013,M2019,ACCT100202,DST300032,2026-01-21 00:07:00,357521,104765,300000,55,200
T1013,M2007,ACCT100202,DST300170,2026-01-21 00:08:00,289688,104766,300000,55,200
T1013,M2002,ACCT100202,DST300134,2026-01-21 00:09:00,307823,104767,300000,55,200
T1015,M2007,ACCT100203,DST300063,2026-01-01 07:25:00,98790,100224,400000,0,200
T1015,M2019,ACCT100203,DST300053,2026-01-01 07:39:00,84655,100353,400000,0,200
T1015,M2006,ACCT100203,DST300120,2026-01-01 11:27:00,75421,100897,10000,0,200
T1015,M2016,ACCT100203,DST300139,2026-01-01 15:09:00,70780,101191,400000,0,200
T1015,M2000,ACCT100203,DST300005,2026-01-01 15:35:00,1097963,101554,10000,0,200
T1015,M2015,ACCT100203,DST300063,2026-01-01 19:18:00,53327,101697,400000,0,200
T1015,M2017,ACCT100203,DST300071,2026-01-01 21:51:00,83898,101717,10000,0,200
T1015,M2000,ACCT100203,DST300070,2026-01-01 21:52:00,96720,101824,300000,55,200
T1015,M2010,ACCT100203,DST300153,2026-01-01 21:53:00,91037,101825,300000,55,200
T1015,M2008,ACCT100203,DST300156,2026-01-01 21:54:00,128645,101826,300000,55,200
T1015,M2019,ACCT100203,DST300130,2026-01-01 21:55:00,80511,101827,300000,55,200
T1015,M2009,ACCT100203,DST300178,2026-01-01 21:56:00,83578,101828,300000,55,200
T1015,M2000,ACCT100203,DST300135,2026-01-02 00:59:00,43774,103785,10000,0,200
T1015,M2008,ACCT100203,DST300021,2026-01-02 02:35:00,72196,104738,400000,0,200
T1022,M2019,ACCT100204,DST300151,2026-01-20 10:27:00,188145,100114,400000,0,200
T1022,M2013,ACCT100204,DST300035,2026-01-20 12:36:00,151862,100262,10000,0,200
T1022,M2007,ACCT100204,DST300101,2026-01-20 14:25:00,154243,100299,10000,0,200
T1022,M2009,ACCT100204,DST300156,2026-01-20 17:56:00,124846,100573,10000,0,200
T1022,M2004,ACCT100204,DST300039,2026-01-20 21:34:00,131502,100875,400000,0,200
T1022,M2002,ACCT100204,DST300015,2026-01-21 01:30:00,126106,100958,10000,0,200
T1022,M2010,ACCT100204,DST300191,2026-01-21 01:31:00,123896,101960,300000,55,200
T1022,M2018,ACCT100204,DST300105,2026-01-21 01:32:00,149087,101961,300000,55,200
T1022,M2016,ACCT100204,DST300090,2026-01-21 01:33:00,159389,101962,300000,55,200
T1022,M2009,ACCT100204,DST300191,2026-01-21 01:34:00,147633,101963,300000,55,200
T1022,M2018,ACCT100204,DST300034,2026-01-21 01:35:00,126080,101964,300000,55,200
T1022,M2014,ACCT100204,DST300016,2026-01-21 02:50:00,112979,102141,10000,0,200
T1022,M2013,ACCT100204,DST300015,2026-01-21 06:40:00,148860,102236,10000,0,200
T1022,M2014,ACCT100204,DST300150,2026-01-21 07:22:00,185450,102564,400000,0,200
T1022,M2008,ACCT100204,DST300028,2026-01-21 09:17:00,132594,103093,10000,0,200
T1022,M2010,ACCT100204,DST300054,2026-01-21 10:23:00,147688,104140,400000,0,200
T1025,M2002,ACCT100205,DST999999,2026-01-20 05:01:00,283588,101699,400000,0,200
T1025,M2005,ACCT100205,DST999999,2026-01-20 05:03:00,256084,101700,400000,0,200
T1025,M2018,ACCT100205,DST999999,2026-01-20 05:05:00,296133,101701,400000,0,200
T1025,M2009,ACCT100205,DST999999,2026-01-20 05:07:00,290925,101702,400000,0,200
T1025,M2003,ACCT100205,DST300067,2026-01-20 08:33:00,266830,101755,400000,0,200
T1025,M2016,ACCT100205,DST300062,2026-01-20 10:57:00,267904,101843,10000,0,200
T1026,M2014,ACCT100205,DST300064,2026-01-20 11:00:00,272257,102198,10000,0,200
T1026,M2012,ACCT100205,DST300063,2026-01-20 14:14:00,268317,102208,10000,0,200
T1026,M2011,ACCT100205,DST300047,2026-01-20 14:23:00,3124449,102465,10000,0,200
T1026,M2009,ACCT100205,DST300078,2026-01-20 16:27:00,274285,103417,400000,0,200
T1026,M2008,ACCT100205,DST300045,2026-01-20 19:54:00,310748,103791,400000,0,200
T1026,M2009,ACCT100205,DST300106,2026-01-20 20:20:00,301380,103964,400000,0,200
T1026,M2001,ACCT100205,DST300113,2026-01-20 23:16:00,286250,104041,10000,0,200
T1026,M2011,ACCT100205,DST300081,2026-01-21 00:04:00,298716,104823,400000,0,200
T1026,M2001,ACCT100205,DST999999,2026-01-21 00:06:00,240043,104895,400000,0,200
T1026,M2012,ACCT100205,DST999999,2026-01-21 00:08:00,268814,104896,400000,0,200
T1026,M2013,ACCT100205,DST300176,2026-01-21 03:30:00,229877,104913,10000,0,200
T1005,M2008,ACCT100206,DST999999,2026-01-16 17:43:00,128935,100288,400000,0,200
T1005,M2011,ACCT100206,DST999999,2026-01-16 17:45:00,139845,100289,400000,0,200
T1005,M2013,ACCT100206,DST999999,2026-01-16 17:47:00,184169,100290,400000,0,200
T1005,M2003,ACCT100206,DST999999,2026-01-16 17:49:00,139465,100291,400000,0,200
T1005,M2019,ACCT100206,DST300165,2026-01-16 18:50:00,176502,100319,10000,0,200
T1005,M2007,ACCT100206,DST300096,2026-01-16 19:05:00,164009,100479,400000,0,200
T1005,M2018,ACCT100206,DST300163,2026-01-16 19:15:00,169862,100552,400000,0,200
T1005,M2017,ACCT100206,DST300001,2026-01-16 22:07:00,170359,100719,400000,0,200
T1005,M2006,ACCT100206,DST300047,2026-01-17 01:13:00,109055,100993,10000,0,200
T1005,M2012,ACCT100206,DST300063,2026-01-17 04:33:00,119822,101260,400000,0,200
T1005,M2017,ACCT100206,DST300020,2026-01-17 05:48:00,116891,101918,10000,0,200
T1005,M2008,ACCT100206,DST300107,2026-01-17 06:59:00,132657,102276,400000,0,200
T1005,M2008,ACCT100206,DST300020,2026-01-17 08:31:00,133442,102616,10000,0,200
T1005,M2001,ACCT100206,DST300062,2026-01-17 10:11:00,167659,102977,10000,0,200
T1005,M2006,ACCT100206,DST300076,2026-01-17 10:12:00,183427,103258,300000,55,200
T1005,M2007,ACCT100206,DST300199,2026-01-17 10:13:00,168944,103259,300000,55,200
T1005,M2006,ACCT100206,DST300186,2026-01-17 10:14:00,147701,103260,300000,55,200
T1005,M2016,ACCT100206,DST300013,2026-01-17 10:15:00,197978,103261,300000,55,200
T1005,M2005,ACCT100206,DST300115,2026-01-17 10:16:00,154279,103262,300000,55,200
T1005,M2012,ACCT100206,DST300006,2026-01-17 13:13:00,189756,103422,10000,0,200
T1005,M2002,ACCT100206,DST300118,2026-01-17 15:40:00,166896,104144,10000,0,200
T1005,M2006,ACCT100206,DST300019,2026-01-17 15:53:00,1597854,104485,10000,0,200
T1005,M2012,ACCT100206,DST300100,2026-01-17 19:32:00,151810,104598,400000,0,200
T1023,M2009,ACCT100206,DST300005,2026-01-17 19:38:00,175496,104877,10000,0,200
T1011,M2018,ACCT100207,DST300140,2026-01-19 01:28:00,560411,101564,10000,0,200
T1011,M2019,ACCT100207,DST300032,2026-01-19 03:31:00,167736,102251,400000,0,200
T1011,M2017,ACCT100207,DST300053,2026-01-19 03:42:00,482152,104744,10000,0,200
T1028,M2000,ACCT100207,DST300180,2026-01-19 05:50:00,2179365,100260,10000,0,200
T1011,M2018,ACCT100207,DST300088,2026-01-19 05:55:00,187040,100462,10000,0,200
T1011,M2014,ACCT100207,DST999999,2026-01-19 05:57:00,197838,100658,400000,0,200
T1011,M2007,ACCT100207,DST999999,2026-01-19 05:59:00,161465,100659,400000,0,200
T1011,M2004,ACCT100207,DST999999,2026-01-19 06:01:00,223526,100660,400000,0,200
T1011,M2019,ACCT100207,DST300150,2026-01-19 06:49:00,185604,102284,400000,0,200
T1011,M2016,ACCT100207,DST300104,2026-01-19 07:10:00,152906,104932,10000,0,200
T1011,M2005,ACCT100207,DST999999,2026-01-19 07:12:00,179333,104986,400000,0,200
T1011,M2015,ACCT100207,DST999999,2026-01-19 07:14:00,199931,104987,400000,0,200
T1011,M2006,ACCT100207,DST300152,2026-01-19 09:34:00,188726,102805,400000,0,200
T1011,M2002,ACCT100207,DST300025,2026-01-19 11:42:00,175115,102835,400000,0,200
T1011,M2015,ACCT100207,DST300106,2026-01-19 14:36:00,182895,103647,400000,0,200
T1000,M2006,ACCT100208,DST300119,2026-01-13 21:54:00,175554,100516,400000,0,200
T1000,M2006,ACCT100208,DST300069,2026-01-13 23:12:00,165502,101035,10000,0,200
T1000,M2012,ACCT100208,DST300190,2026-01-14 01:47:00,221059,101469,400000,0,200
T1000,M2008,ACCT100208,DST300128,2026-01-14 04:05:00,155654,101956,10000,0,200
T1000,M2011,ACCT100208,DST300049,2026-01-14 07:44:00,202791,101994,400000,0,200
T1000,M2005,ACCT100208,DST300005,2026-01-14 08:42:00,213272,102780,400000,0,200
T1000,M2003,ACCT100208,DST999999,2026-01-14 08:44:00,133919,103378,400000,0,200
T1000,M2017,ACCT100208,DST999999,2026-01-14 08:46:00,190803,103379,400000,0,200
T1000,M2016,ACCT100208,DST300178,2026-01-14 08:47:00,213605,104167,300000,55,200
T1000,M2006,ACCT100208,DST300120,2026-01-14 08:48:00,167048,104168,300000,55,200
T1000,M2019,ACCT100208,DST300042,2026-01-14 08:49:00,186176,104169,300000,55,200
T1000,M2016,ACCT100208,DST300016,2026-01-14 12:08:00,200864,104502,10000,0,200
T1000,M2016,ACCT100208,DST300107,2026-01-14 15:47:00,174108,104505,400000,0,200
T1000,M2007,ACCT100208,DST300112,2026-01-14 19:17:00,187982,104542,400000,0,200
T1000,M2013,ACCT100208,DST300134,2026-01-14 22:25:00,197729,104626,400000,0,200
T1000,M2010,ACCT100208,DST300008,2026-01-14 22:58:00,179418,104653,400000,0,200
T1000,M2013,ACCT100208,DST300159,2026-01-15 02:49:00,160754,104671,400000,0,200
T1016,M2013,ACCT100209,DST300094,2026-01-13 23:04:00,176134,100177,400000,0,200
T1016,M2002,ACCT100209,DST300173,2026-01-14 00:48:00,105757,100420,10000,0,200
T1016,M2009,ACCT100209,DST300042,2026-01-14 02:47:00,277604,102917,10000,0,200
T1016,M2018,ACCT100209,DST300144,2026-01-14 02:48:00,134281,100855,10000,0,200
T1016,M2017,ACCT100209,DST300030,2026-01-14 02:48:00,136590,103758,300000,55,200
T1016,M2006,ACCT100209,DST300034,2026-01-14 02:49:00,94234,103759,300000,55,200
T1016,M2003,ACCT100209,DST300036,2026-01-14 02:50:00,157753,103760,300000,55,200
T1016,M2018,ACCT100209,DST300057,2026-01-14 03:57:00,118337,104147,400000,0,200
T1016,M2006,ACCT100209,DST300128,2026-01-14 04:15:00,146597,101751,400000,0,200
T1016,M2017,ACCT100209,DST300124,2026-01-14 05:55:00,107947,104177,400000,0,200
T1016,M2014,ACCT100209,DST300115,2026-01-14 06:47:00,154387,102111,400000,0,200
T1016,M2006,ACCT100209,DST300020,2026-01-14 08:36:00,100348,104659,400000,0,200
T1016,M2014,ACCT100209,DST300130,2026-01-14 09:20:00,119216,102323,400000,0,200
T1016,M2002,ACCT100209,DST300147,2026-01-14 11:00:00,104373,102433,400000,0,200
T1003,M2008,ACCT100210,DST300056,2026-01-02 19:14:00,362284,100553,10000,0,200
T1003,M2007,ACCT100210,DST300139,2026-01-02 20:57:00,295830,101363,400000,0,200
T1003,M2001,ACCT100210,DST300150,2026-01-02 23:14:00,295803,101396,10000,0,200
T1003,M2003,ACCT100210,DST300097,2026-01-03 01:37:00,307383,101795,400000,0,200
T1003,M2004,ACCT100210,DST300174,2026-01-03 04:35:00,291822,101998,400000,0,200
T1003,M2014,ACCT100210,DST300143,2026-01-03 07:20:00,296854,102261,10000,0,200
T1026,M2013,ACCT100210,DST300004,2026-01-03 07:28:00,288508,103178,10000,0,200
T1026,M2015,ACCT100210,DST300027,2026-01-03 09:27:00,301129,103581,400000,0,200
T1026,M2009,ACCT100210,DST300123,2026-01-03 12:33:00,310128,103661,400000,0,200
T1026,M2016,ACCT100210,DST300169,2026-01-03 12:34:00,322778,104078,300000,55,200
T1026,M2000,ACCT100210,DST300137,2026-01-03 12:35:00,349285,104079,300000,55,200
T1026,M2012,ACCT100210,DST300123,2026-01-03 12:36:00,278606,104080,300000,55,200
T1026,M2007,ACCT100210,DST300136,2026-01-03 12:37:00,311411,104081,300000,55,200
T1026,M2007,ACCT100210,DST300118,2026-01-03 12:38:00,299161,104082,300000,55,200
T1026,M2015,ACCT100210,DST999999,2026-01-03 12:40:00,316090,104536,400000,0,200
T1026,M2012,ACCT100210,DST999999,2026-01-03 12:42:00,318576,104537,400000,0,200
T1021,M2006,ACCT100211,DST300158,2026-01-18 09:28:00,224137,100392,10000,0,200
T1021,M2010,ACCT100211,DST999999,2026-01-18 09:30:00,207283,100987,400000,0,200
T1021,M2004,ACCT100211,DST999999,2026-01-18 09:32:00,229836,100988,400000,0,200
T1021,M2005,ACCT100211,DST999999,2026-01-18 09:34:00,237417,102019,400000,0,200
T1021,M2005,ACCT100211,DST999999,2026-01-18 09:36:00,246658,102020,400000,0,200
T1021,M2001,ACCT100211,DST999999,2026-01-18 09:38:00,182308,102021,400000,0,200
T1021,M2019,ACCT100211,DST300079,2026-01-18 12:43:00,193454,102023,400000,0,200
T1021,M2016,ACCT100211,DST300029,2026-01-18 13:15:00,205558,102028,400000,0,200
T1001,M2002,ACCT100211,DST300132,2026-01-18 13:21:00,194057,102684,10000,0,200
T1001,M2006,ACCT100211,DST300001,2026-01-18 14:08:00,199442,102722,400000,0,200
T1001,M2005,ACCT100211,DST300044,2026-01-18 17:05:00,212127,103463,10000,0,200
T1001,M2003,ACCT100211,DST300071,2026-01-18 18:48:00,171382,104006,10000,0,200
T1001,M2008,ACCT100211,DST300117,2026-01-18 19:12:00,226052,104386,400000,0,200
T1001,M2015,ACCT100211,DST999999,2026-01-18 19:14:00,200881,104428,400000,0,200
T1001,M2008,ACCT100211,DST999999,2026-01-18 19:16:00,264305,104429,400000,0,200
T1001,M2004,ACCT100211,DST999999,2026-01-18 19:18:00,242727,104430,400000,0,200
T1001,M2002,ACCT100211,DST999999,2026-01-18 19:20:00,244985,104431,400000,0,200
T1001,M2008,ACCT100211,DST999999,2026-01-18 19:22:00,230788,104432,400000,0,200
T1001,M2015,ACCT100211,DST300182,2026-01-18 22:13:00,234368,104479,10000,0,200
T1001,M2008,ACCT100211,DST300046,2026-01-19 00:51:00,226808,104580,400000,0,200
T1014,M2000,ACCT100212,DST300107,2026-01-09 02:53:00,192448,100679,400000,0,200
T1014,M2009,ACCT100212,DST300175,2026-01-09 03:45:00,212516,101562,10000,0,200
T1014,M2001,ACCT100212,DST300033,2026-01-09 04:55:00,217616,101884,10000,0,200
T1014,M2010,ACCT100212,DST300047,2026-01-09 08:09:00,189234,102486,10000,0,200
T1014,M2002,ACCT100212,DST300036,2026-01-09 10:29:00,209760,103299,400000,0,200
T1014,M2007,ACCT100212,DST300071,2026-01-09 12:28:00,195275,103385,400000,0,200
T1014,M2009,ACCT100212,DST300072,2026-01-09 13:43:00,215635,103411,10000,0,200
T1014,M2013,ACCT100212,DST300198,2026-01-09 13:44:00,186973,103473,300000,55,200
T1014,M2007,ACCT100212,DST300150,2026-01-09 13:45:00,231419,103474,300000,55,200
T1014,M2019,ACCT100212,DST300016,2026-01-09 13:46:00,203063,103475,300000,55,200
T1014,M2013,ACCT100212,DST300128,2026-01-09 13:47:00,180003,103476,300000,55,200
T1014,M2010,ACCT100212,DST300002,2026-01-09 13:48:00,202876,103477,300000,55,200
T1014,M2015,ACCT100212,DST300167,2026-01-09 15:07:00,209371,103658,10000,0,200
T1014,M2008,ACCT100212,DST300080,2026-01-09 17:54:00,253416,103685,400000,0,200
T1014,M2014,ACCT100212,DST300194,2026-01-09 18:10:00,3158291,103694,10000,0,200
T1014,M2014,ACCT100212,DST300071,2026-01-09 18:11:00,229906,103894,300000,55,200
T1014,M2016,ACCT100212,DST300198,2026-01-09 18:12:00,191661,103895,300000,55,200
T1014,M2002,ACCT100212,DST300110,2026-01-09 18:13:00,242095,103896,300000,55,200
T1014,M2000,ACCT100212,DST300184,2026-01-09 19:11:00,229048,104668,400000,0,200
T1022,M2007,ACCT100213,DST300073,2026-01-16 04:47:00,312438,101690,10000,0,200
T1022,M2015,ACCT100213,DST300045,2026-01-16 05:58:00,126546,101802,10000,0,200
T1022,M2016,ACCT100213,DST300093,2026-01-16 08:22:00,124104,101914,400000,0,200
T1022,M2018,ACCT100213,DST300149,2026-01-16 11:34:00,112968,102123,10000,0,200
T1022,M2009,ACCT100213,DST999999,2026-01-16 11:50:00,103445,100183,400000,0,200
T1022,M2009,ACCT100213,DST999999,2026-01-16 11:52:00,121258,100184,400000,0,200
T1022,M2001,ACCT100213,DST300008,2026-01-16 12:28:00,147048,100451,10000,0,200
T1022,M2002,ACCT100213,DST300172,2026-01-16 13:07:00,104655,102245,400000,0,200
T1021,M2016,ACCT100213,DST300110,2026-01-16 13:14:00,131108,102634,10000,0,200
T1021,M2007,ACCT100213,DST300062,2026-01-16 14:08:00,157216,102803,400000,0,200
T1021,M2014,ACCT100213,DST300199,2026-01-16 17:08:00,130899,102851,10000,0,200
T1021,M2001,ACCT100213,DST300018,2026-01-16 18:24:00,131367,103519,400000,0,200
T1009,M2000,ACCT100213,DST300145,2026-01-16 18:29:00,129430,103562,10000,0,200
T1009,M2013,ACCT100213,DST300003,2026-01-16 22:03:00,180291,104256,10000,0,200
T1013,M2002,ACCT100214,DST300063,2026-01-14 04:59:00,230975,100084,10000,0,200
T1013,M2007,ACCT100214,DST300070,2026-01-14 06:57:00,227322,100134,400000,0,200
T1013,M2003,ACCT100214,DST300016,2026-01-14 09:20:00,233395,100310,400000,0,200
T1025,M2012,ACCT100214,DST300059,2026-01-14 09:22:00,244216,100413,10000,0,200
T1025,M2006,ACCT100214,DST300159,2026-01-14 10:03:00,222189,101592,400000,0,200
T1025,M2017,ACCT100214,DST300151,2026-01-14 13:46:00,256121,102729,10000,0,200
T1025,M2009,ACCT100214,DST300022,2026-01-14 16:27:00,208911,102848,10000,0,200
T1025,M2005,ACCT100214,DST300010,2026-01-14 17:52:00,240400,102974,400000,0,200
T1025,M2011,ACCT100214,DST300181,2026-01-14 19:25:00,203380,103437,10000,0,200
T1029,M2013,ACCT100214,DST300073,2026-01-14 19:27:00,253409,103915,10000,0,200
T1029,M2003,ACCT100214,DST300119,2026-01-14 22:19:00,245859,104306,10000,0,200
T1029,M2007,ACCT100214,DST300027,2026-01-14 23:55:00,216503,104433,400000,0,200
T1029,M2009,ACCT100214,DST300041,2026-01-15 03:19:00,225449,104634,400000,0,200
T1001,M2001,ACCT100215,DST300048,2026-01-16 03:39:00,240531,101133,400000,0,200
T1001,M2005,ACCT100215,DST300142,2026-01-16 05:49:00,260369,102331,10000,0,200
T1001,M2002,ACCT100215,DST300176,2026-01-16 09:33:00,232708,103312,400000,0,200
T1001,M2000,ACCT100215,DST300193,2026-01-16 09:49:00,250920,103821,10000,0,200
T1001,M2001,ACCT100215,DST300056,2026-01-16 11:58:00,216507,104231,10000,0,200
T1005,M2007,ACCT100216,DST300062,2026-01-08 20:36:00,215678,100193,400000,0,200
T1005,M2013,ACCT100216,DST999999,2026-01-08 20:38:00,179632,100205,400000,0,200
T1005,M2015,ACCT100216,DST999999,2026-01-08 20:40:00,180897,100206,400000,0,200
T1005,M2000,ACCT100216,DST300060,2026-01-08 22:51:00,207095,100498,10000,0,200
T1005,M2000,ACCT100216,DST300047,2026-01-08 23:01:00,2346764,100909,10000,0,200
T1005,M2003,ACCT100216,DST300135,2026-01-09 00:24:00,205612,101240,400000,0,200
T1005,M2005,ACCT100216,DST300016,2026-01-09 00:25:00,179825,101474,300000,55,200
T1005,M2011,ACCT100216,DST300084,2026-01-09 00:26:00,162228,101475,300000,55,200
T1005,M2002,ACCT100216,DST300019,2026-01-09 00:27:00,135879,101476,300000,55,200
T1005,M2011,ACCT100216,DST300039,2026-01-09 00:28:00,190852,101477,300000,55,200
T1005,M2017,ACCT100216,DST300172,2026-01-09 00:29:00,190050,101478,300000,55,200
T1005,M2015,ACCT100216,DST300012,2026-01-09 03:24:00,459712,104141,10000,0,200
T1005,M2013,ACCT100216,DST300180,2026-01-09 03:39:00,365620,104209,10000,0,200
T1005,M2007,ACCT100216,DST300152,2026-01-09 04:23:00,158515,101832,10000,0,200
T1005,M2011,ACCT100216,DST300097,2026-01-09 05:08:00,139759,104345,400000,0,200
T1000,M2014,ACCT100216,DST300175,2026-01-09 05:12:00,200086,104378,10000,0,200
T1005,M2006,ACCT100216,DST300035,2026-01-09 06:49:00,175569,102560,10000,0,200
T1005,M2015,ACCT100216,DST300177,2026-01-09 06:50:00,173886,103161,300000,55,200
T1005,M2010,ACCT100216,DST300134,2026-01-09 06:51:00,181787,103162,300000,55,200
T1005,M2006,ACCT100216,DST300143,2026-01-09 06:52:00,186963,103163,300000,55,200
T1005,M2014,ACCT100216,DST300174,2026-01-09 06:53:00,163689,103164,300000,55,200
T1005,M2013,ACCT100216,DST300117,2026-01-09 10:51:00,171119,103263,400000,0,200
T1005,M2000,ACCT100216,DST300190,2026-01-09 13:31:00,172520,103366,400000,0,200
T1005,M2001,ACCT100216,DST300075,2026-01-09 15:04:00,188911,103780,400000,0,200
T1005,M2010,ACCT100216,DST300178,2026-01-09 15:38:00,2017577,104028,10000,0,200
T1005,M2016,ACCT100216,DST300172,2026-01-09 18:26:00,155399,104096,10000,0,200
T1003,M2018,ACCT100217,DST300144,2026-01-14 22:49:00,96609,100547,10000,0,200
T1003,M2012,ACCT100217,DST300157,2026-01-15 01:47:00,120020,100801,10000,0,200
T1003,M2014,ACCT100217,DST300132,2026-01-15 02:55:00,247060,101771,10000,0,200
T1003,M2007,ACCT100217,DST300111,2026-01-15 03:52:00,117047,100876,400000,0,200
T1003,M2005,ACCT100217,DST300159,2026-01-15 06:21:00,86057,101817,10000,0,200
T1003,M2000,ACCT100217,DST300099,2026-01-15 06:36:00,100294,101169,400000,0,200
T1003,M2005,ACCT100217,DST300146,2026-01-15 06:36:00,104913,102158,400000,0,200
T1003,M2019,ACCT100217,DST300075,2026-01-15 08:26:00,142003,101193,400000,0,200
T1003,M2002,ACCT100217,DST300187,2026-01-15 09:10:00,122174,102503,10000,0,200
T1003,M2009,ACCT100217,DST300158,2026-01-15 10:20:00,122587,101693,400000,0,200
T1003,M2000,ACCT100217,DST300131,2026-01-15 12:05:00,115400,102541,10000,0,200
T1003,M2011,ACCT100217,DST999999,2026-01-15 12:07:00,124224,102580,400000,0,200
T1003,M2000,ACCT100217,DST999999,2026-01-15 12:09:00,154294,102581,400000,0,200
T1003,M2013,ACCT100217,DST999999,2026-01-15 12:11:00,114444,102582,400000,0,200
T1003,M2018,ACCT100217,DST999999,2026-01-15 12:13:00,97886,102583,400000,0,200
T1003,M2001,ACCT100217,DST999999,2026-01-15 12:15:00,113975,102964,400000,0,200
T1003,M2009,ACCT100217,DST999999,2026-01-15 12:17:00,133386,102965,400000,0,200
T1003,M2007,ACCT100217,DST999999,2026-01-15 12:19:00,83810,102966,400000,0,200
T1003,M2014,ACCT100217,DST999999,2026-01-15 12:21:00,114868,102967,400000,0,200
T1003,M2009,ACCT100217,DST300055,2026-01-15 14:45:00,85864,103142,10000,0,200
T1003,M2008,ACCT100217,DST300030,2026-01-15 17:00:00,123288,103272,10000,0,200
T1003,M2014,ACCT100217,DST300013,2026-01-15 17:06:00,1401594,104470,10000,0,200
T1003,M2015,ACCT100217,DST300045,2026-01-15 18:10:00,107569,104705,10000,0,200
T1025,M2019,ACCT100218,DST300090,2026-01-08 22:24:00,241702,100412,10000,0,200
T1014,M2002,ACCT100218,DST300028,2026-01-08 22:27:00,306771,100591,10000,0,200
T1014,M2005,ACCT100218,DST300191,2026-01-08 23:44:00,249857,100718,400000,0,200
T1014,M2006,ACCT100218,DST300064,2026-01-09 02:23:00,256621,101056,400000,0,200
T1014,M2005,ACCT100218,DST300047,2026-01-09 02:58:00,4433257,102333,10000,0,200
T1014,M2004,ACCT100218,DST300193,2026-01-09 05:53:00,236914,102416,10000,0,200
T1014,M2018,ACCT100218,DST300092,2026-01-09 09:43:00,286244,102656,400000,0,200
T1014,M2010,ACCT100218,DST999999,2026-01-09 09:45:00,240123,104438,400000,0,200
T1014,M2011,ACCT100218,DST999999,2026-01-09 09:47:00,281540,104439,400000,0,200
T1028,M2011,ACCT100219,DST300016,2026-01-18 06:18:00,178133,100491,400000,0,200
T1028,M2011,ACCT100219,DST300021,2026-01-18 07:06:00,128757,100614,10000,0,200
T1028,M2013,ACCT100219,DST300067,2026-01-18 10:30:00,136147,100769,400000,0,200
T1028,M2009,ACCT100219,DST300056,2026-01-18 11:10:00,161641,100827,10000,0,200
T1028,M2000,ACCT100219,DST300181,2026-01-18 14:25:00,177588,101571,400000,0,200
T1028,M2014,ACCT100219,DST300089,2026-01-18 14:43:00,177781,101919,10000,0,200
T1028,M2017,ACCT100219,DST300145,2026-01-18 16:10:00,146090,101944,400000,0,200
T1028,M2003,ACCT100219,DST300187,2026-01-18 16:45:00,167861,101969,400000,0,200
T1028,M2016,ACCT100219,DST300195,2026-01-18 18:43:00,127326,102129,400000,0,200
T1028,M2007,ACCT100219,DST300162,2026-01-18 19:33:00,175598,102143,400000,0,200
T1028,M2019,ACCT100219,DST300057,2026-01-18 20:08:00,144090,102685,10000,0,200
T1028,M2008,ACCT100219,DST300052,2026-01-19 00:07:00,164642,103180,400000,0,200
T1017,M2009,ACCT100219,DST300163,2026-01-19 00:12:00,188355,103738,10000,0,200
T1017,M2012,ACCT100219,DST300124,2026-01-19 03:19:00,137828,104950,400000,0,200
T1017,M2013,ACCT100220,DST300188,2026-01-16 01:49:00,54622,100087,10000,0,200
T1017,M2011,ACCT100220,DST300131,2026-01-16 03:14:00,30799,101769,10000,0,200
T1017,M2013,ACCT100220,DST300120,2026-01-16 03:26:00,60095,102202,400000,0,200
T1017,M2012,ACCT100220,DST300193,2026-01-16 07:01:00,49128,102900,10000,0,200
T1017,M2002,ACCT100220,DST300037,2026-01-16 10:08:00,94046,102931,10000,0,200
T1017,M2004,ACCT100220,DST300122,2026-01-16 12:47:00,20000,103652,400000,0,200
T1017,M2001,ACCT100220,DST300049,2026-01-16 13:12:00,51533,103747,400000,0,200
T1019,M2005,ACCT100221,DST300094,2026-01-11 21:41:00,238780,101138,400000,0,200
T1019,M2000,ACCT100221,DST300150,2026-01-11 22:32:00,251310,101311,10000,0,200
T1019,M2017,ACCT100221,DST300002,2026-01-12 00:42:00,209217,101515,10000,0,200
T1019,M2007,ACCT100221,DST300011,2026-01-12 01:56:00,237425,102173,400000,0,200
T1008,M2017,ACCT100221,DST300054,2026-01-12 02:01:00,219007,102308,10000,0,200
T1008,M2013,ACCT100221,DST300185,2026-01-12 02:02:00,249487,103734,300000,55,200
T1008,M2001,ACCT100221,DST300198,2026-01-12 02:03:00,273836,103735,300000,55,200
T1008,M2002,ACCT100221,DST300026,2026-01-12 02:04:00,267660,103736,300000,55,200
T1008,M2014,ACCT100221,DST300077,2026-01-12 04:16:00,640880,104027,10000,0,200
T1008,M2017,ACCT100221,DST300110,2026-01-12 08:10:00,252656,104054,400000,0,200
T1008,M2018,ACCT100222,DST300069,2026-01-07 03:22:00,171052,100085,400000,0,200
T1008,M2011,ACCT100222,DST300022,2026-01-07 06:55:00,149256,100105,10000,0,200
T1008,M2012,ACCT100222,DST300189,2026-01-07 09:39:00,182032,100216,10000,0,200
T1008,M2012,ACCT100222,DST300006,2026-01-07 11:42:00,146417,100528,10000,0,200
T1008,M2014,ACCT100222,DST300122,2026-01-07 15:13:00,171750,101239,400000,0,200
T1008,M2018,ACCT100222,DST300043,2026-01-07 18:50:00,156270,104287,400000,0,200
T1025,M2008,ACCT100223,DST300165,2026-01-10 00:58:00,202314,100282,10000,0,200
T1025,M2002,ACCT100223,DST300021,2026-01-10 02:35:00,486194,103345,10000,0,200
T1025,M2011,ACCT100223,DST300158,2026-01-10 02:50:00,230153,103664,400000,0,200
T1025,M2008,ACCT100223,DST300193,2026-01-10 04:15:00,201192,104207,400000,0,200
T1025,M2003,ACCT100223,DST300083,2026-01-10 04:24:00,610725,101655,10000,0,200
T1025,M2010,ACCT100223,DST300055,2026-01-10 04:43:00,181309,100348,10000,0,200
T1025,M2016,ACCT100223,DST300079,2026-01-10 05:12:00,2342156,100709,10000,0,200
T1025,M2009,ACCT100223,DST300042,2026-01-10 07:47:00,252142,101691,10000,0,200
T1025,M2009,ACCT100223,DST300111,2026-01-10 07:49:00,192232,100829,10000,0,200
T1025,M2006,ACCT100223,DST999999,2026-01-10 07:49:00,233283,102603,400000,0,200
T1025,M2012,ACCT100223,DST999999,2026-01-10 07:51:00,185732,102604,400000,0,200
T1025,M2010,ACCT100223,DST999999,2026-01-10 07:53:00,186207,102605,400000,0,200
T1025,M2007,ACCT100223,DST300197,2026-01-10 11:43:00,253433,103094,10000,0,200
T1022,M2014,ACCT100224,DST300125,2026-01-16 03:10:00,468482,102274,10000,0,200
T1022,M2003,ACCT100224,DST300185,2026-01-16 04:53:00,198047,102874,10000,0,200
T1022,M2000,ACCT100224,DST300059,2026-01-16 07:28:00,220437,100135,400000,0,200
T1022,M2015,ACCT100224,DST300098,2026-01-16 07:46:00,215957,103277,400000,0,200
T1022,M2019,ACCT100224,DST300184,2026-01-16 08:00:00,201678,100863,10000,0,200
T1022,M2011,ACCT100224,DST300004,2026-01-16 11:32:00,211650,103341,10000,0,200
T1022,M2019,ACCT100224,DST300002,2026-01-16 11:41:00,2255687,103828,10000,0,200
T1022,M2004,ACCT100224,DST300014,2026-01-16 11:42:00,227896,101211,400000,0,200
T1022,M2008,ACCT100224,DST300122,2026-01-16 14:29:00,219283,101621,10000,0,200
T1022,M2013,ACCT100224,DST300116,2026-01-16 14:53:00,200996,104050,10000,0,200
T1022,M2004,ACCT100224,DST300067,2026-01-16 16:14:00,182552,101841,400000,0,200
T1022,M2002,ACCT100224,DST300102,2026-01-16 17:03:00,208168,104760,400000,0,200
T1022,M2018,ACCT100224,DST300151,2026-01-16 19:36:00,242605,104861,400000,0,200
T1022,M2018,ACCT100224,DST300131,2026-01-16 20:05:00,196482,102255,10000,0,200
T1022,M2009,ACCT100225,DST300190,2026-01-04 05:41:00,128497,100165,400000,0,200
T1022,M2001,ACCT100225,DST300051,2026-01-04 08:53:00,177205,101061,10000,0,200
T1022,M2018,ACCT100225,DST300118,2026-01-04 10:22:00,189662,101095,10000,0,200
T1022,M2012,ACCT100225,DST300109,2026-01-04 13:56:00,180884,101128,400000,0,200
T1022,M2010,ACCT100225,DST300018,2026-01-04 14:15:00,2925552,101204,10000,0,200
T1022,M2005,ACCT100225,DST999999,2026-01-04 14:17:00,198485,101336,400000,0,200
T1022,M2007,ACCT100225,DST999999,2026-01-04 14:19:00,187780,101337,400000,0,200
T1022,M2002,ACCT100225,DST999999,2026-01-04 14:21:00,182434,101338,400000,0,200
T1022,M2009,ACCT100225,DST300024,2026-01-04 16:22:00,172582,101565,10000,0,200
T1022,M2003,ACCT100225,DST300157,2026-01-04 16:23:00,155097,101812,300000,55,200
T1022,M2010,ACCT100225,DST300196,2026-01-04 16:24:00,131835,101813,300000,55,200
T1022,M2004,ACCT100225,DST300079,2026-01-04 16:25:00,181172,101814,300000,55,200
T1022,M2016,ACCT100225,DST300056,2026-01-04 16:26:00,148053,101815,300000,55,200
T1022,M2005,ACCT100225,DST300175,2026-01-04 16:27:00,181301,101816,300000,55,200
T1022,M2006,ACCT100225,DST300002,2026-01-04 20:09:00,179062,101910,10000,0,200
T1022,M2006,ACCT100225,DST300145,2026-01-04 23:23:00,160770,101958,400000,0,200
T1022,M2011,ACCT100225,DST300162,2026-01-05 02:24:00,184348,102139,400000,0,200
T1022,M2002,ACCT100225,DST300131,2026-01-05 03:21:00,169529,102377,10000,0,200
T1022,M2002,ACCT100225,DST300102,2026-01-05 05:00:00,149609,102746,400000,0,200
T1022,M2005,ACCT100225,DST300125,2026-01-05 06:25:00,114082,102889,400000,0,200
T1022,M2012,ACCT100225,DST300130,2026-01-05 06:56:00,2830532,103232,10000,0,200
T1022,M2002,ACCT100225,DST300190,2026-01-05 07:12:00,194660,103396,400000,0,200
T1022,M2010,ACCT100225,DST300166,2026-01-05 08:02:00,157792,103485,10000,0,200
T1016,M2013,ACCT100225,DST300111,2026-01-05 08:07:00,200793,104109,10000,0,200
T1016,M2011,ACCT100225,DST300133,2026-01-05 10:21:00,169425,104388,400000,0,200
T1016,M2011,ACCT100225,DST300034,2026-01-05 10:46:00,140291,104493,400000,0,200
T1013,M2012,ACCT100226,DST300054,2026-01-16 02:20:00,297986,101237,10000,0,200
T1013,M2010,ACCT100226,DST300117,2026-01-16 02:21:00,249780,101305,300000,55,200
T1013,M2009,ACCT100226,DST300065,2026-01-16 02:22:00,303325,101306,300000,55,200
T1013,M2009,ACCT100226,DST300162,2026-01-16 02:23:00,286699,101307,300000,55,200
T1013,M2014,ACCT100226,DST300182,2026-01-16 02:24:00,271776,101308,300000,55,200
T1013,M2019,ACCT100226,DST300005,2026-01-16 02:25:00,222648,101309,300000,55,200
T1013,M2006,ACCT100226,DST300064,2026-01-16 04:12:00,258973,101538,400000,0,200
T1013,M2000,ACCT100226,DST300198,2026-01-16 06:41:00,245070,102026,400000,0,200
T1013,M2019,ACCT100226,DST300128,2026-01-16 10:23:00,262574,102035,10000,0,200
T1013,M2002,ACCT100226,DST300187,2026-01-16 13:37:00,282024,102677,10000,0,200
T1013,M2004,ACCT100226,DST300190,2026-01-16 15:41:00,260356,102800,400000,0,200
T1013,M2015,ACCT100226,DST300031,2026-01-16 17:38:00,233790,102932,400000,0,200
T1013,M2004,ACCT100226,DST300122,2026-01-16 21:15:00,291298,103698,10000,0,200
T1013,M2004,ACCT100226,DST300160,2026-01-17 00:37:00,274112,103808,10000,0,200
T1013,M2017,ACCT100226,DST300192,2026-01-17 03:40:00,244026,104115,400000,0,200
T1013,M2003,ACCT100226,DST300033,2026-01-17 04:21:00,297700,104368,400000,0,200
T1013,M2003,ACCT100226,DST300147,2026-01-17 05:37:00,279392,104521,400000,0,200
T1025,M2010,ACCT100227,DST300129,2026-01-17 18:16:00,3044400,100478,10000,0,200
T1025,M2000,ACCT100227,DST300036,2026-01-17 20:07:00,164220,100486,400000,0,200
T1025,M2000,ACCT100227,DST300116,2026-01-17 20:55:00,182079,101275,400000,0,200
T1003,M2001,ACCT100227,DST300092,2026-01-17 20:58:00,205490,101776,10000,0,200
T1003,M2014,ACCT100227,DST300049,2026-01-17 21:23:00,150621,102044,10000,0,200
T1003,M2011,ACCT100227,DST300016,2026-01-17 22:47:00,191660,102265,400000,0,200
T1003,M2011,ACCT100227,DST300013,2026-01-18 00:52:00,179592,102571,10000,0,200
T1003,M2003,ACCT100227,DST999999,2026-01-18 00:54:00,145474,102588,400000,0,200
T1003,M2001,ACCT100227,DST999999,2026-01-18 00:56:00,187089,102589,400000,0,200
T1003,M2002,ACCT100227,DST999999,2026-01-18 00:58:00,174641,102590,400000,0,200
T1003,M2003,ACCT100227,DST300181,2026-01-18 01:21:00,207927,102592,10000,0,200
T1003,M2006,ACCT100227,DST300126,2026-01-18 02:52:00,498715,103018,10000,0,200
T1003,M2010,ACCT100227,DST300093,2026-01-18 03:31:00,169678,102784,10000,0,200
T1003,M2016,ACCT100227,DST300039,2026-01-18 03:32:00,122526,102982,300000,55,200
T1003,M2011,ACCT100227,DST300103,2026-01-18 03:33:00,186047,102983,300000,55,200
T1003,M2016,ACCT100227,DST300028,2026-01-18 03:34:00,157300,102984,300000,55,200
T1003,M2006,ACCT100227,DST300086,2026-01-18 04:22:00,199040,104726,10000,0,200
T1003,M2003,ACCT100227,DST300008,2026-01-18 06:22:00,192107,104805,400000,0,200
T1003,M2008,ACCT100227,DST300062,2026-01-18 06:23:00,191172,103002,400000,0,200
T1021,M2012,ACCT100228,DST300070,2026-01-12 08:27:00,144562,100032,400000,0,200
T1021,M2005,ACCT100228,DST300158,2026-01-12 09:00:00,91827,100033,400000,0,200
T1021,M2000,ACCT100228,DST300024,2026-01-12 10:09:00,133594,100710,400000,0,200
T1021,M2012,ACCT100228,DST300093,2026-01-12 11:40:00,157536,100810,400000,0,200
T1021,M2004,ACCT100228,DST300146,2026-01-12 12:56:00,124942,101757,10000,0,200
T1021,M2008,ACCT100228,DST300053,2026-01-12 16:08:00,127319,101892,10000,0,200
T1021,M2003,ACCT100228,DST999999,2026-01-12 16:10:00,130573,103075,400000,0,200
T1021,M2002,ACCT100228,DST999999,2026-01-12 16:12:00,135265,103076,400000,0,200
T1021,M2006,ACCT100228,DST999999,2026-01-12 16:14:00,109660,103077,400000,0,200
T1021,M2007,ACCT100228,DST300033,2026-01-12 16:37:00,2164854,103160,10000,0,200
T1021,M2013,ACCT100228,DST300190,2026-01-12 19:07:00,127551,103220,400000,0,200
T1021,M2019,ACCT100228,DST300008,2026-01-12 22:18:00,147378,103499,400000,0,200
T1021,M2001,ACCT100228,DST300112,2026-01-13 00:37:00,115168,103540,400000,0,200
T1021,M2013,ACCT100228,DST300118,2026-01-13 01:04:00,1877410,104807,10000,0,200
T1021,M2004,ACCT100228,DST300095,2026-01-13 03:17:00,130352,104849,400000,0,200
T1021,M2005,ACCT100228,DST300073,2026-01-13 04:27:00,78389,104881,10000,0,200
T1010,M2007,ACCT100229,DST300006,2026-01-04 07:56:00,153754,100158,10000,0,200
T1015,M2008,ACCT100229,DST300139,2026-01-04 08:01:00,163302,100229,10000,0,200
T1015,M2000,ACCT100229,DST300120,2026-01-04 10:47:00,112165,100464,400000,0,200
T1015,M2008,ACCT100229,DST999999,2026-01-04 10:49:00,143164,101706,400000,0,200
T1015,M2016,ACCT100229,DST999999,2026-01-04 10:51:00,133740,101707,400000,0,200
T1015,M2011,ACCT100229,DST999999,2026-01-04 10:53:00,134448,101708,400000,0,200
T1015,M2009,ACCT100229,DST300177,2026-01-04 13:21:00,161278,102410,400000,0,200
T1015,M2009,ACCT100229,DST300087,2026-01-04 16:41:00,170116,102425,10000,0,200
T1015,M2009,ACCT100229,DST300198,2026-01-04 19:07:00,169749,102546,400000,0,200
T1015,M2017,ACCT100229,DST300162,2026-01-04 20:55:00,170267,102910,10000,0,200
T1015,M2005,ACCT100229,DST300047,2026-01-04 21:25:00,158460,103397,400000,0,200
T1015,M2005,ACCT100229,DST300090,2026-01-04 22:28:00,115410,103607,10000,0,200
T1015,M2002,ACCT100229,DST300187,2026-01-04 23:08:00,112547,103951,10000,0,200
T1015,M2001,ACCT100229,DST300074,2026-01-05 02:44:00,169880,104132,10000,0,200
T1015,M2006,ACCT100229,DST300105,2026-01-05 04:47:00,134206,104574,10000,0,200
T1015,M2017,ACCT100229,DST300075,2026-01-05 07:36:00,123095,104843,400000,0,200
T1015,M2002,ACCT100229,DST300140,2026-01-05 11:05:00,127787,104870,10000,0,200
T1015,M2010,ACCT100229,DST300130,2026-01-05 11:53:00,111035,104952,10000,0,200
T1014,M2001,ACCT100230,DST300100,2026-01-10 19:25:00,65328,101285,10000,0,200
T1014,M2011,ACCT100230,DST300072,2026-01-10 20:30:00,90860,101895,400000,0,200
T1014,M2016,ACCT100230,DST300076,2026-01-10 22:40:00,112222,103000,400000,0,200
T1014,M2005,ACCT100230,DST300072,2026-01-11 00:14:00,69022,103271,10000,0,200
T1014,M2016,ACCT100230,DST300189,2026-01-11 02:10:00,81436,103728,400000,0,200
T1014,M2012,ACCT100230,DST300143,2026-01-11 04:04:00,104520,104529,10000,0,200
T1014,M2018,ACCT100230,DST300171,2026-01-11 04:29:00,64197,104561,10000,0,200
T1014,M2006,ACCT100230,DST300031,2026-01-11 04:30:00,79796,104781,300000,55,200
T1014,M2005,ACCT100230,DST300190,2026-01-11 04:31:00,109375,104782,300000,55,200
T1014,M2006,ACCT100230,DST300076,2026-01-11 04:32:00,51028,104783,300000,55,200
T1014,M2009,ACCT100230,DST300014,2026-01-11 04:33:00,69186,104784,300000,55,200
T1014,M2011,ACCT100230,DST300110,2026-01-11 04:34:00,102138,104785,300000,55,200
T1014,M2011,ACCT100230,DST300058,2026-01-11 07:19:00,67172,104979,400000,0,200
T1022,M2004,ACCT100231,DST300145,2026-01-06 12:41:00,72552,100436,400000,0,200
T1022,M2001,ACCT100231,DST300091,2026-01-06 12:42:00,90922,100752,300000,55,200
T1022,M2009,ACCT100231,DST300088,2026-01-06 12:43:00,78247,100753,300000,55,200
T1022,M2001,ACCT100231,DST300179,2026-01-06 12:44:00,122153,100754,300000,55,200
T1022,M2002,ACCT100231,DST300176,2026-01-06 12:45:00,57344,100755,300000,55,200
T1022,M2016,ACCT100231,DST300007,2026-01-06 12:46:00,100397,100756,300000,55,200
T1022,M2003,ACCT100231,DST300011,2026-01-06 14:19:00,75984,101426,10000,0,200
T1022,M2008,ACCT100231,DST300078,2026-01-06 15:00:00,96262,101427,400000,0,200
T1022,M2011,ACCT100231,DST300166,2026-01-06 16:27:00,51387,101568,400000,0,200
T1022,M2002,ACCT100231,DST300097,2026-01-06 17:00:00,1177055,101937,10000,0,200
T1022,M2008,ACCT100231,DST300196,2026-01-06 19:09:00,66345,101968,10000,0,200
T1022,M2004,ACCT100231,DST999999,2026-01-06 19:11:00,77747,102293,400000,0,200
T1022,M2000,ACCT100231,DST999999,2026-01-06 19:13:00,47283,102294,400000,0,200
T1022,M2011,ACCT100231,DST999999,2026-01-06 19:15:00,69004,102295,400000,0,200
T1022,M2013,ACCT100231,DST300033,2026-01-06 20:40:00,75049,102973,400000,0,200
T1022,M2014,ACCT100231,DST300165,2026-01-06 20:54:00,69013,102996,10000,0,200
T1022,M2004,ACCT100231,DST300111,2026-01-06 21:56:00,63682,104216,10000,0,200
T1022,M2011,ACCT100231,DST300051,2026-01-06 22:13:00,78341,104245,10000,0,200
T1022,M2010,ACCT100231,DST300139,2026-01-07 00:45:00,67546,104269,10000,0,200
T1022,M2005,ACCT100231,DST300132,2026-01-07 00:46:00,64098,104349,300000,55,200
T1022,M2005,ACCT100231,DST300074,2026-01-07 00:47:00,56539,104350,300000,55,200
T1022,M2006,ACCT100231,DST300082,2026-01-07 00:48:00,59392,104351,300000,55,200
T1022,M2001,ACCT100231,DST300070,2026-01-07 00:49:00,35593,104352,300000,55,200
T1022,M2012,ACCT100231,DST300070,2026-01-07 03:06:00,71588,104633,400000,0,200
T1015,M2011,ACCT100232,DST300165,2026-01-18 02:43:00,210053,100980,10000,0,200
T1015,M2002,ACCT100232,DST300093,2026-01-18 04:59:00,401653,101460,10000,0,200
T1015,M2019,ACCT100232,DST300078,2026-01-18 05:22:00,223825,101301,10000,0,200
T1015,M2005,ACCT100232,DST300043,2026-01-18 05:38:00,213893,102849,10000,0,200
T1015,M2015,ACCT100232,DST300019,2026-01-18 07:54:00,228580,103155,10000,0,200
T1004,M2012,ACCT100233,DST300167,2026-01-06 16:50:00,335405,100271,10000,0,200
T1004,M2007,ACCT100233,DST300128,2026-01-06 20:12:00,286193,101321,400000,0,200
T1004,M2018,ACCT100233,DST300191,2026-01-06 21:36:00,251131,101646,10000,0,200
T1004,M2009,ACCT100233,DST300160,2026-01-06 22:50:00,299508,102361,10000,0,200
T1004,M2009,ACCT100233,DST300008,2026-01-07 03:18:00,701127,102624,10000,0,200
T1004,M2006,ACCT100233,DST300080,2026-01-07 03:35:00,723100,104148,10000,0,200
T1008,M2002,ACCT100234,DST300003,2026-01-07 23:21:00,276910,100166,10000,0,200
T1008,M2013,ACCT100234,DST999999,2026-01-07 23:23:00,293516,100473,400000,0,200
T1008,M2006,ACCT100234,DST999999,2026-01-07 23:25:00,292819,100474,400000,0,200
T1008,M2014,ACCT100234,DST300152,2026-01-08 00:47:00,247257,100695,10000,0,200
T1008,M2014,ACCT100234,DST300031,2026-01-08 01:16:00,4241342,100886,10000,0,200
T1008,M2004,ACCT100234,DST300160,2026-01-08 05:05:00,253583,101184,400000,0,200
T1008,M2004,ACCT100234,DST300186,2026-01-08 07:20:00,297409,101510,10000,0,200
T1008,M2001,ACCT100234,DST300073,2026-01-08 08:36:00,293912,101656,10000,0,200
T1008,M2007,ACCT100234,DST300055,2026-01-08 08:42:00,295597,101996,400000,0,200
T1008,M2017,ACCT100234,DST300166,2026-01-08 10:46:00,281959,102485,400000,0,200
T1008,M2007,ACCT100234,DST300062,2026-01-08 13:54:00,283540,103131,400000,0,200
T1017,M2011,ACCT100235,DST300156,2026-01-16 12:24:00,233096,100276,10000,0,200
T1017,M2008,ACCT100235,DST300150,2026-01-16 12:54:00,180313,100373,400000,0,200
T1017,M2009,ACCT100235,DST300018,2026-01-16 15:00:00,193867,100476,10000,0,200
T1017,M2003,ACCT100235,DST300041,2026-01-16 17:26:00,212015,102031,10000,0,200
T1017,M2015,ACCT100235,DST300113,2026-01-16 19:10:00,205996,102097,10000,0,200
T1017,M2004,ACCT100235,DST300069,2026-01-16 20:43:00,169866,102114,10000,0,200
T1017,M2017,ACCT100235,DST300120,2026-01-16 21:33:00,202991,102298,400000,0,200
T1017,M2016,ACCT100235,DST300116,2026-01-17 01:15:00,259481,102587,10000,0,200
T1017,M2008,ACCT100235,DST300112,2026-01-17 03:48:00,475123,102767,10000,0,200
T1017,M2002,ACCT100235,DST300097,2026-01-17 05:36:00,193351,103564,400000,0,200
T1017,M2016,ACCT100235,DST300045,2026-01-17 08:48:00,155619,103672,10000,0,200
T1017,M2003,ACCT100235,DST300062,2026-01-17 11:14:00,193899,104076,10000,0,200
T1017,M2018,ACCT100235,DST300013,2026-01-17 14:47:00,216418,104341,10000,0,200
T1017,M2019,ACCT100235,DST300018,2026-01-17 16:21:00,151785,104608,400000,0,200
T1008,M2016,ACCT100236,DST300143,2026-01-07 22:03:00,5565247,100741,10000,0,200
T1008,M2016,ACCT100236,DST300115,2026-01-08 00:42:00,332981,102016,400000,0,200
T1012,M2018,ACCT100236,DST300091,2026-01-08 00:47:00,339688,102302,10000,0,200
T1012,M2004,ACCT100236,DST300187,2026-01-08 03:10:00,357789,102596,10000,0,200
T1012,M2009,ACCT100236,DST300069,2026-01-08 04:57:00,350594,103307,10000,0,200
T1012,M2015,ACCT100236,DST300015,2026-01-08 07:26:00,351417,103511,400000,0,200
T1012,M2004,ACCT100236,DST300118,2026-01-08 07:50:00,5324852,104316,10000,0,200
T1012,M2003,ACCT100236,DST300077,2026-01-08 08:47:00,331273,104461,10000,0,200
T1012,M2008,ACCT100236,DST300115,2026-01-08 10:39:00,356348,104528,400000,0,200
T1012,M2014,ACCT100236,DST300057,2026-01-08 12:51:00,345890,104573,10000,0,200
T1012,M2014,ACCT100236,DST300192,2026-01-08 16:37:00,330072,104931,10000,0,200
T1014,M2010,ACCT100237,DST300098,2026-01-18 21:35:00,89062,100389,10000,0,200
T1014,M2004,ACCT100237,DST300064,2026-01-18 23:37:00,140962,101112,400000,0,200
T1014,M2011,ACCT100237,DST300130,2026-01-19 00:03:00,159277,101734,400000,0,200
T1014,M2002,ACCT100237,DST300059,2026-01-19 00:50:00,115974,101772,400000,0,200
T1014,M2013,ACCT100237,DST300141,2026-01-19 01:34:00,101606,101872,10000,0,200
T1014,M2016,ACCT100237,DST300030,2026-01-19 01:53:00,223023,104620,10000,0,200
T1014,M2007,ACCT100237,DST300150,2026-01-19 02:44:00,149955,102232,10000,0,200
T1014,M2011,ACCT100237,DST999999,2026-01-19 02:46:00,58670,102387,400000,0,200
T1014,M2006,ACCT100237,DST999999,2026-01-19 02:48:00,115499,102388,400000,0,200
T1014,M2005,ACCT100237,DST999999,2026-01-19 02:50:00,131293,102389,400000,0,200
T1014,M2008,ACCT100237,DST999999,2026-01-19 02:52:00,85255,102390,400000,0,200
T1014,M2015,ACCT100237,DST300086,2026-01-19 04:35:00,131773,104963,10000,0,200
T1014,M2007,ACCT100237,DST300069,2026-01-19 05:33:00,71278,103480,10000,0,200
T1014,M2001,ACCT100237,DST300040,2026-01-19 08:02:00,84819,104500,10000,0,200
T1027,M2006,ACCT100238,DST300054,2026-01-16 03:38:00,75268,100535,400000,0,200
T1027,M2000,ACCT100238,DST300122,2026-01-16 06:21:00,98791,101522,10000,0,200
T1027,M2003,ACCT100238,DST300135,2026-01-16 07:09:00,102989,101569,400000,0,200
T1027,M2019,ACCT100238,DST999999,2026-01-16 07:11:00,96303,101650,400000,0,200
T1027,M2003,ACCT100238,DST999999,2026-01-16 07:13:00,131559,101651,400000,0,200
T1027,M2009,ACCT100238,DST300188,2026-01-16 10:17:00,126224,102374,10000,0,200
T1027,M2010,ACCT100238,DST300026,2026-01-16 10:22:00,1074244,102385,10000,0,200
T1027,M2015,ACCT100238,DST300012,2026-01-16 10:23:00,126831,102495,300000,55,200
T1027,M2006,ACCT100238,DST300088,2026-01-16 10:24:00,102251,102496,300000,55,200
T1027,M2019,ACCT100238,DST300008,2026-01-16 10:25:00,89958,102497,300000,55,200
T1027,M2014,ACCT100238,DST300120,2026-01-16 10:26:00,61145,102498,300000,55,200
T1027,M2005,ACCT100238,DST300101,2026-01-16 10:27:00,78156,102499,300000,55,200
T1027,M2001,ACCT100238,DST300195,2026-01-16 12:14:00,111996,103236,400000,0,200
T1027,M2010,ACCT100238,DST300115,2026-01-16 15:08:00,120865,103408,10000,0,200
T1027,M2012,ACCT100238,DST300184,2026-01-16 18:58:00,90727,103663,10000,0,200
T1005,M2007,ACCT100239,DST300103,2026-01-11 20:01:00,177457,100556,10000,0,200
T1005,M2009,ACCT100239,DST300045,2026-01-11 23:09:00,190159,100743,400000,0,200
T1005,M2015,ACCT100239,DST300093,2026-01-12 00:36:00,157448,101335,400000,0,200
T1020,M2003,ACCT100239,DST300162,2026-01-12 00:40:00,190323,102303,10000,0,200
T1020,M2008,ACCT100239,DST300158,2026-01-12 03:33:00,231521,103090,10000,0,200
T1020,M2012,ACCT100239,DST300098,2026-01-12 04:39:00,168187,103139,10000,0,200
T1020,M2008,ACCT100239,DST999999,2026-01-12 04:41:00,196821,104295,400000,0,200
T1020,M2014,ACCT100239,DST999999,2026-01-12 04:43:00,220146,104296,400000,0,200
T1020,M2011,ACCT100239,DST999999,2026-01-12 04:45:00,164648,104297,400000,0,200
T1020,M2003,ACCT100239,DST300089,2026-01-12 05:42:00,165021,104621,400000,0,200
T1020,M2002,ACCT100239,DST300107,2026-01-12 07:41:00,205013,104658,400000,0,200
T1020,M2014,ACCT100239,DST300158,2026-01-12 10:27:00,197661,104887,10000,0,200
T1020,M2017,ACCT100239,DST300030,2026-01-12 11:49:00,199053,104958,10000,0,200
T1014,M2006,ACCT100240,DST300069,2026-01-12 06:22:00,235906,100454,10000,0,200
T1014,M2017,ACCT100240,DST300111,2026-01-12 08:38:00,249128,101675,400000,0,200
T1014,M2006,ACCT100240,DST300113,2026-01-12 11:17:00,244561,102426,400000,0,200
T1014,M2016,ACCT100240,DST300019,2026-01-12 13:54:00,257835,102525,10000,0,200
T1014,M2001,ACCT100240,DST300103,2026-01-12 14:09:00,227773,102657,10000,0,200
T1014,M2009,ACCT100240,DST999999,2026-01-12 14:11:00,206805,102658,400000,0,200
T1014,M2016,ACCT100240,DST999999,2026-01-12 14:13:00,225037,102659,400000,0,200
T1014,M2018,ACCT100240,DST999999,2026-01-12 14:15:00,245965,102660,400000,0,200
T1014,M2013,ACCT100240,DST999999,2026-01-12 14:17:00,250418,102661,400000,0,200
T1014,M2006,ACCT100240,DST300010,2026-01-12 17:42:00,247141,103129,400000,0,200
T1014,M2013,ACCT100240,DST300109,2026-01-12 19:20:00,228886,103208,400000,0,200
T1014,M2011,ACCT100240,DST300158,2026-01-12 19:41:00,2702816,104105,10000,0,200
T1013,M2002,ACCT100241,DST300056,2026-01-12 01:34:00,481980,100391,10000,0,200
T1013,M2011,ACCT100241,DST300116,2026-01-12 04:54:00,296600,101004,400000,0,200
T1013,M2012,ACCT100241,DST300062,2026-01-12 06:52:00,280161,101677,400000,0,200
T1013,M2017,ACCT100241,DST300055,2026-01-12 07:05:00,3837669,101942,10000,0,200
T1013,M2012,ACCT100241,DST300152,2026-01-12 08:20:00,262089,102174,10000,0,200
T1013,M2002,ACCT100241,DST300000,2026-01-12 09:59:00,219464,103082,10000,0,200
T1013,M2007,ACCT100241,DST300148,2026-01-12 10:19:00,3634081,103431,10000,0,200
T1013,M2004,ACCT100241,DST300075,2026-01-12 12:20:00,239269,103656,10000,0,200
T1013,M2016,ACCT100241,DST300014,2026-01-12 15:55:00,232152,104018,400000,0,200
T1013,M2009,ACCT100241,DST300038,2026-01-12 15:56:00,232071,104174,300000,55,200
T1013,M2004,ACCT100241,DST300156,2026-01-12 15:57:00,263974,104175,300000,55,200
T1013,M2016,ACCT100241,DST300159,2026-01-12 15:58:00,293612,104176,300000,55,200
T1010,M2014,ACCT100242,DST300126,2026-01-13 09:22:00,127704,100120,300000,55,200
T1010,M2005,ACCT100242,DST300195,2026-01-13 09:23:00,95503,100121,300000,55,200
T1010,M2002,ACCT100242,DST300163,2026-01-13 09:24:00,124810,100122,300000,55,200
T1010,M2000,ACCT100242,DST300180,2026-01-13 09:25:00,90475,100123,300000,55,200
T1010,M2004,ACCT100242,DST300167,2026-01-13 09:26:00,71416,100124,300000,55,200
T1010,M2019,ACCT100242,DST300107,2026-01-13 09:40:00,84287,100228,400000,0,200
T1010,M2003,ACCT100242,DST300197,2026-01-13 10:50:00,142872,100729,400000,0,200
T1010,M2002,ACCT100242,DST300009,2026-01-13 12:39:00,107403,100750,400000,0,200
T1010,M2004,ACCT100242,DST999999,2026-01-13 12:41:00,99011,100816,400000,0,200
T1010,M2014,ACCT100242,DST999999,2026-01-13 12:43:00,107218,100817,400000,0,200
T1010,M2016,ACCT100242,DST999999,2026-01-13 12:45:00,103135,100818,400000,0,200
T1010,M2017,ACCT100242,DST300049,2026-01-13 15:42:00,128616,100821,400000,0,200
T1023,M2017,ACCT100242,DST300145,2026-01-13 15:43:00,114385,101347,10000,0,200
T1023,M2012,ACCT100242,DST300063,2026-01-13 16:56:00,116308,102048,10000,0,200
T1023,M2004,ACCT100242,DST300166,2026-01-13 17:36:00,96489,102089,400000,0,200
T1023,M2000,ACCT100242,DST300048,2026-01-13 19:38:00,128763,102480,400000,0,200
T1023,M2012,ACCT100242,DST300169,2026-01-13 22:16:00,88654,102619,10000,0,200
T1023,M2003,ACCT100242,DST300128,2026-01-14 01:50:00,65737,102642,10000,0,200
T1023,M2014,ACCT100242,DST300177,2026-01-14 01:59:00,234687,104593,10000,0,200
T1023,M2015,ACCT100242,DST300045,2026-01-14 03:34:00,104796,104261,400000,0,200
T1023,M2010,ACCT100242,DST300053,2026-01-14 07:15:00,72680,104303,10000,0,200
T1023,M2002,ACCT100242,DST300010,2026-01-14 10:40:00,63821,104472,400000,0,200
T1023,M2012,ACCT100242,DST300176,2026-01-14 12:06:00,97783,104566,10000,0,200
T1026,M2012,ACCT100243,DST300017,2026-01-20 11:42:00,228267,100151,10000,0,200
T1026,M2010,ACCT100243,DST999999,2026-01-20 11:44:00,256247,100380,400000,0,200
T1026,M2008,ACCT100243,DST999999,2026-01-20 11:46:00,271953,100381,400000,0,200
T1026,M2018,ACCT100243,DST999999,2026-01-20 11:48:00,254431,100382,400000,0,200
T1026,M2018,ACCT100243,DST300011,2026-01-20 14:21:00,304346,100446,10000,0,200
T1026,M2013,ACCT100243,DST999999,2026-01-20 14:23:00,253823,100609,400000,0,200
T1026,M2016,ACCT100243,DST999999,2026-01-20 14:25:00,262450,100610,400000,0,200
T1026,M2013,ACCT100243,DST300039,2026-01-20 16:20:00,251629,101167,10000,0,200
T1026,M2004,ACCT100243,DST999999,2026-01-20 16:22:00,253910,101611,400000,0,200
T1026,M2019,ACCT100243,DST999999,2026-01-20 16:24:00,255919,101612,400000,0,200
T1026,M2008,ACCT100243,DST300015,2026-01-20 17:17:00,247423,101696,10000,0,200
T1026,M2001,ACCT100243,DST300088,2026-01-20 20:37:00,255203,102130,10000,0,200
T1026,M2011,ACCT100243,DST300081,2026-01-20 21:06:00,219525,102386,10000,0,200
T1026,M2001,ACCT100243,DST300027,2026-01-20 23:55:00,277121,102397,400000,0,200
T1026,M2018,ACCT100243,DST300124,2026-01-21 03:53:00,221636,102586,10000,0,200
T1026,M2005,ACCT100243,DST300179,2026-01-21 04:05:00,292467,103445,400000,0,200
T1026,M2015,ACCT100243,DST999999,2026-01-21 04:07:00,220809,104323,400000,0,200
T1026,M2014,ACCT100243,DST999999,2026-01-21 04:09:00,276135,104324,400000,0,200
T1026,M2009,ACCT100243,DST999999,2026-01-21 04:11:00,256531,104325,400000,0,200
T1026,M2008,ACCT100243,DST999999,2026-01-21 04:13:00,278841,104326,400000,0,200
T1026,M2006,ACCT100243,DST300132,2026-01-21 05:46:00,246981,104884,400000,0,200
T1005,M2014,ACCT100244,DST300041,2026-01-08 00:22:00,238318,100910,10000,0,200
T1005,M2005,ACCT100244,DST300122,2026-01-08 01:07:00,243616,101233,400000,0,200
T1005,M2001,ACCT100244,DST300161,2026-01-08 04:53:00,288294,101486,400000,0,200
T1013,M2013,ACCT100244,DST300019,2026-01-08 04:54:00,262603,101897,10000,0,200
T1013,M2017,ACCT100244,DST300075,2026-01-08 07:28:00,245849,102668,400000,0,200
T1013,M2015,ACCT100244,DST300181,2026-01-08 07:40:00,236072,102862,400000,0,200
T1013,M2018,ACCT100244,DST300185,2026-01-08 08:02:00,241071,103420,400000,0,200
T1013,M2011,ACCT100244,DST300151,2026-01-08 08:44:00,284578,104095,10000,0,200
T1028,M2003,ACCT100244,DST300165,2026-01-08 08:47:00,270415,104286,10000,0,200
T1028,M2008,ACCT100244,DST300088,2026-01-08 12:20:00,259135,104650,10000,0,200
T1028,M2014,ACCT100244,DST300075,2026-01-08 13:18:00,235331,104679,10000,0,200
T1026,M2014,ACCT100245,DST300054,2026-01-05 19:19:00,90219,100038,400000,0,200
T1026,M2019,ACCT100245,DST300117,2026-01-05 21:10:00,77187,101016,10000,0,200
T1026,M2005,ACCT100245,DST300111,2026-01-05 21:26:00,63764,101213,400000,0,200
T1026,M2015,ACCT100245,DST300165,2026-01-05 21:27:00,120933,101524,300000,55,200
T1026,M2017,ACCT100245,DST300193,2026-01-05 21:28:00,109430,101525,300000,55,200
T1026,M2019,ACCT100245,DST300126,2026-01-05 21:29:00,107764,101526,300000,55,200
T1026,M2004,ACCT100245,DST300055,2026-01-05 21:30:00,85102,101527,300000,55,200
T1026,M2009,ACCT100245,DST300048,2026-01-05 21:31:00,73904,101528,300000,55,200
T1026,M2015,ACCT100245,DST300039,2026-01-05 23:47:00,110619,101590,10000,0,200
T1026,M2019,ACCT100245,DST300095,2026-01-06 02:05:00,245121,103183,10000,0,200
T1026,M2005,ACCT100245,DST300077,2026-01-06 02:30:00,1530438,103372,10000,0,200
T1026,M2017,ACCT100245,DST300192,2026-01-06 03:09:00,99894,101867,10000,0,200
T1026,M2010,ACCT100245,DST300165,2026-01-06 04:37:00,69546,103609,400000,0,200
T1006,M2010,ACCT100245,DST300144,2026-01-06 04:38:00,85320,104682,10000,0,200
T1026,M2018,ACCT100245,DST300002,2026-01-06 05:06:00,100189,102815,400000,0,200
T1021,M2009,ACCT100246,DST300140,2026-01-16 02:25:00,603467,101698,10000,0,200
T1021,M2011,ACCT100246,DST300031,2026-01-16 05:38:00,220333,101720,400000,0,200
T1021,M2002,ACCT100246,DST300167,2026-01-16 06:59:00,231752,102760,400000,0,200
T1021,M2010,ACCT100246,DST999999,2026-01-16 07:01:00,197146,103097,400000,0,200
T1021,M2005,ACCT100246,DST999999,2026-01-16 07:03:00,221775,103098,400000,0,200
T1021,M2014,ACCT100246,DST999999,2026-01-16 07:05:00,275874,103099,400000,0,200
T1021,M2007,ACCT100246,DST999999,2026-01-16 07:07:00,208239,103100,400000,0,200
T1021,M2013,ACCT100246,DST999999,2026-01-16 09:33:00,165700,100635,400000,0,200
T1021,M2006,ACCT100246,DST999999,2026-01-16 09:35:00,220251,100636,400000,0,200
T1021,M2016,ACCT100246,DST300176,2026-01-16 10:58:00,222720,103235,400000,0,200
T1021,M2009,ACCT100246,DST300154,2026-01-16 11:06:00,218561,100845,10000,0,200
T1021,M2003,ACCT100246,DST300034,2026-01-16 11:21:00,199230,103256,10000,0,200
T1021,M2016,ACCT100246,DST999999,2026-01-16 11:23:00,239140,103615,400000,0,200
T1021,M2004,ACCT100246,DST999999,2026-01-16 11:25:00,235359,103616,400000,0,200
T1021,M2003,ACCT100246,DST300154,2026-01-16 11:31:00,2918819,101449,10000,0,200
T1021,M2003,ACCT100246,DST300067,2026-01-16 12:42:00,234679,103817,10000,0,200
T1021,M2002,ACCT100246,DST999999,2026-01-16 12:44:00,255934,104134,400000,0,200
T1021,M2009,ACCT100246,DST999999,2026-01-16 12:46:00,245808,104135,400000,0,200
T1021,M2008,ACCT100246,DST999999,2026-01-16 12:48:00,206526,104136,400000,0,200
T1021,M2019,ACCT100246,DST999999,2026-01-16 12:50:00,219243,104137,400000,0,200
T1021,M2006,ACCT100246,DST300105,2026-01-16 14:48:00,274888,104749,10000,0,200
T1021,M2001,ACCT100246,DST300167,2026-01-16 16:42:00,239500,104796,10000,0,200
T1008,M2000,ACCT100247,DST300182,2026-01-14 07:25:00,138633,100022,400000,0,200
T1008,M2017,ACCT100247,DST999999,2026-01-14 07:27:00,161702,100378,400000,0,200
T1008,M2019,ACCT100247,DST999999,2026-01-14 07:29:00,233398,100379,400000,0,200
T1008,M2015,ACCT100247,DST300157,2026-01-14 07:38:00,167791,100722,10000,0,200
T1008,M2005,ACCT100247,DST300091,2026-01-14 10:52:00,242824,100773,10000,0,200
T1008,M2016,ACCT100247,DST300006,2026-01-14 11:49:00,174548,104215,400000,0,200
T1008,M2003,ACCT100247,DST300126,2026-01-14 11:50:00,216329,104721,300000,55,200
T1008,M2013,ACCT100247,DST300080,2026-01-14 11:51:00,163372,104722,300000,55,200
T1008,M2004,ACCT100247,DST300117,2026-01-14 11:52:00,187422,104723,300000,55,200
T1008,M2016,ACCT100247,DST300093,2026-01-14 11:53:00,173016,104724,300000,55,200
T1008,M2019,ACCT100247,DST300109,2026-01-14 11:54:00,170322,104725,300000,55,200
T1002,M2015,ACCT100248,DST300188,2026-01-03 08:42:00,24491,100006,10000,0,200
T1002,M2007,ACCT100248,DST300060,2026-01-03 12:10:00,36609,100030,10000,0,200
T1002,M2018,ACCT100248,DST300194,2026-01-03 15:29:00,86560,100767,400000,0,200
T1002,M2008,ACCT100248,DST300033,2026-01-03 15:40:00,894462,100770,10000,0,200
T1002,M2014,ACCT100248,DST300002,2026-01-03 16:25:00,120197,100949,10000,0,200
T1002,M2015,ACCT100248,DST300039,2026-01-03 16:55:00,1097116,101346,10000,0,200
T1002,M2011,ACCT100248,DST300074,2026-01-03 19:09:00,76299,101384,10000,0,200
T1002,M2002,ACCT100248,DST300014,2026-01-03 19:10:00,78965,101876,300000,55,200
T1002,M2018,ACCT100248,DST300008,2026-01-03 19:11:00,72367,101877,300000,55,200
T1002,M2019,ACCT100248,DST300083,2026-01-03 19:12:00,51029,101878,300000,55,200
T1002,M2001,ACCT100248,DST300106,2026-01-03 19:13:00,76558,101879,300000,55,200
T1002,M2018,ACCT100248,DST300080,2026-01-03 19:14:00,85390,101880,300000,55,200
T1002,M2012,ACCT100248,DST300072,2026-01-03 19:19:00,1379313,102200,10000,0,200
T1002,M2018,ACCT100248,DST300143,2026-01-03 22:00:00,68366,102285,400000,0,200
T1002,M2015,ACCT100248,DST300130,2026-01-03 23:12:00,68023,102615,10000,0,200
T1002,M2006,ACCT100248,DST300152,2026-01-04 01:06:00,100069,103119,400000,0,200
T1002,M2017,ACCT100248,DST300082,2026-01-04 03:31:00,85435,104048,10000,0,200
T1002,M2006,ACCT100248,DST300178,2026-01-04 04:40:00,121264,104340,400000,0,200
T1019,M2016,ACCT100248,DST300181,2026-01-04 04:45:00,68699,104741,10000,0,200
T1021,M2013,ACCT100249,DST300038,2026-01-18 00:11:00,148637,100118,10000,0,200
T1021,M2006,ACCT100249,DST300063,2026-01-18 00:12:00,139373,100943,300000,55,200
T1021,M2014,ACCT100249,DST300188,2026-01-18 00:13:00,175778,100944,300000,55,200
T1021,M2003,ACCT100249,DST300189,2026-01-18 00:14:00,176246,100945,300000,55,200
T1021,M2008,ACCT100249,DST300035,2026-01-18 00:15:00,182175,100946,300000,55,200
T1021,M2016,ACCT100249,DST300064,2026-01-18 02:31:00,185154,101766,10000,0,200
T1021,M2016,ACCT100249,DST999999,2026-01-18 02:33:00,139250,101868,400000,0,200
T1021,M2004,ACCT100249,DST999999,2026-01-18 02:35:00,163843,101869,400000,0,200
T1021,M2014,ACCT100249,DST999999,2026-01-18 02:37:00,187552,101870,400000,0,200
T1021,M2012,ACCT100249,DST999999,2026-01-18 02:39:00,165621,101871,400000,0,200
T1021,M2014,ACCT100249,DST300071,2026-01-18 04:52:00,184987,103286,400000,0,200
T1021,M2003,ACCT100249,DST300093,2026-01-18 05:55:00,97973,103557,10000,0,200
T1021,M2014,ACCT100249,DST300005,2026-01-18 05:56:00,210728,103773,300000,55,200
T1021,M2013,ACCT100249,DST300123,2026-01-18 05:57:00,141525,103774,300000,55,200
T1021,M2000,ACCT100249,DST300076,2026-01-18 05:58:00,136949,103775,300000,55,200
T1021,M2014,ACCT100249,DST300005,2026-01-18 05:59:00,194037,103776,300000,55,200
T1021,M2018,ACCT100249,DST999999,2026-01-18 06:01:00,171352,103788,400000,0,200
T1021,M2019,ACCT100249,DST999999,2026-01-18 06:03:00,186416,103789,400000,0,200
T1021,M2008,ACCT100249,DST999999,2026-01-18 06:05:00,168519,103790,400000,0,200
T1021,M2010,ACCT100249,DST300184,2026-01-18 06:06:00,192115,103839,300000,55,200
T1021,M2010,ACCT100249,DST300012,2026-01-18 06:07:00,217030,103840,300000,55,200
T1021,M2013,ACCT100249,DST300128,2026-01-18 06:08:00,164163,103841,300000,55,200
T1021,M2019,ACCT100249,DST300167,2026-01-18 06:09:00,128060,103842,300000,55,200
T1021,M2003,ACCT100249,DST300059,2026-01-18 09:36:00,202687,103930,10000,0,200
T1021,M2015,ACCT100249,DST300087,2026-01-18 12:50:00,146451,103986,400000,0,200
T1021,M2005,ACCT100249,DST300145,2026-01-18 16:32:00,197836,104119,400000,0,200
T1027,M2013,ACCT100249,DST300057,2026-01-18 16:36:00,151215,104545,10000,0,200
T1027,M2000,ACCT100249,DST300114,2026-01-18 17:47:00,161257,104902,400000,0,200
T1027,M2019,ACCT100249,DST300116,2026-01-18 21:38:00,152592,104934,10000,0,200
T1027,M2001,ACCT100249,DST300191,2026-01-18 23:33:00,158436,104935,10000,0,200
T1027,M2007,ACCT100249,DST300050,2026-01-19 01:12:00,174429,104962,10000,0,200
T1028,M2010,ACCT100250,DST300179,2026-01-18 23:09:00,300791,101596,400000,0,200
T1028,M2003,ACCT100250,DST300120,2026-01-19 00:00:00,303037,102146,400000,0,200
T1028,M2005,ACCT100250,DST300112,2026-01-19 00:45:00,286336,103916,10000,0,200
T1028,M2007,ACCT100250,DST300014,2026-01-19 00:46:00,314752,104091,300000,55,200
T1028,M2001,ACCT100250,DST300058,2026-01-19 00:47:00,285157,104092,300000,55,200
T1028,M2017,ACCT100250,DST300052,2026-01-19 00:48:00,319255,104093,300000,55,200
T1028,M2012,ACCT100250,DST300136,2026-01-19 00:49:00,310689,104094,300000,55,200
T1028,M2018,ACCT100250,DST300014,2026-01-19 01:37:00,310588,104170,10000,0,200
T1028,M2019,ACCT100250,DST300143,2026-01-19 03:13:00,627432,104955,10000,0,200
T1028,M2014,ACCT100250,DST300127,2026-01-19 03:32:00,847287,104835,10000,0,200
T1026,M2006,ACCT100251,DST300113,2026-01-07 01:14:00,219238,103252,10000,0,200
T1003,M2012,ACCT100251,DST300130,2026-01-07 01:23:00,95584,100352,10000,0,200
T1026,M2005,ACCT100251,DST300075,2026-01-07 03:41:00,102351,103537,10000,0,200
T1026,M2010,ACCT100251,DST999999,2026-01-07 03:43:00,24381,104008,400000,0,200
T1026,M2010,ACCT100251,DST999999,2026-01-07 03:45:00,122805,104009,400000,0,200
T1026,M2000,ACCT100251,DST300190,2026-01-07 04:40:00,48823,104035,10000,0,200
T1003,M2002,ACCT100251,DST300176,2026-01-07 05:00:00,56359,100402,400000,0,200
T1026,M2013,ACCT100251,DST300107,2026-01-07 07:07:00,68011,104858,10000,0,200
T1003,M2014,ACCT100251,DST300064,2026-01-07 08:00:00,89178,100503,400000,0,200
T1003,M2014,ACCT100251,DST300032,2026-01-07 10:49:00,106335,100759,400000,0,200
T1003,M2001,ACCT100251,DST300126,2026-01-07 14:24:00,110819,102358,10000,0,200
T1026,M2014,ACCT100251,DST300006,2026-01-07 14:30:00,60978,102455,10000,0,200
T1026,M2018,ACCT100251,DST300132,2026-01-07 17:07:00,113429,102828,400000,0,200
T1026,M2000,ACCT100251,DST300149,2026-01-07 18:53:00,59022,103230,400000,0,200
T1008,M2013,ACCT100252,DST300027,2026-01-08 02:06:00,960286,103781,10000,0,200
T1011,M2002,ACCT100252,DST300038,2026-01-08 02:56:00,885351,100176,10000,0,200
T1008,M2009,ACCT100252,DST300101,2026-01-08 03:02:00,286072,104753,10000,0,200
T1008,M2000,ACCT100252,DST300161,2026-01-08 03:23:00,327911,104929,10000,0,200
T1011,M2017,ACCT100252,DST300037,2026-01-08 03:45:00,381092,100852,400000,0,200
T1008,M2014,ACCT100252,DST300066,2026-01-08 03:53:00,388231,102490,10000,0,200
T1008,M2006,ACCT100252,DST300065,2026-01-08 06:52:00,356212,102785,400000,0,200
T1011,M2007,ACCT100252,DST300042,2026-01-08 16:54:00,344029,100067,10000,0,200
T1005,M2015,ACCT100253,DST300004,2026-01-14 15:13:00,62758,100401,400000,0,200
T1005,M2004,ACCT100253,DST300145,2026-01-14 18:25:00,96726,100849,10000,0,200
T1005,M2019,ACCT100253,DST300089,2026-01-14 19:24:00,66191,101278,400000,0,200
T1005,M2001,ACCT100253,DST300069,2026-01-14 20:00:00,88919,102990,400000,0,200
T1005,M2011,ACCT100253,DST300030,2026-01-14 22:32:00,79842,103085,10000,0,200
T1005,M2015,ACCT100253,DST300168,2026-01-15 04:35:00,190681,103590,10000,0,200
T1005,M2011,ACCT100253,DST300050,2026-01-15 04:47:00,194645,104994,10000,0,200
T1005,M2012,ACCT100253,DST300000,2026-01-15 05:23:00,38681,103990,10000,0,200
T1005,M2002,ACCT100253,DST300049,2026-01-15 08:14:00,70823,104004,400000,0,200
T1005,M2016,ACCT100253,DST300043,2026-01-15 08:29:00,43885,104997,10000,0,200
T1005,M2017,ACCT100253,DST300043,2026-01-15 10:20:00,83762,104891,400000,0,200
T1027,M2005,ACCT100254,DST300155,2026-01-07 16:31:00,248291,100037,400000,0,200
T1027,M2015,ACCT100254,DST300160,2026-01-07 18:46:00,229986,100809,10000,0,200
T1027,M2002,ACCT100254,DST300160,2026-01-07 19:42:00,241667,101377,400000,0,200
T1027,M2007,ACCT100254,DST300034,2026-01-07 21:22:00,215222,101736,400000,0,200
T1027,M2015,ACCT100254,DST300032,2026-01-07 21:57:00,259311,102120,400000,0,200
T1027,M2003,ACCT100254,DST300138,2026-01-08 00:39:00,257651,103106,400000,0,200
T1027,M2019,ACCT100254,DST300188,2026-01-08 03:06:00,232987,103202,400000,0,200
T1027,M2001,ACCT100254,DST300095,2026-01-08 04:27:00,259312,103241,10000,0,200
T1027,M2019,ACCT100254,DST300085,2026-01-08 06:09:00,233366,103945,400000,0,200
T1027,M2000,ACCT100254,DST300017,2026-01-08 07:44:00,237734,104369,400000,0,200
T1027,M2006,ACCT100254,DST300199,2026-01-08 11:22:00,242696,104414,10000,0,200
T1027,M2000,ACCT100254,DST300114,2026-01-08 14:08:00,257757,104966,400000,0,200
T1027,M2017,ACCT100254,DST300163,2026-01-08 16:36:00,305610,104971,400000,0,200
T1015,M2019,ACCT100255,DST300163,2026-01-05 01:42:00,751206,101608,10000,0,200
T1025,M2019,ACCT100255,DST300103,2026-01-05 03:14:00,744593,104275,10000,0,200
T1015,M2000,ACCT100255,DST300153,2026-01-05 05:29:00,333351,102355,10000,0,200
T1015,M2019,ACCT100255,DST300033,2026-01-05 06:29:00,292803,103210,400000,0,200
T1015,M2018,ACCT100255,DST300119,2026-01-05 07:52:00,323730,104077,400000,0,200
T1025,M2016,ACCT100255,DST300016,2026-01-05 07:54:00,304187,104260,10000,0,200
T1015,M2005,ACCT100255,DST300170,2026-01-05 10:59:00,307649,100598,10000,0,200
T1015,M2017,ACCT100255,DST300199,2026-01-05 11:00:00,286640,101547,300000,55,200
T1015,M2005,ACCT100255,DST300105,2026-01-05 11:01:00,377731,101548,300000,55,200
T1015,M2017,ACCT100255,DST300090,2026-01-05 11:02:00,320814,101549,300000,55,200
T1015,M2004,ACCT100255,DST300098,2026-01-05 11:03:00,314507,101550,300000,55,200
T1024,M2014,ACCT100256,DST300178,2026-01-14 18:40:00,105895,100272,10000,0,200
T1024,M2013,ACCT100256,DST300011,2026-01-14 18:41:00,122159,100396,300000,55,200
T1024,M2015,ACCT100256,DST300151,2026-01-14 18:42:00,112141,100397,300000,55,200
T1024,M2004,ACCT100256,DST300114,2026-01-14 18:43:00,85855,100398,300000,55,200
T1024,M2017,ACCT100256,DST300130,2026-01-14 21:31:00,116495,100824,10000,0,200
T1024,M2017,ACCT100256,DST300081,2026-01-14 23:08:00,167285,100859,10000,0,200
T1024,M2003,ACCT100256,DST300105,2026-01-14 23:54:00,127520,100912,400000,0,200
T1024,M2014,ACCT100256,DST300060,2026-01-15 01:03:00,108783,100970,10000,0,200
T1024,M2007,ACCT100256,DST300040,2026-01-15 03:46:00,296828,102981,10000,0,200
T1024,M2013,ACCT100256,DST300012,2026-01-15 03:52:00,134975,103357,400000,0,200
T1024,M2003,ACCT100256,DST300167,2026-01-15 04:33:00,127211,101318,10000,0,200
T1024,M2016,ACCT100256,DST300187,2026-01-15 05:10:00,121523,101820,400000,0,200
T1024,M2014,ACCT100256,DST300107,2026-01-15 06:30:00,103413,101989,400000,0,200
T1024,M2018,ACCT100256,DST999999,2026-01-15 06:32:00,110454,102248,400000,0,200
T1024,M2011,ACCT100256,DST999999,2026-01-15 06:34:00,127165,102249,400000,0,200
T1024,M2005,ACCT100256,DST999999,2026-01-15 06:36:00,106431,102250,400000,0,200
T1024,M2004,ACCT100256,DST300153,2026-01-15 07:42:00,139229,103598,400000,0,200
T1024,M2007,ACCT100256,DST300072,2026-01-15 09:00:00,89289,102488,10000,0,200
T1024,M2015,ACCT100256,DST300020,2026-01-15 09:04:00,116838,103600,400000,0,200
T1024,M2002,ACCT100256,DST300117,2026-01-15 12:42:00,85455,104818,400000,0,200
T1024,M2000,ACCT100256,DST300098,2026-01-15 12:43:00,108288,104943,300000,55,200
T1024,M2003,ACCT100256,DST300007,2026-01-15 12:44:00,102743,104944,300000,55,200
T1024,M2001,ACCT100256,DST300100,2026-01-15 12:45:00,118377,104945,300000,55,200
T1024,M2009,ACCT100256,DST300177,2026-01-15 12:46:00,105512,104946,300000,55,200
T1024,M2013,ACCT100256,DST300055,2026-01-15 12:47:00,145128,104947,300000,55,200
T1004,M2009,ACCT100257,DST300063,2026-01-15 04:21:00,448755,103296,10000,0,200
T1004,M2004,ACCT100257,DST300104,2026-01-15 04:28:00,205570,100225,400000,0,200
T1004,M2015,ACCT100257,DST300124,2026-01-15 05:57:00,200037,103362,10000,0,200
T1004,M2003,ACCT100257,DST300140,2026-01-15 07:09:00,210110,104219,10000,0,200
T1004,M2008,ACCT100257,DST300183,2026-01-15 07:48:00,195037,100242,10000,0,200
T1004,M2001,ACCT100257,DST300113,2026-01-15 07:49:00,241816,100334,300000,55,200
T1004,M2002,ACCT100257,DST300087,2026-01-15 07:50:00,212426,100335,300000,55,200
T1004,M2008,ACCT100257,DST300070,2026-01-15 07:51:00,190957,100336,300000,55,200
T1004,M2015,ACCT100257,DST300168,2026-01-15 08:13:00,200521,104360,400000,0,200
T1004,M2004,ACCT100257,DST300016,2026-01-15 09:40:00,214480,100714,10000,0,200
T1004,M2017,ACCT100257,DST300064,2026-01-15 10:06:00,171670,101905,400000,0,200
T1004,M2016,ACCT100257,DST300152,2026-01-15 10:37:00,237576,104463,400000,0,200
T1004,M2003,ACCT100257,DST300077,2026-01-15 12:35:00,238366,101983,400000,0,200
T1004,M2005,ACCT100257,DST300198,2026-01-15 14:23:00,210331,104540,10000,0,200
T1004,M2002,ACCT100257,DST300191,2026-01-15 16:13:00,227232,102813,10000,0,200
T1010,M2014,ACCT100258,DST300054,2026-01-19 01:02:00,533688,103193,10000,0,200
T1010,M2012,ACCT100258,DST300046,2026-01-19 02:11:00,687831,101266,10000,0,200
T1010,M2008,ACCT100258,DST300072,2026-01-19 02:38:00,262187,103377,400000,0,200
T1010,M2006,ACCT100258,DST300002,2026-01-19 03:05:00,242156,101517,10000,0,200
T1010,M2003,ACCT100258,DST300160,2026-01-19 05:20:00,277475,104336,400000,0,200
T1010,M2003,ACCT100258,DST300072,2026-01-19 06:20:00,274424,101555,400000,0,200
T1010,M2004,ACCT100258,DST300138,2026-01-19 09:05:00,239617,104452,400000,0,200
T1010,M2001,ACCT100258,DST300167,2026-01-19 10:13:00,277522,101901,10000,0,200
T1010,M2013,ACCT100258,DST300041,2026-01-19 12:36:00,237974,104684,10000,0,200
T1010,M2009,ACCT100258,DST300077,2026-01-19 13:53:00,238013,102574,10000,0,200
T1010,M2016,ACCT100258,DST300059,2026-01-19 15:27:00,310045,100583,10000,0,200
T1010,M2017,ACCT100258,DST300110,2026-01-19 16:12:00,279076,104889,10000,0,200
T1010,M2006,ACCT100258,DST300127,2026-01-19 17:08:00,253059,102682,10000,0,200
T1010,M2009,ACCT100258,DST999999,2026-01-19 17:10:00,226451,102912,400000,0,200
T1010,M2013,ACCT100258,DST999999,2026-01-19 17:12:00,284505,102913,400000,0,200
T1010,M2008,ACCT100258,DST999999,2026-01-19 17:14:00,286858,102914,400000,0,200
T1010,M2000,ACCT100258,DST999999,2026-01-19 17:16:00,267607,102915,400000,0,200
T1010,M2014,ACCT100258,DST300041,2026-01-19 17:20:00,250030,100766,400000,0,200
T1010,M2009,ACCT100258,DST300197,2026-01-19 21:11:00,270011,101015,10000,0,200
T1013,M2009,ACCT100259,DST300084,2026-01-13 01:20:00,296251,104191,10000,0,200
T1013,M2013,ACCT100259,DST300117,2026-01-13 03:04:00,110960,104533,400000,0,200
T1013,M2008,ACCT100259,DST300039,2026-01-13 04:55:00,142421,100362,10000,0,200
T1013,M2007,ACCT100259,DST300124,2026-01-13 06:39:00,104411,104777,400000,0,200
T1013,M2004,ACCT100259,DST300077,2026-01-13 07:32:00,117298,100419,10000,0,200
T1013,M2011,ACCT100259,DST300063,2026-01-13 07:33:00,114683,101020,300000,55,200
T1013,M2012,ACCT100259,DST300098,2026-01-13 07:34:00,82656,101021,300000,55,200
T1013,M2011,ACCT100259,DST300057,2026-01-13 07:35:00,170847,101022,300000,55,200
T1013,M2017,ACCT100259,DST300037,2026-01-13 07:36:00,81559,101023,300000,55,200
T1013,M2014,ACCT100259,DST300137,2026-01-13 07:37:00,66053,101024,300000,55,200
T1013,M2002,ACCT100259,DST300139,2026-01-13 08:40:00,132250,101653,400000,0,200
T1013,M2012,ACCT100259,DST300030,2026-01-13 09:48:00,96350,101936,400000,0,200
T1013,M2004,ACCT100259,DST300167,2026-01-13 09:49:00,124708,102117,300000,55,200
T1013,M2004,ACCT100259,DST300061,2026-01-13 09:50:00,103559,102118,300000,55,200
T1013,M2017,ACCT100259,DST300031,2026-01-13 09:51:00,140811,102119,300000,55,200
T1013,M2008,ACCT100259,DST300000,2026-01-13 10:07:00,89858,103033,10000,0,200
T1013,M2014,ACCT100259,DST300164,2026-01-13 12:15:00,126101,103442,400000,0,200
T1013,M2010,ACCT100259,DST300106,2026-01-13 12:45:00,1904628,103814,10000,0,200
T1013,M2009,ACCT100259,DST300157,2026-01-13 13:04:00,97534,103832,10000,0,200
T1013,M2017,ACCT100259,DST300102,2026-01-13 16:49:00,144213,104038,400000,0,200
T1020,M2005,ACCT100260,DST300069,2026-01-15 02:19:00,172759,100117,10000,0,200
T1020,M2019,ACCT100260,DST300058,2026-01-15 05:38:00,207968,100241,400000,0,200
T1021,M2013,ACCT100260,DST300157,2026-01-15 05:42:00,234627,100261,10000,0,200
T1021,M2015,ACCT100260,DST300025,2026-01-15 08:42:00,210366,100296,400000,0,200
T1021,M2002,ACCT100260,DST300075,2026-01-15 09:21:00,206357,100472,400000,0,200
T1021,M2005,ACCT100260,DST300088,2026-01-15 12:06:00,205502,101296,10000,0,200
T1021,M2015,ACCT100260,DST300104,2026-01-15 12:15:00,242649,101334,400000,0,200
T1021,M2015,ACCT100260,DST300066,2026-01-15 15:25:00,210063,101580,10000,0,200
T1021,M2003,ACCT100260,DST300189,2026-01-15 17:01:00,231816,102058,10000,0,200
T1021,M2010,ACCT100260,DST300080,2026-01-15 19:54:00,202061,102269,400000,0,200
T1021,M2018,ACCT100260,DST300041,2026-01-15 23:39:00,230529,102445,400000,0,200
T1021,M2013,ACCT100260,DST300068,2026-01-16 01:54:00,189706,102674,400000,0,200
T1021,M2006,ACCT100260,DST300141,2026-01-16 04:49:00,225434,102779,400000,0,200
T1021,M2014,ACCT100260,DST300132,2026-01-16 06:17:00,239282,102957,400000,0,200
T1021,M2011,ACCT100260,DST300129,2026-01-16 06:23:00,234268,103920,10000,0,200
T1021,M2018,ACCT100260,DST300090,2026-01-16 06:45:00,202908,104397,400000,0,200
T1021,M2000,ACCT100260,DST300143,2026-01-16 10:06:00,220712,104558,400000,0,200
T1021,M2016,ACCT100260,DST300161,2026-01-16 10:23:00,225681,104648,10000,0,200
T1021,M2009,ACCT100260,DST300054,2026-01-16 13:10:00,171262,104875,10000,0,200
T1021,M2013,ACCT100260,DST300196,2026-01-16 13:38:00,212304,104980,10000,0,200
T1029,M2005,ACCT100261,DST300076,2026-01-07 01:19:00,274227,100534,10000,0,200
T1029,M2008,ACCT100261,DST300178,2026-01-07 02:20:00,138278,100649,10000,0,200
T1029,M2007,ACCT100261,DST300000,2026-01-07 03:23:00,160182,101060,10000,0,200
T1029,M2014,ACCT100261,DST300096,2026-01-07 03:33:00,285703,102157,10000,0,200
T1029,M2013,ACCT100261,DST300038,2026-01-07 05:48:00,160371,104062,400000,0,200
T1029,M2019,ACCT100261,DST999999,2026-01-07 05:50:00,132801,104419,400000,0,200
T1029,M2009,ACCT100261,DST999999,2026-01-07 05:52:00,158493,104420,400000,0,200
T1029,M2006,ACCT100261,DST999999,2026-01-07 05:54:00,129964,104421,400000,0,200
T1029,M2003,ACCT100261,DST300120,2026-01-07 06:54:00,128136,100113,10000,0,200
T1029,M2015,ACCT100261,DST300141,2026-01-07 08:14:00,146101,100235,10000,0,200
T1029,M2008,ACCT100261,DST300179,2026-01-07 09:21:00,142562,104437,10000,0,200
T1003,M2008,ACCT100262,DST300012,2026-01-10 13:33:00,290265,100217,10000,0,200
T1011,M2010,ACCT100262,DST300070,2026-01-10 13:34:00,304596,100724,10000,0,200
T1011,M2017,ACCT100262,DST300020,2026-01-10 13:35:00,270656,100735,300000,55,200
T1011,M2011,ACCT100262,DST300097,2026-01-10 13:36:00,283297,100736,300000,55,200
T1011,M2004,ACCT100262,DST300100,2026-01-10 13:37:00,275749,100737,300000,55,200
T1011,M2016,ACCT100262,DST300134,2026-01-10 13:38:00,330174,100738,300000,55,200
T1011,M2003,ACCT100262,DST300028,2026-01-10 13:39:00,309683,100739,300000,55,200
T1011,M2001,ACCT100262,DST300042,2026-01-10 14:58:00,289036,100947,10000,0,200
T1011,M2010,ACCT100262,DST300119,2026-01-10 15:15:00,280272,101229,10000,0,200
T1010,M2019,ACCT100262,DST300007,2026-01-10 15:21:00,278093,101485,10000,0,200
T1010,M2008,ACCT100262,DST300084,2026-01-10 16:56:00,303701,101487,10000,0,200
T1010,M2008,ACCT100262,DST999999,2026-01-10 16:58:00,271319,101686,400000,0,200
T1010,M2017,ACCT100262,DST999999,2026-01-10 17:00:00,218054,101687,400000,0,200
T1010,M2013,ACCT100262,DST999999,2026-01-10 17:02:00,302119,101688,400000,0,200
T1010,M2014,ACCT100262,DST999999,2026-01-10 17:04:00,286132,101689,400000,0,200
T1010,M2016,ACCT100262,DST300199,2026-01-10 19:29:00,274854,101729,400000,0,200
T1010,M2011,ACCT100262,DST300052,2026-01-10 23:07:00,306474,102508,10000,0,200
T1010,M2018,ACCT100262,DST300004,2026-01-11 00:09:00,290603,102834,400000,0,200
T1004,M2006,ACCT100262,DST300135,2026-01-11 00:11:00,263340,102884,10000,0,200
T1004,M2017,ACCT100262,DST300021,2026-01-11 00:35:00,270163,103308,400000,0,200
T1004,M2007,ACCT100262,DST300023,2026-01-11 02:51:00,277315,103347,10000,0,200
T1004,M2007,ACCT100262,DST300098,2026-01-11 05:10:00,296378,103833,10000,0,200
T1004,M2010,ACCT100262,DST300102,2026-01-11 08:30:00,268560,103977,10000,0,200
T1004,M2014,ACCT100262,DST300016,2026-01-11 11:23:00,309257,104589,400000,0,200
T1009,M2018,ACCT100263,DST300191,2026-01-07 22:09:00,269329,100005,400000,0,200
T1009,M2004,ACCT100263,DST300136,2026-01-08 02:02:00,269934,100053,400000,0,200
T1009,M2006,ACCT100263,DST300029,2026-01-08 03:16:00,301429,100621,400000,0,200
T1009,M2005,ACCT100263,DST300199,2026-01-08 03:17:00,283872,100918,300000,55,200
T1009,M2017,ACCT100263,DST300004,2026-01-08 03:18:00,279036,100919,300000,55,200
T1009,M2009,ACCT100263,DST300121,2026-01-08 03:19:00,283696,100920,300000,55,200
T1009,M2000,ACCT100263,DST300061,2026-01-08 03:20:00,285507,100921,300000,55,200
T1009,M2012,ACCT100263,DST300156,2026-01-08 03:21:00,341694,100922,300000,55,200
T1009,M2003,ACCT100263,DST300191,2026-01-08 06:00:00,267706,101597,400000,0,200
T1009,M2019,ACCT100263,DST300118,2026-01-08 06:47:00,269914,101610,400000,0,200
T1009,M2018,ACCT100263,DST300112,2026-01-08 07:17:00,252057,101660,10000,0,200
T1009,M2011,ACCT100263,DST300140,2026-01-08 08:28:00,281008,101745,10000,0,200
T1009,M2000,ACCT100263,DST300142,2026-01-08 09:56:00,336891,101992,400000,0,200
T1009,M2007,ACCT100263,DST300098,2026-01-08 10:02:00,4141257,102009,10000,0,200
T1024,M2001,ACCT100263,DST300129,2026-01-08 10:04:00,320730,102168,10000,0,200
T1024,M2010,ACCT100263,DST999999,2026-01-08 10:06:00,277998,102830,400000,0,200
T1024,M2005,ACCT100263,DST999999,2026-01-08 10:08:00,273940,102831,400000,0,200
T1024,M2005,ACCT100263,DST999999,2026-01-08 10:10:00,243210,102832,400000,0,200
T1024,M2007,ACCT100263,DST300038,2026-01-08 10:24:00,263362,102951,10000,0,200
T1024,M2010,ACCT100263,DST300141,2026-01-08 10:25:00,301497,103120,300000,55,200
T1024,M2004,ACCT100263,DST300152,2026-01-08 10:26:00,285867,103121,300000,55,200
T1024,M2003,ACCT100263,DST300086,2026-01-08 10:27:00,256693,103122,300000,55,200
T1024,M2015,ACCT100263,DST300013,2026-01-08 10:28:00,267820,103123,300000,55,200
T1024,M2000,ACCT100263,DST300079,2026-01-08 12:34:00,280869,103274,400000,0,200
T1024,M2010,ACCT100263,DST300046,2026-01-08 13:49:00,265435,103388,10000,0,200
T1024,M2005,ACCT100263,DST300082,2026-01-08 17:25:00,278867,103643,400000,0,200
T1024,M2018,ACCT100263,DST300068,2026-01-08 20:47:00,282100,104586,10000,0,200
T1024,M2009,ACCT100263,DST300162,2026-01-08 21:10:00,3922430,104757,10000,0,200
T1024,M2008,ACCT100263,DST300115,2026-01-09 00:59:00,290598,104816,400000,0,200
T1027,M2019,ACCT100264,DST300040,2026-01-10 11:50:00,308096,100648,400000,0,200
T1027,M2013,ACCT100264,DST300191,2026-01-10 13:35:00,345590,102221,10000,0,200
T1027,M2006,ACCT100264,DST999999,2026-01-10 13:37:00,356062,102606,400000,0,200
T1027,M2005,ACCT100264,DST999999,2026-01-10 13:39:00,374322,102607,400000,0,200
T1027,M2019,ACCT100264,DST300123,2026-01-10 16:08:00,330917,102687,10000,0,200
T1027,M2007,ACCT100264,DST300093,2026-01-10 16:57:00,338684,103146,400000,0,200
T1008,M2013,ACCT100264,DST300181,2026-01-10 16:58:00,322176,103182,10000,0,200
T1022,M2015,ACCT100265,DST300091,2026-01-04 01:32:00,530576,100536,10000,0,200
T1022,M2017,ACCT100265,DST300040,2026-01-04 02:04:00,268228,101114,400000,0,200
T1022,M2004,ACCT100265,DST300009,2026-01-04 05:27:00,293304,101847,10000,0,200
T1022,M2005,ACCT100265,DST300155,2026-01-04 07:26:00,308215,102534,10000,0,200
T1022,M2003,ACCT100265,DST300032,2026-01-04 07:37:00,305122,102963,10000,0,200
T1020,M2017,ACCT100265,DST300023,2026-01-04 07:40:00,293441,103359,10000,0,200
T1020,M2018,ACCT100265,DST300146,2026-01-04 11:26:00,324440,103937,400000,0,200
T1020,M2005,ACCT100265,DST300026,2026-01-04 12:59:00,324858,103953,400000,0,200
T1022,M2004,ACCT100265,DST300139,2026-01-04 13:58:00,295852,100062,10000,0,200
T1022,M2015,ACCT100265,DST300168,2026-01-04 15:23:00,322653,100435,400000,0,200
T1020,M2018,ACCT100265,DST300005,2026-01-04 15:30:00,288193,104379,10000,0,200
T1020,M2009,ACCT100265,DST300136,2026-01-04 16:13:00,308396,104968,10000,0,200
T1020,M2013,ACCT100265,DST300105,2026-01-04 16:59:00,289921,104970,400000,0,200
T1001,M2003,ACCT100266,DST300197,2026-01-08 02:45:00,199039,100027,400000,0,200
T1001,M2019,ACCT100266,DST300046,2026-01-08 02:46:00,208264,100587,300000,55,200
T1001,M2008,ACCT100266,DST300014,2026-01-08 02:47:00,175511,100588,300000,55,200
T1001,M2012,ACCT100266,DST300062,2026-01-08 02:48:00,174710,100589,300000,55,200
T1001,M2017,ACCT100266,DST300132,2026-01-08 02:49:00,179511,100590,300000,55,200
T1001,M2010,ACCT100266,DST300016,2026-01-08 04:16:00,140334,101980,400000,0,200
T1001,M2017,ACCT100266,DST300052,2026-01-08 06:11:00,175192,102233,10000,0,200
T1001,M2017,ACCT100266,DST300034,2026-01-08 08:33:00,176745,102340,10000,0,200
T1001,M2019,ACCT100266,DST300042,2026-01-08 12:18:00,152489,103188,400000,0,200
T1001,M2018,ACCT100266,DST300087,2026-01-08 13:49:00,149658,103247,10000,0,200
T1001,M2016,ACCT100266,DST300158,2026-01-08 15:28:00,170049,103856,400000,0,200
T1001,M2013,ACCT100266,DST300057,2026-01-08 18:07:00,146513,104106,400000,0,200
T1001,M2000,ACCT100266,DST300102,2026-01-08 19:15:00,170043,104279,10000,0,200
T1001,M2004,ACCT100266,DST300153,2026-01-08 21:00:00,183884,104410,400000,0,200
T1013,M2003,ACCT100267,DST300128,2026-01-17 22:56:00,219040,100079,300000,55,200
T1013,M2012,ACCT100267,DST300094,2026-01-17 22:57:00,214705,100080,300000,55,200
T1013,M2004,ACCT100267,DST300118,2026-01-17 22:58:00,213664,100081,300000,55,200
T1013,M2018,ACCT100267,DST300170,2026-01-17 22:59:00,225649,100082,300000,55,200
T1013,M2014,ACCT100267,DST300165,2026-01-17 23:09:00,2591609,100578,10000,0,200
T1013,M2013,ACCT100267,DST300041,2026-01-18 01:11:00,576726,101840,10000,0,200
T1013,M2017,ACCT100267,DST300093,2026-01-18 01:13:00,424030,103767,10000,0,200
T1013,M2010,ACCT100267,DST300113,2026-01-18 01:19:00,3573083,102864,10000,0,200
T1013,M2003,ACCT100267,DST300180,2026-01-18 02:15:00,222761,100813,10000,0,200
T1013,M2006,ACCT100267,DST300049,2026-01-18 02:31:00,195167,103822,400000,0,200
T1013,M2017,ACCT100267,DST300194,2026-01-18 04:23:00,421454,103356,10000,0,200
T1013,M2007,ACCT100267,DST300044,2026-01-18 05:03:00,175008,103695,10000,0,200
T1013,M2016,ACCT100267,DST300134,2026-01-18 05:29:00,242948,103886,400000,0,200
T1013,M2019,ACCT100267,DST300145,2026-01-18 05:55:00,221290,101429,400000,0,200
T1028,M2004,ACCT100268,DST300040,2026-01-11 22:56:00,359767,100567,10000,0,200
T1028,M2012,ACCT100268,DST300054,2026-01-12 01:15:00,286886,100690,10000,0,200
T1028,M2012,ACCT100268,DST300104,2026-01-12 02:57:00,341140,100868,10000,0,200
T1028,M2015,ACCT100268,DST300151,2026-01-12 05:02:00,299658,101531,10000,0,200
T1028,M2003,ACCT100268,DST300007,2026-01-12 05:24:00,4879717,102648,10000,0,200
T1028,M2015,ACCT100268,DST300111,2026-01-12 07:01:00,321974,103062,10000,0,200
T1028,M2012,ACCT100268,DST300124,2026-01-12 10:08:00,320527,104426,400000,0,200
T1005,M2012,ACCT100269,DST300035,2026-01-17 22:15:00,5317958,100091,10000,0,200
T1005,M2017,ACCT100269,DST999999,2026-01-17 22:17:00,305398,100466,400000,0,200
T1005,M2001,ACCT100269,DST999999,2026-01-17 22:19:00,392457,100467,400000,0,200
T1005,M2006,ACCT100269,DST300099,2026-01-18 00:32:00,309964,100673,10000,0,200
T1005,M2018,ACCT100269,DST300148,2026-01-18 01:25:00,322445,100887,10000,0,200
T1005,M2018,ACCT100269,DST300142,2026-01-18 01:38:00,339847,101053,400000,0,200
T1005,M2011,ACCT100269,DST300149,2026-01-18 04:01:00,273626,102478,10000,0,200
T1005,M2007,ACCT100269,DST300184,2026-01-18 04:02:00,318361,102838,300000,55,200
T1005,M2005,ACCT100269,DST300142,2026-01-18 04:03:00,340480,102839,300000,55,200
T1005,M2015,ACCT100269,DST300168,2026-01-18 04:04:00,312394,102840,300000,55,200
T1005,M2006,ACCT100269,DST300176,2026-01-18 04:05:00,330093,102841,300000,55,200
T1005,M2006,ACCT100269,DST300036,2026-01-18 05:19:00,312290,102952,10000,0,200
T1005,M2013,ACCT100269,DST300071,2026-01-18 07:44:00,348799,103088,400000,0,200
T1005,M2011,ACCT100269,DST300122,2026-01-18 08:38:00,317957,103650,10000,0,200
T1005,M2009,ACCT100269,DST300121,2026-01-18 08:50:00,4382511,103683,10000,0,200
T1005,M2008,ACCT100269,DST300032,2026-01-18 12:22:00,300088,103931,400000,0,200
T1005,M2001,ACCT100269,DST300096,2026-01-18 13:16:00,335801,104389,400000,0,200
T1001,M2017,ACCT100270,DST300016,2026-01-12 17:01:00,157123,100328,400000,0,200
T1001,M2013,ACCT100270,DST999999,2026-01-12 17:03:00,115224,101290,400000,0,200
T1001,M2018,ACCT100270,DST999999,2026-01-12 17:05:00,127493,101291,400000,0,200
T1001,M2005,ACCT100270,DST999999,2026-01-12 17:07:00,132108,101292,400000,0,200
T1001,M2014,ACCT100270,DST300025,2026-01-12 19:31:00,134802,101342,10000,0,200
T1001,M2011,ACCT100270,DST300071,2026-01-12 19:32:00,197037,102731,300000,55,200
T1001,M2003,ACCT100270,DST300082,2026-01-12 19:33:00,118495,102732,300000,55,200
T1001,M2013,ACCT100270,DST300149,2026-01-12 19:34:00,164925,102733,300000,55,200
T1001,M2006,ACCT100270,DST999999,2026-01-12 19:36:00,146091,102806,400000,0,200
T1001,M2018,ACCT100270,DST999999,2026-01-12 19:38:00,125885,102807,400000,0,200
T1001,M2009,ACCT100270,DST999999,2026-01-12 19:40:00,134862,102808,400000,0,200
T1001,M2018,ACCT100270,DST300091,2026-01-12 20:44:00,152090,103567,10000,0,200
T1001,M2007,ACCT100270,DST300006,2026-01-12 21:41:00,126842,103596,10000,0,200
T1001,M2005,ACCT100270,DST300002,2026-01-13 00:34:00,174295,104549,400000,0,200
T1001,M2016,ACCT100270,DST300131,2026-01-13 01:11:00,139634,104601,400000,0,200
T1001,M2008,ACCT100270,DST300088,2026-01-13 02:11:00,107940,104882,10000,0,200
T1001,M2017,ACCT100270,DST300185,2026-01-13 05:03:00,145744,104886,400000,0,200
T1001,M2001,ACCT100271,DST300113,2026-01-05 04:04:00,702851,102313,10000,0,200
T1001,M2007,ACCT100271,DST300150,2026-01-05 06:43:00,303921,103464,400000,0,200
T1001,M2004,ACCT100271,DST999999,2026-01-05 06:45:00,323302,103583,400000,0,200
T1001,M2016,ACCT100271,DST999999,2026-01-05 06:47:00,286882,103584,400000,0,200
T1001,M2019,ACCT100271,DST999999,2026-01-05 06:49:00,305460,103631,400000,0,200
T1001,M2013,ACCT100271,DST999999,2026-01-05 06:51:00,300865,103632,400000,0,200
T1001,M2014,ACCT100271,DST999999,2026-01-05 06:53:00,263051,103633,400000,0,200
T1001,M2013,ACCT100271,DST999999,2026-01-05 06:55:00,297712,103634,400000,0,200
T1001,M2004,ACCT100271,DST300180,2026-01-05 08:44:00,307266,103681,10000,0,200
T1001,M2009,ACCT100271,DST300165,2026-01-05 12:08:00,286553,103777,400000,0,200
T1001,M2013,ACCT100271,DST999999,2026-01-05 12:10:00,283616,104068,400000,0,200
T1001,M2004,ACCT100271,DST999999,2026-01-05 12:12:00,236110,104069,400000,0,200
T1001,M2008,ACCT100271,DST999999,2026-01-05 12:14:00,266175,104070,400000,0,200
T1001,M2007,ACCT100271,DST300091,2026-01-05 14:06:00,303985,104999,10000,0,200
T1001,M2011,ACCT100271,DST300131,2026-01-05 14:45:00,279167,100233,400000,0,200
T1001,M2004,ACCT100271,DST999999,2026-01-05 14:47:00,344084,100938,400000,0,200
T1001,M2013,ACCT100271,DST999999,2026-01-05 14:49:00,307861,100939,400000,0,200
T1001,M2002,ACCT100271,DST300055,2026-01-05 14:57:00,3593554,100986,10000,0,200
T1001,M2001,ACCT100271,DST300178,2026-01-05 16:03:00,277116,101226,400000,0,200
T1001,M2013,ACCT100271,DST300015,2026-01-05 19:09:00,248400,101987,400000,0,200
T1018,M2004,ACCT100272,DST300191,2026-01-03 06:11:00,73389,100808,10000,0,200
T1018,M2014,ACCT100272,DST300101,2026-01-03 10:08:00,79478,100853,400000,0,200
T1018,M2012,ACCT100272,DST300048,2026-01-03 12:42:00,62030,101143,400000,0,200
T1018,M2003,ACCT100272,DST300060,2026-01-03 15:51:00,51916,101406,400000,0,200
T1018,M2017,ACCT100272,DST300001,2026-01-03 18:52:00,72799,103111,400000,0,200
T1018,M2005,ACCT100272,DST300025,2026-01-03 19:43:00,71964,103779,10000,0,200
T1018,M2019,ACCT100272,DST999999,2026-01-03 19:45:00,66138,104116,400000,0,200
T1018,M2009,ACCT100272,DST999999,2026-01-03 19:47:00,50739,104117,400000,0,200
T1018,M2001,ACCT100272,DST999999,2026-01-03 19:49:00,58434,104118,400000,0,200
T1021,M2013,ACCT100272,DST300081,2026-01-03 19:50:00,51213,104383,10000,0,200
T1021,M2014,ACCT100272,DST300088,2026-01-03 22:39:00,30774,104398,400000,0,200
T1018,M2012,ACCT100273,DST300108,2026-01-01 02:53:00,191309,100078,400000,0,200
T1018,M2014,ACCT100273,DST300124,2026-01-01 04:18:00,189586,100347,400000,0,200
T1018,M2017,ACCT100273,DST300060,2026-01-01 04:34:00,171212,101591,10000,0,200
T1018,M2007,ACCT100273,DST300161,2026-01-01 06:49:00,151788,102045,400000,0,200
T1018,M2003,ACCT100273,DST300119,2026-01-01 07:47:00,223617,102052,400000,0,200
T1020,M2008,ACCT100273,DST300141,2026-01-01 07:54:00,219079,102412,10000,0,200
T1020,M2006,ACCT100273,DST300114,2026-01-01 09:50:00,176424,102825,400000,0,200
T1020,M2003,ACCT100273,DST300025,2026-01-01 13:14:00,169835,103020,400000,0,200
T1020,M2009,ACCT100273,DST300049,2026-01-01 13:49:00,167323,103323,400000,0,200
T1020,M2003,ACCT100273,DST300132,2026-01-01 16:25:00,195838,103827,10000,0,200
T1020,M2001,ACCT100273,DST300139,2026-01-01 16:32:00,3058320,104318,10000,0,200
T1020,M2008,ACCT100273,DST300108,2026-01-01 20:10:00,146103,104953,10000,0,200
T1020,M2018,ACCT100273,DST300084,2026-01-01 22:23:00,138213,104960,400000,0,200
T1020,M2002,ACCT100273,DST300034,2026-01-02 00:57:00,206286,104975,10000,0,200
T1009,M2002,ACCT100274,DST300060,2026-01-02 03:16:00,347176,102494,10000,0,200
T1009,M2011,ACCT100274,DST300005,2026-01-02 06:05:00,163014,102705,10000,0,200
T1009,M2016,ACCT100274,DST300081,2026-01-02 07:14:00,167510,100850,400000,0,200
T1009,M2012,ACCT100274,DST300076,2026-01-02 08:55:00,160283,101365,400000,0,200
T1009,M2000,ACCT100274,DST300050,2026-01-02 09:39:00,179878,103275,400000,0,200
T1009,M2018,ACCT100274,DST300109,2026-01-02 12:53:00,181162,103304,10000,0,200
T1009,M2007,ACCT100274,DST300090,2026-01-02 16:19:00,174099,104053,10000,0,200
T1009,M2019,ACCT100274,DST300057,2026-01-02 18:59:00,193095,104453,400000,0,200
T1009,M2015,ACCT100274,DST999999,2026-01-02 19:01:00,167361,104713,400000,0,200
T1009,M2008,ACCT100274,DST999999,2026-01-02 19:03:00,196481,104714,400000,0,200
T1009,M2007,ACCT100274,DST300115,2026-01-02 22:16:00,165771,104815,400000,0,200
T1022,M2016,ACCT100275,DST300186,2026-01-18 23:22:00,194354,100025,10000,0,200
T1022,M2018,ACCT100275,DST300169,2026-01-18 23:23:00,191370,100429,300000,55,200
T1022,M2001,ACCT100275,DST300130,2026-01-18 23:24:00,180319,100430,300000,55,200
T1022,M2002,ACCT100275,DST300011,2026-01-18 23:25:00,205864,100431,300000,55,200
T1022,M2019,ACCT100275,DST300001,2026-01-19 01:03:00,126960,100483,400000,0,200
T1022,M2015,ACCT100275,DST300121,2026-01-19 01:13:00,190238,100900,400000,0,200
T1022,M2008,ACCT100275,DST300001,2026-01-19 02:41:00,225495,100924,400000,0,200
T1022,M2018,ACCT100275,DST300001,2026-01-19 03:37:00,453597,103479,10000,0,200
T1022,M2013,ACCT100275,DST300105,2026-01-19 06:39:00,186839,101011,10000,0,200
T1022,M2018,ACCT100275,DST300129,2026-01-19 07:14:00,176997,103897,10000,0,200
T1022,M2016,ACCT100275,DST300025,2026-01-19 07:53:00,148438,101017,10000,0,200
T1022,M2006,ACCT100275,DST300143,2026-01-19 10:37:00,187959,101073,400000,0,200
T1022,M2008,ACCT100275,DST300190,2026-01-19 10:40:00,184343,104043,10000,0,200
T1022,M2004,ACCT100275,DST300155,2026-01-19 10:52:00,203391,104172,10000,0,200
T1022,M2015,ACCT100275,DST300087,2026-01-19 11:17:00,142470,104387,400000,0,200
T1022,M2012,ACCT100275,DST300178,2026-01-19 12:06:00,191425,104697,400000,0,200
T1022,M2007,ACCT100275,DST300183,2026-01-19 14:13:00,194890,101595,400000,0,200
T1022,M2001,ACCT100275,DST300039,2026-01-19 15:53:00,220238,102036,10000,0,200
T1022,M2015,ACCT100275,DST300079,2026-01-19 18:26:00,166298,102467,400000,0,200
T1022,M2018,ACCT100275,DST300048,2026-01-19 21:16:00,171939,102625,10000,0,200
T1001,M2004,ACCT100276,DST300077,2026-01-08 19:35:00,160683,101379,300000,55,200
T1001,M2010,ACCT100276,DST300025,2026-01-08 19:36:00,95282,101380,300000,55,200
T1001,M2003,ACCT100276,DST300003,2026-01-08 19:37:00,93956,101381,300000,55,200
T1001,M2003,ACCT100276,DST300078,2026-01-08 19:38:00,132283,101382,300000,55,200
T1001,M2006,ACCT100276,DST300096,2026-01-08 19:39:00,144816,101383,300000,55,200
T1001,M2019,ACCT100276,DST300036,2026-01-08 22:05:00,164616,101431,10000,0,200
T1001,M2016,ACCT100276,DST300162,2026-01-08 22:31:00,108119,101563,10000,0,200
T1001,M2014,ACCT100276,DST300008,2026-01-09 02:04:00,235346,104317,10000,0,200
T1001,M2019,ACCT100276,DST300084,2026-01-09 02:05:00,120425,101921,400000,0,200
T1001,M2003,ACCT100276,DST300133,2026-01-09 02:38:00,105538,104748,10000,0,200
T1001,M2005,ACCT100276,DST300118,2026-01-09 03:07:00,163706,102213,10000,0,200
T1001,M2004,ACCT100276,DST300080,2026-01-09 06:50:00,129495,102753,10000,0,200
T1001,M2016,ACCT100276,DST300196,2026-01-09 08:38:00,168468,103073,400000,0,200
T1001,M2019,ACCT100276,DST300123,2026-01-09 08:39:00,126798,103399,300000,55,200
T1001,M2007,ACCT100276,DST300039,2026-01-09 08:40:00,129254,103400,300000,55,200
T1001,M2006,ACCT100276,DST300012,2026-01-09 08:41:00,130723,103401,300000,55,200
T1001,M2008,ACCT100276,DST300125,2026-01-09 12:27:00,94704,103466,400000,0,200
T1001,M2000,ACCT100276,DST300145,2026-01-09 12:51:00,88148,103884,400000,0,200
T1001,M2003,ACCT100276,DST300006,2026-01-09 14:15:00,120620,104113,10000,0,200
T1022,M2013,ACCT100277,DST300111,2026-01-16 02:29:00,156137,100075,10000,0,200
T1022,M2003,ACCT100277,DST300197,2026-01-16 02:46:00,26969,100891,400000,0,200
T1022,M2017,ACCT100277,DST300090,2026-01-16 02:46:00,145524,104315,10000,0,200
T1022,M2015,ACCT100277,DST300162,2026-01-16 02:47:00,20000,101197,300000,55,200
T1022,M2010,ACCT100277,DST300120,2026-01-16 02:48:00,98438,101198,300000,55,200
T1022,M2007,ACCT100277,DST300001,2026-01-16 02:49:00,42108,101199,300000,55,200
T1022,M2014,ACCT100277,DST300128,2026-01-16 02:50:00,59543,101200,300000,55,200
T1022,M2004,ACCT100277,DST300151,2026-01-16 02:51:00,42300,101201,300000,55,200
T1022,M2012,ACCT100277,DST300119,2026-01-16 03:35:00,124223,101499,400000,0,200
T1022,M2002,ACCT100277,DST300069,2026-01-16 04:52:00,46918,104454,10000,0,200
T1022,M2008,ACCT100277,DST300122,2026-01-16 06:00:00,70131,102082,10000,0,200
T1022,M2007,ACCT100277,DST999999,2026-01-16 06:02:00,56810,102446,400000,0,200
T1022,M2004,ACCT100277,DST999999,2026-01-16 06:04:00,80662,102447,400000,0,200
T1022,M2011,ACCT100277,DST999999,2026-01-16 06:06:00,53691,102448,400000,0,200
T1022,M2018,ACCT100277,DST999999,2026-01-16 06:08:00,29021,103050,400000,0,200
T1022,M2011,ACCT100277,DST999999,2026-01-16 06:10:00,78123,103051,400000,0,200
T1022,M2009,ACCT100277,DST999999,2026-01-16 06:12:00,39541,103052,400000,0,200
T1022,M2005,ACCT100277,DST999999,2026-01-16 06:14:00,77359,103053,400000,0,200
T1022,M2009,ACCT100277,DST300094,2026-01-16 09:46:00,64506,103165,10000,0,200
T1022,M2010,ACCT100277,DST300043,2026-01-16 12:40:00,73548,100029,10000,0,200
T1022,M2019,ACCT100277,DST300152,2026-01-16 13:29:00,72341,103168,10000,0,200
T1022,M2014,ACCT100277,DST300057,2026-01-16 14:58:00,133360,103240,10000,0,200
T1022,M2009,ACCT100277,DST300076,2026-01-16 15:23:00,60882,103331,10000,0,200
T1022,M2002,ACCT100277,DST300049,2026-01-16 18:13:00,67791,103558,400000,0,200
T1022,M2006,ACCT100277,DST300177,2026-01-16 19:27:00,102377,103579,400000,0,200
T1022,M2000,ACCT100277,DST300168,2026-01-16 22:24:00,115331,103870,400000,0,200
T1008,M2010,ACCT100278,DST300073,2026-01-07 23:19:00,229184,100930,10000,0,200
T1008,M2019,ACCT100278,DST300123,2026-01-08 02:24:00,207951,101288,10000,0,200
T1008,M2018,ACCT100278,DST300107,2026-01-08 03:06:00,208559,101322,10000,0,200
T1008,M2014,ACCT100278,DST300030,2026-01-08 07:03:00,191538,101657,10000,0,200
T1008,M2007,ACCT100278,DST300110,2026-01-08 07:59:00,233863,102277,400000,0,200
T1008,M2001,ACCT100278,DST300073,2026-01-08 08:42:00,237818,102947,10000,0,200
T1008,M2004,ACCT100278,DST300067,2026-01-08 08:52:00,3013571,103159,10000,0,200
T1008,M2002,ACCT100278,DST300055,2026-01-08 12:33:00,245538,103619,400000,0,200
T1008,M2001,ACCT100278,DST300029,2026-01-08 15:46:00,199796,104328,10000,0,200
T1008,M2009,ACCT100278,DST300184,2026-01-08 18:56:00,179717,104710,10000,0,200
T1020,M2005,ACCT100279,DST300063,2026-01-19 18:36:00,213124,101001,400000,0,200
T1020,M2002,ACCT100279,DST300087,2026-01-19 20:50:00,176023,101074,10000,0,200
T1020,M2011,ACCT100279,DST300067,2026-01-19 22:17:00,225027,101315,400000,0,200
T1008,M2003,ACCT100279,DST300016,2026-01-19 22:21:00,194480,101326,10000,0,200
T1008,M2005,ACCT100279,DST300039,2026-01-20 00:31:00,185171,101664,400000,0,200
T1008,M2011,ACCT100279,DST300165,2026-01-20 03:20:00,372019,102247,10000,0,200
T1008,M2000,ACCT100279,DST300165,2026-01-20 03:23:00,219576,102108,10000,0,200
T1008,M2010,ACCT100279,DST300159,2026-01-20 04:50:00,222621,102431,400000,0,200
T1008,M2002,ACCT100279,DST300046,2026-01-20 06:34:00,191174,102443,400000,0,200
T1008,M2012,ACCT100279,DST300055,2026-01-20 09:50:00,201456,103084,10000,0,200
T1008,M2008,ACCT100279,DST300192,2026-01-20 09:51:00,193289,103887,300000,55,200
T1008,M2004,ACCT100279,DST300007,2026-01-20 09:52:00,169704,103888,300000,55,200
T1008,M2006,ACCT100279,DST300093,2026-01-20 09:53:00,205339,103889,300000,55,200
T1008,M2005,ACCT100279,DST300196,2026-01-20 09:54:00,220598,103890,300000,55,200
T1008,M2008,ACCT100279,DST300021,2026-01-20 09:55:00,203763,103891,300000,55,200
T1008,M2015,ACCT100279,DST300102,2026-01-20 11:56:00,174372,103932,400000,0,200
T1008,M2015,ACCT100279,DST300076,2026-01-20 12:29:00,198367,104282,10000,0,200
T1008,M2016,ACCT100279,DST300175,2026-01-20 14:05:00,217218,104755,400000,0,200
T1008,M2016,ACCT100279,DST300139,2026-01-20 17:21:00,221400,104959,10000,0,200
T1010,M2003,ACCT100280,DST300167,2026-01-08 13:59:00,229495,100496,10000,0,200
T1010,M2019,ACCT100280,DST300036,2026-01-08 14:27:00,119392,100638,10000,0,200
T1010,M2006,ACCT100280,DST999999,2026-01-08 14:29:00,170298,101497,400000,0,200
T1010,M2010,ACCT100280,DST999999,2026-01-08 14:31:00,125077,101498,400000,0,200
T1010,M2010,ACCT100280,DST300154,2026-01-08 14:57:00,2566960,101603,10000,0,200
T1010,M2014,ACCT100280,DST300104,2026-01-08 15:03:00,163147,104348,400000,0,200
T1001,M2007,ACCT100281,DST300016,2026-01-06 02:04:00,734181,102059,10000,0,200
T1001,M2018,ACCT100281,DST300082,2026-01-06 03:30:00,678563,101589,10000,0,200
T1001,M2012,ACCT100281,DST300016,2026-01-06 03:31:00,218939,101642,300000,55,200
T1001,M2000,ACCT100281,DST300044,2026-01-06 03:32:00,217735,101643,300000,55,200
T1001,M2005,ACCT100281,DST300030,2026-01-06 03:33:00,270337,101644,300000,55,200
T1001,M2016,ACCT100281,DST300047,2026-01-06 03:34:00,249487,101645,300000,55,200
T1001,M2011,ACCT100281,DST300066,2026-01-06 03:47:00,215901,101648,10000,0,200
T1006,M2015,ACCT100281,DST300167,2026-01-06 04:17:00,731394,100596,10000,0,200
T1001,M2012,ACCT100281,DST300160,2026-01-06 04:21:00,247709,101297,10000,0,200
T1001,M2008,ACCT100281,DST300152,2026-01-06 05:58:00,236909,102138,10000,0,200
T1001,M2006,ACCT100281,DST300163,2026-01-06 06:20:00,249349,102737,10000,0,200
T1001,M2011,ACCT100281,DST300090,2026-01-06 06:38:00,207619,101845,400000,0,200
T1001,M2015,ACCT100281,DST300006,2026-01-06 06:55:00,232949,102899,10000,0,200
T1001,M2006,ACCT100281,DST300132,2026-01-06 07:02:00,248235,103283,400000,0,200
T1001,M2002,ACCT100281,DST300141,2026-01-06 09:26:00,226946,103314,400000,0,200
T1001,M2004,ACCT100281,DST300101,2026-01-06 09:27:00,273904,103459,300000,55,200
T1001,M2001,ACCT100281,DST300013,2026-01-06 09:28:00,265714,103460,300000,55,200
T1001,M2002,ACCT100281,DST300039,2026-01-06 09:29:00,257490,103461,300000,55,200
T1001,M2011,ACCT100281,DST300063,2026-01-06 09:30:00,244617,103462,300000,55,200
T1001,M2011,ACCT100281,DST300008,2026-01-06 11:32:00,251819,103761,10000,0,200
T1001,M2007,ACCT100281,DST300061,2026-01-06 13:05:00,252636,103981,10000,0,200
T1001,M2006,ACCT100281,DST999999,2026-01-06 13:07:00,208537,104002,400000,0,200
T1001,M2006,ACCT100281,DST999999,2026-01-06 13:09:00,243710,104003,400000,0,200
T1001,M2011,ACCT100281,DST300168,2026-01-06 16:12:00,252481,104162,400000,0,200
T1001,M2000,ACCT100281,DST300027,2026-01-06 16:39:00,270370,104330,10000,0,200
T1001,M2015,ACCT100281,DST300162,2026-01-06 18:15:00,265882,104385,400000,0,200
T1026,M2018,ACCT100282,DST300049,2026-01-13 01:07:00,360115,103491,10000,0,200
T1026,M2007,ACCT100282,DST999999,2026-01-13 01:09:00,120631,103526,400000,0,200
T1026,M2005,ACCT100282,DST999999,2026-01-13 01:11:00,163398,103527,400000,0,200
T1026,M2012,ACCT100282,DST999999,2026-01-13 01:13:00,168032,103528,400000,0,200
T1026,M2015,ACCT100282,DST999999,2026-01-13 01:15:00,195368,103529,400000,0,200
T1026,M2016,ACCT100282,DST300099,2026-01-13 01:26:00,2648828,104037,10000,0,200
T1026,M2002,ACCT100282,DST300104,2026-01-13 01:38:00,445981,102601,10000,0,200
T1026,M2000,ACCT100282,DST300049,2026-01-13 02:23:00,183870,103017,10000,0,200
T1026,M2002,ACCT100282,DST300046,2026-01-13 03:46:00,433694,100237,10000,0,200
T1026,M2014,ACCT100282,DST300178,2026-01-13 04:35:00,195077,100633,400000,0,200
T1026,M2013,ACCT100282,DST300153,2026-01-13 05:29:00,177121,102196,10000,0,200
T1026,M2015,ACCT100282,DST300192,2026-01-13 08:19:00,184232,102332,400000,0,200
T1020,M2004,ACCT100283,DST300049,2026-01-14 03:51:00,152246,100933,10000,0,200
T1007,M2007,ACCT100283,DST300027,2026-01-14 03:57:00,158071,101105,10000,0,200
T1007,M2013,ACCT100283,DST300098,2026-01-14 07:24:00,166424,101537,10000,0,200
T1013,M2004,ACCT100283,DST300194,2026-01-14 07:32:00,158543,101577,10000,0,200
T1013,M2007,ACCT100283,DST999999,2026-01-14 07:34:00,161143,101626,400000,0,200
T1013,M2009,ACCT100283,DST999999,2026-01-14 07:36:00,142743,101627,400000,0,200
T1013,M2017,ACCT100283,DST999999,2026-01-14 07:38:00,100597,101628,400000,0,200
T1013,M2004,ACCT100283,DST300053,2026-01-14 11:38:00,129778,101791,400000,0,200
T1022,M2005,ACCT100283,DST300154,2026-01-14 11:41:00,148729,101889,10000,0,200
T1022,M2000,ACCT100283,DST300044,2026-01-14 12:19:00,133430,102278,10000,0,200
T1022,M2009,ACCT100283,DST300145,2026-01-14 14:33:00,151661,102761,400000,0,200
T1022,M2013,ACCT100283,DST300067,2026-01-14 17:27:00,127332,102923,400000,0,200
T1022,M2008,ACCT100283,DST300044,2026-01-14 17:55:00,125840,103009,400000,0,200
T1029,M2003,ACCT100283,DST300199,2026-01-14 18:03:00,152480,103059,10000,0,200
T1029,M2004,ACCT100283,DST300086,2026-01-14 18:25:00,165948,104872,400000,0,200
T1018,M2017,ACCT100284,DST300193,2026-01-17 20:14:00,1269517,100450,10000,0,200
T1018,M2017,ACCT100284,DST300141,2026-01-17 20:45:00,1004158,100888,10000,0,200
T1009,M2000,ACCT100284,DST300152,2026-01-17 20:50:00,94004,101047,10000,0,200
T1009,M2004,ACCT100284,DST300047,2026-01-17 23:43:00,111982,101176,400000,0,200
T1009,M2003,ACCT100284,DST300166,2026-01-17 23:44:00,103529,101441,300000,55,200
T1009,M2003,ACCT100284,DST300192,2026-01-17 23:45:00,94867,101442,300000,55,200
T1009,M2003,ACCT100284,DST300093,2026-01-17 23:46:00,110832,101443,300000,55,200
T1009,M2011,ACCT100284,DST300148,2026-01-17 23:47:00,101727,101444,300000,55,200
T1009,M2000,ACCT100284,DST300057,2026-01-17 23:48:00,70631,101445,300000,55,200
T1024,M2014,ACCT100284,DST300095,2026-01-17 23:54:00,84526,101463,10000,0,200
T1024,M2011,ACCT100284,DST300012,2026-01-17 23:55:00,54296,102262,300000,55,200
T1024,M2010,ACCT100284,DST300055,2026-01-17 23:56:00,80610,102263,300000,55,200
T1024,M2015,ACCT100284,DST300014,2026-01-17 23:57:00,102899,102264,300000,55,200
T1024,M2013,ACCT100284,DST300075,2026-01-18 02:10:00,208776,102466,10000,0,200
T1024,M2003,ACCT100284,DST300153,2026-01-18 02:14:00,211813,104486,10000,0,200
T1024,M2012,ACCT100284,DST300157,2026-01-18 03:16:00,78174,103061,400000,0,200
T1024,M2008,ACCT100284,DST300098,2026-01-18 04:22:00,65024,103675,10000,0,200
T1024,M2010,ACCT100284,DST300030,2026-01-18 04:23:00,78143,103713,300000,55,200
T1024,M2016,ACCT100284,DST300074,2026-01-18 04:24:00,92496,103714,300000,55,200
T1024,M2012,ACCT100284,DST300152,2026-01-18 04:25:00,79599,103715,300000,55,200
T1024,M2000,ACCT100284,DST300055,2026-01-18 04:26:00,82131,103716,300000,55,200
T1024,M2014,ACCT100284,DST300165,2026-01-18 04:27:00,69102,103717,300000,55,200
T1024,M2004,ACCT100284,DST300014,2026-01-18 05:34:00,107293,104662,400000,0,200
T1024,M2001,ACCT100284,DST300044,2026-01-18 06:41:00,121735,103999,400000,0,200
T1024,M2011,ACCT100284,DST300040,2026-01-18 08:42:00,112925,104288,10000,0,200
T1024,M2006,ACCT100284,DST300069,2026-01-18 09:06:00,84933,104803,400000,0,200
T1005,M2015,ACCT100285,DST300009,2026-01-18 02:22:00,583880,101439,10000,0,200
T1005,M2009,ACCT100285,DST300069,2026-01-18 06:16:00,203923,101450,400000,0,200
T1005,M2005,ACCT100285,DST300189,2026-01-18 07:12:00,214324,100437,10000,0,200
T1005,M2018,ACCT100285,DST300015,2026-01-18 09:19:00,215711,102010,10000,0,200
T1005,M2006,ACCT100285,DST300197,2026-01-18 09:28:00,206498,100869,400000,0,200
T1005,M2003,ACCT100285,DST300005,2026-01-18 12:23:00,242758,102132,400000,0,200
T1005,M2003,ACCT100285,DST300153,2026-01-18 13:03:00,215990,101145,10000,0,200
T1005,M2009,ACCT100285,DST300114,2026-01-18 13:43:00,200506,102325,10000,0,200
T1005,M2005,ACCT100285,DST300135,2026-01-18 15:13:00,209602,102548,400000,0,200
T1005,M2008,ACCT100285,DST300176,2026-01-18 18:19:00,243081,102569,400000,0,200
T1005,M2006,ACCT100285,DST300171,2026-01-18 18:50:00,238276,103151,10000,0,200
T1005,M2018,ACCT100285,DST300056,2026-01-18 19:05:00,218794,103177,10000,0,200
T1005,M2017,ACCT100285,DST300106,2026-01-18 22:22:00,261197,103337,400000,0,200
T1005,M2007,ACCT100285,DST300188,2026-01-18 23:58:00,217876,103599,400000,0,200
T1005,M2002,ACCT100285,DST300095,2026-01-19 02:06:00,243478,104114,10000,0,200
T1005,M2015,ACCT100285,DST300164,2026-01-19 02:22:00,214393,104338,400000,0,200
T1005,M2012,ACCT100285,DST300111,2026-01-19 04:23:00,193790,104445,10000,0,200
T1008,M2018,ACCT100285,DST300026,2026-01-19 04:28:00,182437,104732,10000,0,200
T1022,M2003,ACCT100286,DST300180,2026-01-20 18:33:00,153512,100298,400000,0,200
T1022,M2013,ACCT100286,DST300168,2026-01-20 22:27:00,152367,100608,10000,0,200
T1022,M2013,ACCT100286,DST300033,2026-01-20 23:06:00,196448,101248,10000,0,200
T1022,M2005,ACCT100286,DST300164,2026-01-21 03:16:00,453321,102071,10000,0,200
T1022,M2000,ACCT100286,DST300084,2026-01-21 03:58:00,158110,102259,10000,0,200
T1022,M2010,ACCT100286,DST300157,2026-01-21 06:25:00,186130,103186,400000,0,200
T1022,M2004,ACCT100286,DST300151,2026-01-21 10:01:00,174130,103233,10000,0,200
T1022,M2008,ACCT100286,DST300101,2026-01-21 10:51:00,157866,103393,400000,0,200
T1022,M2005,ACCT100286,DST300067,2026-01-21 11:50:00,180529,103996,400000,0,200
T1005,M2010,ACCT100286,DST300060,2026-01-21 11:51:00,209245,104396,10000,0,200
T1005,M2006,ACCT100286,DST300093,2026-01-21 13:06:00,186312,104948,10000,0,200
T1002,M2010,ACCT100287,DST300110,2026-01-11 15:15:00,116182,100757,10000,0,200
T1002,M2017,ACCT100287,DST300173,2026-01-11 15:16:00,124745,100792,300000,55,200
T1002,M2006,ACCT100287,DST300008,2026-01-11 15:17:00,101267,100793,300000,55,200
T1002,M2000,ACCT100287,DST300056,2026-01-11 15:18:00,73864,100794,300000,55,200
T1002,M2003,ACCT100287,DST300089,2026-01-11 15:19:00,94562,100795,300000,55,200
T1002,M2003,ACCT100287,DST300061,2026-01-11 17:34:00,120245,100840,400000,0,200
T1002,M2011,ACCT100287,DST300075,2026-01-11 21:07:00,75862,101125,10000,0,200
T1002,M2001,ACCT100287,DST300117,2026-01-11 23:14:00,54606,101423,400000,0,200
T1002,M2014,ACCT100287,DST300079,2026-01-12 02:04:00,107688,101601,10000,0,200
T1026,M2010,ACCT100287,DST300153,2026-01-12 02:06:00,98460,101722,10000,0,200
T1026,M2018,ACCT100287,DST300025,2026-01-12 04:23:00,83897,102395,400000,0,200
T1026,M2003,ACCT100287,DST999999,2026-01-12 04:25:00,91032,102521,400000,0,200
T1026,M2017,ACCT100287,DST999999,2026-01-12 04:27:00,84620,102522,400000,0,200
T1026,M2005,ACCT100287,DST999999,2026-01-12 04:29:00,90635,102523,400000,0,200
T1026,M2001,ACCT100287,DST999999,2026-01-12 04:31:00,92947,102524,400000,0,200
T1026,M2000,ACCT100287,DST300165,2026-01-12 08:04:00,63030,102689,10000,0,200
T1026,M2016,ACCT100287,DST300082,2026-01-12 08:35:00,69636,103639,10000,0,200
T1026,M2010,ACCT100287,DST300041,2026-01-12 11:53:00,90370,103908,400000,0,200
T1026,M2014,ACCT100287,DST300067,2026-01-12 14:06:00,104058,104572,400000,0,200
T1002,M2018,ACCT100288,DST300139,2026-01-13 02:26:00,422922,100375,10000,0,200
T1002,M2001,ACCT100288,DST999999,2026-01-13 02:28:00,239084,100618,400000,0,200
T1002,M2003,ACCT100288,DST999999,2026-01-13 02:30:00,231483,100619,400000,0,200
T1002,M2010,ACCT100288,DST300169,2026-01-13 04:00:00,230252,101144,400000,0,200
T1002,M2004,ACCT100288,DST300084,2026-01-13 04:43:00,245559,101230,400000,0,200
T1002,M2004,ACCT100288,DST300031,2026-01-13 05:08:00,183472,101276,400000,0,200
T1002,M2010,ACCT100288,DST300104,2026-01-13 07:40:00,198419,101319,10000,0,200
T1025,M2007,ACCT100288,DST300074,2026-01-13 07:44:00,209574,102444,10000,0,200
T1025,M2000,ACCT100288,DST300197,2026-01-13 08:43:00,196273,102509,400000,0,200
T1025,M2007,ACCT100288,DST300073,2026-01-13 10:13:00,211319,103008,10000,0,200
T1025,M2016,ACCT100288,DST300146,2026-01-13 13:21:00,191655,103958,400000,0,200
T1025,M2014,ACCT100288,DST300103,2026-01-13 15:16:00,227299,104788,400000,0,200
T1025,M2001,ACCT100288,DST300067,2026-01-13 15:27:00,189448,104928,400000,0,200
T1006,M2010,ACCT100289,DST300023,2026-01-16 22:32:00,785475,100083,10000,0,200
T1006,M2014,ACCT100289,DST300192,2026-01-16 23:02:00,86197,100329,400000,0,200
T1006,M2017,ACCT100289,DST300087,2026-01-17 00:49:00,81024,100826,10000,0,200
T1006,M2013,ACCT100289,DST300158,2026-01-17 04:02:00,110766,101658,400000,0,200
T1006,M2014,ACCT100289,DST300178,2026-01-17 05:47:00,90857,102540,10000,0,200
T1006,M2011,ACCT100289,DST300173,2026-01-17 07:34:00,93978,104061,400000,0,200
T1006,M2011,ACCT100289,DST300188,2026-01-17 08:32:00,73620,104440,10000,0,200
T1004,M2009,ACCT100290,DST300096,2026-01-11 01:59:00,118024,100086,10000,0,200
T1004,M2012,ACCT100290,DST300142,2026-01-11 05:34:00,78079,100872,400000,0,200
T1004,M2013,ACCT100290,DST300186,2026-01-11 06:22:00,77166,100902,400000,0,200
T1004,M2001,ACCT100290,DST300027,2026-01-11 06:23:00,96934,101178,300000,55,200
T1004,M2007,ACCT100290,DST300009,2026-01-11 06:24:00,111699,101179,300000,55,200
T1004,M2017,ACCT100290,DST300103,2026-01-11 06:25:00,110557,101180,300000,55,200
T1004,M2008,ACCT100290,DST300091,2026-01-11 06:26:00,109811,101181,300000,55,200
T1004,M2002,ACCT100290,DST300068,2026-01-11 06:27:00,102244,101182,300000,55,200
T1004,M2003,ACCT100290,DST300040,2026-01-11 08:52:00,89106,101284,10000,0,200
T1004,M2005,ACCT100290,DST300037,2026-01-11 10:05:00,116460,101572,400000,0,200
T1004,M2003,ACCT100290,DST300043,2026-01-11 10:35:00,65197,101732,400000,0,200
T1004,M2017,ACCT100290,DST300046,2026-01-11 12:52:00,83845,102376,400000,0,200
T1004,M2016,ACCT100290,DST300083,2026-01-11 12:53:00,97144,102620,300000,55,200
T1004,M2015,ACCT100290,DST300010,2026-01-11 12:54:00,85454,102621,300000,55,200
T1004,M2001,ACCT100290,DST300187,2026-01-11 12:55:00,75054,102622,300000,55,200
T1004,M2011,ACCT100290,DST300167,2026-01-11 12:56:00,135555,102623,300000,55,200
T1004,M2014,ACCT100290,DST300143,2026-01-11 13:59:00,120290,103143,400000,0,200
T1004,M2000,ACCT100290,DST300112,2026-01-11 14:35:00,105888,103730,400000,0,200
T1019,M2019,ACCT100290,DST300104,2026-01-11 14:43:00,105411,104196,10000,0,200
T1019,M2010,ACCT100290,DST300097,2026-01-11 15:01:00,1652433,104382,10000,0,200
T1019,M2016,ACCT100290,DST300159,2026-01-11 15:02:00,76237,104727,300000,55,200
T1019,M2014,ACCT100290,DST300075,2026-01-11 15:03:00,95113,104728,300000,55,200
T1019,M2016,ACCT100290,DST300031,2026-01-11 15:04:00,100282,104729,300000,55,200
T1019,M2014,ACCT100290,DST300068,2026-01-11 15:05:00,99134,104730,300000,55,200
T1019,M2001,ACCT100290,DST300163,2026-01-11 15:06:00,95276,104731,300000,55,200
T1006,M2012,ACCT100291,DST300143,2026-01-11 13:18:00,79198,100453,400000,0,200
T1006,M2004,ACCT100291,DST300172,2026-01-11 16:59:00,63340,102076,10000,0,200
T1006,M2011,ACCT100291,DST999999,2026-01-11 17:01:00,52836,102369,400000,0,200
T1006,M2005,ACCT100291,DST999999,2026-01-11 17:03:00,71958,102370,400000,0,200
T1006,M2017,ACCT100291,DST999999,2026-01-11 17:05:00,75327,102371,400000,0,200
T1006,M2019,ACCT100291,DST999999,2026-01-11 17:07:00,114807,102372,400000,0,200
T1006,M2005,ACCT100291,DST300112,2026-01-11 20:49:00,82420,103016,10000,0,200
T1006,M2014,ACCT100291,DST999999,2026-01-11 20:51:00,65583,103124,400000,0,200
T1006,M2002,ACCT100291,DST999999,2026-01-11 20:53:00,68065,103125,400000,0,200
T1006,M2006,ACCT100291,DST999999,2026-01-11 20:55:00,63600,103126,400000,0,200
T1006,M2018,ACCT100291,DST999999,2026-01-11 20:57:00,85506,103127,400000,0,200
T1006,M2019,ACCT100291,DST300073,2026-01-11 21:57:00,45651,103140,10000,0,200
T1006,M2010,ACCT100291,DST300096,2026-01-11 23:45:00,68857,104859,10000,0,200
T1016,M2009,ACCT100292,DST300135,2026-01-07 02:18:00,740483,100443,10000,0,200
T1016,M2001,ACCT100292,DST300191,2026-01-07 05:38:00,348150,100707,10000,0,200
T1016,M2001,ACCT100292,DST300076,2026-01-07 08:13:00,338559,101103,400000,0,200
T1016,M2009,ACCT100292,DST300040,2026-01-07 11:20:00,354233,101153,400000,0,200
T1016,M2007,ACCT100292,DST300123,2026-01-07 14:54:00,347053,101540,10000,0,200
T1016,M2007,ACCT100292,DST300092,2026-01-07 15:08:00,312812,101581,400000,0,200
T1016,M2008,ACCT100292,DST300058,2026-01-07 18:11:00,355338,102863,400000,0,200
T1016,M2014,ACCT100292,DST999999,2026-01-07 18:13:00,361825,103294,400000,0,200
T1016,M2007,ACCT100292,DST999999,2026-01-07 18:15:00,345866,103295,400000,0,200
T1016,M2012,ACCT100292,DST300051,2026-01-07 19:21:00,336162,103375,400000,0,200
T1016,M2009,ACCT100292,DST300191,2026-01-07 20:40:00,327962,103640,400000,0,200
T1016,M2008,ACCT100292,DST300117,2026-01-07 23:36:00,297657,103831,400000,0,200
T1016,M2018,ACCT100292,DST300123,2026-01-08 00:27:00,339123,103980,400000,0,200
T1027,M2014,ACCT100293,DST300049,2026-01-15 03:19:00,173038,100507,10000,0,200
T1027,M2017,ACCT100293,DST999999,2026-01-15 03:21:00,90644,100600,400000,0,200
T1027,M2000,ACCT100293,DST999999,2026-01-15 03:23:00,100566,100601,400000,0,200
T1027,M2008,ACCT100293,DST999999,2026-01-15 03:25:00,111593,100602,400000,0,200
T1027,M2017,ACCT100293,DST999999,2026-01-15 03:27:00,109637,100603,400000,0,200
T1012,M2002,ACCT100293,DST300137,2026-01-15 04:01:00,212159,103413,10000,0,200
T1027,M2011,ACCT100293,DST300064,2026-01-15 05:26:00,155560,101154,10000,0,200
T1012,M2007,ACCT100293,DST300121,2026-01-15 06:03:00,108838,103493,10000,0,200
T1012,M2000,ACCT100293,DST300192,2026-01-15 06:04:00,85757,103574,300000,55,200
T1012,M2016,ACCT100293,DST300161,2026-01-15 06:05:00,105191,103575,300000,55,200
T1012,M2019,ACCT100293,DST300165,2026-01-15 06:06:00,95070,103576,300000,55,200
T1027,M2010,ACCT100293,DST300157,2026-01-15 06:39:00,102983,101749,400000,0,200
T1012,M2001,ACCT100293,DST300185,2026-01-15 06:42:00,97283,102655,10000,0,200
T1012,M2007,ACCT100293,DST300110,2026-01-15 08:10:00,118420,103056,400000,0,200
T1012,M2017,ACCT100293,DST300147,2026-01-15 09:01:00,104912,103101,400000,0,200
T1012,M2007,ACCT100293,DST300057,2026-01-15 09:15:00,119012,104178,400000,0,200
T1012,M2004,ACCT100293,DST300151,2026-01-15 11:11:00,89828,103104,400000,0,200
T1012,M2010,ACCT100293,DST300075,2026-01-15 11:47:00,94585,103305,400000,0,200
T1012,M2015,ACCT100293,DST300199,2026-01-15 12:15:00,63674,104211,10000,0,200
T1012,M2019,ACCT100293,DST300153,2026-01-15 12:20:00,111421,103361,10000,0,200
T1027,M2010,ACCT100293,DST300007,2026-01-15 14:52:00,56933,100010,10000,0,200
T1012,M2004,ACCT100293,DST300066,2026-01-15 15:52:00,96629,103405,400000,0,200
T1027,M2015,ACCT100293,DST300085,2026-01-15 16:06:00,91406,100187,400000,0,200
T1027,M2013,ACCT100293,DST300188,2026-01-15 18:50:00,83226,100230,400000,0,200
T1020,M2015,ACCT100294,DST300147,2026-01-13 16:18:00,173489,100138,300000,55,200
T1020,M2001,ACCT100294,DST300014,2026-01-13 16:19:00,160535,100139,300000,55,200
T1020,M2001,ACCT100294,DST300045,2026-01-13 16:20:00,160946,100140,300000,55,200
T1020,M2017,ACCT100294,DST300141,2026-01-13 16:21:00,167039,100141,300000,55,200
T1020,M2012,ACCT100294,DST300157,2026-01-13 16:22:00,110040,100142,300000,55,200
T1004,M2008,ACCT100294,DST300099,2026-01-13 16:24:00,179304,100418,10000,0,200
T1004,M2019,ACCT100294,DST300121,2026-01-13 17:40:00,236025,100568,400000,0,200
T1004,M2007,ACCT100294,DST300190,2026-01-13 20:49:00,154460,100611,10000,0,200
T1004,M2001,ACCT100294,DST300067,2026-01-13 21:26:00,184576,100925,400000,0,200
T1004,M2010,ACCT100294,DST300001,2026-01-13 23:53:00,170714,101715,400000,0,200
T1004,M2017,ACCT100294,DST300083,2026-01-14 01:57:00,194821,102850,10000,0,200
T1004,M2003,ACCT100294,DST300026,2026-01-14 05:45:00,214078,103057,400000,0,200
T1024,M2014,ACCT100294,DST300030,2026-01-14 05:53:00,152689,103587,10000,0,200
T1024,M2008,ACCT100294,DST300055,2026-01-14 06:41:00,165069,103799,10000,0,200
T1024,M2003,ACCT100294,DST300123,2026-01-14 06:56:00,211601,103893,400000,0,200
T1000,M2012,ACCT100295,DST300105,2026-01-07 02:11:00,456459,102468,10000,0,200
T1000,M2002,ACCT100295,DST300044,2026-01-07 05:59:00,192026,102978,400000,0,200
T1000,M2012,ACCT100295,DST300091,2026-01-07 06:18:00,185740,100021,10000,0,200
T1000,M2009,ACCT100295,DST999999,2026-01-07 06:20:00,209586,100257,400000,0,200
T1000,M2003,ACCT100295,DST999999,2026-01-07 06:22:00,173321,100258,400000,0,200
T1000,M2014,ACCT100295,DST999999,2026-01-07 06:24:00,209438,100259,400000,0,200
T1000,M2012,ACCT100295,DST300196,2026-01-07 08:04:00,174913,100555,10000,0,200
T1000,M2017,ACCT100295,DST300019,2026-01-07 09:11:00,149211,103910,400000,0,200
T1000,M2006,ACCT100295,DST300195,2026-01-07 09:36:00,162607,100627,400000,0,200
T1000,M2013,ACCT100295,DST300013,2026-01-07 12:18:00,198260,103914,400000,0,200
T1000,M2011,ACCT100295,DST300111,2026-01-07 13:06:00,167136,100749,400000,0,200
T1000,M2004,ACCT100295,DST300103,2026-01-07 13:11:00,219216,101048,10000,0,200
T1000,M2000,ACCT100295,DST300158,2026-01-07 14:02:00,135264,104259,10000,0,200
T1000,M2012,ACCT100295,DST300019,2026-01-07 14:10:00,165815,101704,400000,0,200
T1000,M2014,ACCT100295,DST300148,2026-01-07 14:55:00,190324,101941,10000,0,200
T1000,M2005,ACCT100295,DST300064,2026-01-07 16:28:00,197105,104676,400000,0,200
T1000,M2000,ACCT100295,DST300072,2026-01-07 18:38:00,203783,102073,10000,0,200
T1000,M2016,ACCT100295,DST300197,2026-01-07 18:59:00,159183,104860,10000,0,200
T1000,M2013,ACCT100295,DST300084,2026-01-07 21:15:00,168212,102091,400000,0,200
T1013,M2008,ACCT100296,DST300165,2026-01-17 02:09:00,664339,103282,10000,0,200
T1013,M2001,ACCT100296,DST300134,2026-01-17 03:32:00,298631,103959,400000,0,200
T1013,M2016,ACCT100296,DST300121,2026-01-17 07:26:00,300473,104045,10000,0,200
T1013,M2012,ACCT100296,DST300176,2026-01-17 12:38:00,291266,100066,10000,0,200
T1013,M2015,ACCT100296,DST300116,2026-01-17 16:07:00,315535,101156,400000,0,200
T1013,M2010,ACCT100296,DST300007,2026-01-17 19:56:00,322522,101436,10000,0,200
T1013,M2014,ACCT100296,DST300119,2026-01-17 23:33:00,278054,102367,400000,0,200
T1005,M2008,ACCT100297,DST300134,2026-01-16 03:02:00,490378,100858,10000,0,200
T1005,M2005,ACCT100297,DST300066,2026-01-16 03:12:00,184332,100885,400000,0,200
T1005,M2013,ACCT100297,DST300116,2026-01-16 05:19:00,216883,102287,10000,0,200
T1005,M2018,ACCT100297,DST300079,2026-01-16 06:05:00,180548,102307,10000,0,200
T1005,M2017,ACCT100297,DST300105,2026-01-16 06:54:00,210581,102501,10000,0,200
T1005,M2000,ACCT100297,DST300085,2026-01-16 07:40:00,175982,103329,400000,0,200
T1005,M2017,ACCT100297,DST300111,2026-01-16 10:24:00,186158,100009,10000,0,200
T1005,M2014,ACCT100297,DST300002,2026-01-16 10:54:00,192392,103602,10000,0,200
T1005,M2014,ACCT100297,DST300105,2026-01-16 11:44:00,216070,103924,400000,0,200
T1005,M2014,ACCT100297,DST999999,2026-01-16 11:46:00,201942,104423,400000,0,200
T1005,M2011,ACCT100297,DST999999,2026-01-16 11:48:00,210470,104424,400000,0,200
T1005,M2012,ACCT100297,DST300181,2026-01-16 13:34:00,188133,100250,400000,0,200
T1005,M2002,ACCT100297,DST300047,2026-01-16 15:16:00,225523,104898,10000,0,200
T1005,M2007,ACCT100297,DST300039,2026-01-16 17:33:00,187078,100456,400000,0,200
T1005,M2012,ACCT100297,DST300186,2026-01-16 18:52:00,204971,100599,400000,0,200
T1016,M2018,ACCT100298,DST300185,2026-01-13 15:48:00,246655,100057,10000,0,200
T1016,M2001,ACCT100298,DST300091,2026-01-13 18:42:00,269808,100116,400000,0,200
T1016,M2009,ACCT100298,DST300046,2026-01-13 19:10:00,4660079,100147,10000,0,200
T1016,M2018,ACCT100298,DST300067,2026-01-13 19:23:00,4549198,100274,10000,0,200
T1016,M2007,ACCT100298,DST999999,2026-01-13 19:25:00,304451,100592,400000,0,200
T1016,M2002,ACCT100298,DST999999,2026-01-13 19:27:00,265054,100593,400000,0,200
T1016,M2015,ACCT100298,DST300016,2026-01-13 20:04:00,280039,100882,400000,0,200
T1016,M2012,ACCT100298,DST300188,2026-01-13 22:12:00,279511,100926,400000,0,200
T1016,M2018,ACCT100298,DST300105,2026-01-13 23:42:00,256468,101064,10000,0,200
T1016,M2008,ACCT100298,DST300060,2026-01-14 00:37:00,293788,101094,10000,0,200
T1016,M2004,ACCT100298,DST300004,2026-01-14 01:12:00,3234411,101718,10000,0,200
T1016,M2016,ACCT100298,DST300152,2026-01-14 02:56:00,264197,102072,400000,0,200
T1016,M2002,ACCT100298,DST300142,2026-01-14 03:06:00,3225183,102783,10000,0,200
T1016,M2015,ACCT100298,DST300194,2026-01-14 04:07:00,291585,102791,400000,0,200
T1016,M2016,ACCT100298,DST300044,2026-01-14 04:08:00,252816,102993,300000,55,200
T1016,M2016,ACCT100298,DST300005,2026-01-14 04:09:00,250332,102994,300000,55,200
T1016,M2010,ACCT100298,DST300004,2026-01-14 04:10:00,292314,102995,300000,55,200
T1016,M2011,ACCT100298,DST300137,2026-01-14 04:33:00,298675,103427,10000,0,200
T1016,M2016,ACCT100298,DST300054,2026-01-14 05:08:00,281809,103731,400000,0,200
T1016,M2004,ACCT100298,DST300141,2026-01-14 05:25:00,2728044,103912,10000,0,200
T1016,M2004,ACCT100298,DST300114,2026-01-14 07:05:00,247783,104007,10000,0,200
T1016,M2016,ACCT100298,DST300137,2026-01-14 10:04:00,227862,104246,400000,0,200
T1016,M2019,ACCT100298,DST300171,2026-01-14 13:13:00,270752,104270,400000,0,200
T1016,M2006,ACCT100298,DST300031,2026-01-14 14:55:00,272942,104874,10000,0,200
T1009,M2009,ACCT100299,DST300193,2026-01-03 09:31:00,220090,101157,400000,0,200
T1009,M2019,ACCT100299,DST999999,2026-01-03 09:33:00,252730,101764,400000,0,200
T1009,M2004,ACCT100299,DST999999,2026-01-03 09:35:00,273579,101765,400000,0,200
T1009,M2013,ACCT100299,DST300097,2026-01-03 13:01:00,217100,102075,400000,0,200
T1009,M2006,ACCT100299,DST300135,2026-01-03 13:22:00,3698688,102339,10000,0,200
T1009,M2017,ACCT100299,DST300035,2026-01-03 16:27:00,232221,102357,400000,0,200
T1009,M2018,ACCT100299,DST300196,2026-01-03 17:54:00,251325,103324,400000,0,200
T1009,M2014,ACCT100299,DST300123,2026-01-03 19:25:00,258532,103660,400000,0,200
T1009,M2002,ACCT100299,DST300113,2026-01-03 21:49:00,229506,103751,10000,0,200
T1009,M2010,ACCT100299,DST300177,2026-01-04 01:29:00,222011,103859,400000,0,200
T1009,M2014,ACCT100299,DST300049,2026-01-04 03:16:00,265297,104494,10000,0,200
T1018,M2000,ACCT100300,DST300051,2026-01-07 01:01:00,110431,101763,10000,0,200
T1018,M2009,ACCT100300,DST300139,2026-01-07 03:17:00,76482,102950,10000,0,200
T1018,M2019,ACCT100300,DST300157,2026-01-07 05:55:00,66698,102986,400000,0,200
T1018,M2016,ACCT100300,DST300080,2026-01-07 05:56:00,91586,103045,300000,55,200
T1018,M2012,ACCT100300,DST300097,2026-01-07 05:57:00,72952,103046,300000,55,200
T1018,M2016,ACCT100300,DST300045,2026-01-07 05:58:00,63476,103047,300000,55,200
T1018,M2018,ACCT100300,DST300082,2026-01-07 07:34:00,97945,103533,10000,0,200
T1018,M2000,ACCT100300,DST300076,2026-01-07 10:57:00,66913,103798,10000,0,200
T1018,M2008,ACCT100300,DST300160,2026-01-07 11:20:00,567253,104506,10000,0,200
T1018,M2012,ACCT100300,DST999999,2026-01-07 11:22:00,55297,104551,400000,0,200
T1018,M2010,ACCT100300,DST999999,2026-01-07 11:24:00,24543,104552,400000,0,200
T1018,M2004,ACCT100300,DST300146,2026-01-07 11:53:00,30333,104700,10000,0,200
T1018,M2017,ACCT100300,DST300064,2026-01-07 15:22:00,960345,100309,10000,0,200
T1018,M2008,ACCT100300,DST300009,2026-01-07 18:59:00,29577,100504,10000,0,200
T1018,M2017,ACCT100300,DST300120,2026-01-07 19:34:00,1005432,100771,10000,0,200
T1018,M2003,ACCT100300,DST300097,2026-01-07 21:55:00,61895,100866,400000,0,200
T1018,M2006,ACCT100300,DST300061,2026-01-07 22:00:00,93685,101196,400000,0,200
T1014,M2009,ACCT100301,DST300139,2026-01-17 01:00:00,285450,102614,10000,0,200
T1014,M2009,ACCT100301,DST300162,2026-01-17 01:50:00,357661,102938,10000,0,200
T1002,M2007,ACCT100301,DST300005,2026-01-17 04:08:00,272802,104550,10000,0,200
T1014,M2010,ACCT100301,DST300139,2026-01-17 04:46:00,287428,102999,10000,0,200
T1002,M2017,ACCT100301,DST300149,2026-01-17 04:53:00,119478,103254,10000,0,200
T1014,M2001,ACCT100301,DST300031,2026-01-17 05:04:00,124083,102946,10000,0,200
T1002,M2013,ACCT100301,DST300140,2026-01-17 05:49:00,175711,104569,10000,0,200
T1014,M2001,ACCT100301,DST300030,2026-01-17 07:04:00,110346,102961,10000,0,200
T1002,M2009,ACCT100301,DST300120,2026-01-17 07:13:00,103124,103264,400000,0,200
T1002,M2006,ACCT100301,DST300107,2026-01-17 07:53:00,125790,104786,10000,0,200
T1014,M2013,ACCT100301,DST300018,2026-01-17 17:49:00,136126,100394,10000,0,200
T1014,M2004,ACCT100301,DST300090,2026-01-17 17:54:00,2287506,102113,10000,0,200
T1012,M2004,ACCT100302,DST300070,2026-01-12 10:48:00,191581,100048,400000,0,200
T1012,M2009,ACCT100302,DST300105,2026-01-12 12:48:00,175539,100748,10000,0,200
T1012,M2013,ACCT100302,DST300156,2026-01-12 14:54:00,200870,101261,10000,0,200
T1012,M2008,ACCT100302,DST300183,2026-01-12 16:53:00,154295,101557,10000,0,200
T1012,M2007,ACCT100302,DST300015,2026-01-12 18:20:00,197009,102112,10000,0,200
T1018,M2018,ACCT100302,DST300155,2026-01-12 18:21:00,149467,102398,10000,0,200
T1018,M2012,ACCT100302,DST300002,2026-01-12 21:42:00,143541,102401,10000,0,200
T1018,M2012,ACCT100302,DST300145,2026-01-12 21:43:00,151052,102670,300000,55,200
T1018,M2012,ACCT100302,DST300043,2026-01-12 21:44:00,206924,102671,300000,55,200
T1018,M2008,ACCT100302,DST300192,2026-01-12 21:45:00,180073,102672,300000,55,200
T1018,M2002,ACCT100302,DST300060,2026-01-13 00:56:00,172115,102673,400000,0,200
T1018,M2015,ACCT100302,DST300021,2026-01-13 03:07:00,154742,102692,10000,0,200
T1018,M2007,ACCT100302,DST300188,2026-01-13 05:46:00,189386,103549,10000,0,200
T1009,M2001,ACCT100303,DST999999,2026-01-14 11:11:00,54312,100058,400000,0,200
T1009,M2000,ACCT100303,DST999999,2026-01-14 11:13:00,58863,100059,400000,0,200
T1009,M2007,ACCT100303,DST999999,2026-01-14 11:15:00,38042,100060,400000,0,200
T1009,M2000,ACCT100303,DST300055,2026-01-14 11:26:00,45343,100449,400000,0,200
T1009,M2004,ACCT100303,DST300012,2026-01-14 13:56:00,75998,100532,400000,0,200
T1009,M2004,ACCT100303,DST300096,2026-01-14 15:27:00,58294,100662,10000,0,200
T1009,M2005,ACCT100303,DST300095,2026-01-14 15:34:00,61793,100758,10000,0,200
T1009,M2015,ACCT100303,DST300110,2026-01-14 18:26:00,30575,100936,400000,0,200
T1009,M2019,ACCT100303,DST300065,2026-01-14 18:34:00,42471,101344,10000,0,200
T1009,M2018,ACCT100303,DST300009,2026-01-14 19:08:00,49162,101887,400000,0,200
T1009,M2016,ACCT100303,DST300053,2026-01-14 19:09:00,20000,102077,300000,55,200
T1009,M2006,ACCT100303,DST300043,2026-01-14 19:10:00,53875,102078,300000,55,200
T1009,M2001,ACCT100303,DST300126,2026-01-14 19:11:00,44655,102079,300000,55,200
T1009,M2001,ACCT100303,DST300155,2026-01-14 19:12:00,44718,102080,300000,55,200
T1009,M2000,ACCT100303,DST300028,2026-01-14 20:52:00,21431,102184,400000,0,200
T1009,M2002,ACCT100303,DST300143,2026-01-14 23:58:00,79932,102315,400000,0,200
T1009,M2003,ACCT100303,DST300075,2026-01-15 00:25:00,52975,102319,10000,0,200
T1009,M2000,ACCT100303,DST300195,2026-01-15 03:27:00,69219,103087,10000,0,200
T1009,M2016,ACCT100303,DST300165,2026-01-15 05:01:00,55913,103115,10000,0,200
T1009,M2019,ACCT100303,DST300055,2026-01-15 05:02:00,84390,103170,300000,55,200
T1009,M2016,ACCT100303,DST300176,2026-01-15 05:03:00,78850,103171,300000,55,200
T1009,M2000,ACCT100303,DST300121,2026-01-15 05:04:00,92503,103172,300000,55,200
T1009,M2015,ACCT100303,DST300008,2026-01-15 08:09:00,79102,103659,400000,0,200
T1009,M2005,ACCT100303,DST300045,2026-01-15 10:42:00,77302,104848,10000,0,200
T1009,M2003,ACCT100303,DST300069,2026-01-15 14:28:00,56751,104991,10000,0,200
T1027,M2015,ACCT100304,DST300008,2026-01-08 12:36:00,725563,100144,10000,0,200
T1027,M2010,ACCT100304,DST300075,2026-01-08 12:58:00,830678,100502,10000,0,200
T1027,M2003,ACCT100304,DST300005,2026-01-08 13:36:00,65401,100935,400000,0,200
T1027,M2005,ACCT100304,DST300023,2026-01-08 14:38:00,41229,101532,400000,0,200
T1015,M2015,ACCT100304,DST300119,2026-01-08 14:42:00,74953,101694,10000,0,200
T1015,M2006,ACCT100304,DST300103,2026-01-08 16:11:00,68166,102432,400000,0,200
T1001,M2018,ACCT100304,DST300160,2026-01-08 16:17:00,76741,102462,10000,0,200
T1001,M2019,ACCT100304,DST300136,2026-01-08 16:40:00,648815,102471,10000,0,200
T1001,M2003,ACCT100304,DST300054,2026-01-08 17:11:00,49129,102554,10000,0,200
T1001,M2018,ACCT100304,DST300152,2026-01-08 18:46:00,68167,103864,400000,0,200
T1017,M2007,ACCT100304,DST300035,2026-01-08 18:53:00,47805,104267,10000,0,200
T1020,M2014,ACCT100305,DST300145,2026-01-12 00:24:00,262056,100620,400000,0,200
T1020,M2010,ACCT100305,DST300110,2026-01-12 01:38:00,637406,100699,10000,0,200
T1009,M2011,ACCT100305,DST300107,2026-01-12 01:45:00,258747,101096,10000,0,200
T1009,M2005,ACCT100305,DST300062,2026-01-12 02:40:00,573594,103763,10000,0,200
T1009,M2009,ACCT100305,DST300175,2026-01-12 03:48:00,251035,101459,10000,0,200
T1009,M2008,ACCT100305,DST300060,2026-01-12 03:57:00,265740,101781,400000,0,200
T1009,M2009,ACCT100305,DST300185,2026-01-12 04:20:00,266855,104541,400000,0,200
T1009,M2009,ACCT100305,DST300118,2026-01-12 05:59:00,201659,104631,400000,0,200
T1009,M2016,ACCT100305,DST300026,2026-01-12 06:56:00,271902,102055,10000,0,200
T1009,M2011,ACCT100305,DST999999,2026-01-12 06:58:00,269668,102793,400000,0,200
T1009,M2008,ACCT100305,DST999999,2026-01-12 07:00:00,225401,102794,400000,0,200
T1009,M2019,ACCT100305,DST999999,2026-01-12 07:02:00,281969,102795,400000,0,200
T1009,M2008,ACCT100305,DST300162,2026-01-12 07:09:00,3855002,102956,10000,0,200
T1009,M2004,ACCT100305,DST300152,2026-01-12 09:24:00,248548,103128,10000,0,200
T1009,M2006,ACCT100305,DST999999,2026-01-12 09:26:00,257347,103237,400000,0,200
T1009,M2000,ACCT100305,DST999999,2026-01-12 09:28:00,276275,103238,400000,0,200
T1009,M2006,ACCT100305,DST999999,2026-01-12 09:30:00,246051,103239,400000,0,200
T1009,M2003,ACCT100305,DST300110,2026-01-12 12:02:00,243094,103311,10000,0,200
T1009,M2004,ACCT100305,DST300177,2026-01-12 12:03:00,271946,103351,300000,55,200
T1009,M2006,ACCT100305,DST300101,2026-01-12 12:04:00,267104,103352,300000,55,200
T1009,M2017,ACCT100305,DST300027,2026-01-12 12:05:00,252111,103353,300000,55,200
T1009,M2017,ACCT100305,DST300036,2026-01-12 12:06:00,241383,103354,300000,55,200
T1009,M2019,ACCT100305,DST300154,2026-01-12 12:07:00,254825,103355,300000,55,200
T1017,M2001,ACCT100306,DST300012,2026-01-12 15:22:00,343663,100068,10000,0,200
T1017,M2018,ACCT100306,DST300028,2026-01-12 16:39:00,301142,100960,10000,0,200
T1017,M2003,ACCT100306,DST300032,2026-01-12 16:53:00,361672,101187,10000,0,200
T1017,M2015,ACCT100306,DST300132,2026-01-12 18:22:00,291405,101312,10000,0,200
T1017,M2005,ACCT100306,DST300052,2026-01-12 21:38:00,309609,102065,10000,0,200
T1017,M2010,ACCT100306,DST999999,2026-01-12 21:40:00,332714,102280,400000,0,200
T1017,M2004,ACCT100306,DST999999,2026-01-12 21:42:00,349254,102281,400000,0,200
T1017,M2014,ACCT100306,DST999999,2026-01-12 21:44:00,327893,102282,400000,0,200
T1017,M2001,ACCT100306,DST300070,2026-01-12 23:31:00,270891,102611,10000,0,200
T1017,M2004,ACCT100306,DST300016,2026-01-13 00:28:00,288304,102907,400000,0,200
T1017,M2018,ACCT100306,DST300156,2026-01-13 02:40:00,658237,103280,10000,0,200
T1007,M2009,ACCT100306,DST300051,2026-01-13 02:48:00,315676,103338,10000,0,200
T1007,M2012,ACCT100306,DST999999,2026-01-13 02:50:00,288552,103512,400000,0,200
T1007,M2005,ACCT100306,DST999999,2026-01-13 02:52:00,339549,103513,400000,0,200
T1007,M2002,ACCT100306,DST300097,2026-01-13 04:22:00,293144,103618,10000,0,200
T1017,M2011,ACCT100306,DST300045,2026-01-13 04:23:00,773047,102988,10000,0,200
T1007,M2017,ACCT100306,DST300135,2026-01-13 04:23:00,300528,104441,300000,55,200
T1007,M2005,ACCT100306,DST300182,2026-01-13 04:24:00,318188,104442,300000,55,200
T1007,M2000,ACCT100306,DST300070,2026-01-13 04:25:00,316156,104443,300000,55,200
T1007,M2001,ACCT100306,DST300040,2026-01-13 04:26:00,347892,104444,300000,55,200
T1007,M2002,ACCT100306,DST300004,2026-01-13 05:02:00,304833,104776,400000,0,200
T1020,M2016,ACCT100307,DST300161,2026-01-06 15:25:00,317496,100243,10000,0,200
T1020,M2012,ACCT100307,DST300123,2026-01-06 16:25:00,350577,100368,400000,0,200
T1020,M2001,ACCT100307,DST300140,2026-01-06 19:20:00,362434,100480,400000,0,200
T1020,M2014,ACCT100307,DST999999,2026-01-06 19:22:00,318368,100996,400000,0,200
T1020,M2006,ACCT100307,DST999999,2026-01-06 19:24:00,371398,100997,400000,0,200
T1020,M2018,ACCT100307,DST999999,2026-01-06 19:26:00,334726,100998,400000,0,200
T1020,M2019,ACCT100307,DST300119,2026-01-06 19:49:00,323965,101247,10000,0,200
T1020,M2007,ACCT100307,DST300183,2026-01-06 22:43:00,340150,101579,400000,0,200
T1020,M2016,ACCT100307,DST300025,2026-01-07 00:34:00,340170,101593,10000,0,200
T1020,M2006,ACCT100307,DST300060,2026-01-07 02:04:00,952418,102751,10000,0,200
T1020,M2007,ACCT100307,DST300124,2026-01-07 03:39:00,268209,101770,10000,0,200
T1020,M2006,ACCT100307,DST300120,2026-01-07 04:12:00,302613,102827,400000,0,200
T1020,M2000,ACCT100307,DST300122,2026-01-07 04:24:00,326688,101852,400000,0,200
T1020,M2005,ACCT100307,DST300187,2026-01-07 05:43:00,320993,102842,10000,0,200
T1020,M2001,ACCT100307,DST300057,2026-01-07 08:06:00,321773,102083,400000,0,200
T1020,M2007,ACCT100307,DST300106,2026-01-07 08:11:00,320836,103265,400000,0,200
T1020,M2013,ACCT100307,DST300138,2026-01-07 08:32:00,4795349,103301,10000,0,200
T1020,M2016,ACCT100307,DST999999,2026-01-07 08:34:00,341349,103342,400000,0,200
T1020,M2000,ACCT100307,DST999999,2026-01-07 08:36:00,331453,103343,400000,0,200
T1020,M2019,ACCT100307,DST300158,2026-01-07 10:42:00,369426,104213,400000,0,200
T1020,M2004,ACCT100307,DST300034,2026-01-07 10:50:00,337438,104855,400000,0,200
T1020,M2013,ACCT100307,DST300199,2026-01-07 14:36:00,340781,104988,10000,0,200
T1026,M2006,ACCT100308,DST300030,2026-01-03 14:32:00,286656,100092,400000,0,200
T1026,M2018,ACCT100308,DST300122,2026-01-03 18:18:00,299400,100509,400000,0,200
T1026,M2008,ACCT100308,DST300069,2026-01-03 19:25:00,248489,100694,10000,0,200
T1026,M2010,ACCT100308,DST300182,2026-01-03 22:36:00,272468,100951,400000,0,200
T1026,M2007,ACCT100308,DST300025,2026-01-04 02:35:00,288031,101174,10000,0,200
T1026,M2002,ACCT100308,DST300127,2026-01-04 06:31:00,281492,101793,400000,0,200
T1026,M2002,ACCT100308,DST300113,2026-01-04 08:15:00,272467,102002,400000,0,200
T1026,M2008,ACCT100308,DST300176,2026-01-04 08:48:00,285330,102316,400000,0,200
T1026,M2007,ACCT100308,DST300046,2026-01-04 11:59:00,282537,103092,10000,0,200
T1026,M2005,ACCT100308,DST300157,2026-01-04 13:11:00,267015,103810,400000,0,200
T1026,M2015,ACCT100308,DST300044,2026-01-04 14:42:00,294635,104253,10000,0,200
T1002,M2001,ACCT100309,DST300151,2026-01-12 01:51:00,586515,102669,10000,0,200
T1002,M2017,ACCT100309,DST300012,2026-01-12 02:15:00,284217,102971,10000,0,200
T1002,M2004,ACCT100309,DST300115,2026-01-12 03:51:00,809589,101134,10000,0,200
T1002,M2018,ACCT100309,DST300095,2026-01-12 04:03:00,266198,103708,10000,0,200
T1002,M2001,ACCT100309,DST300031,2026-01-12 04:12:00,285316,101952,400000,0,200
T1002,M2010,ACCT100309,DST300178,2026-01-12 04:13:00,297439,102222,300000,55,200
T1002,M2005,ACCT100309,DST300005,2026-01-12 04:14:00,316948,102223,300000,55,200
T1002,M2000,ACCT100309,DST300046,2026-01-12 04:15:00,274120,102224,300000,55,200
T1002,M2010,ACCT100309,DST300115,2026-01-12 04:16:00,321860,102225,300000,55,200
T1002,M2016,ACCT100309,DST300036,2026-01-12 04:17:00,237683,102226,300000,55,200
T1002,M2001,ACCT100309,DST300063,2026-01-12 04:48:00,290611,103721,400000,0,200
T1002,M2017,ACCT100309,DST300101,2026-01-12 07:38:00,308713,104163,10000,0,200
T1002,M2016,ACCT100309,DST300055,2026-01-12 08:33:00,299193,104522,400000,0,200
T1002,M2006,ACCT100309,DST999999,2026-01-12 18:33:00,274858,100301,400000,0,200
T1002,M2013,ACCT100309,DST999999,2026-01-12 18:35:00,263374,100302,400000,0,200
T1002,M2007,ACCT100309,DST999999,2026-01-12 18:37:00,221961,100303,400000,0,200
T1002,M2000,ACCT100309,DST999999,2026-01-12 18:39:00,281840,100304,400000,0,200
T1002,M2001,ACCT100309,DST999999,2026-01-12 18:41:00,280974,100538,400000,0,200
T1002,M2004,ACCT100309,DST999999,2026-01-12 18:43:00,277204,100539,400000,0,200
T1002,M2008,ACCT100309,DST999999,2026-01-12 18:45:00,249915,100540,400000,0,200
T1002,M2001,ACCT100309,DST300016,2026-01-12 20:20:00,305055,100682,10000,0,200
T1002,M2010,ACCT100309,DST300139,2026-01-12 20:27:00,314249,101123,400000,0,200
T1029,M2003,ACCT100310,DST300054,2026-01-12 03:38:00,189261,100221,10000,0,200
T1022,M2002,ACCT100310,DST300185,2026-01-12 03:39:00,403709,101483,10000,0,200
T1029,M2019,ACCT100310,DST300009,2026-01-12 04:39:00,494140,100361,10000,0,200
T1029,M2010,ACCT100310,DST300052,2026-01-12 04:40:00,217047,100903,300000,55,200
T1029,M2004,ACCT100310,DST300127,2026-01-12 04:41:00,169529,100904,300000,55,200
T1029,M2019,ACCT100310,DST300052,2026-01-12 04:42:00,202286,100905,300000,55,200
T1029,M2007,ACCT100310,DST300047,2026-01-12 04:43:00,218595,100906,300000,55,200
T1029,M2017,ACCT100310,DST300076,2026-01-12 04:44:00,205576,100907,300000,55,200
T1022,M2015,ACCT100310,DST300158,2026-01-12 04:46:00,230796,101051,10000,0,200
T1022,M2002,ACCT100310,DST300073,2026-01-12 06:27:00,195966,102747,10000,0,200
T1022,M2003,ACCT100310,DST300141,2026-01-12 09:35:00,213725,103031,400000,0,200
T1022,M2010,ACCT100310,DST300016,2026-01-12 12:54:00,215259,103349,10000,0,200
T1022,M2007,ACCT100310,DST300185,2026-01-12 15:18:00,208554,104836,400000,0,200
T1027,M2003,ACCT100311,DST300059,2026-01-08 11:16:00,274695,100320,300000,55,200
T1027,M2004,ACCT100311,DST300145,2026-01-08 11:17:00,281847,100321,300000,55,200
T1027,M2007,ACCT100311,DST300147,2026-01-08 11:18:00,236593,100322,300000,55,200
T1027,M2009,ACCT100311,DST300026,2026-01-08 11:19:00,288206,100323,300000,55,200
T1027,M2001,ACCT100311,DST300156,2026-01-08 11:20:00,253503,100324,300000,55,200
T1027,M2008,ACCT100311,DST999999,2026-01-08 11:22:00,251724,100331,400000,0,200
T1027,M2013,ACCT100311,DST999999,2026-01-08 11:24:00,256703,100332,400000,0,200
T1027,M2010,ACCT100311,DST999999,2026-01-08 11:26:00,237126,100333,400000,0,200
T1027,M2006,ACCT100311,DST300044,2026-01-08 11:53:00,268826,100475,400000,0,200
T1027,M2007,ACCT100311,DST300117,2026-01-08 15:06:00,269799,100854,400000,0,200
T1027,M2009,ACCT100311,DST300072,2026-01-08 17:51:00,269079,100879,400000,0,200
T1027,M2011,ACCT100311,DST300141,2026-01-08 19:22:00,242678,101349,400000,0,200
T1027,M2019,ACCT100311,DST300117,2026-01-08 21:21:00,256254,101846,400000,0,200
T1027,M2015,ACCT100311,DST300198,2026-01-08 22:59:00,272515,101931,10000,0,200
T1027,M2009,ACCT100311,DST300013,2026-01-09 00:30:00,248157,101951,10000,0,200
T1027,M2012,ACCT100311,DST300048,2026-01-09 03:38:00,272013,102209,400000,0,200
T1000,M2004,ACCT100311,DST300140,2026-01-09 03:40:00,290081,102423,10000,0,200
T1000,M2000,ACCT100311,DST300160,2026-01-09 03:41:00,334269,104185,300000,55,200
T1000,M2007,ACCT100311,DST300070,2026-01-09 03:42:00,310204,104186,300000,55,200
T1000,M2007,ACCT100311,DST300101,2026-01-09 03:43:00,273527,104187,300000,55,200
T1000,M2015,ACCT100311,DST300189,2026-01-09 03:44:00,285724,104188,300000,55,200
T1000,M2005,ACCT100311,DST300180,2026-01-09 05:47:00,264636,104234,400000,0,200
T1000,M2014,ACCT100311,DST300011,2026-01-09 06:06:00,234358,104908,10000,0,200
T1024,M2011,ACCT100312,DST300032,2026-01-08 06:12:00,253279,100125,10000,0,200
T1014,M2005,ACCT100312,DST300096,2026-01-08 06:14:00,221509,101823,10000,0,200
T1014,M2017,ACCT100312,DST300027,2026-01-08 08:54:00,269946,101981,10000,0,200
T1002,M2017,ACCT100312,DST300032,2026-01-08 08:55:00,242699,102891,10000,0,200
T1002,M2011,ACCT100312,DST300162,2026-01-08 10:46:00,251192,103207,10000,0,200
T1017,M2017,ACCT100312,DST300121,2026-01-08 10:47:00,279299,103325,10000,0,200
T1017,M2012,ACCT100312,DST300082,2026-01-08 14:00:00,243240,103854,10000,0,200
T1017,M2012,ACCT100312,DST300078,2026-01-08 14:01:00,234952,104020,300000,55,200
T1017,M2013,ACCT100312,DST300132,2026-01-08 14:02:00,249915,104021,300000,55,200
T1017,M2012,ACCT100312,DST300103,2026-01-08 14:03:00,266230,104022,300000,55,200
T1017,M2014,ACCT100312,DST300158,2026-01-08 17:56:00,258550,104034,400000,0,200
T1017,M2005,ACCT100312,DST300113,2026-01-08 18:23:00,245633,104758,10000,0,200
T1028,M2013,ACCT100313,DST300157,2026-01-21 01:35:00,50803,100218,400000,0,200
T1028,M2000,ACCT100313,DST300112,2026-01-21 02:10:00,960500,101446,10000,0,200
T1028,M2017,ACCT100313,DST300035,2026-01-21 02:30:00,94615,101893,400000,0,200
T1028,M2014,ACCT100313,DST300027,2026-01-21 02:48:00,231928,102939,10000,0,200
T1028,M2008,ACCT100313,DST300088,2026-01-21 04:47:00,100729,102211,400000,0,200
T1028,M2014,ACCT100313,DST300058,2026-01-21 05:00:00,28624,103204,400000,0,200
T1028,M2014,ACCT100313,DST300016,2026-01-21 05:01:00,84353,102618,10000,0,200
T1028,M2009,ACCT100313,DST300046,2026-01-21 06:57:00,73414,103490,400000,0,200
T1028,M2006,ACCT100313,DST300178,2026-01-21 10:14:00,50947,103525,400000,0,200
T1028,M2019,ACCT100313,DST300003,2026-01-21 11:36:00,99197,103684,10000,0,200
T1028,M2003,ACCT100313,DST300016,2026-01-21 12:32:00,84084,104052,10000,0,200
T1028,M2012,ACCT100313,DST300188,2026-01-21 16:27:00,86542,104460,400000,0,200
T1028,M2013,ACCT100313,DST300024,2026-01-21 17:21:00,94837,104772,400000,0,200
T1019,M2000,ACCT100313,DST300086,2026-01-21 17:27:00,85267,104894,10000,0,200
T1014,M2004,ACCT100314,DST300122,2026-01-07 22:54:00,73410,101399,400000,0,200
T1013,M2011,ACCT100314,DST300145,2026-01-07 23:00:00,81032,101410,10000,0,200
T1013,M2006,ACCT100314,DST300090,2026-01-08 01:09:00,72188,102356,10000,0,200
T1013,M2002,ACCT100314,DST300034,2026-01-08 01:53:00,87609,102375,10000,0,200
T1013,M2017,ACCT100314,DST300176,2026-01-08 03:28:00,73038,102411,400000,0,200
T1013,M2006,ACCT100314,DST999999,2026-01-08 03:30:00,72392,102892,400000,0,200
T1013,M2011,ACCT100314,DST999999,2026-01-08 03:32:00,112571,102893,400000,0,200
T1013,M2018,ACCT100314,DST999999,2026-01-08 03:34:00,90468,102894,400000,0,200
T1013,M2014,ACCT100314,DST300031,2026-01-08 04:05:00,86216,103306,400000,0,200
T1013,M2008,ACCT100314,DST300094,2026-01-08 05:15:00,49040,103682,10000,0,200
T1013,M2019,ACCT100314,DST300018,2026-01-08 05:26:00,69506,103729,400000,0,200
T1013,M2004,ACCT100314,DST300105,2026-01-08 08:21:00,76027,103944,10000,0,200
T1013,M2013,ACCT100314,DST300065,2026-01-08 10:04:00,95044,104067,400000,0,200
T1013,M2018,ACCT100314,DST300003,2026-01-08 11:04:00,72062,104250,400000,0,200
T1013,M2006,ACCT100314,DST300168,2026-01-08 13:12:00,72746,104457,400000,0,200
T1013,M2017,ACCT100314,DST999999,2026-01-08 13:14:00,128812,104833,400000,0,200
T1013,M2009,ACCT100314,DST999999,2026-01-08 13:16:00,115728,104834,400000,0,200
T1016,M2018,ACCT100315,DST300072,2026-01-16 19:19:00,261166,100174,10000,0,200
T1016,M2000,ACCT100315,DST300107,2026-01-16 20:23:00,241463,100763,10000,0,200
T1016,M2004,ACCT100315,DST300100,2026-01-16 21:16:00,251689,100890,10000,0,200
T1016,M2002,ACCT100315,DST300160,2026-01-16 22:29:00,254873,100929,10000,0,200
T1016,M2005,ACCT100315,DST300129,2026-01-17 02:16:00,236254,101173,400000,0,200
T1016,M2010,ACCT100315,DST300100,2026-01-17 03:29:00,642327,102178,10000,0,200
T1016,M2004,ACCT100315,DST300153,2026-01-17 06:09:00,258003,101711,400000,0,200
T1016,M2016,ACCT100315,DST300054,2026-01-17 06:42:00,241349,102799,10000,0,200
T1016,M2001,ACCT100315,DST300095,2026-01-17 07:34:00,231202,102099,400000,0,200
T1016,M2000,ACCT100315,DST300090,2026-01-17 08:33:00,249747,102857,400000,0,200
T1016,M2016,ACCT100315,DST300197,2026-01-17 11:54:00,272625,102887,400000,0,200
T1016,M2010,ACCT100315,DST300096,2026-01-17 15:29:00,254421,102906,10000,0,200
T1016,M2005,ACCT100315,DST300116,2026-01-17 16:31:00,234546,103578,10000,0,200
T1016,M2013,ACCT100315,DST999999,2026-01-17 16:33:00,242083,103955,400000,0,200
T1016,M2019,ACCT100315,DST999999,2026-01-17 16:35:00,257423,103956,400000,0,200
T1016,M2012,ACCT100315,DST999999,2026-01-17 16:37:00,208923,103957,400000,0,200
T1016,M2015,ACCT100315,DST300171,2026-01-17 17:37:00,276350,104161,400000,0,200
T1016,M2018,ACCT100315,DST300112,2026-01-17 19:45:00,203870,104194,10000,0,200
T1016,M2012,ACCT100315,DST300127,2026-01-17 20:30:00,228799,104197,10000,0,200
T1016,M2008,ACCT100315,DST300093,2026-01-17 21:38:00,234409,104564,400000,0,200
T1016,M2014,ACCT100315,DST300117,2026-01-18 00:34:00,265910,104657,10000,0,200
T1029,M2004,ACCT100316,DST300090,2026-01-12 21:34:00,336842,101079,400000,0,200
T1029,M2011,ACCT100316,DST300139,2026-01-12 22:18:00,359267,102050,400000,0,200
T1029,M2015,ACCT100316,DST300187,2026-01-12 22:19:00,367519,102241,300000,55,200
T1029,M2019,ACCT100316,DST300097,2026-01-12 22:20:00,347013,102242,300000,55,200
T1029,M2007,ACCT100316,DST300047,2026-01-12 22:21:00,332537,102243,300000,55,200
T1029,M2007,ACCT100316,DST300195,2026-01-12 22:22:00,354808,102244,300000,55,200
T1008,M2016,ACCT100316,DST300058,2026-01-12 22:29:00,385357,102275,10000,0,200
T1008,M2013,ACCT100316,DST300196,2026-01-13 01:52:00,302015,102286,10000,0,200
T1008,M2015,ACCT100316,DST300075,2026-01-13 02:23:00,368503,102563,10000,0,200
T1008,M2009,ACCT100316,DST300057,2026-01-13 03:09:00,379777,103792,10000,0,200
T1008,M2003,ACCT100316,DST300061,2026-01-13 03:28:00,346362,104046,400000,0,200
T1008,M2003,ACCT100316,DST300014,2026-01-13 05:05:00,322256,104200,10000,0,200
T1000,M2008,ACCT100317,DST300010,2026-01-10 18:22:00,328984,100643,10000,0,200
T1000,M2006,ACCT100317,DST300007,2026-01-10 21:54:00,308130,100784,400000,0,200
T1000,M2006,ACCT100317,DST300166,2026-01-10 23:30:00,261087,101777,400000,0,200
T1000,M2010,ACCT100317,DST300052,2026-01-11 02:36:00,309629,102136,10000,0,200
T1000,M2006,ACCT100317,DST300183,2026-01-11 06:30:00,354614,103501,10000,0,200
T1000,M2003,ACCT100317,DST300032,2026-01-11 10:00:00,326081,103918,400000,0,200
T1000,M2002,ACCT100317,DST300183,2026-01-11 10:50:00,331455,104074,400000,0,200
T1000,M2004,ACCT100317,DST300064,2026-01-11 13:26:00,294247,104232,10000,0,200
T1000,M2002,ACCT100317,DST300191,2026-01-11 16:00:00,281113,104455,10000,0,200
T1023,M2009,ACCT100318,DST300075,2026-01-16 06:14:00,86338,100515,400000,0,200
T1023,M2007,ACCT100318,DST300010,2026-01-16 06:23:00,113223,100632,10000,0,200
T1023,M2005,ACCT100318,DST300174,2026-01-16 06:38:00,98283,101091,10000,0,200
T1023,M2007,ACCT100318,DST300080,2026-01-16 07:21:00,123894,101856,400000,0,200
T1023,M2019,ACCT100318,DST300137,2026-01-16 09:53:00,97135,102434,10000,0,200
T1023,M2019,ACCT100318,DST999999,2026-01-16 09:55:00,85149,102435,400000,0,200
T1023,M2012,ACCT100318,DST999999,2026-01-16 09:57:00,87260,102436,400000,0,200
T1023,M2005,ACCT100318,DST999999,2026-01-16 09:59:00,130234,102437,400000,0,200
T1023,M2017,ACCT100318,DST300166,2026-01-16 13:44:00,110420,103234,10000,0,200
T1023,M2002,ACCT100318,DST300056,2026-01-16 15:58:00,72514,103857,400000,0,200
T1007,M2016,ACCT100318,DST300142,2026-01-16 16:04:00,133329,103987,10000,0,200
T1007,M2011,ACCT100318,DST300166,2026-01-16 18:18:00,122338,104193,400000,0,200
T1007,M2004,ACCT100318,DST300092,2026-01-16 19:36:00,133822,104346,400000,0,200
T1007,M2018,ACCT100318,DST300149,2026-01-16 23:04:00,157530,104996,10000,0,200
T1025,M2005,ACCT100319,DST300119,2026-01-13 13:50:00,360767,100956,10000,0,200
T1025,M2003,ACCT100319,DST300130,2026-01-13 16:58:00,336021,100995,10000,0,200
T1025,M2003,ACCT100319,DST300027,2026-01-13 17:06:00,302698,101495,400000,0,200
T1025,M2018,ACCT100319,DST300064,2026-01-13 18:58:00,312448,101908,400000,0,200
T1025,M2014,ACCT100319,DST300034,2026-01-13 18:59:00,332981,101984,300000,55,200
T1025,M2017,ACCT100319,DST300193,2026-01-13 19:00:00,317346,101985,300000,55,200
T1025,M2017,ACCT100319,DST300078,2026-01-13 19:01:00,329232,101986,300000,55,200
T1025,M2018,ACCT100319,DST300000,2026-01-13 22:39:00,337475,102182,10000,0,200
T1025,M2005,ACCT100319,DST300155,2026-01-13 22:53:00,4022943,102837,10000,0,200
T1025,M2009,ACCT100319,DST300074,2026-01-13 23:46:00,317298,102920,400000,0,200
T1025,M2003,ACCT100319,DST300191,2026-01-13 23:47:00,312127,103291,300000,55,200
T1025,M2017,ACCT100319,DST300127,2026-01-13 23:48:00,298447,103292,300000,55,200
T1025,M2014,ACCT100319,DST300012,2026-01-13 23:49:00,323809,103293,300000,55,200
T1025,M2007,ACCT100319,DST300044,2026-01-14 00:10:00,309187,103447,10000,0,200
T1025,M2001,ACCT100319,DST300160,2026-01-14 03:43:00,361979,104165,400000,0,200
