TERMINAL_ID,MERCHANT_ID,ACCOUNT_NUMBER,DEST_ACCOUNT_NUMBER,TIMESTAMP_DB,AMOUNT,STAN,PROCESSING_CODE,RESPONSE_CODE,MTI,IS_FRAUD
T1017,M2008,ACCT100000,DST300173,2026-01-20 03:35:00,180744,100495,010000,68,0200,0
T1017,M2018,ACCT100000,DST300061,2026-01-20 03:40:00,205415,101829,010000,00,0200,0
T1017,M2009,ACCT100000,DST300017,2026-01-20 03:41:00,217595,102029,010000,00,0200,0
T1017,M2002,ACCT100000,DST300021,2026-01-20 04:48:00,209489,102152,400000,00,0200,0
T1017,M2004,ACCT100000,DST300178,2026-01-20 05:07:00,213670,100649,400000,00,0200,0
T1017,M2006,ACCT100000,DST300014,2026-01-20 05:16:00,208332,102884,010000,00,0200,0
T1017,M2004,ACCT100000,DST300004,2026-01-20 07:50:00,241792,101231,400000,68,0200,0
T1017,M2000,ACCT100000,DST300173,2026-01-20 08:42:00,182086,102953,400000,00,0200,0
T1017,M2012,ACCT100000,DST300047,2026-01-20 09:41:00,204717,100352,400000,00,0200,0
T1017,M2010,ACCT100000,DST300023,2026-01-20 10:21:00,260096,103061,400000,00,0200,0
T1017,M2010,ACCT100000,DST300090,2026-01-20 10:39:00,208893,101245,400000,00,0200,0
T1017,M2014,ACCT100000,DST300022,2026-01-20 13:13:00,231373,103380,400000,00,0200,0
T1017,M2001,ACCT100000,DST300067,2026-01-20 13:54:00,188705,101323,010000,00,0200,0
T1017,M2011,ACCT100000,DST300146,2026-01-20 16:01:00,219682,103516,010000,00,0200,0
T1017,M2001,ACCT100000,DST300158,2026-01-20 16:14:00,219211,101737,010000,00,0200,0
T1017,M2007,ACCT100000,DST300148,2026-01-20 18:50:00,198347,103657,400000,51,0200,0
T1017,M2007,ACCT100000,DST300189,2026-01-20 20:57:00,168239,104259,010000,00,0200,0
T1017,M2006,ACCT100000,DST300069,2026-01-20 21:35:00,218326,104908,400000,00,0200,0
T1017,M2016,ACCT100000,DST300022,2026-01-20 22:06:00,185640,104994,010000,00,0200,0
T1000,M2017,ACCT100001,DST300105,2026-01-19 09:22:00,220726,100094,010000,00,0200,0
T1000,M2006,ACCT100001,DST300100,2026-01-19 11:13:00,240004,100185,400000,00,0200,0
T1000,M2011,ACCT100001,DST300102,2026-01-19 12:07:00,238264,100320,400000,00,0200,0
T1000,M2016,ACCT100001,DST300194,2026-01-19 14:57:00,231818,100445,010000,00,0200,0
T1000,M2003,ACCT100001,DST300098,2026-01-19 16:51:00,228476,100537,400000,00,0200,0
T1000,M2003,ACCT100001,DST300008,2026-01-19 20:24:00,221598,100563,010000,00,0200,0
T1000,M2007,ACCT100001,DST300165,2026-01-19 22:20:00,233921,101009,400000,00,0200,0
T1000,M2000,ACCT100001,DST300026,2026-01-19 23:33:00,185011,101083,400000,00,0200,0
T1000,M2012,ACCT100001,DST300179,2026-01-20 00:01:00,183848,101748,010000,00,0200,0
T1000,M2004,ACCT100001,DST300054,2026-01-20 02:30:00,222448,102306,400000,00,0200,0
T1000,M2004,ACCT100001,DST300130,2026-01-20 04:01:00,190166,102479,010000,00,0200,0
T1000,M2007,ACCT100001,DST300100,2026-01-20 05:45:00,200179,102506,400000,00,0200,0
T1000,M2019,ACCT100001,DST300042,2026-01-20 08:26:00,218601,102704,400000,51,0200,0
T1000,M2001,ACCT100001,DST300028,2026-01-20 11:35:00,202000,102913,010000,00,0200,0
T1000,M2010,ACCT100001,DST300080,2026-01-20 15:18:00,202489,102974,010000,00,0200,0
T1000,M2012,ACCT100001,DST300002,2026-01-20 18:56:00,215681,103627,400000,00,0200,0
T1000,M2009,ACCT100001,DST300195,2026-01-20 21:07:00,189304,104040,010000,00,0200,0
T1000,M2000,ACCT100001,DST300182,2026-01-20 23:22:00,209245,104509,400000,00,0200,0
T1000,M2000,ACCT100001,DST300099,2026-01-21 03:09:00,202763,104818,400000,00,0200,0
T1024,M2007,ACCT100002,DST300041,2026-01-10 01:08:00,94454,103902,400000,00,0200,0
T1024,M2015,ACCT100002,DST300190,2026-01-10 02:53:00,192743,100822,010000,00,0200,1
T1024,M2003,ACCT100002,DST300184,2026-01-10 04:07:00,89478,104468,010000,00,0200,0
T1024,M2010,ACCT100002,DST300120,2026-01-10 05:28:00,97107,100119,010000,00,0200,0
T1024,M2005,ACCT100002,DST300172,2026-01-10 06:07:00,90442,101089,400000,00,0200,0
T1024,M2007,ACCT100002,DST300144,2026-01-10 06:11:00,85265,100266,010000,00,0200,0
T1024,M2011,ACCT100002,DST300039,2026-01-10 07:43:00,103244,104761,010000,00,0200,0
T1024,M2018,ACCT100002,DST300000,2026-01-10 09:30:00,61144,100665,010000,00,0200,0
T1024,M2012,ACCT100002,DST300032,2026-01-10 09:59:00,118754,101289,010000,00,0200,0
T1024,M2000,ACCT100002,DST300037,2026-01-10 10:19:00,108427,101674,010000,51,0200,0
T1024,M2014,ACCT100002,DST300029,2026-01-10 11:19:00,95607,102562,400000,00,0200,0
T1024,M2015,ACCT100002,DST300090,2026-01-10 12:37:00,117459,102802,010000,00,0200,0
T1024,M2008,ACCT100002,DST300188,2026-01-10 15:41:00,80253,102903,400000,00,0200,0
T1024,M2004,ACCT100002,DST300023,2026-01-10 16:13:00,134449,103787,010000,00,0200,0
T1018,M2010,ACCT100003,DST300175,2026-01-04 03:10:00,131607,100595,010000,00,0200,0
T1018,M2014,ACCT100003,DST300151,2026-01-04 03:58:00,129387,101367,010000,00,0200,0
T1018,M2000,ACCT100003,DST300107,2026-01-04 05:16:00,140202,101777,010000,00,0200,0
T1018,M2007,ACCT100003,DST999999,2026-01-04 05:18:00,66558,101788,400000,00,0200,1
T1018,M2013,ACCT100003,DST999999,2026-01-04 05:20:00,71062,101789,400000,00,0200,1
T1018,M2007,ACCT100003,DST999999,2026-01-04 05:22:00,74173,101790,400000,00,0200,1
T1018,M2006,ACCT100003,DST300187,2026-01-04 06:59:00,99526,101962,010000,00,0200,0
T1018,M2017,ACCT100003,DST300175,2026-01-04 07:05:00,72445,100618,400000,00,0200,0
T1018,M2015,ACCT100003,DST300037,2026-01-04 08:34:00,75317,103679,010000,00,0200,0
T1018,M2008,ACCT100003,DST300140,2026-01-04 08:44:00,90840,104046,400000,00,0200,0
T1018,M2010,ACCT100003,DST300076,2026-01-04 08:55:00,91398,104918,400000,00,0200,0
T1018,M2003,ACCT100003,DST300028,2026-01-04 09:18:00,90938,100736,400000,00,0200,0
T1018,M2006,ACCT100003,DST300051,2026-01-04 09:46:00,100187,101291,400000,00,0200,0
T1006,M2006,ACCT100004,DST300156,2026-01-12 03:39:00,561296,100120,010000,00,0200,1
T1006,M2003,ACCT100004,DST300174,2026-01-12 05:54:00,325672,100219,400000,00,0200,0
T1006,M2018,ACCT100004,DST300035,2026-01-12 09:51:00,276182,100918,010000,00,0200,0
T1006,M2006,ACCT100004,DST300025,2026-01-12 11:15:00,309193,101309,010000,00,0200,0
T1006,M2002,ACCT100004,DST300068,2026-01-12 14:23:00,303699,101769,010000,00,0200,0
T1006,M2000,ACCT100004,DST300140,2026-01-12 17:46:00,298795,102348,400000,00,0200,0
T1006,M2013,ACCT100004,DST300175,2026-01-12 21:45:00,345210,102539,010000,00,0200,0
T1006,M2019,ACCT100004,DST300007,2026-01-12 22:12:00,319162,102576,400000,00,0200,0
T1006,M2019,ACCT100004,DST300042,2026-01-12 23:16:00,276371,102750,400000,00,0200,0
T1006,M2006,ACCT100004,DST300192,2026-01-13 00:50:00,331487,102831,400000,00,0200,0
T1006,M2001,ACCT100004,DST300107,2026-01-13 01:47:00,313689,103649,010000,00,0200,0
T1006,M2017,ACCT100004,DST300065,2026-01-13 03:05:00,310466,104001,010000,00,0200,0
T1006,M2019,ACCT100004,DST300101,2026-01-13 03:08:00,320479,103443,010000,00,0200,0
T1006,M2010,ACCT100004,DST300021,2026-01-13 03:34:00,281543,104282,400000,00,0200,0
T1006,M2014,ACCT100004,DST300191,2026-01-13 03:51:00,341013,103482,010000,00,0200,0
T1006,M2007,ACCT100004,DST300132,2026-01-13 04:42:00,289625,103525,010000,00,0200,0
T1013,M2002,ACCT100005,DST300162,2026-01-06 23:09:00,240049,100676,400000,00,0200,0
T1013,M2012,ACCT100005,DST300179,2026-01-07 01:09:00,273729,104250,400000,00,0200,0
T1013,M2002,ACCT100005,DST300037,2026-01-07 02:10:00,255140,104340,400000,00,0200,0
T1013,M2011,ACCT100005,DST300043,2026-01-07 02:49:00,247038,100716,400000,00,0200,0
T1013,M2010,ACCT100005,DST300122,2026-01-07 03:06:00,277487,100763,400000,00,0200,0
T1013,M2002,ACCT100005,DST300032,2026-01-07 04:21:00,284562,101007,400000,00,0200,0
T1013,M2015,ACCT100005,DST300043,2026-01-07 04:23:00,279455,101183,010000,00,0200,0
T1013,M2010,ACCT100005,DST300175,2026-01-07 04:45:00,257435,101682,400000,00,0200,0
T1013,M2006,ACCT100005,DST300192,2026-01-07 07:09:00,273676,102564,010000,00,0200,0
T1013,M2013,ACCT100005,DST300109,2026-01-07 08:05:00,262782,102950,400000,00,0200,0
T1013,M2003,ACCT100005,DST300136,2026-01-07 10:49:00,295142,104049,400000,00,0200,0
T1013,M2005,ACCT100005,DST300139,2026-01-07 12:18:00,268873,104222,010000,00,0200,0
T1009,M2009,ACCT100006,DST300132,2026-01-11 03:53:00,83102,100326,010000,00,0200,0
T1009,M2017,ACCT100006,DST300036,2026-01-11 07:37:00,98265,100512,010000,00,0200,0
T1009,M2006,ACCT100006,DST300193,2026-01-11 10:27:00,102058,101746,010000,68,0200,0
T1009,M2001,ACCT100006,DST300078,2026-01-11 11:16:00,44688,101856,010000,00,0200,0
T1009,M2009,ACCT100006,DST300083,2026-01-11 11:34:00,510662,101871,010000,00,0200,1
T1009,M2011,ACCT100006,DST300136,2026-01-11 14:26:00,112838,100084,400000,00,0200,0
T1009,M2003,ACCT100006,DST300169,2026-01-11 14:46:00,93657,102170,010000,68,0200,0
T1009,M2018,ACCT100006,DST300109,2026-01-11 16:19:00,69556,100117,400000,00,0200,0
T1009,M2006,ACCT100006,DST300011,2026-01-11 18:13:00,95259,102518,010000,00,0200,0
T1009,M2018,ACCT100006,DST300137,2026-01-11 19:10:00,73688,100157,010000,00,0200,0
T1009,M2010,ACCT100006,DST300088,2026-01-11 19:23:00,53178,102771,010000,00,0200,0
T1009,M2005,ACCT100006,DST300191,2026-01-11 20:40:00,56049,103052,010000,00,0200,0
T1009,M2002,ACCT100006,DST300163,2026-01-11 20:54:00,452568,103249,010000,00,0200,1
T1009,M2017,ACCT100006,DST300174,2026-01-11 22:04:00,52163,103444,400000,00,0200,0
T1009,M2001,ACCT100006,DST300141,2026-01-11 22:48:00,90514,104021,010000,51,0200,0
T1027,M2019,ACCT100007,DST300086,2026-01-08 23:10:00,79261,100262,400000,00,0200,0
T1027,M2015,ACCT100007,DST300174,2026-01-09 00:38:00,119206,100645,010000,00,0200,0
T1027,M2004,ACCT100007,DST300044,2026-01-09 01:04:00,123479,100713,010000,00,0200,0
T1027,M2004,ACCT100007,DST300142,2026-01-09 01:55:00,104710,100726,400000,00,0200,0
T1027,M2008,ACCT100007,DST300141,2026-01-09 03:19:00,116103,100741,010000,00,0200,0
T1027,M2006,ACCT100007,DST300047,2026-01-09 03:20:00,127932,100754,010000,00,0200,0
T1027,M2007,ACCT100007,DST300086,2026-01-09 06:58:00,88282,100795,010000,00,0200,0
T1027,M2004,ACCT100007,DST300018,2026-01-09 07:49:00,121256,100812,400000,00,0200,0
T1027,M2012,ACCT100007,DST300165,2026-01-09 09:50:00,108111,101087,400000,00,0200,0
T1027,M2007,ACCT100007,DST300071,2026-01-09 12:42:00,90120,101508,400000,00,0200,0
T1027,M2005,ACCT100007,DST300160,2026-01-09 12:52:00,121219,101532,400000,00,0200,0
T1027,M2003,ACCT100007,DST300076,2026-01-09 16:21:00,137929,102010,400000,00,0200,0
T1027,M2017,ACCT100007,DST300082,2026-01-09 17:54:00,107968,102119,400000,00,0200,0
T1027,M2011,ACCT100007,DST300003,2026-01-09 19:36:00,98644,102417,400000,00,0200,0
T1027,M2013,ACCT100007,DST300131,2026-01-09 20:45:00,84172,102608,010000,00,0200,0
T1027,M2003,ACCT100007,DST300105,2026-01-09 21:10:00,549159,102734,010000,00,0200,1
T1027,M2003,ACCT100007,DST300192,2026-01-09 22:47:00,85008,103698,010000,68,0200,0
T1027,M2018,ACCT100007,DST300132,2026-01-10 01:29:00,135612,103841,010000,00,0200,0
T1027,M2019,ACCT100007,DST300105,2026-01-10 02:39:00,148483,104712,010000,00,0200,0
T1027,M2015,ACCT100007,DST300152,2026-01-10 04:26:00,133317,104717,400000,00,0200,0
T1027,M2018,ACCT100007,DST300094,2026-01-10 04:27:00,94630,104888,010000,00,0200,0
T1027,M2015,ACCT100007,DST300071,2026-01-10 04:59:00,76586,104218,010000,00,0200,0
T1027,M2002,ACCT100007,DST300111,2026-01-10 08:59:00,103137,104315,010000,00,0200,0
T1005,M2015,ACCT100008,DST300006,2026-01-13 02:34:00,192974,102684,010000,00,0200,0
T1005,M2002,ACCT100008,DST300100,2026-01-13 03:03:00,235728,102540,010000,00,0200,1
T1005,M2004,ACCT100008,DST300186,2026-01-13 03:29:00,189218,100498,010000,00,0200,0
T1005,M2005,ACCT100008,DST999999,2026-01-13 04:35:00,196620,100496,400000,00,0200,1
T1005,M2014,ACCT100008,DST999999,2026-01-13 04:37:00,176576,100497,400000,00,0200,1
T1005,M2000,ACCT100008,DST300125,2026-01-13 04:44:00,215895,101567,010000,51,0200,0
T1005,M2010,ACCT100008,DST300118,2026-01-13 06:04:00,193422,100614,010000,00,0200,0
T1005,M2014,ACCT100008,DST300138,2026-01-13 06:25:00,193310,102745,010000,00,0200,0
T1005,M2010,ACCT100008,DST300156,2026-01-13 08:56:00,165136,100632,400000,00,0200,0
T1005,M2011,ACCT100008,DST300182,2026-01-13 09:09:00,208841,101170,010000,00,0200,0
T1005,M2005,ACCT100008,DST300197,2026-01-13 09:52:00,217683,102834,400000,00,0200,0
T1005,M2004,ACCT100008,DST300143,2026-01-13 11:06:00,204030,103155,400000,00,0200,0
T1005,M2003,ACCT100008,DST300154,2026-01-13 14:32:00,171452,103410,010000,00,0200,0
T1005,M2003,ACCT100008,DST300004,2026-01-13 15:44:00,203941,103421,400000,00,0200,0
T1005,M2016,ACCT100008,DST300164,2026-01-13 17:45:00,225727,103558,400000,00,0200,0
T1005,M2008,ACCT100008,DST300035,2026-01-13 18:29:00,222092,103786,400000,00,0200,0
T1027,M2014,ACCT100009,DST300083,2026-01-13 01:16:00,277955,101999,010000,00,0200,0
T1027,M2018,ACCT100009,DST300047,2026-01-13 02:10:00,283005,100267,400000,00,0200,0
T1027,M2010,ACCT100009,DST300050,2026-01-13 02:13:00,262851,103370,400000,00,0200,0
T1027,M2014,ACCT100009,DST300096,2026-01-13 03:20:00,246533,103491,400000,00,0200,0
T1027,M2016,ACCT100009,DST300192,2026-01-13 03:54:00,232655,100985,400000,00,0200,0
T1027,M2001,ACCT100009,DST300064,2026-01-13 04:08:00,222706,100281,010000,00,0200,0
T1027,M2018,ACCT100009,DST300080,2026-01-13 04:49:00,281435,101272,400000,00,0200,0
T1027,M2018,ACCT100009,DST300095,2026-01-13 05:10:00,289971,101684,400000,00,0200,0
T1027,M2009,ACCT100009,DST300022,2026-01-13 05:11:00,253781,101953,010000,00,0200,0
T1027,M2013,ACCT100009,DST300109,2026-01-13 05:28:00,266966,101982,010000,00,0200,0
T1027,M2015,ACCT100009,DST300199,2026-01-13 06:59:00,231024,104392,400000,51,0200,0
T1015,M2017,ACCT100009,DST300138,2026-01-13 07:04:00,233898,104685,010000,00,0200,1
T1015,M2012,ACCT100009,DST300073,2026-01-13 07:06:00,297472,104705,010000,00,0200,0
T1028,M2009,ACCT100010,DST300124,2026-01-02 19:34:00,335558,100161,400000,51,0200,0
T1028,M2013,ACCT100010,DST300005,2026-01-02 19:41:00,331616,100369,010000,00,0200,0
T1028,M2002,ACCT100010,DST300147,2026-01-02 20:35:00,316953,100452,400000,00,0200,0
T1028,M2010,ACCT100010,DST300153,2026-01-02 23:43:00,353688,100617,010000,00,0200,0
T1028,M2011,ACCT100010,DST300045,2026-01-03 00:31:00,324691,100979,400000,00,0200,0
T1028,M2014,ACCT100010,DST300195,2026-01-03 02:37:00,363817,100993,010000,00,0200,0
T1028,M2017,ACCT100010,DST300153,2026-01-03 03:39:00,309634,101711,400000,68,0200,0
T1028,M2002,ACCT100010,DST300055,2026-01-03 03:54:00,313172,102919,010000,00,0200,0
T1028,M2010,ACCT100010,DST300161,2026-01-03 05:06:00,328125,102730,010000,51,0200,0
T1028,M2000,ACCT100010,DST300188,2026-01-03 05:08:00,325755,101285,400000,00,0200,0
T1028,M2005,ACCT100010,DST300048,2026-01-03 05:16:00,382018,102947,400000,00,0200,0
T1028,M2014,ACCT100010,DST300123,2026-01-03 07:15:00,328535,103374,010000,00,0200,0
T1028,M2018,ACCT100010,DST300010,2026-01-03 08:06:00,316524,103820,010000,00,0200,0
T1028,M2003,ACCT100010,DST300097,2026-01-03 09:29:00,322790,103901,010000,00,0200,0
T1028,M2017,ACCT100010,DST300105,2026-01-03 13:28:00,327364,104011,400000,00,0200,0
T1028,M2013,ACCT100010,DST300058,2026-01-03 13:34:00,348455,104025,010000,00,0200,0
T1028,M2012,ACCT100010,DST300142,2026-01-03 15:39:00,329287,104054,010000,00,0200,0
T1009,M2011,ACCT100011,DST300054,2026-01-07 04:41:00,255197,100109,400000,68,0200,0
T1009,M2004,ACCT100011,DST300130,2026-01-07 05:05:00,258214,100285,400000,00,0200,0
T1009,M2015,ACCT100011,DST300119,2026-01-07 08:12:00,200678,100479,010000,00,0200,0
T1009,M2015,ACCT100011,DST300015,2026-01-07 11:49:00,195781,100658,400000,00,0200,0
T1009,M2009,ACCT100011,DST300073,2026-01-07 12:03:00,933991,100806,010000,00,0200,1
T1009,M2013,ACCT100011,DST300063,2026-01-07 12:36:00,226286,101130,400000,00,0200,0
T1009,M2006,ACCT100011,DST300162,2026-01-07 14:55:00,233207,102523,400000,00,0200,0
T1009,M2010,ACCT100011,DST300173,2026-01-07 16:43:00,218892,103740,400000,00,0200,0
T1009,M2013,ACCT100011,DST300141,2026-01-07 17:20:00,220238,103822,010000,00,0200,0
T1002,M2009,ACCT100012,DST300055,2026-01-09 11:05:00,191845,100457,010000,00,0200,0
T1002,M2009,ACCT100012,DST300023,2026-01-09 13:56:00,172759,100671,400000,51,0200,0
T1014,M2006,ACCT100012,DST300175,2026-01-09 13:58:00,125604,100742,010000,00,0200,1
T1014,M2011,ACCT100012,DST300171,2026-01-09 14:46:00,140697,101428,010000,00,0200,0
T1014,M2011,ACCT100012,DST300029,2026-01-09 16:32:00,188860,101579,010000,68,0200,0
T1014,M2002,ACCT100012,DST300165,2026-01-09 20:17:00,142903,102270,010000,00,0200,0
T1014,M2015,ACCT100012,DST300155,2026-01-10 00:10:00,149922,102498,400000,00,0200,0
T1014,M2010,ACCT100012,DST999999,2026-01-10 00:12:00,141443,102572,400000,00,0200,1
T1014,M2004,ACCT100012,DST999999,2026-01-10 00:14:00,152961,102573,400000,00,0200,1
T1014,M2001,ACCT100012,DST300141,2026-01-10 02:10:00,174021,104606,400000,00,0200,0
T1014,M2001,ACCT100012,DST300047,2026-01-10 02:50:00,233922,104017,010000,00,0200,1
T1014,M2003,ACCT100012,DST300047,2026-01-10 02:53:00,159985,104353,400000,00,0200,0
T1014,M2019,ACCT100012,DST300015,2026-01-10 03:01:00,198668,104457,400000,00,0200,0
T1014,M2019,ACCT100012,DST300071,2026-01-10 03:17:00,177358,102757,400000,00,0200,0
T1014,M2013,ACCT100012,DST300185,2026-01-10 06:38:00,167331,104552,010000,00,0200,0
T1014,M2004,ACCT100012,DST300165,2026-01-10 06:46:00,195354,104590,400000,00,0200,0
T1014,M2018,ACCT100012,DST300083,2026-01-10 07:05:00,129690,103299,400000,00,0200,0
T1014,M2009,ACCT100012,DST300114,2026-01-10 10:31:00,150202,103378,400000,00,0200,0
T1010,M2003,ACCT100013,DST300067,2026-01-11 05:55:00,338657,100011,010000,00,0200,0
T1010,M2005,ACCT100013,DST300025,2026-01-11 06:35:00,317231,100380,010000,00,0200,0
T1010,M2000,ACCT100013,DST300120,2026-01-11 08:36:00,297807,100431,400000,00,0200,0
T1010,M2015,ACCT100013,DST300124,2026-01-11 12:17:00,316676,100579,400000,00,0200,0
T1010,M2019,ACCT100013,DST300096,2026-01-11 14:08:00,279471,100679,010000,00,0200,0
T1010,M2008,ACCT100013,DST300162,2026-01-11 14:39:00,305456,100690,010000,00,0200,0
T1010,M2016,ACCT100013,DST300098,2026-01-11 14:40:00,314691,101199,010000,51,0200,0
T1010,M2013,ACCT100013,DST300024,2026-01-11 18:28:00,351609,102504,010000,00,0200,0
T1010,M2008,ACCT100013,DST300184,2026-01-11 21:32:00,321366,102725,010000,00,0200,0
T1010,M2006,ACCT100013,DST300173,2026-01-11 22:03:00,330913,103074,400000,00,0200,0
T1010,M2003,ACCT100013,DST300126,2026-01-12 00:39:00,296198,103340,400000,00,0200,0
T1010,M2002,ACCT100013,DST300043,2026-01-12 02:51:00,328920,104004,400000,00,0200,0
T1010,M2016,ACCT100013,DST300007,2026-01-12 03:22:00,280180,104657,400000,00,0200,0
T1010,M2016,ACCT100013,DST300150,2026-01-12 06:20:00,303649,104549,010000,00,0200,0
T1010,M2011,ACCT100013,DST300148,2026-01-12 09:45:00,309248,104582,400000,00,0200,0
T1002,M2005,ACCT100014,DST300136,2026-01-17 01:55:00,299641,104604,400000,00,0200,0
T1002,M2015,ACCT100014,DST300143,2026-01-17 01:59:00,271633,101770,400000,00,0200,0
T1020,M2012,ACCT100014,DST300116,2026-01-17 02:37:00,300605,100356,010000,00,0200,0
T1002,M2012,ACCT100014,DST300149,2026-01-17 03:49:00,288236,104792,400000,00,0200,0
T1002,M2014,ACCT100014,DST300189,2026-01-17 04:46:00,264699,104921,010000,00,0200,0
T1002,M2015,ACCT100014,DST300070,2026-01-17 04:59:00,267588,101821,400000,00,0200,0
T1020,M2010,ACCT100014,DST300184,2026-01-17 05:03:00,266847,100470,400000,00,0200,0
T1002,M2013,ACCT100014,DST300173,2026-01-17 05:13:00,261491,101828,400000,00,0200,0
T1002,M2016,ACCT100014,DST300064,2026-01-17 08:03:00,317021,102358,010000,00,0200,0
T1002,M2018,ACCT100014,DST999999,2026-01-17 08:05:00,268546,102381,400000,00,0200,1
T1002,M2005,ACCT100014,DST999999,2026-01-17 08:07:00,248526,102382,400000,00,0200,1
T1002,M2000,ACCT100014,DST999999,2026-01-17 08:09:00,311004,102383,400000,00,0200,1
T1020,M2004,ACCT100014,DST300054,2026-01-17 08:14:00,281079,100549,400000,00,0200,0
T1002,M2003,ACCT100014,DST300154,2026-01-17 08:14:00,281190,102806,400000,68,0200,0
T1002,M2018,ACCT100014,DST300084,2026-01-17 08:19:00,231450,101557,010000,00,0200,1
T1002,M2017,ACCT100014,DST300003,2026-01-17 11:07:00,289272,102905,010000,00,0200,0
T1002,M2005,ACCT100014,DST300129,2026-01-17 11:54:00,268297,103007,400000,00,0200,0
T1002,M2019,ACCT100014,DST300172,2026-01-17 14:58:00,255182,103204,010000,00,0200,0
T1002,M2000,ACCT100014,DST300177,2026-01-17 15:52:00,295897,103251,400000,00,0200,0
T1002,M2019,ACCT100014,DST300148,2026-01-17 18:39:00,259826,103342,010000,00,0200,0
T1002,M2017,ACCT100014,DST300151,2026-01-17 19:25:00,262365,103754,010000,00,0200,0
T1002,M2000,ACCT100014,DST300080,2026-01-17 20:23:00,274304,104157,400000,68,0200,0
T1003,M2013,ACCT100015,DST300010,2026-01-13 02:07:00,276832,102333,010000,00,0200,0
T1003,M2005,ACCT100015,DST300156,2026-01-13 03:40:00,315252,102810,400000,00,0200,0
T1003,M2013,ACCT100015,DST300097,2026-01-13 04:04:00,321384,101601,010000,00,0200,0
T1003,M2013,ACCT100015,DST300091,2026-01-13 04:07:00,310697,102483,010000,00,0200,0
T1003,M2018,ACCT100015,DST300197,2026-01-13 04:57:00,263952,100216,400000,00,0200,0
T1003,M2009,ACCT100015,DST300028,2026-01-13 05:08:00,341996,103518,400000,00,0200,0
T1003,M2001,ACCT100015,DST300128,2026-01-13 06:37:00,333063,101705,400000,00,0200,0
T1003,M2014,ACCT100015,DST300043,2026-01-13 07:22:00,291781,100271,010000,00,0200,0
T1003,M2017,ACCT100015,DST300077,2026-01-13 08:36:00,281809,103763,400000,00,0200,0
T1003,M2011,ACCT100015,DST300174,2026-01-13 10:26:00,288650,100308,010000,00,0200,0
T1003,M2003,ACCT100015,DST300164,2026-01-13 11:04:00,256953,104529,010000,00,0200,0
T1003,M2006,ACCT100015,DST999999,2026-01-13 11:06:00,278459,104871,400000,00,0200,1
T1003,M2006,ACCT100015,DST999999,2026-01-13 11:08:00,317505,104872,400000,00,0200,1
T1003,M2012,ACCT100015,DST999999,2026-01-13 11:10:00,298411,104873,400000,00,0200,1
T1003,M2008,ACCT100015,DST300174,2026-01-13 13:02:00,286735,100339,400000,00,0200,0
T1003,M2009,ACCT100015,DST999999,2026-01-13 13:04:00,301249,100543,400000,00,0200,1
T1003,M2019,ACCT100015,DST999999,2026-01-13 13:06:00,272269,100544,400000,00,0200,1
T1003,M2014,ACCT100015,DST999999,2026-01-13 13:08:00,297676,100545,400000,00,0200,1
T1003,M2019,ACCT100015,DST300077,2026-01-13 16:37:00,299422,100958,400000,00,0200,0
T1003,M2000,ACCT100015,DST300152,2026-01-13 17:04:00,322195,101208,010000,00,0200,0
T1007,M2006,ACCT100016,DST300161,2026-01-14 22:50:00,154422,100243,010000,51,0200,0
T1007,M2004,ACCT100016,DST300061,2026-01-14 22:51:00,99475,100294,300000,55,0200,1
T1007,M2019,ACCT100016,DST300125,2026-01-14 22:52:00,142199,100295,300000,55,0200,1
T1007,M2003,ACCT100016,DST300051,2026-01-15 01:42:00,152874,103799,400000,00,0200,0
T1007,M2000,ACCT100016,DST300050,2026-01-15 02:16:00,116292,100364,400000,00,0200,0
T1007,M2007,ACCT100016,DST300172,2026-01-15 04:42:00,119580,100637,010000,00,0200,0
T1007,M2005,ACCT100016,DST300013,2026-01-15 04:56:00,168904,104029,400000,00,0200,0
T1007,M2001,ACCT100016,DST300023,2026-01-15 05:44:00,120629,100883,400000,00,0200,0
T1007,M2005,ACCT100016,DST300055,2026-01-15 07:41:00,154358,104069,010000,00,0200,0
T1007,M2016,ACCT100016,DST300052,2026-01-15 08:23:00,133772,101333,010000,00,0200,0
T1007,M2016,ACCT100016,DST300002,2026-01-15 08:39:00,136951,104104,400000,68,0200,0
T1007,M2005,ACCT100016,DST300162,2026-01-15 09:00:00,70710,101361,400000,00,0200,0
T1007,M2006,ACCT100016,DST300073,2026-01-15 09:02:00,88817,102275,400000,00,0200,0
T1007,M2011,ACCT100016,DST300183,2026-01-15 11:37:00,113622,104367,400000,00,0200,0
T1007,M2014,ACCT100016,DST300012,2026-01-15 12:33:00,144041,104444,400000,00,0200,0
T1007,M2003,ACCT100016,DST300039,2026-01-15 12:43:00,124320,102487,010000,00,0200,0
T1007,M2001,ACCT100016,DST300103,2026-01-15 13:31:00,120929,104820,010000,68,0200,0
T1007,M2000,ACCT100016,DST300138,2026-01-15 13:56:00,107956,102948,400000,00,0200,0
T1007,M2007,ACCT100016,DST300194,2026-01-15 13:58:00,92818,103282,400000,00,0200,0
T1007,M2004,ACCT100016,DST300199,2026-01-15 14:09:00,880211,103718,010000,00,0200,1
T1003,M2014,ACCT100017,DST300028,2026-01-13 21:57:00,233230,100318,010000,00,0200,0
T1003,M2004,ACCT100017,DST300191,2026-01-13 23:24:00,237841,100486,400000,00,0200,0
T1003,M2016,ACCT100017,DST300199,2026-01-14 01:36:00,195127,101022,010000,00,0200,0
T1003,M2005,ACCT100017,DST300037,2026-01-14 02:42:00,258245,101120,010000,00,0200,0
T1003,M2013,ACCT100017,DST300149,2026-01-14 03:59:00,204480,102537,400000,00,0200,0
T1003,M2000,ACCT100017,DST300058,2026-01-14 06:27:00,215806,101510,400000,00,0200,0
T1003,M2018,ACCT100017,DST300039,2026-01-14 06:52:00,146599,101803,400000,00,0200,0
T1003,M2019,ACCT100017,DST300000,2026-01-14 07:02:00,205988,102389,400000,00,0200,0
T1003,M2018,ACCT100017,DST300071,2026-01-14 07:02:00,259691,103504,010000,00,0200,0
T1003,M2002,ACCT100017,DST300143,2026-01-14 10:14:00,238336,103897,010000,00,0200,0
T1003,M2003,ACCT100017,DST300190,2026-01-14 14:00:00,194767,103948,010000,00,0200,0
T1003,M2019,ACCT100017,DST300031,2026-01-14 14:28:00,201802,104530,400000,00,0200,0
T1015,M2005,ACCT100018,DST300119,2026-01-17 12:06:00,1768725,100232,010000,00,0200,1
T1015,M2013,ACCT100018,DST300004,2026-01-17 13:29:00,240312,100376,010000,00,0200,0
T1015,M2007,ACCT100018,DST300088,2026-01-17 13:49:00,1002588,100848,010000,00,0200,1
T1015,M2017,ACCT100018,DST300040,2026-01-17 17:08:00,227017,101215,010000,00,0200,0
T1015,M2010,ACCT100018,DST300039,2026-01-17 18:17:00,237529,101639,010000,00,0200,0
T1015,M2004,ACCT100018,DST300000,2026-01-17 21:30:00,224578,101751,400000,00,0200,0
T1015,M2008,ACCT100018,DST300007,2026-01-17 21:38:00,212094,101755,010000,00,0200,0
T1015,M2007,ACCT100018,DST300063,2026-01-17 23:23:00,212885,102293,010000,68,0200,0
T1015,M2017,ACCT100018,DST300145,2026-01-18 00:25:00,262899,102398,400000,00,0200,0
T1015,M2005,ACCT100018,DST300037,2026-01-18 03:59:00,204764,102836,010000,00,0200,0
T1015,M2013,ACCT100018,DST300178,2026-01-18 05:58:00,228981,102854,010000,00,0200,0
T1015,M2007,ACCT100018,DST300193,2026-01-18 08:45:00,249198,103224,400000,00,0200,0
T1015,M2019,ACCT100018,DST300019,2026-01-18 08:47:00,219461,103578,010000,00,0200,0
T1015,M2003,ACCT100018,DST300116,2026-01-18 12:19:00,269136,104440,400000,00,0200,0
T1015,M2001,ACCT100018,DST300062,2026-01-18 15:21:00,195264,104479,400000,00,0200,0
T1015,M2019,ACCT100018,DST300081,2026-01-18 15:48:00,265770,104556,010000,00,0200,0
T1015,M2018,ACCT100018,DST300083,2026-01-18 16:59:00,242685,104562,400000,00,0200,0
T1015,M2005,ACCT100018,DST300063,2026-01-18 17:06:00,218386,104669,400000,00,0200,0
T1015,M2001,ACCT100018,DST300133,2026-01-18 20:09:00,223237,104750,400000,00,0200,0
T1006,M2002,ACCT100019,DST300175,2026-01-14 08:37:00,159677,100222,010000,00,0200,0
T1006,M2011,ACCT100019,DST300026,2026-01-14 10:44:00,187854,100527,010000,00,0200,0
T1006,M2013,ACCT100019,DST300117,2026-01-14 12:24:00,182844,100735,010000,00,0200,0
T1006,M2017,ACCT100019,DST300072,2026-01-14 15:30:00,169622,101306,010000,68,0200,0
T1006,M2000,ACCT100019,DST999999,2026-01-14 15:32:00,164232,101500,400000,00,0200,1
T1006,M2009,ACCT100019,DST999999,2026-01-14 15:34:00,175536,101501,400000,00,0200,1
T1006,M2003,ACCT100019,DST300003,2026-01-14 16:21:00,170907,101785,010000,00,0200,0
T1006,M2019,ACCT100019,DST300135,2026-01-14 19:43:00,196968,101795,010000,51,0200,0
T1006,M2007,ACCT100019,DST300004,2026-01-14 21:13:00,213653,102160,400000,00,0200,0
T1006,M2008,ACCT100019,DST300067,2026-01-14 23:48:00,183694,102779,010000,68,0200,0
T1006,M2013,ACCT100019,DST300012,2026-01-15 03:38:00,177673,103541,400000,00,0200,0
T1006,M2010,ACCT100019,DST300138,2026-01-15 04:18:00,115003,104068,400000,00,0200,0
T1006,M2008,ACCT100019,DST300160,2026-01-15 04:19:00,211089,104102,010000,00,0200,0
T1006,M2018,ACCT100019,DST300089,2026-01-15 08:07:00,163479,104108,400000,00,0200,0
T1006,M2012,ACCT100019,DST300109,2026-01-15 08:08:00,215783,104533,300000,55,0200,1
T1006,M2003,ACCT100019,DST300161,2026-01-15 08:09:00,169943,104534,300000,55,0200,1
T1006,M2003,ACCT100019,DST300020,2026-01-15 08:10:00,180023,104535,300000,55,0200,1
T1006,M2004,ACCT100019,DST300040,2026-01-15 10:52:00,179448,104638,010000,00,0200,0
T1012,M2007,ACCT100020,DST300002,2026-01-12 22:36:00,255824,100118,010000,00,0200,0
T1012,M2006,ACCT100020,DST300092,2026-01-13 00:11:00,220533,100540,400000,00,0200,0
T1012,M2012,ACCT100020,DST300156,2026-01-13 01:50:00,207533,103775,010000,00,0200,0
T1012,M2015,ACCT100020,DST300044,2026-01-13 03:59:00,219180,100982,400000,00,0200,0
T1012,M2004,ACCT100020,DST300102,2026-01-13 04:42:00,212610,101059,010000,51,0200,0
T1012,M2002,ACCT100020,DST300115,2026-01-13 05:06:00,205925,101307,010000,00,0200,0
T1012,M2013,ACCT100020,DST300070,2026-01-13 05:25:00,222341,103966,010000,68,0200,0
T1012,M2002,ACCT100020,DST300184,2026-01-13 05:59:00,264949,101710,400000,00,0200,0
T1012,M2008,ACCT100020,DST300096,2026-01-13 06:42:00,216275,101786,400000,00,0200,0
T1012,M2015,ACCT100020,DST300190,2026-01-13 06:49:00,238992,102077,400000,00,0200,0
T1012,M2016,ACCT100020,DST300015,2026-01-13 06:59:00,239659,102893,400000,00,0200,0
T1012,M2016,ACCT100020,DST300061,2026-01-13 07:00:00,215959,103126,400000,00,0200,0
T1012,M2011,ACCT100020,DST300082,2026-01-13 07:17:00,168234,104172,400000,00,0200,0
T1012,M2017,ACCT100020,DST300199,2026-01-13 10:38:00,207612,103519,400000,00,0200,0
T1012,M2009,ACCT100020,DST300051,2026-01-13 11:11:00,204523,104511,010000,51,0200,0
T1012,M2011,ACCT100020,DST300043,2026-01-13 11:14:00,214252,104661,010000,00,0200,0
T1012,M2006,ACCT100020,DST300072,2026-01-13 13:18:00,267060,104668,400000,00,0200,0
T1012,M2006,ACCT100020,DST300019,2026-01-13 13:41:00,221659,103536,400000,51,0200,0
T1012,M2009,ACCT100020,DST300142,2026-01-13 16:20:00,219058,103731,010000,00,0200,0
T1004,M2019,ACCT100021,DST300020,2026-01-12 03:17:00,234802,102896,010000,00,0200,1
T1004,M2002,ACCT100021,DST300010,2026-01-12 03:57:00,210055,103298,010000,00,0200,1
T1004,M2015,ACCT100021,DST300040,2026-01-12 06:41:00,127413,103442,010000,00,0200,0
T1004,M2009,ACCT100021,DST300023,2026-01-12 06:54:00,96299,100418,010000,00,0200,0
T1004,M2007,ACCT100021,DST300115,2026-01-12 06:56:00,86508,100607,400000,00,0200,0
T1004,M2002,ACCT100021,DST300070,2026-01-12 06:57:00,116484,101051,300000,55,0200,1
T1004,M2004,ACCT100021,DST300100,2026-01-12 06:58:00,135692,101052,300000,55,0200,1
T1004,M2013,ACCT100021,DST300074,2026-01-12 08:30:00,147479,101140,010000,00,0200,0
T1004,M2013,ACCT100021,DST300093,2026-01-12 09:12:00,143526,101286,010000,00,0200,0
T1004,M2000,ACCT100021,DST300138,2026-01-12 10:05:00,106515,103866,010000,00,0200,0
T1004,M2007,ACCT100021,DST300092,2026-01-12 10:17:00,126115,104659,400000,68,0200,0
T1004,M2008,ACCT100021,DST300065,2026-01-12 10:18:00,108842,104920,400000,00,0200,0
T1004,M2019,ACCT100021,DST300168,2026-01-12 11:59:00,140453,101305,010000,00,0200,0
T1004,M2004,ACCT100021,DST300109,2026-01-12 13:49:00,161849,104963,400000,00,0200,0
T1004,M2015,ACCT100021,DST300160,2026-01-12 13:54:00,168279,102229,400000,00,0200,0
T1004,M2016,ACCT100021,DST300170,2026-01-12 16:28:00,120134,102616,010000,00,0200,0
T1020,M2016,ACCT100022,DST300183,2026-01-17 04:14:00,267252,100934,400000,00,0200,0
T1020,M2003,ACCT100022,DST300055,2026-01-17 06:39:00,288340,100956,010000,00,0200,0
T1020,M2016,ACCT100022,DST300046,2026-01-17 09:38:00,260580,101447,010000,00,0200,0
T1020,M2004,ACCT100022,DST300038,2026-01-17 10:26:00,217812,101576,400000,00,0200,0
T1020,M2009,ACCT100022,DST300030,2026-01-17 13:31:00,263030,101651,400000,00,0200,0
T1020,M2016,ACCT100022,DST300089,2026-01-17 13:56:00,265837,101715,010000,00,0200,0
T1020,M2019,ACCT100022,DST300014,2026-01-17 16:58:00,245112,101736,010000,00,0200,0
T1020,M2005,ACCT100022,DST300099,2026-01-17 19:59:00,272062,102621,010000,00,0200,0
T1020,M2014,ACCT100022,DST300121,2026-01-17 21:00:00,267860,100566,010000,00,0200,0
T1020,M2016,ACCT100022,DST300170,2026-01-17 21:32:00,296773,102785,400000,00,0200,0
T1020,M2011,ACCT100022,DST300131,2026-01-18 00:29:00,268472,103279,400000,00,0200,0
T1020,M2015,ACCT100022,DST300193,2026-01-18 01:08:00,233612,103397,400000,68,0200,0
T1020,M2006,ACCT100022,DST300135,2026-01-18 04:06:00,280150,103656,010000,51,0200,0
T1020,M2014,ACCT100022,DST300068,2026-01-18 06:47:00,243040,104361,010000,00,0200,0
T1020,M2005,ACCT100022,DST300010,2026-01-18 10:36:00,244313,104743,010000,00,0200,0
T1020,M2002,ACCT100023,DST300067,2026-01-13 08:19:00,112477,100703,010000,00,0200,0
T1020,M2004,ACCT100023,DST300126,2026-01-13 08:24:00,97180,100888,010000,00,0200,0
T1020,M2011,ACCT100023,DST300097,2026-01-13 09:41:00,154304,101780,400000,00,0200,0
T1020,M2000,ACCT100023,DST300038,2026-01-13 13:33:00,132342,101854,400000,00,0200,0
T1020,M2006,ACCT100023,DST300117,2026-01-13 15:12:00,99852,101935,400000,00,0200,0
T1020,M2007,ACCT100023,DST300070,2026-01-13 15:46:00,118110,102074,010000,00,0200,0
T1020,M2017,ACCT100023,DST300138,2026-01-13 19:10:00,111540,102081,010000,00,0200,0
T1020,M2007,ACCT100023,DST300030,2026-01-13 20:59:00,109372,102222,400000,00,0200,0
T1020,M2013,ACCT100023,DST300072,2026-01-13 22:28:00,131329,102525,400000,00,0200,0
T1020,M2018,ACCT100023,DST300090,2026-01-14 01:21:00,131204,104233,010000,68,0200,0
T1020,M2003,ACCT100023,DST300091,2026-01-14 01:43:00,127066,102691,010000,00,0200,0
T1020,M2018,ACCT100023,DST300159,2026-01-14 02:30:00,130905,104330,010000,00,0200,0
T1020,M2008,ACCT100023,DST300066,2026-01-14 02:55:00,114097,104690,400000,00,0200,0
T1020,M2005,ACCT100023,DST300151,2026-01-14 04:25:00,116310,104044,010000,00,0200,0
T1020,M2007,ACCT100023,DST300129,2026-01-14 04:59:00,124469,102762,010000,00,0200,0
T1020,M2009,ACCT100023,DST300103,2026-01-14 08:08:00,106609,103291,400000,00,0200,0
T1020,M2009,ACCT100023,DST300024,2026-01-14 08:25:00,432205,103494,010000,00,0200,1
T1020,M2018,ACCT100023,DST300117,2026-01-14 08:53:00,110586,103522,010000,00,0200,0
T1004,M2004,ACCT100024,DST300054,2026-01-12 18:33:00,86919,100350,010000,00,0200,0
T1004,M2008,ACCT100024,DST300128,2026-01-12 18:47:00,147582,100379,010000,00,0200,0
T1004,M2002,ACCT100024,DST300024,2026-01-12 21:26:00,132961,100477,400000,00,0200,0
T1004,M2011,ACCT100024,DST300107,2026-01-13 00:28:00,125194,100484,400000,00,0200,0
T1004,M2004,ACCT100024,DST300167,2026-01-13 02:56:00,118110,100699,010000,00,0200,0
T1004,M2011,ACCT100024,DST300074,2026-01-13 04:51:00,156660,101334,010000,00,0200,0
T1004,M2014,ACCT100024,DST300014,2026-01-13 05:25:00,743339,101936,010000,00,0200,1
T1004,M2006,ACCT100024,DST300119,2026-01-13 05:26:00,111863,102476,400000,00,0200,0
T1004,M2002,ACCT100024,DST300001,2026-01-13 06:42:00,108968,102647,010000,00,0200,0
T1004,M2015,ACCT100024,DST300136,2026-01-13 09:28:00,114846,102825,010000,00,0200,0
T1004,M2019,ACCT100024,DST300183,2026-01-13 12:48:00,93739,103021,400000,00,0200,0
T1004,M2005,ACCT100024,DST300029,2026-01-13 14:45:00,114019,103269,400000,00,0200,0
T1004,M2003,ACCT100024,DST300152,2026-01-13 17:48:00,116583,104110,010000,00,0200,0
T1015,M2015,ACCT100025,DST300115,2026-01-06 01:46:00,269268,102925,400000,00,0200,0
T1003,M2013,ACCT100025,DST300113,2026-01-06 03:26:00,235449,100113,010000,00,0200,0
T1015,M2001,ACCT100025,DST300004,2026-01-06 03:47:00,302933,102983,010000,00,0200,0
T1003,M2003,ACCT100025,DST300143,2026-01-06 04:42:00,274122,102043,400000,00,0200,0
T1015,M2018,ACCT100025,DST300062,2026-01-06 04:47:00,223042,102388,010000,00,0200,1
T1015,M2008,ACCT100025,DST300061,2026-01-06 05:59:00,266460,103092,400000,00,0200,0
T1015,M2012,ACCT100025,DST300072,2026-01-06 06:31:00,234193,102847,010000,00,0200,0
T1003,M2000,ACCT100025,DST300014,2026-01-06 06:40:00,214869,101033,010000,00,0200,0
T1015,M2003,ACCT100025,DST300158,2026-01-06 08:54:00,211445,103244,010000,51,0200,0
T1015,M2008,ACCT100025,DST300141,2026-01-06 09:12:00,265927,104063,010000,00,0200,0
T1003,M2016,ACCT100025,DST300077,2026-01-06 10:05:00,243940,101142,400000,00,0200,0
T1015,M2012,ACCT100025,DST300128,2026-01-06 10:35:00,203557,104247,010000,00,0200,0
T1003,M2018,ACCT100025,DST300137,2026-01-06 10:44:00,247106,101603,010000,00,0200,0
T1015,M2018,ACCT100025,DST300022,2026-01-06 11:40:00,197367,104508,010000,00,0200,0
T1003,M2002,ACCT100025,DST300106,2026-01-06 14:06:00,264314,101903,010000,00,0200,0
T1009,M2018,ACCT100026,DST300168,2026-01-04 01:01:00,182960,102678,010000,00,0200,0
T1009,M2018,ACCT100026,DST300041,2026-01-04 01:32:00,206448,100475,400000,68,0200,0
T1009,M2014,ACCT100026,DST300035,2026-01-04 02:03:00,223048,102858,010000,00,0200,0
T1009,M2012,ACCT100026,DST300181,2026-01-04 02:24:00,154128,100567,400000,68,0200,0
T1009,M2001,ACCT100026,DST300014,2026-01-04 02:40:00,197175,103013,010000,00,0200,0
T1009,M2004,ACCT100026,DST300154,2026-01-04 04:02:00,180736,100762,010000,00,0200,0
T1009,M2018,ACCT100026,DST300198,2026-01-04 05:45:00,226122,103265,400000,00,0200,0
T1009,M2018,ACCT100026,DST300111,2026-01-04 05:51:00,186543,100968,010000,00,0200,0
T1009,M2003,ACCT100026,DST300097,2026-01-04 06:33:00,201855,103678,010000,00,0200,0
T1009,M2015,ACCT100026,DST300194,2026-01-04 08:03:00,193646,101692,010000,00,0200,0
T1009,M2005,ACCT100026,DST300018,2026-01-04 09:47:00,219744,101702,400000,00,0200,0
T1009,M2004,ACCT100026,DST300125,2026-01-04 12:05:00,201180,101778,010000,00,0200,0
T1015,M2007,ACCT100027,DST300045,2026-01-19 02:00:00,295372,100153,010000,00,0200,0
T1015,M2003,ACCT100027,DST300029,2026-01-19 02:26:00,333948,102078,400000,00,0200,0
T1015,M2005,ACCT100027,DST300005,2026-01-19 03:33:00,310085,100228,010000,00,0200,0
T1015,M2016,ACCT100027,DST300130,2026-01-19 05:17:00,299784,102591,400000,00,0200,0
T1015,M2010,ACCT100027,DST300012,2026-01-19 06:09:00,290707,100307,400000,00,0200,0
T1015,M2004,ACCT100027,DST300129,2026-01-19 06:15:00,334511,100961,010000,00,0200,0
T1015,M2001,ACCT100027,DST300036,2026-01-19 06:44:00,288451,102662,400000,00,0200,0
T1015,M2012,ACCT100027,DST300059,2026-01-19 07:37:00,326645,103733,400000,00,0200,0
T1015,M2015,ACCT100027,DST300189,2026-01-19 08:35:00,302942,104131,010000,00,0200,0
T1015,M2001,ACCT100027,DST300009,2026-01-19 09:03:00,307134,101326,010000,00,0200,0
T1015,M2017,ACCT100027,DST300033,2026-01-19 10:00:00,286718,104739,010000,00,0200,0
T1015,M2005,ACCT100027,DST300132,2026-01-19 10:53:00,321860,104891,010000,51,0200,0
T1015,M2019,ACCT100027,DST300067,2026-01-19 11:39:00,296037,101453,010000,68,0200,0
T1015,M2003,ACCT100027,DST300130,2026-01-19 12:15:00,308965,100077,010000,00,0200,0
T1015,M2002,ACCT100027,DST300010,2026-01-19 12:23:00,335501,104912,400000,00,0200,0
T1001,M2006,ACCT100028,DST300182,2026-01-12 23:15:00,308258,100642,400000,00,0200,0
T1001,M2004,ACCT100028,DST300002,2026-01-13 03:05:00,300983,102204,400000,00,0200,0
T1001,M2014,ACCT100028,DST300137,2026-01-13 03:08:00,358204,102280,010000,51,0200,0
T1001,M2006,ACCT100028,DST300179,2026-01-13 03:12:00,339257,100694,400000,00,0200,0
T1001,M2012,ACCT100028,DST300158,2026-01-13 04:47:00,290975,103025,010000,00,0200,0
T1001,M2010,ACCT100028,DST300007,2026-01-13 06:37:00,255437,101114,010000,00,0200,0
T1001,M2002,ACCT100028,DST300125,2026-01-13 07:37:00,288657,103107,010000,00,0200,0
T1001,M2002,ACCT100028,DST300195,2026-01-13 07:38:00,325937,103388,300000,55,0200,1
T1001,M2006,ACCT100028,DST300062,2026-01-13 07:39:00,320623,103389,300000,55,0200,1
T1001,M2009,ACCT100028,DST300146,2026-01-13 07:40:00,270008,103390,300000,55,0200,1
T1001,M2001,ACCT100028,DST300125,2026-01-13 08:04:00,299197,104090,010000,00,0200,0
T1001,M2015,ACCT100028,DST300004,2026-01-13 08:49:00,276370,101160,010000,00,0200,0
T1001,M2012,ACCT100028,DST300100,2026-01-13 09:35:00,261602,104128,400000,00,0200,0
T1001,M2013,ACCT100028,DST300095,2026-01-13 10:30:00,272196,104328,010000,00,0200,0
T1001,M2007,ACCT100028,DST300057,2026-01-13 11:35:00,308191,101222,010000,00,0200,0
T1001,M2018,ACCT100028,DST300060,2026-01-13 12:57:00,288618,104375,400000,00,0200,0
T1001,M2016,ACCT100028,DST300178,2026-01-13 14:38:00,337087,104618,400000,00,0200,0
T1001,M2013,ACCT100028,DST300178,2026-01-13 14:50:00,280734,101347,010000,00,0200,0
T1001,M2011,ACCT100028,DST300113,2026-01-13 15:51:00,298355,104758,010000,00,0200,0
T1001,M2014,ACCT100028,DST300009,2026-01-13 17:36:00,323064,104839,010000,00,0200,0
T1010,M2009,ACCT100029,DST300046,2026-01-06 10:03:00,187823,100442,010000,00,0200,0
T1010,M2003,ACCT100029,DST300025,2026-01-06 12:08:00,219343,100677,010000,00,0200,0
T1010,M2004,ACCT100029,DST999999,2026-01-06 12:10:00,213845,100778,400000,00,0200,1
T1010,M2018,ACCT100029,DST999999,2026-01-06 12:12:00,260736,100779,400000,00,0200,1
T1010,M2008,ACCT100029,DST300000,2026-01-06 13:05:00,197264,100902,010000,51,0200,0
T1010,M2002,ACCT100029,DST300162,2026-01-06 15:41:00,192048,100955,400000,00,0200,0
T1010,M2009,ACCT100029,DST300042,2026-01-06 16:31:00,227681,101159,400000,00,0200,0
T1010,M2014,ACCT100029,DST300036,2026-01-06 20:00:00,213728,101355,400000,00,0200,0
T1010,M2011,ACCT100029,DST300123,2026-01-06 22:25:00,204357,101943,010000,00,0200,0
T1010,M2003,ACCT100029,DST300017,2026-01-06 22:51:00,225735,102961,010000,00,0200,0
T1010,M2010,ACCT100029,DST300153,2026-01-07 03:06:00,245501,103360,010000,00,0200,0
T1010,M2003,ACCT100029,DST300098,2026-01-07 03:07:00,262003,103596,010000,00,0200,0
T1010,M2015,ACCT100029,DST300194,2026-01-07 05:38:00,213536,103673,010000,00,0200,0
T1010,M2000,ACCT100029,DST300009,2026-01-07 09:12:00,209830,103798,010000,00,0200,0
T1010,M2019,ACCT100029,DST300067,2026-01-07 12:58:00,228988,103935,400000,00,0200,0
T1010,M2012,ACCT100029,DST300127,2026-01-07 16:32:00,251954,104200,400000,00,0200,0
T1010,M2016,ACCT100029,DST300011,2026-01-07 19:32:00,229539,104492,010000,00,0200,0
T1010,M2014,ACCT100029,DST300041,2026-01-07 20:17:00,227162,104503,010000,00,0200,0
T1010,M2011,ACCT100029,DST300084,2026-01-07 21:19:00,236228,104822,400000,00,0200,0
T1023,M2007,ACCT100030,DST300085,2026-01-09 03:16:00,184514,102555,010000,51,0200,0
T1023,M2017,ACCT100030,DST300074,2026-01-09 04:35:00,194695,100674,400000,00,0200,0
T1023,M2004,ACCT100030,DST300106,2026-01-09 04:58:00,212425,102927,400000,00,0200,0
T1023,M2011,ACCT100030,DST300023,2026-01-09 06:38:00,176865,103450,400000,00,0200,0
T1023,M2008,ACCT100030,DST300159,2026-01-09 06:39:00,190450,103588,400000,00,0200,0
T1023,M2004,ACCT100030,DST300143,2026-01-09 07:45:00,212150,103621,400000,00,0200,0
T1023,M2015,ACCT100030,DST300188,2026-01-09 07:57:00,229976,100939,010000,00,0200,0
T1023,M2004,ACCT100030,DST300195,2026-01-09 08:18:00,237820,101136,400000,00,0200,0
T1023,M2017,ACCT100030,DST300089,2026-01-09 08:51:00,215567,104210,010000,00,0200,0
T1023,M2011,ACCT100030,DST300129,2026-01-09 09:57:00,240247,101442,400000,00,0200,0
T1023,M2019,ACCT100030,DST300103,2026-01-09 11:27:00,233603,104561,400000,00,0200,0
T1023,M2014,ACCT100030,DST300190,2026-01-09 11:29:00,215594,104808,010000,00,0200,0
T1023,M2018,ACCT100030,DST300085,2026-01-09 12:27:00,189119,100334,400000,00,0200,0
T1023,M2006,ACCT100030,DST300110,2026-01-09 14:56:00,242376,100370,400000,00,0200,0
T1016,M2014,ACCT100031,DST300195,2026-01-15 01:09:00,196718,100027,400000,00,0200,0
T1016,M2009,ACCT100031,DST300189,2026-01-15 04:13:00,153666,100102,010000,00,0200,0
T1016,M2013,ACCT100031,DST300152,2026-01-15 05:58:00,191951,100468,400000,00,0200,0
T1016,M2005,ACCT100031,DST300129,2026-01-15 06:43:00,225167,101416,010000,00,0200,0
T1016,M2018,ACCT100031,DST300166,2026-01-15 09:25:00,201002,102644,400000,00,0200,0
T1016,M2014,ACCT100031,DST300029,2026-01-15 09:49:00,182340,102955,400000,00,0200,0
T1016,M2016,ACCT100031,DST300095,2026-01-15 13:38:00,187195,103075,400000,00,0200,0
T1016,M2012,ACCT100031,DST300183,2026-01-15 13:54:00,164074,103277,400000,00,0200,0
T1016,M2014,ACCT100031,DST300043,2026-01-15 16:10:00,207653,103524,010000,00,0200,0
T1016,M2004,ACCT100031,DST300053,2026-01-15 19:04:00,238398,103670,400000,00,0200,0
T1016,M2015,ACCT100031,DST300184,2026-01-15 22:33:00,194013,103916,010000,00,0200,0
T1016,M2011,ACCT100031,DST300039,2026-01-16 01:33:00,198507,104589,400000,00,0200,0
T1016,M2015,ACCT100031,DST300148,2026-01-16 04:16:00,186404,104868,010000,00,0200,0
T1011,M2017,ACCT100032,DST300070,2026-01-08 19:01:00,352948,100235,400000,00,0200,0
T1011,M2003,ACCT100032,DST300044,2026-01-08 22:54:00,327509,100467,010000,00,0200,0
T1011,M2007,ACCT100032,DST300054,2026-01-09 01:44:00,314861,100516,400000,00,0200,0
T1011,M2012,ACCT100032,DST300010,2026-01-09 04:20:00,313572,100811,010000,00,0200,0
T1011,M2008,ACCT100032,DST300042,2026-01-09 07:21:00,327959,101135,400000,00,0200,0
T1011,M2018,ACCT100032,DST300178,2026-01-09 08:13:00,316571,101974,010000,00,0200,0
T1011,M2018,ACCT100032,DST300112,2026-01-09 08:59:00,350174,102195,010000,00,0200,0
T1011,M2010,ACCT100032,DST300140,2026-01-09 09:19:00,309918,102319,400000,00,0200,0
T1011,M2007,ACCT100032,DST300134,2026-01-09 09:47:00,308753,102726,400000,68,0200,0
T1011,M2002,ACCT100032,DST300114,2026-01-09 10:13:00,1565256,102911,010000,00,0200,1
T1011,M2015,ACCT100032,DST300046,2026-01-09 11:23:00,331172,103468,400000,00,0200,0
T1011,M2015,ACCT100032,DST999999,2026-01-09 11:25:00,320003,103675,400000,00,0200,1
T1011,M2007,ACCT100032,DST999999,2026-01-09 11:27:00,327366,103676,400000,00,0200,1
T1011,M2015,ACCT100032,DST300161,2026-01-09 12:21:00,297060,103872,400000,00,0200,0
T1011,M2019,ACCT100032,DST300074,2026-01-09 13:26:00,319024,104652,400000,00,0200,0
T1011,M2009,ACCT100032,DST300110,2026-01-09 15:13:00,332337,104961,010000,00,0200,0
T1019,M2011,ACCT100033,DST300012,2026-01-07 01:28:00,270909,102790,010000,00,0200,1
T1019,M2009,ACCT100033,DST300080,2026-01-07 02:45:00,185760,102454,400000,00,0200,0
T1019,M2012,ACCT100033,DST300139,2026-01-07 02:54:00,219868,102824,010000,00,0200,0
T1019,M2017,ACCT100033,DST300064,2026-01-07 02:56:00,187223,102935,400000,00,0200,0
T1019,M2005,ACCT100033,DST300119,2026-01-07 02:57:00,227500,103263,400000,00,0200,0
T1019,M2004,ACCT100033,DST300199,2026-01-07 04:11:00,241189,102242,010000,00,0200,0
T1019,M2017,ACCT100033,DST300095,2026-01-07 06:15:00,191833,104407,010000,00,0200,0
T1019,M2014,ACCT100033,DST300113,2026-01-07 08:10:00,206638,102368,400000,00,0200,0
T1019,M2016,ACCT100033,DST300001,2026-01-07 22:24:00,192781,101487,400000,00,0200,0
T1028,M2013,ACCT100034,DST300046,2026-01-16 10:54:00,269466,100010,010000,00,0200,0
T1028,M2000,ACCT100034,DST300069,2026-01-16 12:51:00,283096,100236,400000,00,0200,0
T1028,M2006,ACCT100034,DST300145,2026-01-16 14:23:00,250503,101366,400000,00,0200,0
T1028,M2003,ACCT100034,DST300110,2026-01-16 14:49:00,257158,102034,400000,00,0200,0
T1028,M2001,ACCT100034,DST300129,2026-01-16 17:06:00,261203,102249,400000,00,0200,0
T1028,M2013,ACCT100034,DST300076,2026-01-16 19:44:00,248463,103183,400000,00,0200,0
T1028,M2003,ACCT100034,DST300032,2026-01-16 20:27:00,303880,103355,010000,00,0200,0
T1028,M2018,ACCT100034,DST300147,2026-01-16 22:21:00,276394,103992,010000,00,0200,0
T1028,M2013,ACCT100034,DST300101,2026-01-16 23:59:00,273094,104610,010000,00,0200,0
T1028,M2018,ACCT100034,DST300030,2026-01-17 00:12:00,261600,104965,400000,00,0200,0
T1023,M2019,ACCT100035,DST300161,2026-01-12 14:08:00,176093,100631,400000,00,0200,0
T1023,M2008,ACCT100035,DST300177,2026-01-12 16:03:00,161468,100809,400000,00,0200,0
T1023,M2002,ACCT100035,DST300121,2026-01-12 17:30:00,187256,100878,400000,00,0200,0
T1023,M2003,ACCT100035,DST300191,2026-01-12 18:05:00,850611,100928,010000,00,0200,1
T1023,M2016,ACCT100035,DST300016,2026-01-12 20:35:00,149001,101014,400000,00,0200,0
T1023,M2015,ACCT100035,DST300199,2026-01-12 20:59:00,187994,101165,400000,00,0200,0
T1023,M2019,ACCT100035,DST300055,2026-01-13 00:29:00,153476,101266,400000,00,0200,0
T1023,M2015,ACCT100035,DST300078,2026-01-13 01:39:00,180651,104954,010000,00,0200,0
T1023,M2017,ACCT100035,DST300028,2026-01-13 03:40:00,185903,101578,400000,00,0200,0
T1023,M2013,ACCT100035,DST300051,2026-01-13 03:54:00,186826,101972,400000,00,0200,0
T1023,M2014,ACCT100035,DST300184,2026-01-13 07:10:00,195249,102299,400000,00,0200,0
T1023,M2002,ACCT100035,DST300123,2026-01-13 07:28:00,179347,102571,010000,00,0200,0
T1023,M2006,ACCT100035,DST300155,2026-01-13 09:02:00,172114,103492,010000,00,0200,0
T1023,M2004,ACCT100035,DST300103,2026-01-13 10:39:00,156792,104312,400000,00,0200,0
T1023,M2013,ACCT100035,DST300093,2026-01-13 11:45:00,144333,104424,400000,00,0200,0
T1023,M2015,ACCT100035,DST300018,2026-01-13 12:16:00,170577,104766,010000,00,0200,0
T1026,M2009,ACCT100036,DST300059,2026-01-08 03:07:00,35096,101369,010000,00,0200,0
T1026,M2016,ACCT100036,DST300017,2026-01-08 03:43:00,44688,102598,010000,00,0200,0
T1026,M2018,ACCT100036,DST300063,2026-01-08 05:32:00,36489,102102,010000,00,0200,0
T1026,M2015,ACCT100036,DST300193,2026-01-08 06:06:00,40082,102611,010000,51,0200,0
T1026,M2004,ACCT100036,DST300168,2026-01-08 08:42:00,41674,102717,400000,00,0200,0
T1026,M2004,ACCT100036,DST300079,2026-01-08 11:28:00,51945,103105,010000,00,0200,0
T1026,M2012,ACCT100036,DST300115,2026-01-08 12:16:00,26269,103217,010000,68,0200,0
T1026,M2005,ACCT100036,DST300027,2026-01-08 12:42:00,65738,103275,010000,00,0200,0
T1026,M2018,ACCT100036,DST300113,2026-01-08 15:25:00,50007,100412,010000,68,0200,0
T1026,M2018,ACCT100036,DST300002,2026-01-08 16:24:00,90853,104064,010000,00,0200,0
T1026,M2019,ACCT100036,DST300056,2026-01-08 16:27:00,33063,100959,400000,00,0200,0
T1026,M2013,ACCT100036,DST300005,2026-01-08 16:28:00,48510,101034,300000,55,0200,1
T1026,M2014,ACCT100036,DST300165,2026-01-08 16:29:00,75543,101035,300000,55,0200,1
T1026,M2015,ACCT100036,DST300120,2026-01-08 19:50:00,48838,104260,010000,00,0200,0
T1026,M2000,ACCT100036,DST300009,2026-01-08 22:02:00,20000,104284,010000,00,0200,0
T1026,M2002,ACCT100036,DST300175,2026-01-08 23:21:00,57223,104631,400000,00,0200,0
T1026,M2011,ACCT100036,DST300017,2026-01-09 02:46:00,65553,104941,400000,00,0200,0
T1010,M2002,ACCT100037,DST300003,2026-01-13 02:51:00,40308,101015,010000,00,0200,0
T1010,M2016,ACCT100037,DST300103,2026-01-13 03:35:00,93859,101189,400000,00,0200,0
T1010,M2007,ACCT100037,DST300156,2026-01-13 04:31:00,69205,100248,010000,00,0200,0
T1010,M2012,ACCT100037,DST300050,2026-01-13 06:43:00,26432,101197,400000,00,0200,0
T1010,M2007,ACCT100037,DST300178,2026-01-13 08:04:00,83805,100328,010000,00,0200,0
T1010,M2018,ACCT100037,DST300110,2026-01-13 09:47:00,43899,101503,400000,00,0200,0
T1022,M2016,ACCT100037,DST300052,2026-01-13 09:52:00,75667,101826,010000,00,0200,1
T1022,M2016,ACCT100037,DST300090,2026-01-13 11:24:00,104557,101868,010000,00,0200,0
T1022,M2004,ACCT100037,DST300164,2026-01-13 11:25:00,77106,101905,010000,00,0200,0
T1010,M2014,ACCT100037,DST300076,2026-01-13 11:53:00,80351,100925,010000,00,0200,0
T1022,M2019,ACCT100037,DST300142,2026-01-13 12:40:00,20000,102126,010000,00,0200,0
T1022,M2006,ACCT100037,DST300122,2026-01-13 15:52:00,63864,102421,010000,68,0200,0
T1022,M2003,ACCT100037,DST300166,2026-01-13 19:07:00,87256,102503,010000,00,0200,0
T1022,M2005,ACCT100037,DST300129,2026-01-13 21:57:00,59663,103109,010000,00,0200,0
T1022,M2016,ACCT100037,DST300177,2026-01-13 22:53:00,78749,103475,010000,00,0200,0
T1022,M2000,ACCT100037,DST300159,2026-01-14 01:49:00,79980,103823,010000,00,0200,0
T1022,M2000,ACCT100037,DST300051,2026-01-14 05:34:00,87126,103960,010000,00,0200,0
T1022,M2000,ACCT100037,DST300065,2026-01-14 06:43:00,36824,103980,400000,00,0200,0
T1022,M2005,ACCT100037,DST300104,2026-01-14 10:43:00,20000,104593,400000,00,0200,0
T1022,M2008,ACCT100037,DST300043,2026-01-14 13:31:00,88842,104913,010000,00,0200,0
T1012,M2004,ACCT100038,DST300093,2026-01-17 02:56:00,326435,103180,400000,00,0200,0
T1012,M2018,ACCT100038,DST300076,2026-01-17 03:12:00,675488,102982,010000,00,0200,1
T1012,M2006,ACCT100038,DST300123,2026-01-17 04:09:00,664602,101606,010000,00,0200,1
T1012,M2008,ACCT100038,DST300181,2026-01-17 04:46:00,358495,104390,400000,00,0200,0
T1012,M2017,ACCT100038,DST300020,2026-01-17 05:24:00,354508,103476,010000,00,0200,0
T1012,M2017,ACCT100038,DST300122,2026-01-17 06:45:00,358377,101637,400000,00,0200,0
T1012,M2014,ACCT100038,DST300076,2026-01-17 07:02:00,362179,104464,400000,00,0200,0
T1012,M2005,ACCT100038,DST300134,2026-01-17 08:29:00,340465,104123,010000,00,0200,0
T1012,M2000,ACCT100038,DST300001,2026-01-17 08:50:00,334957,104502,400000,00,0200,0
T1012,M2007,ACCT100038,DST300073,2026-01-17 09:21:00,359459,101719,400000,68,0200,0
T1012,M2004,ACCT100038,DST300198,2026-01-17 10:01:00,313428,102465,010000,00,0200,0
T1012,M2005,ACCT100038,DST300175,2026-01-17 10:28:00,345062,102582,010000,00,0200,0
T1012,M2009,ACCT100038,DST300185,2026-01-17 14:04:00,357447,101240,400000,00,0200,0
T1012,M2000,ACCT100038,DST300011,2026-01-17 17:27:00,308571,101553,010000,00,0200,0
T1006,M2001,ACCT100039,DST300027,2026-01-17 18:11:00,251557,100019,010000,00,0200,0
T1006,M2006,ACCT100039,DST300166,2026-01-17 21:36:00,247220,100042,400000,00,0200,0
T1006,M2009,ACCT100039,DST300078,2026-01-17 21:37:00,270296,100114,400000,00,0200,0
T1006,M2017,ACCT100039,DST300063,2026-01-17 22:23:00,259636,100268,010000,00,0200,0
T1006,M2012,ACCT100039,DST300011,2026-01-18 00:33:00,252942,100393,400000,00,0200,0
T1006,M2009,ACCT100039,DST300095,2026-01-18 01:00:00,256465,100837,010000,00,0200,0
T1006,M2000,ACCT100039,DST300128,2026-01-18 02:32:00,233359,101565,400000,00,0200,0
T1006,M2018,ACCT100039,DST300190,2026-01-18 03:29:00,246374,101573,010000,00,0200,0
T1006,M2012,ACCT100039,DST300170,2026-01-18 04:04:00,386490,101162,010000,00,0200,1
T1006,M2011,ACCT100039,DST300041,2026-01-18 06:38:00,240952,101660,010000,00,0200,0
T1006,M2017,ACCT100039,DST300015,2026-01-18 07:22:00,275667,101180,400000,00,0200,0
T1006,M2001,ACCT100039,DST300117,2026-01-18 07:39:00,242677,101288,010000,00,0200,0
T1006,M2006,ACCT100039,DST300048,2026-01-18 07:59:00,248465,103134,010000,00,0200,0
T1006,M2004,ACCT100039,DST300003,2026-01-18 11:10:00,275633,103395,400000,00,0200,0
T1008,M2001,ACCT100039,DST300126,2026-01-18 11:14:00,212117,103928,010000,00,0200,1
T1008,M2009,ACCT100039,DST300051,2026-01-18 14:08:00,229558,104984,400000,00,0200,0
T1023,M2000,ACCT100040,DST300086,2026-01-19 20:19:00,233143,100521,400000,00,0200,0
T1023,M2006,ACCT100040,DST300016,2026-01-19 21:25:00,256036,100869,010000,00,0200,0
T1023,M2019,ACCT100040,DST300055,2026-01-19 23:24:00,249036,101217,010000,00,0200,0
T1023,M2019,ACCT100040,DST300152,2026-01-20 01:31:00,239209,101267,400000,00,0200,0
T1023,M2019,ACCT100040,DST300095,2026-01-20 03:45:00,245891,104193,400000,51,0200,0
T1023,M2016,ACCT100040,DST300122,2026-01-20 05:05:00,246637,102053,400000,51,0200,0
T1023,M2002,ACCT100040,DST300169,2026-01-20 05:06:00,235013,102111,400000,00,0200,0
T1023,M2009,ACCT100040,DST300198,2026-01-20 07:48:00,240659,102690,400000,00,0200,0
T1023,M2012,ACCT100040,DST300090,2026-01-20 08:37:00,255045,103147,010000,00,0200,0
T1023,M2017,ACCT100040,DST300047,2026-01-20 11:39:00,227867,103946,010000,00,0200,0
T1024,M2005,ACCT100041,DST300126,2026-01-16 19:12:00,381848,100624,010000,00,0200,0
T1024,M2005,ACCT100041,DST300131,2026-01-16 23:09:00,368555,101300,400000,00,0200,0
T1024,M2007,ACCT100041,DST300058,2026-01-17 00:24:00,367184,101430,400000,00,0200,0
T1024,M2018,ACCT100041,DST300148,2026-01-17 02:00:00,301593,103680,400000,00,0200,0
T1024,M2019,ACCT100041,DST300143,2026-01-17 02:15:00,323686,101590,400000,00,0200,0
T1024,M2012,ACCT100041,DST300094,2026-01-17 02:21:00,347710,104680,010000,68,0200,0
T1024,M2016,ACCT100041,DST300065,2026-01-17 02:22:00,326082,104874,400000,00,0200,0
T1024,M2002,ACCT100041,DST300137,2026-01-17 03:52:00,345122,102820,400000,00,0200,0
T1024,M2010,ACCT100041,DST300019,2026-01-17 04:12:00,371785,101979,400000,00,0200,0
T1024,M2002,ACCT100041,DST300015,2026-01-17 05:27:00,320417,102719,400000,00,0200,0
T1024,M2016,ACCT100041,DST300016,2026-01-17 07:32:00,350242,102968,010000,00,0200,0
T1010,M2018,ACCT100042,DST300131,2026-01-10 22:39:00,114833,100040,010000,00,0200,0
T1010,M2012,ACCT100042,DST300121,2026-01-10 23:25:00,113273,101340,400000,00,0200,0
T1010,M2007,ACCT100042,DST300025,2026-01-11 01:07:00,100030,101504,400000,00,0200,0
T1010,M2008,ACCT100042,DST300177,2026-01-11 02:52:00,108281,102859,010000,00,0200,0
T1010,M2001,ACCT100042,DST300087,2026-01-11 04:39:00,112019,103145,010000,00,0200,0
T1010,M2016,ACCT100042,DST300144,2026-01-11 07:25:00,86217,103938,400000,00,0200,0
T1010,M2003,ACCT100042,DST300030,2026-01-11 08:16:00,98557,104482,400000,00,0200,0
T1010,M2012,ACCT100042,DST300150,2026-01-11 09:56:00,90621,104602,010000,00,0200,0
T1003,M2006,ACCT100043,DST300024,2026-01-20 21:49:00,234747,101709,010000,00,0200,0
T1003,M2014,ACCT100043,DST300033,2026-01-20 23:42:00,256082,101966,400000,00,0200,0
T1003,M2012,ACCT100043,DST300061,2026-01-21 00:52:00,265118,102651,010000,00,0200,0
T1003,M2003,ACCT100043,DST300047,2026-01-21 01:36:00,289544,102756,010000,00,0200,0
T1003,M2006,ACCT100043,DST300060,2026-01-21 03:54:00,266761,102962,010000,00,0200,0
T1003,M2003,ACCT100043,DST300011,2026-01-21 06:45:00,248924,103113,400000,68,0200,0
T1003,M2017,ACCT100043,DST300134,2026-01-21 08:16:00,256437,103709,400000,00,0200,0
T1003,M2015,ACCT100043,DST300055,2026-01-21 09:29:00,294393,103970,400000,00,0200,0
T1003,M2019,ACCT100043,DST300185,2026-01-21 09:50:00,2156509,104298,010000,00,0200,1
T1005,M2011,ACCT100044,DST300108,2026-01-01 04:16:00,115326,101147,010000,00,0200,0
T1005,M2002,ACCT100044,DST300151,2026-01-01 04:27:00,143960,101521,010000,00,0200,0
T1005,M2007,ACCT100044,DST300073,2026-01-01 04:28:00,141017,102384,300000,55,0200,1
T1005,M2001,ACCT100044,DST300182,2026-01-01 04:29:00,110929,102385,300000,55,0200,1
T1005,M2002,ACCT100044,DST300092,2026-01-01 04:30:00,174550,102386,300000,55,0200,1
T1005,M2002,ACCT100044,DST300019,2026-01-01 04:37:00,148563,104679,010000,00,0200,0
T1005,M2007,ACCT100044,DST300146,2026-01-01 06:32:00,150708,100423,010000,00,0200,0
T1005,M2004,ACCT100044,DST300017,2026-01-01 07:04:00,137171,104759,010000,00,0200,0
T1005,M2015,ACCT100044,DST300190,2026-01-01 07:12:00,135416,104845,010000,00,0200,0
T1005,M2016,ACCT100044,DST300049,2026-01-01 07:49:00,134030,104922,010000,00,0200,0
T1005,M2005,ACCT100044,DST300060,2026-01-01 08:08:00,113175,100500,010000,00,0200,0
T1005,M2017,ACCT100044,DST300033,2026-01-01 09:57:00,106724,101012,010000,00,0200,0
T1010,M2009,ACCT100045,DST300007,2026-01-02 01:36:00,267294,100065,400000,00,0200,0
T1010,M2013,ACCT100045,DST300188,2026-01-02 02:13:00,275940,103428,010000,00,0200,0
T1010,M2009,ACCT100045,DST300081,2026-01-02 04:01:00,315253,104124,400000,00,0200,0
T1010,M2007,ACCT100045,DST300099,2026-01-02 04:39:00,319637,104291,400000,00,0200,0
T1010,M2017,ACCT100045,DST300154,2026-01-02 04:51:00,345384,100101,400000,00,0200,0
T1010,M2010,ACCT100045,DST300165,2026-01-02 05:23:00,320091,104458,010000,00,0200,0
T1010,M2006,ACCT100045,DST300032,2026-01-02 07:26:00,268284,100715,010000,00,0200,0
T1010,M2007,ACCT100045,DST300004,2026-01-02 10:44:00,281169,101144,400000,00,0200,0
T1020,M2007,ACCT100046,DST300158,2026-01-06 18:41:00,139052,100298,010000,00,0200,0
T1020,M2018,ACCT100046,DST300155,2026-01-06 19:46:00,141166,100422,400000,00,0200,0
T1020,M2011,ACCT100046,DST300033,2026-01-06 19:47:00,112446,100501,300000,55,0200,1
T1020,M2009,ACCT100046,DST300053,2026-01-06 19:48:00,121683,100502,300000,55,0200,1
T1020,M2003,ACCT100046,DST300122,2026-01-06 19:49:00,126208,100503,300000,55,0200,1
T1020,M2001,ACCT100046,DST300095,2026-01-06 19:50:00,130300,100504,300000,55,0200,1
T1020,M2003,ACCT100046,DST300003,2026-01-06 22:57:00,125513,100952,400000,00,0200,0
T1020,M2018,ACCT100046,DST300150,2026-01-07 01:02:00,145256,100965,400000,00,0200,0
T1020,M2015,ACCT100046,DST300144,2026-01-07 01:04:00,150344,101356,400000,00,0200,0
T1020,M2001,ACCT100046,DST300075,2026-01-07 02:49:00,134121,101621,400000,00,0200,0
T1020,M2014,ACCT100046,DST300062,2026-01-07 04:21:00,138003,103758,400000,00,0200,0
T1020,M2010,ACCT100046,DST300171,2026-01-07 05:23:00,145142,101629,010000,00,0200,0
T1020,M2005,ACCT100046,DST300120,2026-01-07 05:26:00,129947,101862,400000,00,0200,0
T1020,M2004,ACCT100046,DST300156,2026-01-07 07:02:00,145488,103776,010000,00,0200,0
T1020,M2019,ACCT100046,DST999999,2026-01-07 07:04:00,112523,104098,400000,00,0200,1
T1020,M2000,ACCT100046,DST999999,2026-01-07 07:06:00,124130,104099,400000,00,0200,1
T1020,M2001,ACCT100046,DST999999,2026-01-07 07:08:00,135765,104100,400000,00,0200,1
T1020,M2013,ACCT100046,DST300036,2026-01-07 07:18:00,134822,104386,010000,00,0200,0
T1020,M2007,ACCT100046,DST300053,2026-01-07 08:28:00,149821,102174,400000,00,0200,0
T1020,M2017,ACCT100046,DST300115,2026-01-07 11:16:00,136454,102436,400000,00,0200,0
T1020,M2016,ACCT100046,DST300112,2026-01-07 11:30:00,113625,102444,010000,00,0200,0
T1020,M2018,ACCT100046,DST300089,2026-01-07 11:58:00,136781,102565,010000,00,0200,0
T1020,M2012,ACCT100046,DST300154,2026-01-07 13:54:00,124696,102610,400000,00,0200,0
T1005,M2015,ACCT100047,DST300178,2026-01-04 14:24:00,315387,100087,400000,00,0200,0
T1005,M2012,ACCT100047,DST300184,2026-01-04 17:29:00,313832,100138,400000,00,0200,0
T1005,M2007,ACCT100047,DST300095,2026-01-04 18:39:00,336678,101109,400000,00,0200,0
T1005,M2015,ACCT100047,DST300180,2026-01-04 18:52:00,1244618,101699,010000,00,0200,1
T1005,M2016,ACCT100047,DST300054,2026-01-04 19:26:00,299702,101724,010000,00,0200,0
T1005,M2002,ACCT100047,DST300125,2026-01-04 22:43:00,338100,102652,400000,00,0200,0
T1005,M2015,ACCT100047,DST999999,2026-01-04 22:45:00,346608,102804,400000,00,0200,1
T1005,M2004,ACCT100047,DST999999,2026-01-04 22:47:00,350060,102805,400000,00,0200,1
T1005,M2008,ACCT100047,DST300058,2026-01-05 02:43:00,337059,103325,400000,00,0200,0
T1005,M2016,ACCT100047,DST300143,2026-01-05 06:41:00,301194,103400,400000,00,0200,0
T1005,M2003,ACCT100047,DST300109,2026-01-05 07:02:00,1356283,103801,010000,00,0200,1
T1005,M2007,ACCT100047,DST300011,2026-01-05 08:47:00,329875,103981,400000,00,0200,0
T1005,M2011,ACCT100047,DST300097,2026-01-05 11:36:00,354976,104559,010000,00,0200,0
T1005,M2017,ACCT100047,DST300038,2026-01-05 14:25:00,362721,104859,400000,00,0200,0
T1000,M2004,ACCT100048,DST300067,2026-01-09 01:00:00,189857,102783,400000,00,0200,0
T1000,M2011,ACCT100048,DST300029,2026-01-09 01:24:00,232746,102973,010000,00,0200,0
T1000,M2000,ACCT100048,DST300034,2026-01-09 03:02:00,218788,100116,010000,00,0200,0
T1000,M2011,ACCT100048,DST300179,2026-01-09 03:17:00,212822,103753,010000,00,0200,0
T1000,M2006,ACCT100048,DST300022,2026-01-09 05:20:00,224839,101458,400000,00,0200,0
T1000,M2008,ACCT100048,DST300129,2026-01-09 05:31:00,203317,101502,400000,00,0200,0
T1000,M2004,ACCT100048,DST300032,2026-01-09 06:58:00,231323,104619,010000,00,0200,0
T1000,M2002,ACCT100048,DST300046,2026-01-09 07:07:00,210471,101618,010000,00,0200,0
T1000,M2010,ACCT100048,DST300048,2026-01-09 07:24:00,226510,104757,400000,00,0200,0
T1000,M2017,ACCT100048,DST300176,2026-01-09 09:54:00,173911,101888,010000,00,0200,0
T1000,M2008,ACCT100048,DST300178,2026-01-09 11:34:00,227564,102186,400000,00,0200,0
T1000,M2007,ACCT100048,DST300066,2026-01-09 11:56:00,269481,102636,400000,00,0200,0
T1000,M2007,ACCT100048,DST300010,2026-01-09 14:56:00,195093,102706,400000,00,0200,0
T1013,M2015,ACCT100049,DST300084,2026-01-10 11:38:00,243632,100075,400000,00,0200,0
T1013,M2013,ACCT100049,DST300195,2026-01-10 12:54:00,232471,100362,010000,00,0200,0
T1013,M2008,ACCT100049,DST300128,2026-01-10 13:57:00,226563,100931,010000,00,0200,0
T1013,M2003,ACCT100049,DST300074,2026-01-10 16:46:00,218701,101422,400000,00,0200,0
T1013,M2006,ACCT100049,DST300172,2026-01-10 17:36:00,193389,101564,400000,00,0200,0
T1013,M2015,ACCT100049,DST300032,2026-01-10 17:39:00,243246,102027,400000,00,0200,0
T1013,M2008,ACCT100049,DST300100,2026-01-10 20:25:00,240445,103121,400000,00,0200,0
T1006,M2003,ACCT100049,DST300092,2026-01-10 20:30:00,239797,103945,010000,00,0200,1
T1006,M2010,ACCT100049,DST300154,2026-01-10 23:54:00,239369,104126,400000,00,0200,0
T1006,M2001,ACCT100049,DST300114,2026-01-11 01:53:00,209183,104262,010000,00,0200,0
T1006,M2008,ACCT100049,DST300066,2026-01-11 02:55:00,206357,104405,010000,00,0200,0
T1006,M2013,ACCT100049,DST300126,2026-01-11 06:17:00,274039,104456,400000,00,0200,0
T1027,M2009,ACCT100050,DST300050,2026-01-09 03:52:00,351141,100100,010000,00,0200,0
T1018,M2016,ACCT100050,DST300140,2026-01-09 04:15:00,355011,103365,010000,00,0200,0
T1027,M2015,ACCT100050,DST300159,2026-01-09 04:58:00,359920,100355,400000,00,0200,0
T1027,M2014,ACCT100050,DST300115,2026-01-09 05:00:00,344193,100862,010000,00,0200,0
T1018,M2008,ACCT100050,DST300076,2026-01-09 07:33:00,359361,103506,010000,00,0200,0
T1027,M2016,ACCT100050,DST300039,2026-01-09 08:17:00,311007,101321,010000,51,0200,0
T1027,M2019,ACCT100050,DST300006,2026-01-09 08:35:00,349517,101696,400000,00,0200,0
T1018,M2000,ACCT100050,DST300112,2026-01-09 09:19:00,332934,103571,400000,00,0200,0
T1018,M2014,ACCT100050,DST300118,2026-01-09 10:02:00,333673,103894,010000,00,0200,0
T1027,M2005,ACCT100050,DST300033,2026-01-09 10:37:00,393947,102929,010000,00,0200,0
T1018,M2012,ACCT100050,DST300189,2026-01-09 10:38:00,340670,103232,010000,00,0200,1
T1018,M2007,ACCT100050,DST300169,2026-01-09 13:28:00,341951,103965,010000,00,0200,0
T1018,M2011,ACCT100050,DST300112,2026-01-09 13:34:00,349949,104096,400000,00,0200,0
T1018,M2004,ACCT100050,DST300103,2026-01-09 14:27:00,356492,104297,400000,00,0200,0
T1018,M2005,ACCT100050,DST300127,2026-01-09 16:44:00,307945,104325,400000,00,0200,0
T1018,M2016,ACCT100050,DST300137,2026-01-09 18:58:00,341609,104362,010000,68,0200,0
T1018,M2000,ACCT100050,DST300123,2026-01-09 22:27:00,336358,104395,400000,00,0200,0
T1018,M2014,ACCT100050,DST300151,2026-01-10 01:55:00,377692,104409,400000,00,0200,0
T1025,M2017,ACCT100051,DST300013,2026-01-07 01:00:00,149013,103223,400000,00,0200,0
T1025,M2019,ACCT100051,DST300052,2026-01-07 01:29:00,129321,103085,010000,00,0200,0
T1025,M2009,ACCT100051,DST300133,2026-01-07 02:50:00,110910,103598,400000,00,0200,0
T1025,M2010,ACCT100051,DST300014,2026-01-07 02:52:00,73071,103700,010000,00,0200,0
T1025,M2001,ACCT100051,DST300090,2026-01-07 03:03:00,107147,103811,010000,00,0200,0
T1025,M2004,ACCT100051,DST300109,2026-01-07 06:50:00,140299,100447,400000,00,0200,0
T1025,M2006,ACCT100051,DST300134,2026-01-07 06:53:00,82787,100453,010000,68,0200,0
T1025,M2008,ACCT100051,DST300037,2026-01-07 06:57:00,75965,103982,010000,00,0200,0
T1025,M2015,ACCT100051,DST300018,2026-01-07 09:03:00,135982,100587,400000,00,0200,0
T1025,M2002,ACCT100051,DST300093,2026-01-07 10:57:00,147201,101239,400000,00,0200,0
T1025,M2013,ACCT100051,DST300007,2026-01-07 11:13:00,884082,102154,010000,00,0200,1
T1025,M2002,ACCT100051,DST300114,2026-01-07 13:24:00,115625,102599,400000,00,0200,0
T1025,M2019,ACCT100051,DST300096,2026-01-07 15:16:00,128419,102683,010000,00,0200,0
T1025,M2010,ACCT100051,DST300164,2026-01-07 17:31:00,105122,102736,400000,00,0200,0
T1025,M2014,ACCT100051,DST300003,2026-01-07 19:09:00,107721,102877,010000,00,0200,0
T1025,M2018,ACCT100051,DST300019,2026-01-07 20:04:00,113751,102966,400000,00,0200,0
T1002,M2012,ACCT100052,DST300100,2026-01-19 15:49:00,255620,100062,400000,00,0200,0
T1002,M2007,ACCT100052,DST300149,2026-01-19 16:37:00,276666,100163,400000,00,0200,0
T1002,M2006,ACCT100052,DST300038,2026-01-19 19:21:00,292892,100317,400000,00,0200,0
T1002,M2003,ACCT100052,DST300113,2026-01-19 19:56:00,2018666,100650,010000,00,0200,1
T1002,M2007,ACCT100052,DST300165,2026-01-19 22:40:00,245760,100733,010000,00,0200,0
T1002,M2011,ACCT100052,DST300079,2026-01-19 23:16:00,234751,100930,400000,00,0200,0
T1002,M2008,ACCT100052,DST300190,2026-01-19 23:58:00,285342,101638,400000,00,0200,0
T1002,M2002,ACCT100052,DST300055,2026-01-20 03:44:00,239356,102236,400000,00,0200,0
T1002,M2017,ACCT100052,DST300102,2026-01-20 03:57:00,278186,102323,010000,00,0200,0
T1002,M2002,ACCT100052,DST300190,2026-01-20 06:54:00,251692,102852,400000,00,0200,0
T1002,M2010,ACCT100052,DST300109,2026-01-20 07:10:00,279217,103267,400000,00,0200,0
T1002,M2011,ACCT100052,DST300001,2026-01-20 07:13:00,270061,103280,400000,00,0200,0
T1002,M2004,ACCT100052,DST300045,2026-01-20 07:36:00,232037,103346,010000,00,0200,0
T1002,M2008,ACCT100052,DST300054,2026-01-20 07:41:00,231386,103607,400000,00,0200,0
T1002,M2008,ACCT100052,DST300159,2026-01-20 09:37:00,280124,104372,010000,00,0200,0
T1002,M2012,ACCT100052,DST300072,2026-01-20 10:06:00,243265,104691,400000,00,0200,0
T1002,M2019,ACCT100053,DST300001,2026-01-19 16:52:00,319824,100093,010000,00,0200,0
T1002,M2012,ACCT100053,DST300198,2026-01-19 17:26:00,332128,100296,010000,00,0200,0
T1002,M2015,ACCT100053,DST300017,2026-01-19 19:12:00,308293,100653,400000,00,0200,0
T1002,M2010,ACCT100053,DST300084,2026-01-19 19:59:00,325853,100724,400000,00,0200,0
T1002,M2002,ACCT100053,DST300118,2026-01-19 20:54:00,317347,101599,400000,00,0200,0
T1002,M2013,ACCT100053,DST300073,2026-01-20 00:44:00,328409,101626,010000,00,0200,0
T1002,M2014,ACCT100053,DST300095,2026-01-20 02:10:00,320788,104091,010000,00,0200,0
T1002,M2000,ACCT100053,DST300112,2026-01-20 02:53:00,328480,101883,400000,00,0200,0
T1002,M2018,ACCT100053,DST300199,2026-01-20 03:38:00,279884,102135,010000,00,0200,0
T1002,M2012,ACCT100053,DST300176,2026-01-20 04:54:00,285795,104143,400000,00,0200,0
T1002,M2002,ACCT100053,DST300048,2026-01-20 05:51:00,335359,102214,400000,00,0200,0
T1002,M2001,ACCT100053,DST300084,2026-01-20 06:02:00,292945,104158,010000,00,0200,0
T1002,M2006,ACCT100053,DST300063,2026-01-20 07:18:00,316390,102463,010000,00,0200,0
T1002,M2000,ACCT100053,DST300197,2026-01-20 09:10:00,288487,104858,400000,51,0200,0
T1002,M2011,ACCT100053,DST300036,2026-01-20 09:49:00,314438,102638,010000,00,0200,0
T1002,M2018,ACCT100053,DST300060,2026-01-20 10:41:00,309847,102997,400000,00,0200,0
T1002,M2019,ACCT100053,DST300083,2026-01-20 13:48:00,286510,104060,400000,00,0200,0
T1017,M2017,ACCT100054,DST300163,2026-01-17 01:34:00,112567,102868,400000,00,0200,0
T1017,M2001,ACCT100054,DST300150,2026-01-17 02:56:00,127680,103067,010000,00,0200,0
T1017,M2015,ACCT100054,DST300175,2026-01-17 03:34:00,93693,100680,010000,51,0200,0
T1017,M2006,ACCT100054,DST300179,2026-01-17 04:33:00,130821,102224,400000,00,0200,0
T1017,M2005,ACCT100054,DST300014,2026-01-17 04:53:00,100499,101839,400000,00,0200,0
T1017,M2005,ACCT100054,DST300131,2026-01-17 05:10:00,94475,101847,400000,00,0200,0
T1017,M2015,ACCT100054,DST300153,2026-01-17 06:51:00,89399,103830,400000,00,0200,0
T1017,M2000,ACCT100054,DST300109,2026-01-17 06:52:00,109397,104497,400000,00,0200,0
T1017,M2011,ACCT100054,DST300194,2026-01-17 14:03:00,98720,100338,010000,00,0200,0
T1017,M2002,ACCT100054,DST300082,2026-01-17 17:12:00,110162,100361,010000,00,0200,0
T1017,M2009,ACCT100054,DST300193,2026-01-17 21:09:00,116125,100574,010000,00,0200,0
T1026,M2001,ACCT100055,DST300103,2026-01-16 02:25:00,160878,101352,400000,00,0200,0
T1028,M2012,ACCT100055,DST300188,2026-01-16 02:26:00,121158,101457,010000,00,0200,1
T1028,M2002,ACCT100055,DST300096,2026-01-16 05:04:00,177605,101965,010000,00,0200,0
T1028,M2010,ACCT100055,DST300094,2026-01-16 07:37:00,132606,101969,400000,00,0200,0
T1028,M2003,ACCT100055,DST300199,2026-01-16 09:13:00,165600,102338,400000,00,0200,0
T1028,M2003,ACCT100055,DST300111,2026-01-16 11:29:00,127720,102681,010000,00,0200,0
T1028,M2009,ACCT100055,DST300027,2026-01-16 13:38:00,145156,103022,010000,00,0200,0
T1026,M2018,ACCT100055,DST300119,2026-01-16 14:20:00,152649,100407,010000,00,0200,0
T1028,M2014,ACCT100055,DST300106,2026-01-16 17:00:00,132236,103349,400000,00,0200,0
T1028,M2005,ACCT100055,DST300076,2026-01-16 17:26:00,159695,103569,400000,00,0200,0
T1028,M2000,ACCT100055,DST300041,2026-01-16 20:40:00,144107,103925,400000,00,0200,0
T1028,M2000,ACCT100055,DST300175,2026-01-16 23:01:00,149954,104753,010000,00,0200,0
T1026,M2017,ACCT100056,DST300111,2026-01-05 02:50:00,151720,100024,400000,68,0200,0
T1026,M2013,ACCT100056,DST300076,2026-01-05 02:53:00,119131,103043,400000,00,0200,0
T1026,M2012,ACCT100056,DST300156,2026-01-05 03:14:00,91064,101842,400000,00,0200,0
T1026,M2007,ACCT100056,DST300009,2026-01-05 03:53:00,135665,100145,400000,00,0200,0
T1026,M2017,ACCT100056,DST300069,2026-01-05 03:56:00,121363,103854,400000,00,0200,0
T1026,M2011,ACCT100056,DST300085,2026-01-05 05:50:00,163672,100209,400000,00,0200,0
T1026,M2010,ACCT100056,DST300093,2026-01-05 05:56:00,142309,102239,400000,00,0200,0
T1026,M2016,ACCT100056,DST300065,2026-01-05 06:30:00,141230,102474,400000,00,0200,0
T1026,M2001,ACCT100056,DST300045,2026-01-05 06:43:00,139798,103861,400000,00,0200,0
T1026,M2012,ACCT100056,DST300144,2026-01-05 08:25:00,104834,100548,400000,00,0200,0
T1026,M2008,ACCT100056,DST300014,2026-01-05 08:33:00,125885,104151,400000,00,0200,0
T1026,M2007,ACCT100056,DST300171,2026-01-05 08:59:00,141990,100619,010000,00,0200,0
T1026,M2000,ACCT100056,DST999999,2026-01-05 09:01:00,120106,100841,400000,00,0200,1
T1026,M2003,ACCT100056,DST999999,2026-01-05 09:03:00,88185,100842,400000,00,0200,1
T1026,M2014,ACCT100056,DST300191,2026-01-05 10:46:00,146049,104435,010000,00,0200,0
T1026,M2003,ACCT100056,DST300044,2026-01-05 13:02:00,144366,101486,010000,00,0200,0
T1026,M2002,ACCT100056,DST300093,2026-01-05 13:30:00,68276,104558,010000,00,0200,0
T1026,M2002,ACCT100056,DST300094,2026-01-05 16:48:00,99975,101542,400000,51,0200,0
T1026,M2005,ACCT100056,DST999999,2026-01-05 16:50:00,124425,101608,400000,00,0200,1
T1026,M2007,ACCT100056,DST999999,2026-01-05 16:52:00,151682,101609,400000,00,0200,1
T1026,M2012,ACCT100056,DST999999,2026-01-05 16:54:00,132926,101610,400000,00,0200,1
T1026,M2006,ACCT100057,DST300048,2026-01-01 20:21:00,157528,100162,010000,00,0200,0
T1026,M2012,ACCT100057,DST300112,2026-01-01 23:59:00,194976,100492,010000,00,0200,0
T1026,M2014,ACCT100057,DST300128,2026-01-02 02:33:00,180436,104545,010000,00,0200,0
T1026,M2016,ACCT100057,DST300171,2026-01-02 02:47:00,179815,104910,400000,00,0200,0
T1026,M2004,ACCT100057,DST300116,2026-01-02 02:48:00,178259,104940,400000,00,0200,0
T1026,M2006,ACCT100057,DST300008,2026-01-02 03:46:00,212222,101863,400000,00,0200,0
T1026,M2000,ACCT100057,DST300083,2026-01-02 03:49:00,138632,102200,400000,00,0200,0
T1026,M2002,ACCT100057,DST300108,2026-01-02 06:22:00,191478,102708,400000,00,0200,0
T1026,M2017,ACCT100057,DST300012,2026-01-02 07:01:00,202920,102718,010000,00,0200,0
T1026,M2003,ACCT100057,DST999999,2026-01-02 07:03:00,140089,102808,400000,00,0200,1
T1026,M2000,ACCT100057,DST999999,2026-01-02 07:05:00,200947,102809,400000,00,0200,1
T1026,M2015,ACCT100057,DST300124,2026-01-02 08:20:00,161665,103448,010000,00,0200,0
T1026,M2011,ACCT100057,DST300109,2026-01-02 09:18:00,215153,103575,400000,00,0200,0
T1026,M2011,ACCT100057,DST300039,2026-01-02 10:51:00,172532,103924,010000,00,0200,0
T1026,M2015,ACCT100057,DST300037,2026-01-02 13:22:00,222180,104058,010000,00,0200,0
T1026,M2017,ACCT100057,DST300041,2026-01-02 13:59:00,183074,104238,010000,00,0200,0
T1008,M2002,ACCT100058,DST300069,2026-01-10 09:42:00,97183,100129,400000,00,0200,0
T1008,M2001,ACCT100058,DST300150,2026-01-10 13:27:00,59888,100261,010000,00,0200,0
T1008,M2008,ACCT100058,DST300099,2026-01-10 16:21:00,85607,100472,010000,00,0200,0
T1008,M2006,ACCT100058,DST300017,2026-01-10 17:16:00,63421,102157,010000,00,0200,0
T1008,M2002,ACCT100058,DST300081,2026-01-10 19:10:00,84741,103056,010000,51,0200,0
T1008,M2016,ACCT100058,DST300109,2026-01-10 21:50:00,104609,103469,400000,00,0200,0
T1008,M2014,ACCT100058,DST300069,2026-01-11 00:16:00,75099,104227,400000,00,0200,0
T1008,M2018,ACCT100058,DST300076,2026-01-11 00:54:00,88605,104398,400000,00,0200,0
T1008,M2013,ACCT100058,DST300036,2026-01-11 01:35:00,92010,104744,010000,00,0200,0
T1017,M2016,ACCT100059,DST300178,2026-01-13 18:21:00,265384,101411,400000,00,0200,0
T1017,M2003,ACCT100059,DST300079,2026-01-13 18:24:00,213827,101735,010000,00,0200,0
T1017,M2012,ACCT100059,DST300055,2026-01-13 21:11:00,221995,101822,400000,00,0200,0
T1017,M2003,ACCT100059,DST300135,2026-01-13 23:58:00,225426,102141,400000,51,0200,0
T1017,M2010,ACCT100059,DST300135,2026-01-14 00:15:00,203020,102276,010000,00,0200,0
T1017,M2002,ACCT100059,DST300070,2026-01-14 01:03:00,192142,102495,400000,00,0200,0
T1017,M2013,ACCT100059,DST300015,2026-01-14 01:32:00,174813,104595,400000,00,0200,0
T1017,M2007,ACCT100059,DST300050,2026-01-14 02:01:00,266958,103563,400000,00,0200,0
T1017,M2014,ACCT100059,DST300189,2026-01-14 03:29:00,211871,104020,400000,00,0200,0
T1017,M2014,ACCT100059,DST300071,2026-01-14 04:35:00,245622,102688,400000,68,0200,0
T1017,M2012,ACCT100059,DST300192,2026-01-14 05:14:00,230569,104453,010000,00,0200,0
T1012,M2017,ACCT100060,DST300079,2026-01-06 02:49:00,179808,101471,400000,00,0200,0
T1012,M2014,ACCT100060,DST300004,2026-01-06 03:32:00,150482,101541,010000,51,0200,0
T1012,M2012,ACCT100060,DST300196,2026-01-06 05:56:00,226818,101743,400000,00,0200,0
T1012,M2004,ACCT100060,DST300065,2026-01-06 07:43:00,141213,101879,010000,00,0200,0
T1012,M2016,ACCT100060,DST300076,2026-01-06 07:46:00,171260,101986,400000,00,0200,0
T1012,M2001,ACCT100060,DST300036,2026-01-06 08:42:00,180221,100165,400000,00,0200,0
T1012,M2017,ACCT100060,DST300136,2026-01-06 08:43:00,154864,100246,400000,00,0200,0
T1012,M2004,ACCT100060,DST300017,2026-01-06 10:03:00,159792,102248,010000,00,0200,0
T1012,M2000,ACCT100060,DST300038,2026-01-06 12:09:00,184481,100279,400000,00,0200,0
T1012,M2002,ACCT100060,DST300192,2026-01-06 13:22:00,194423,102595,010000,00,0200,0
T1012,M2018,ACCT100060,DST300071,2026-01-06 15:57:00,157088,100700,400000,00,0200,0
T1012,M2003,ACCT100060,DST300052,2026-01-06 16:43:00,172987,102768,400000,00,0200,0
T1012,M2002,ACCT100060,DST300197,2026-01-06 17:47:00,243212,101184,400000,00,0200,0
T1012,M2014,ACCT100060,DST300111,2026-01-06 20:03:00,151576,102978,400000,00,0200,0
T1012,M2018,ACCT100060,DST300047,2026-01-06 23:51:00,154108,103289,400000,00,0200,0
T1012,M2005,ACCT100060,DST300088,2026-01-07 02:09:00,214979,103335,010000,00,0200,0
T1012,M2015,ACCT100060,DST300000,2026-01-07 02:58:00,153685,103540,400000,00,0200,0
T1012,M2008,ACCT100060,DST300050,2026-01-07 05:44:00,149103,103724,010000,00,0200,0
T1012,M2004,ACCT100060,DST300045,2026-01-07 07:51:00,192866,103751,400000,00,0200,0
T1012,M2019,ACCT100060,DST300069,2026-01-07 08:30:00,165585,103755,010000,00,0200,0
T1012,M2005,ACCT100060,DST300025,2026-01-07 10:40:00,167597,104366,010000,00,0200,0
T1012,M2001,ACCT100060,DST300052,2026-01-07 10:41:00,163209,104620,300000,55,0200,1
T1012,M2004,ACCT100060,DST300166,2026-01-07 10:42:00,210821,104621,300000,55,0200,1
T1012,M2007,ACCT100060,DST300195,2026-01-07 10:43:00,219099,104622,300000,55,0200,1
T1012,M2008,ACCT100060,DST300037,2026-01-07 10:44:00,162811,104623,300000,55,0200,1
T1017,M2019,ACCT100061,DST300181,2026-01-02 04:05:00,138494,100260,010000,00,0200,0
T1017,M2014,ACCT100061,DST300130,2026-01-02 08:02:00,150448,100316,010000,68,0200,0
T1017,M2014,ACCT100061,DST300111,2026-01-02 11:49:00,138745,101402,400000,00,0200,0
T1017,M2000,ACCT100061,DST300078,2026-01-02 15:47:00,184041,101444,400000,00,0200,0
T1017,M2007,ACCT100061,DST300000,2026-01-02 19:01:00,158361,101760,400000,00,0200,0
T1017,M2010,ACCT100061,DST300158,2026-01-02 19:48:00,152081,102012,010000,00,0200,0
T1017,M2018,ACCT100061,DST999999,2026-01-02 19:50:00,155593,102531,400000,00,0200,1
T1017,M2011,ACCT100061,DST999999,2026-01-02 19:52:00,226623,102532,400000,00,0200,1
T1017,M2006,ACCT100061,DST999999,2026-01-02 19:54:00,163536,102533,400000,00,0200,1
T1017,M2003,ACCT100061,DST300020,2026-01-02 21:57:00,177045,102670,400000,00,0200,0
T1017,M2002,ACCT100061,DST300069,2026-01-03 01:53:00,145267,103057,010000,00,0200,0
T1017,M2002,ACCT100061,DST300162,2026-01-03 03:45:00,185286,103215,010000,00,0200,0
T1017,M2007,ACCT100061,DST300042,2026-01-03 03:54:00,175924,103252,010000,00,0200,0
T1017,M2016,ACCT100061,DST300013,2026-01-03 06:31:00,165919,103436,010000,00,0200,0
T1017,M2010,ACCT100061,DST300054,2026-01-03 09:20:00,140128,103838,010000,00,0200,0
T1017,M2000,ACCT100061,DST300039,2026-01-03 09:44:00,155639,103993,400000,00,0200,0
T1021,M2006,ACCT100062,DST300168,2026-01-14 13:57:00,41693,100570,400000,00,0200,0
T1021,M2006,ACCT100062,DST300009,2026-01-14 17:53:00,39623,100720,010000,51,0200,0
T1021,M2018,ACCT100062,DST300110,2026-01-14 20:30:00,65394,100728,010000,68,0200,0
T1021,M2009,ACCT100062,DST300034,2026-01-15 00:24:00,39351,100816,400000,00,0200,0
T1021,M2011,ACCT100062,DST300186,2026-01-15 02:31:00,76796,101150,400000,00,0200,0
T1021,M2018,ACCT100062,DST300194,2026-01-15 02:38:00,57469,102092,010000,00,0200,0
T1021,M2002,ACCT100062,DST300148,2026-01-15 03:13:00,20000,102097,400000,00,0200,0
T1021,M2013,ACCT100062,DST300178,2026-01-15 03:26:00,55087,101625,010000,00,0200,0
T1021,M2014,ACCT100062,DST300118,2026-01-15 04:20:00,70352,103914,010000,00,0200,0
T1021,M2007,ACCT100062,DST300124,2026-01-15 06:52:00,69974,102277,010000,00,0200,0
T1021,M2014,ACCT100062,DST300199,2026-01-15 07:38:00,58414,104185,400000,00,0200,0
T1021,M2018,ACCT100062,DST300049,2026-01-15 07:54:00,51516,102364,400000,00,0200,0
T1021,M2017,ACCT100062,DST300162,2026-01-15 09:07:00,43892,103081,010000,00,0200,0
T1021,M2018,ACCT100062,DST300183,2026-01-15 12:59:00,76027,103653,400000,00,0200,0
T1025,M2014,ACCT100063,DST999999,2026-01-19 04:23:00,323989,100016,400000,00,0200,1
T1025,M2000,ACCT100063,DST999999,2026-01-19 04:25:00,316371,100017,400000,00,0200,1
T1025,M2013,ACCT100063,DST999999,2026-01-19 04:27:00,356945,100018,400000,00,0200,1
T1025,M2007,ACCT100063,DST300025,2026-01-19 05:27:00,346961,100224,010000,00,0200,0
T1025,M2001,ACCT100063,DST300047,2026-01-19 07:42:00,313650,100274,010000,00,0200,0
T1025,M2009,ACCT100063,DST300023,2026-01-19 10:50:00,278096,100825,400000,00,0200,0
T1025,M2006,ACCT100063,DST300184,2026-01-19 11:56:00,283635,101322,010000,00,0200,0
T1025,M2013,ACCT100063,DST300175,2026-01-19 15:04:00,314275,101330,400000,00,0200,0
T1025,M2005,ACCT100063,DST300073,2026-01-19 15:07:00,291725,101538,400000,00,0200,0
T1025,M2002,ACCT100063,DST300114,2026-01-19 15:39:00,288119,101655,010000,00,0200,0
T1025,M2002,ACCT100063,DST300156,2026-01-19 17:20:00,312418,101832,010000,00,0200,0
T1025,M2019,ACCT100063,DST300007,2026-01-19 20:55:00,300167,102021,010000,00,0200,0
T1025,M2015,ACCT100063,DST300040,2026-01-19 22:13:00,262324,102414,010000,00,0200,0
T1025,M2003,ACCT100063,DST300178,2026-01-20 01:17:00,286153,102462,010000,00,0200,0
T1025,M2013,ACCT100063,DST300134,2026-01-20 01:31:00,434047,103076,010000,00,0200,1
T1010,M2008,ACCT100063,DST300101,2026-01-20 01:36:00,285752,103301,010000,00,0200,1
T1010,M2005,ACCT100063,DST300185,2026-01-20 01:39:00,287333,103589,400000,00,0200,0
T1010,M2011,ACCT100063,DST300169,2026-01-20 05:27:00,316448,103958,010000,00,0200,0
T1010,M2008,ACCT100063,DST300063,2026-01-20 05:30:00,351487,104812,400000,00,0200,0
T1019,M2011,ACCT100064,DST300100,2026-01-13 01:36:00,158848,100237,400000,00,0200,0
T1019,M2000,ACCT100064,DST300159,2026-01-13 02:36:00,199715,102246,010000,00,0200,0
T1019,M2013,ACCT100064,DST300157,2026-01-13 03:44:00,165282,102673,400000,00,0200,0
T1019,M2014,ACCT100064,DST300080,2026-01-13 04:49:00,161804,100238,400000,00,0200,0
T1019,M2013,ACCT100064,DST300102,2026-01-13 04:52:00,169735,100306,400000,00,0200,0
T1019,M2014,ACCT100064,DST300093,2026-01-13 05:53:00,186098,102801,400000,68,0200,0
T1019,M2019,ACCT100064,DST300147,2026-01-13 06:19:00,185797,100964,010000,00,0200,0
T1019,M2004,ACCT100064,DST300188,2026-01-13 07:11:00,170818,101065,010000,00,0200,0
T1019,M2003,ACCT100064,DST300103,2026-01-13 08:19:00,199715,102814,400000,00,0200,0
T1019,M2010,ACCT100064,DST300029,2026-01-13 10:32:00,194565,101456,010000,00,0200,0
T1019,M2010,ACCT100064,DST300179,2026-01-13 10:59:00,184110,103196,010000,00,0200,0
T1019,M2014,ACCT100064,DST300194,2026-01-13 12:15:00,208189,103505,010000,00,0200,0
T1019,M2009,ACCT100064,DST300190,2026-01-13 12:37:00,173259,101939,400000,00,0200,0
T1019,M2015,ACCT100064,DST300087,2026-01-13 14:56:00,190040,103534,400000,00,0200,0
T1019,M2018,ACCT100064,DST300104,2026-01-13 15:15:00,240174,101980,400000,00,0200,0
T1019,M2011,ACCT100064,DST300114,2026-01-13 16:48:00,198030,103622,400000,00,0200,0
T1019,M2017,ACCT100064,DST300058,2026-01-13 17:25:00,181078,102148,010000,00,0200,0
T1019,M2011,ACCT100064,DST300114,2026-01-13 17:37:00,203041,103722,010000,00,0200,0
T1019,M2009,ACCT100064,DST300180,2026-01-13 18:07:00,171742,104183,010000,00,0200,0
T1019,M2014,ACCT100064,DST300146,2026-01-13 18:13:00,151908,104692,010000,00,0200,0
T1019,M2018,ACCT100064,DST300002,2026-01-13 18:24:00,203373,104895,400000,00,0200,0
T1021,M2004,ACCT100065,DST300104,2026-01-15 03:52:00,314639,100095,400000,00,0200,0
T1021,M2018,ACCT100065,DST300051,2026-01-15 03:57:00,328428,101370,010000,00,0200,0
T1021,M2011,ACCT100065,DST300045,2026-01-15 05:03:00,308465,101921,400000,00,0200,0
T1021,M2019,ACCT100065,DST300041,2026-01-15 06:35:00,310919,102016,010000,00,0200,0
T1021,M2011,ACCT100065,DST300173,2026-01-15 09:04:00,323778,102201,400000,00,0200,0
T1021,M2016,ACCT100065,DST300188,2026-01-15 09:05:00,293620,102862,400000,00,0200,0
T1021,M2015,ACCT100065,DST300163,2026-01-15 12:57:00,331543,102881,010000,00,0200,0
T1021,M2006,ACCT100065,DST300079,2026-01-15 13:12:00,329575,103005,010000,00,0200,0
T1021,M2006,ACCT100065,DST300069,2026-01-15 14:28:00,362919,103312,400000,00,0200,0
T1021,M2015,ACCT100065,DST300169,2026-01-15 14:30:00,299321,103499,400000,00,0200,0
T1021,M2014,ACCT100065,DST300143,2026-01-15 16:43:00,303139,103748,010000,51,0200,0
T1021,M2014,ACCT100065,DST300071,2026-01-15 17:10:00,295901,103972,400000,00,0200,0
T1021,M2006,ACCT100065,DST300138,2026-01-15 19:06:00,335568,104053,010000,00,0200,0
T1021,M2009,ACCT100065,DST300047,2026-01-15 21:07:00,344294,104566,400000,00,0200,0
T1021,M2016,ACCT100065,DST300142,2026-01-16 00:49:00,294401,104673,010000,51,0200,0
T1021,M2009,ACCT100065,DST300051,2026-01-16 00:59:00,310019,104890,400000,00,0200,0
T1021,M2007,ACCT100065,DST300079,2026-01-16 04:27:00,311319,104930,010000,51,0200,0
T1023,M2018,ACCT100066,DST300088,2026-01-17 22:05:00,135146,100264,010000,00,0200,0
T1023,M2007,ACCT100066,DST300184,2026-01-17 23:13:00,150343,100695,010000,00,0200,0
T1023,M2018,ACCT100066,DST300192,2026-01-18 01:45:00,131767,104605,400000,00,0200,0
T1023,M2000,ACCT100066,DST300154,2026-01-18 02:50:00,156877,100725,400000,00,0200,0
T1023,M2006,ACCT100066,DST300142,2026-01-18 03:04:00,150759,102985,400000,00,0200,0
T1023,M2015,ACCT100066,DST300147,2026-01-18 04:07:00,116906,100737,010000,51,0200,0
T1023,M2005,ACCT100066,DST300080,2026-01-18 04:12:00,138365,103028,010000,00,0200,0
T1023,M2007,ACCT100066,DST300145,2026-01-18 05:00:00,159090,103300,010000,00,0200,0
T1023,M2017,ACCT100066,DST300116,2026-01-18 07:46:00,185721,101164,400000,00,0200,0
T1023,M2002,ACCT100066,DST300056,2026-01-18 07:48:00,143830,101203,400000,00,0200,0
T1023,M2003,ACCT100066,DST300101,2026-01-18 08:10:00,157298,103936,400000,00,0200,0
T1023,M2019,ACCT100066,DST300183,2026-01-18 09:46:00,152988,101989,010000,00,0200,0
T1023,M2018,ACCT100066,DST300167,2026-01-18 10:09:00,168245,104024,010000,00,0200,0
T1023,M2008,ACCT100066,DST300191,2026-01-18 11:01:00,111616,102159,400000,00,0200,0
T1023,M2017,ACCT100066,DST300114,2026-01-18 11:24:00,100777,102481,010000,00,0200,0
T1023,M2003,ACCT100066,DST300042,2026-01-18 12:10:00,116802,104141,400000,51,0200,0
T1023,M2006,ACCT100066,DST300155,2026-01-18 12:17:00,101944,102739,400000,51,0200,0
T1023,M2013,ACCT100066,DST300184,2026-01-18 13:16:00,158641,102937,400000,00,0200,0
T1023,M2003,ACCT100066,DST300024,2026-01-18 13:25:00,145049,104599,010000,00,0200,0
T1019,M2002,ACCT100067,DST300062,2026-01-03 03:45:00,220978,100511,010000,00,0200,0
T1019,M2006,ACCT100067,DST300085,2026-01-03 04:55:00,203561,100536,400000,00,0200,0
T1019,M2013,ACCT100067,DST300030,2026-01-03 07:55:00,255155,100908,400000,00,0200,0
T1019,M2002,ACCT100067,DST300007,2026-01-03 08:42:00,210949,100994,400000,00,0200,0
T1019,M2015,ACCT100067,DST300172,2026-01-03 08:45:00,244826,101090,400000,00,0200,0
T1019,M2009,ACCT100067,DST300088,2026-01-03 08:56:00,1380458,101485,010000,00,0200,1
T1019,M2003,ACCT100067,DST300058,2026-01-03 11:48:00,243691,102038,010000,00,0200,0
T1019,M2000,ACCT100067,DST300127,2026-01-03 13:13:00,220533,102322,400000,00,0200,0
T1019,M2011,ACCT100067,DST300092,2026-01-03 14:41:00,286803,102342,010000,00,0200,0
T1019,M2006,ACCT100067,DST300194,2026-01-03 16:48:00,210358,100233,010000,00,0200,0
T1019,M2005,ACCT100067,DST300121,2026-01-03 17:12:00,284115,100419,010000,00,0200,0
T1019,M2019,ACCT100067,DST300059,2026-01-03 17:28:00,234391,103391,010000,00,0200,0
T1019,M2014,ACCT100067,DST300132,2026-01-03 17:45:00,245576,103939,400000,00,0200,0
T1019,M2006,ACCT100067,DST300064,2026-01-03 19:19:00,238308,104016,010000,00,0200,0
T1019,M2010,ACCT100067,DST300053,2026-01-03 19:22:00,239292,100474,400000,00,0200,0
T1019,M2006,ACCT100067,DST300189,2026-01-03 22:36:00,238207,104117,010000,51,0200,0
T1019,M2014,ACCT100067,DST300133,2026-01-04 02:30:00,239703,104208,010000,00,0200,0
T1019,M2014,ACCT100067,DST300078,2026-01-04 05:29:00,230787,104703,010000,00,0200,0
T1019,M2003,ACCT100067,DST300123,2026-01-04 08:03:00,247143,104986,400000,00,0200,0
T1018,M2016,ACCT100068,DST300187,2026-01-19 03:01:00,87517,103287,400000,51,0200,0
T1018,M2019,ACCT100068,DST300184,2026-01-19 03:09:00,92037,103882,010000,00,0200,0
T1018,M2014,ACCT100068,DST300088,2026-01-19 03:21:00,105619,104923,010000,00,0200,0
T1018,M2003,ACCT100068,DST300016,2026-01-19 03:57:00,116962,100015,010000,00,0200,0
T1018,M2001,ACCT100068,DST300069,2026-01-19 05:35:00,101070,100635,400000,00,0200,0
T1018,M2009,ACCT100068,DST300007,2026-01-19 07:01:00,114899,104665,010000,00,0200,0
T1018,M2010,ACCT100068,DST300154,2026-01-19 09:32:00,75429,100805,400000,00,0200,0
T1018,M2010,ACCT100068,DST300010,2026-01-19 09:33:00,155560,101096,010000,68,0200,0
T1018,M2012,ACCT100068,DST300060,2026-01-19 10:00:00,97797,101254,010000,00,0200,0
T1018,M2001,ACCT100068,DST300101,2026-01-19 12:46:00,143651,101256,010000,00,0200,0
T1018,M2008,ACCT100068,DST300124,2026-01-19 14:47:00,104899,101281,010000,00,0200,0
T1018,M2000,ACCT100068,DST300047,2026-01-19 14:55:00,107384,102353,400000,00,0200,0
T1018,M2004,ACCT100068,DST300157,2026-01-19 15:42:00,81902,102597,010000,00,0200,0
T1018,M2017,ACCT100068,DST300153,2026-01-19 16:22:00,101596,102716,400000,00,0200,0
T1018,M2003,ACCT100068,DST300110,2026-01-19 16:23:00,66816,102872,300000,55,0200,1
T1018,M2016,ACCT100068,DST300134,2026-01-19 16:24:00,84020,102873,300000,55,0200,1
T1018,M2008,ACCT100068,DST300022,2026-01-19 16:25:00,44322,102874,300000,55,0200,1
T1018,M2010,ACCT100068,DST300018,2026-01-19 16:26:00,93989,102875,300000,55,0200,1
T1019,M2004,ACCT100069,DST300078,2026-01-11 01:39:00,134551,103440,400000,00,0200,0
T1019,M2018,ACCT100069,DST300086,2026-01-11 01:59:00,150097,102336,400000,00,0200,0
T1019,M2013,ACCT100069,DST300013,2026-01-11 02:35:00,153549,102515,400000,00,0200,0
T1019,M2008,ACCT100069,DST300152,2026-01-11 05:19:00,119123,104632,400000,00,0200,0
T1019,M2010,ACCT100069,DST300100,2026-01-11 06:15:00,168922,100003,400000,00,0200,0
T1019,M2001,ACCT100069,DST300157,2026-01-11 06:17:00,96765,100076,010000,00,0200,0
T1019,M2013,ACCT100069,DST300061,2026-01-11 06:38:00,156910,100137,010000,00,0200,0
T1019,M2000,ACCT100069,DST300024,2026-01-11 08:05:00,128676,101195,400000,00,0200,0
T1019,M2016,ACCT100069,DST300009,2026-01-11 11:57:00,174478,101338,400000,00,0200,0
T1019,M2010,ACCT100069,DST300154,2026-01-11 12:34:00,171929,101688,010000,00,0200,0
T1019,M2017,ACCT100069,DST300188,2026-01-11 12:37:00,165443,102003,010000,00,0200,0
T1019,M2000,ACCT100069,DST300153,2026-01-11 12:51:00,140121,102278,010000,00,0200,0
T1007,M2005,ACCT100070,DST300138,2026-01-15 11:51:00,122686,100049,400000,51,0200,0
T1007,M2015,ACCT100070,DST300144,2026-01-15 13:23:00,138415,100280,400000,00,0200,0
T1007,M2004,ACCT100070,DST300010,2026-01-15 16:23:00,149647,100938,400000,00,0200,0
T1007,M2010,ACCT100070,DST300003,2026-01-15 18:35:00,80678,101072,400000,00,0200,0
T1007,M2010,ACCT100070,DST300049,2026-01-15 21:44:00,130949,101106,400000,00,0200,0
T1007,M2017,ACCT100070,DST300007,2026-01-16 01:09:00,121382,101937,400000,51,0200,0
T1007,M2003,ACCT100070,DST300193,2026-01-16 01:09:00,132751,103521,010000,68,0200,0
T1007,M2018,ACCT100070,DST300191,2026-01-16 01:37:00,118155,101993,010000,00,0200,0
T1007,M2000,ACCT100070,DST300067,2026-01-16 01:49:00,117148,102227,400000,00,0200,0
T1007,M2011,ACCT100070,DST300101,2026-01-16 02:40:00,93975,102192,400000,00,0200,0
T1007,M2000,ACCT100070,DST300015,2026-01-16 02:46:00,101092,103878,010000,00,0200,0
T1007,M2009,ACCT100070,DST300023,2026-01-16 03:45:00,146938,102196,400000,00,0200,0
T1007,M2011,ACCT100070,DST300187,2026-01-16 03:46:00,111918,104149,010000,00,0200,0
T1005,M2018,ACCT100070,DST300000,2026-01-16 03:49:00,139671,104520,010000,00,0200,1
T1007,M2014,ACCT100070,DST300107,2026-01-16 04:27:00,140982,102429,010000,00,0200,0
T1005,M2002,ACCT100070,DST300027,2026-01-16 07:21:00,121665,104745,010000,00,0200,0
T1007,M2008,ACCT100070,DST300001,2026-01-16 07:42:00,137687,102741,400000,68,0200,0
T1007,M2013,ACCT100070,DST300166,2026-01-16 09:16:00,103728,103489,010000,00,0200,0
T1022,M2014,ACCT100071,DST300139,2026-01-16 01:05:00,293580,100063,010000,00,0200,0
T1022,M2016,ACCT100071,DST300156,2026-01-16 03:00:00,339840,101103,400000,00,0200,0
T1022,M2005,ACCT100071,DST300101,2026-01-16 03:08:00,342082,102939,400000,68,0200,0
T1022,M2004,ACCT100071,DST300008,2026-01-16 03:48:00,335046,102960,010000,00,0200,0
T1022,M2018,ACCT100071,DST300027,2026-01-16 05:39:00,307015,101506,400000,00,0200,0
T1022,M2002,ACCT100071,DST300119,2026-01-16 05:52:00,353550,103103,010000,00,0200,0
T1022,M2016,ACCT100071,DST300011,2026-01-16 08:42:00,332843,101581,400000,00,0200,0
T1022,M2015,ACCT100071,DST300057,2026-01-16 09:45:00,324876,103460,400000,00,0200,0
T1022,M2017,ACCT100071,DST300062,2026-01-16 10:12:00,350977,101794,010000,00,0200,0
T1022,M2002,ACCT100071,DST300121,2026-01-16 10:15:00,368366,102266,010000,00,0200,0
T1022,M2013,ACCT100071,DST300108,2026-01-16 11:52:00,348388,104081,400000,00,0200,0
T1022,M2004,ACCT100071,DST300163,2026-01-16 12:15:00,298394,104209,400000,00,0200,0
T1022,M2001,ACCT100071,DST300138,2026-01-16 13:26:00,299949,102268,400000,00,0200,0
T1022,M2002,ACCT100071,DST300042,2026-01-16 14:37:00,327486,102635,010000,00,0200,0
T1022,M2001,ACCT100071,DST300011,2026-01-16 15:24:00,310927,104560,010000,00,0200,0
T1008,M2010,ACCT100072,DST300050,2026-01-01 02:51:00,304012,101880,010000,00,0200,0
T1008,M2018,ACCT100072,DST999999,2026-01-01 04:03:00,271388,100090,400000,00,0200,1
T1008,M2018,ACCT100072,DST999999,2026-01-01 04:05:00,273595,100091,400000,00,0200,1
T1008,M2004,ACCT100072,DST300047,2026-01-01 05:04:00,300008,102405,400000,00,0200,0
T1008,M2006,ACCT100072,DST300058,2026-01-01 05:33:00,293761,100256,010000,00,0200,0
T1008,M2007,ACCT100072,DST300038,2026-01-01 08:22:00,287072,100449,010000,00,0200,0
T1008,M2008,ACCT100072,DST300112,2026-01-01 08:48:00,250194,102710,010000,00,0200,0
T1008,M2011,ACCT100072,DST300145,2026-01-01 09:46:00,278590,102988,010000,00,0200,0
T1008,M2014,ACCT100072,DST300067,2026-01-01 10:25:00,273833,100946,400000,00,0200,0
T1008,M2004,ACCT100072,DST300021,2026-01-01 11:17:00,280415,101336,010000,00,0200,0
T1008,M2017,ACCT100072,DST300157,2026-01-01 12:57:00,279150,103171,010000,00,0200,0
T1008,M2008,ACCT100072,DST300172,2026-01-01 16:37:00,269664,103555,010000,00,0200,0
T1008,M2011,ACCT100072,DST300129,2026-01-01 16:39:00,296911,104165,010000,00,0200,0
T1008,M2010,ACCT100072,DST300179,2026-01-01 18:27:00,269823,104385,010000,00,0200,0
T1008,M2016,ACCT100072,DST300177,2026-01-01 21:35:00,272877,104695,400000,00,0200,0
T1010,M2002,ACCT100073,DST300163,2026-01-12 03:33:00,259513,102411,400000,00,0200,0
T1010,M2011,ACCT100073,DST300104,2026-01-12 05:06:00,267826,103040,010000,00,0200,0
T1010,M2005,ACCT100073,DST300063,2026-01-12 06:04:00,275296,101474,010000,00,0200,0
T1010,M2004,ACCT100073,DST300197,2026-01-12 06:12:00,230854,103159,400000,00,0200,0
T1010,M2007,ACCT100073,DST300051,2026-01-12 06:15:00,1849341,101615,010000,00,0200,1
T1010,M2015,ACCT100073,DST300020,2026-01-12 07:18:00,272871,102205,400000,00,0200,0
T1010,M2012,ACCT100073,DST300028,2026-01-12 09:58:00,243014,103201,400000,00,0200,0
T1010,M2003,ACCT100073,DST300158,2026-01-12 11:01:00,251010,103628,010000,00,0200,0
T1010,M2000,ACCT100073,DST300127,2026-01-12 11:45:00,261191,103827,010000,00,0200,0
T1010,M2010,ACCT100073,DST300146,2026-01-12 13:10:00,276372,104235,400000,00,0200,0
T1010,M2001,ACCT100073,DST300079,2026-01-12 14:44:00,251881,104448,010000,00,0200,0
T1010,M2018,ACCT100073,DST300193,2026-01-12 17:47:00,281419,104935,010000,00,0200,0
T1010,M2017,ACCT100073,DST300113,2026-01-12 18:30:00,319456,104962,400000,00,0200,0
T1022,M2009,ACCT100074,DST300170,2026-01-10 16:16:00,74778,100420,400000,68,0200,0
T1022,M2017,ACCT100074,DST300093,2026-01-10 18:08:00,91487,100804,400000,00,0200,0
T1022,M2010,ACCT100074,DST300043,2026-01-10 21:10:00,96326,101080,010000,00,0200,0
T1022,M2000,ACCT100074,DST300187,2026-01-10 21:29:00,80546,101434,010000,00,0200,0
T1022,M2006,ACCT100074,DST300074,2026-01-10 23:49:00,107416,101470,400000,00,0200,0
T1022,M2001,ACCT100074,DST300055,2026-01-11 00:51:00,104030,101810,010000,00,0200,0
T1022,M2014,ACCT100074,DST300198,2026-01-11 01:11:00,119269,102361,010000,00,0200,0
T1022,M2017,ACCT100074,DST300151,2026-01-11 02:23:00,74760,102023,010000,00,0200,0
T1022,M2005,ACCT100074,DST300047,2026-01-11 03:46:00,105980,102286,010000,00,0200,0
T1022,M2008,ACCT100074,DST300060,2026-01-11 03:55:00,82400,102427,400000,00,0200,0
T1022,M2011,ACCT100074,DST300042,2026-01-11 04:31:00,75945,103727,010000,00,0200,0
T1022,M2013,ACCT100074,DST300104,2026-01-11 06:35:00,109171,103856,400000,00,0200,0
T1022,M2002,ACCT100074,DST300035,2026-01-11 09:32:00,55933,104056,400000,00,0200,0
T1022,M2014,ACCT100074,DST300035,2026-01-11 10:06:00,108308,104654,400000,00,0200,0
T1022,M2003,ACCT100074,DST300196,2026-01-11 10:07:00,76929,104947,300000,55,0200,1
T1022,M2009,ACCT100074,DST300031,2026-01-11 10:08:00,60135,104948,300000,55,0200,1
T1017,M2005,ACCT100075,DST300041,2026-01-09 06:03:00,150647,100028,400000,00,0200,0
T1017,M2008,ACCT100075,DST300020,2026-01-09 06:28:00,114258,100347,400000,00,0200,0
T1017,M2002,ACCT100075,DST300130,2026-01-09 06:31:00,116709,101301,400000,00,0200,0
T1017,M2016,ACCT100075,DST300005,2026-01-09 10:16:00,163389,101325,010000,00,0200,0
T1017,M2003,ACCT100075,DST300132,2026-01-09 13:02:00,156957,101372,010000,00,0200,0
T1017,M2003,ACCT100075,DST300087,2026-01-09 16:57:00,142217,101825,400000,00,0200,0
T1017,M2006,ACCT100075,DST300122,2026-01-09 20:22:00,106115,101940,400000,00,0200,0
T1017,M2013,ACCT100075,DST300121,2026-01-09 22:54:00,119705,102079,400000,00,0200,0
T1017,M2008,ACCT100075,DST300073,2026-01-09 22:55:00,182191,102106,010000,00,0200,0
T1017,M2001,ACCT100075,DST300126,2026-01-09 23:04:00,138801,102244,400000,00,0200,0
T1017,M2019,ACCT100075,DST300192,2026-01-10 01:06:00,99078,102799,400000,00,0200,0
T1017,M2006,ACCT100075,DST300118,2026-01-10 01:44:00,141937,103383,010000,51,0200,0
T1017,M2000,ACCT100075,DST300157,2026-01-10 01:53:00,137797,103978,010000,00,0200,0
T1017,M2016,ACCT100075,DST300061,2026-01-10 04:54:00,124414,104571,010000,00,0200,0
T1021,M2008,ACCT100076,DST300074,2026-01-03 01:52:00,284802,100772,010000,00,0200,0
T1021,M2013,ACCT100076,DST300099,2026-01-03 02:49:00,297118,101666,010000,00,0200,0
T1021,M2002,ACCT100076,DST300072,2026-01-03 05:56:00,319715,101756,010000,00,0200,0
T1021,M2006,ACCT100076,DST300127,2026-01-03 06:44:00,286571,102193,010000,00,0200,0
T1021,M2019,ACCT100076,DST300098,2026-01-03 06:46:00,319243,102977,010000,00,0200,0
T1021,M2005,ACCT100076,DST300003,2026-01-03 07:03:00,289500,103034,400000,00,0200,0
T1021,M2003,ACCT100076,DST300082,2026-01-03 10:54:00,269325,103613,010000,51,0200,0
T1021,M2001,ACCT100076,DST300187,2026-01-03 11:21:00,260796,100299,010000,00,0200,0
T1021,M2009,ACCT100076,DST300065,2026-01-03 12:17:00,325738,103974,010000,51,0200,0
T1021,M2007,ACCT100076,DST300138,2026-01-03 14:32:00,297226,104202,400000,00,0200,0
T1021,M2010,ACCT100076,DST300108,2026-01-03 14:54:00,1456813,104339,010000,00,0200,1
T1021,M2011,ACCT100076,DST300044,2026-01-03 16:13:00,309499,104821,400000,68,0200,0
T1022,M2006,ACCT100077,DST300070,2026-01-05 01:14:00,243635,103305,010000,00,0200,0
T1022,M2014,ACCT100077,DST300112,2026-01-05 04:45:00,249881,102063,010000,00,0200,0
T1022,M2016,ACCT100077,DST300112,2026-01-05 04:50:00,207253,103306,400000,00,0200,0
T1022,M2009,ACCT100077,DST300117,2026-01-05 06:44:00,244851,102407,010000,00,0200,0
T1022,M2017,ACCT100077,DST300129,2026-01-05 08:38:00,203157,103643,400000,00,0200,0
T1022,M2004,ACCT100077,DST300009,2026-01-05 09:37:00,285677,104305,010000,00,0200,0
T1021,M2013,ACCT100077,DST300148,2026-01-05 10:36:00,295171,100188,010000,00,0200,0
T1022,M2009,ACCT100077,DST300038,2026-01-05 10:44:00,275326,102775,010000,00,0200,0
T1022,M2016,ACCT100077,DST300167,2026-01-05 11:23:00,205386,104306,010000,00,0200,0
T1022,M2002,ACCT100077,DST300057,2026-01-05 11:24:00,236976,104327,400000,00,0200,0
T1022,M2001,ACCT100077,DST300167,2026-01-05 12:05:00,253523,104887,010000,00,0200,0
T1022,M2000,ACCT100077,DST300035,2026-01-05 13:07:00,207540,102942,010000,00,0200,0
T1022,M2010,ACCT100077,DST300091,2026-01-05 13:08:00,236007,103226,010000,00,0200,0
T1021,M2005,ACCT100077,DST300084,2026-01-05 13:45:00,222011,100876,010000,00,0200,0
T1022,M2012,ACCT100077,DST300192,2026-01-05 15:42:00,235568,103256,400000,00,0200,0
T1021,M2010,ACCT100077,DST300017,2026-01-05 16:32:00,270586,100923,400000,00,0200,0
T1021,M2007,ACCT100077,DST300134,2026-01-05 18:26:00,209491,101173,010000,00,0200,0
T1021,M2018,ACCT100077,DST300031,2026-01-05 18:29:00,219716,101449,010000,00,0200,0
T1022,M2000,ACCT100077,DST300048,2026-01-05 18:34:00,205280,101721,010000,00,0200,1
T1009,M2000,ACCT100078,DST300040,2026-01-18 02:57:00,257353,100769,400000,00,0200,0
T1009,M2005,ACCT100078,DST300028,2026-01-18 05:05:00,284367,101224,010000,00,0200,0
T1009,M2007,ACCT100078,DST300051,2026-01-18 06:25:00,278745,102528,010000,00,0200,0
T1009,M2001,ACCT100078,DST300019,2026-01-18 07:46:00,319532,102777,010000,00,0200,0
T1009,M2012,ACCT100078,DST300034,2026-01-18 09:22:00,239990,102897,010000,00,0200,0
T1009,M2001,ACCT100078,DST300096,2026-01-18 12:27:00,242038,102991,010000,00,0200,0
T1009,M2012,ACCT100078,DST300118,2026-01-18 14:59:00,257478,103101,400000,00,0200,0
T1009,M2010,ACCT100078,DST300195,2026-01-18 18:27:00,327680,103800,400000,00,0200,0
T1009,M2016,ACCT100078,DST300164,2026-01-18 19:09:00,279749,100473,010000,00,0200,0
T1009,M2000,ACCT100078,DST300132,2026-01-18 19:23:00,313570,103903,010000,00,0200,0
T1009,M2002,ACCT100078,DST300146,2026-01-18 20:28:00,306226,104358,400000,00,0200,0
T1005,M2004,ACCT100079,DST300069,2026-01-15 08:17:00,81924,100403,400000,00,0200,0
T1005,M2019,ACCT100079,DST300156,2026-01-15 09:31:00,88036,100554,010000,00,0200,0
T1005,M2010,ACCT100079,DST300161,2026-01-15 12:55:00,57479,100759,010000,00,0200,0
T1005,M2011,ACCT100079,DST300002,2026-01-15 14:59:00,67808,101700,400000,00,0200,0
T1005,M2001,ACCT100079,DST300154,2026-01-15 18:59:00,76419,102166,400000,00,0200,0
T1005,M2008,ACCT100079,DST300190,2026-01-15 19:01:00,65700,102304,010000,00,0200,0
T1005,M2002,ACCT100079,DST300069,2026-01-15 21:30:00,81736,102309,010000,00,0200,0
T1005,M2011,ACCT100079,DST300048,2026-01-15 23:48:00,50297,102360,010000,00,0200,0
T1005,M2014,ACCT100079,DST300128,2026-01-16 01:06:00,109023,103006,010000,00,0200,0
T1005,M2007,ACCT100079,DST300104,2026-01-16 01:07:00,97638,103181,300000,55,0200,1
T1005,M2011,ACCT100079,DST300004,2026-01-16 01:08:00,101294,103182,300000,55,0200,1
T1005,M2010,ACCT100079,DST300114,2026-01-16 01:26:00,52365,103611,400000,68,0200,0
T1005,M2018,ACCT100079,DST300196,2026-01-16 01:55:00,103793,102923,010000,00,0200,0
T1005,M2016,ACCT100079,DST300073,2026-01-16 04:27:00,62434,103710,010000,00,0200,0
T1005,M2006,ACCT100079,DST300064,2026-01-16 08:25:00,105940,103806,400000,68,0200,0
T1005,M2011,ACCT100079,DST300120,2026-01-16 10:05:00,80968,104412,400000,00,0200,0
T1009,M2017,ACCT100080,DST300180,2026-01-08 07:03:00,197115,100031,400000,00,0200,0
T1009,M2002,ACCT100080,DST300176,2026-01-08 09:05:00,222489,100278,400000,00,0200,0
T1009,M2000,ACCT100080,DST300064,2026-01-08 10:14:00,212174,100709,400000,00,0200,0
T1009,M2016,ACCT100080,DST300153,2026-01-08 11:12:00,219306,100817,010000,00,0200,0
T1009,M2011,ACCT100080,DST300122,2026-01-08 12:45:00,237902,100977,010000,00,0200,0
T1009,M2012,ACCT100080,DST300059,2026-01-08 16:06:00,177655,101248,010000,00,0200,0
T1009,M2006,ACCT100080,DST300010,2026-01-08 16:44:00,209922,101809,010000,00,0200,0
T1009,M2003,ACCT100080,DST300014,2026-01-08 18:03:00,229655,101904,010000,00,0200,0
T1009,M2004,ACCT100080,DST300043,2026-01-08 21:03:00,218805,102320,010000,00,0200,0
T1009,M2017,ACCT100080,DST300069,2026-01-08 21:05:00,162192,102774,010000,00,0200,0
T1009,M2012,ACCT100080,DST300007,2026-01-08 21:18:00,218402,102990,400000,00,0200,0
T1009,M2001,ACCT100080,DST300065,2026-01-08 23:20:00,237188,103214,400000,00,0200,0
T1009,M2002,ACCT100080,DST300031,2026-01-09 01:00:00,211590,103257,400000,00,0200,0
T1009,M2000,ACCT100080,DST300054,2026-01-09 02:21:00,205430,103309,400000,00,0200,0
T1009,M2013,ACCT100080,DST300105,2026-01-09 02:45:00,220661,103411,400000,00,0200,0
T1009,M2013,ACCT100080,DST300113,2026-01-09 05:25:00,202469,103648,400000,00,0200,0
T1009,M2001,ACCT100080,DST300167,2026-01-09 05:58:00,200171,104519,400000,00,0200,0
T1009,M2016,ACCT100080,DST300074,2026-01-09 06:38:00,197647,104648,010000,00,0200,0
T1003,M2007,ACCT100081,DST300091,2026-01-08 02:49:00,20000,102271,010000,00,0200,0
T1003,M2005,ACCT100081,DST300170,2026-01-08 05:45:00,53631,102310,010000,00,0200,0
T1007,M2007,ACCT100081,DST300101,2026-01-08 05:47:00,65057,102646,010000,00,0200,1
T1003,M2009,ACCT100081,DST300109,2026-01-08 06:34:00,64760,101050,010000,00,0200,0
T1007,M2005,ACCT100081,DST300157,2026-01-08 07:43:00,73205,102912,010000,51,0200,0
T1007,M2013,ACCT100081,DST300192,2026-01-08 07:50:00,369062,103122,010000,00,0200,1
T1007,M2011,ACCT100081,DST300040,2026-01-08 10:29:00,88824,103332,400000,00,0200,0
T1007,M2014,ACCT100081,DST300071,2026-01-08 10:42:00,33644,103454,400000,00,0200,0
T1007,M2011,ACCT100081,DST300141,2026-01-08 13:35:00,58990,103721,400000,00,0200,0
T1007,M2003,ACCT100081,DST300195,2026-01-08 16:56:00,45941,104182,010000,00,0200,0
T1007,M2015,ACCT100081,DST300054,2026-01-08 17:45:00,32135,104473,010000,00,0200,0
T1007,M2004,ACCT100081,DST300094,2026-01-08 20:45:00,64196,104716,010000,00,0200,0
T1021,M2001,ACCT100082,DST300130,2026-01-08 09:27:00,94244,100792,400000,00,0200,0
T1021,M2005,ACCT100082,DST300097,2026-01-08 10:14:00,105591,101182,400000,00,0200,0
T1021,M2018,ACCT100082,DST300058,2026-01-08 12:33:00,119019,101405,010000,68,0200,0
T1021,M2008,ACCT100082,DST300101,2026-01-08 15:49:00,74151,101490,400000,00,0200,0
T1021,M2012,ACCT100082,DST300007,2026-01-08 19:18:00,73496,102005,010000,00,0200,0
T1021,M2005,ACCT100082,DST300083,2026-01-08 19:53:00,59809,102031,400000,00,0200,0
T1021,M2003,ACCT100082,DST300034,2026-01-08 21:58:00,92033,102517,400000,00,0200,0
T1021,M2006,ACCT100082,DST300128,2026-01-08 22:13:00,58430,102878,010000,00,0200,0
T1021,M2014,ACCT100082,DST300129,2026-01-09 00:13:00,57170,102957,010000,00,0200,0
T1021,M2009,ACCT100082,DST300137,2026-01-09 03:29:00,94696,103193,010000,00,0200,0
T1021,M2016,ACCT100082,DST300079,2026-01-09 05:22:00,55047,103228,010000,68,0200,0
T1021,M2011,ACCT100082,DST300011,2026-01-09 09:22:00,135762,103565,010000,00,0200,0
T1021,M2006,ACCT100082,DST300079,2026-01-09 09:23:00,98034,104005,010000,00,0200,0
T1021,M2004,ACCT100082,DST300088,2026-01-09 13:04:00,104646,104516,010000,00,0200,0
T1021,M2011,ACCT100082,DST300143,2026-01-09 16:53:00,88609,104578,010000,00,0200,0
T1021,M2013,ACCT100082,DST300128,2026-01-09 19:49:00,84185,104929,400000,00,0200,0
T1012,M2016,ACCT100083,DST300197,2026-01-10 01:48:00,233145,102794,400000,00,0200,0
T1012,M2002,ACCT100083,DST300052,2026-01-10 02:13:00,222529,102841,010000,00,0200,0
T1012,M2012,ACCT100083,DST300000,2026-01-10 04:46:00,191978,103474,400000,00,0200,0
T1012,M2018,ACCT100083,DST300002,2026-01-10 04:48:00,203384,103567,010000,00,0200,0
T1012,M2000,ACCT100083,DST300085,2026-01-10 05:50:00,239281,103819,400000,00,0200,0
T1012,M2016,ACCT100083,DST300023,2026-01-10 05:51:00,224951,104082,300000,55,0200,1
T1012,M2005,ACCT100083,DST300170,2026-01-10 05:52:00,199399,104083,300000,55,0200,1
T1012,M2010,ACCT100083,DST300031,2026-01-10 16:21:00,243115,100944,400000,00,0200,0
T1012,M2001,ACCT100083,DST300098,2026-01-10 18:56:00,237642,101271,010000,00,0200,0
T1012,M2015,ACCT100083,DST300125,2026-01-10 19:30:00,227465,101304,400000,00,0200,0
T1012,M2014,ACCT100083,DST300089,2026-01-10 20:58:00,214375,101623,010000,00,0200,0
T1012,M2004,ACCT100083,DST300081,2026-01-10 21:19:00,193250,102439,400000,00,0200,0
T1012,M2016,ACCT100083,DST300096,2026-01-10 23:22:00,224818,102458,010000,00,0200,0
T1019,M2007,ACCT100084,DST300133,2026-01-20 01:11:00,193912,101287,400000,00,0200,0
T1019,M2001,ACCT100084,DST300066,2026-01-20 04:23:00,255944,101910,010000,00,0200,0
T1019,M2015,ACCT100084,DST300164,2026-01-20 08:15:00,247458,102372,010000,00,0200,0
T1019,M2011,ACCT100084,DST300188,2026-01-20 08:16:00,204954,102714,010000,00,0200,0
T1019,M2000,ACCT100084,DST300119,2026-01-20 09:01:00,220584,103473,010000,00,0200,0
T1019,M2011,ACCT100084,DST300147,2026-01-20 11:32:00,201085,100430,010000,00,0200,0
T1019,M2018,ACCT100084,DST300132,2026-01-20 12:04:00,241055,103577,400000,00,0200,0
T1019,M2000,ACCT100084,DST300051,2026-01-20 12:55:00,221171,103845,400000,00,0200,0
T1019,M2004,ACCT100084,DST300166,2026-01-20 13:04:00,252056,100590,010000,00,0200,0
T1019,M2018,ACCT100084,DST300022,2026-01-20 13:05:00,232376,100630,400000,00,0200,0
T1019,M2007,ACCT100084,DST300189,2026-01-20 13:43:00,247545,101152,400000,00,0200,0
T1019,M2004,ACCT100084,DST300153,2026-01-20 14:02:00,242905,104281,010000,00,0200,0
T1019,M2000,ACCT100084,DST300131,2026-01-20 15:03:00,249638,104541,010000,00,0200,0
T1019,M2016,ACCT100084,DST300023,2026-01-20 16:49:00,229267,104624,010000,00,0200,0
T1016,M2018,ACCT100085,DST300150,2026-01-18 11:41:00,225496,100190,010000,00,0200,0
T1016,M2000,ACCT100085,DST300148,2026-01-18 14:09:00,206266,100440,400000,00,0200,0
T1016,M2009,ACCT100085,DST300052,2026-01-18 16:34:00,230016,100550,010000,00,0200,0
T1016,M2001,ACCT100085,DST300089,2026-01-18 17:42:00,231570,101837,010000,00,0200,0
T1016,M2011,ACCT100085,DST300021,2026-01-18 17:55:00,169972,102093,010000,00,0200,0
T1016,M2005,ACCT100085,DST300012,2026-01-18 18:10:00,218670,102675,400000,00,0200,0
T1016,M2015,ACCT100085,DST300026,2026-01-18 18:34:00,211778,102735,010000,00,0200,0
T1016,M2007,ACCT100085,DST300003,2026-01-18 20:46:00,214828,102815,400000,00,0200,0
T1016,M2011,ACCT100085,DST300093,2026-01-18 20:58:00,161968,102970,010000,00,0200,0
T1016,M2009,ACCT100085,DST300043,2026-01-19 00:36:00,190173,103561,010000,00,0200,0
T1016,M2016,ACCT100085,DST300147,2026-01-19 01:40:00,214298,104050,400000,00,0200,0
T1016,M2018,ACCT100085,DST300010,2026-01-19 03:59:00,190142,104490,010000,68,0200,0
T1016,M2019,ACCT100085,DST300004,2026-01-19 05:16:00,192603,104834,010000,00,0200,0
T1025,M2002,ACCT100086,DST300094,2026-01-04 02:02:00,257906,100714,010000,00,0200,0
T1025,M2009,ACCT100086,DST300054,2026-01-04 02:22:00,257149,102073,400000,00,0200,0
T1025,M2019,ACCT100086,DST300173,2026-01-04 04:41:00,301232,101429,400000,00,0200,0
T1025,M2003,ACCT100086,DST300011,2026-01-04 04:45:00,258322,102612,400000,00,0200,0
T1025,M2005,ACCT100086,DST300122,2026-01-04 07:31:00,223346,101642,400000,00,0200,0
T1025,M2012,ACCT100086,DST300041,2026-01-04 07:34:00,238019,101667,010000,00,0200,0
T1025,M2007,ACCT100086,DST300063,2026-01-04 08:33:00,239445,101841,400000,00,0200,0
T1025,M2008,ACCT100086,DST300125,2026-01-04 08:34:00,258031,103132,010000,00,0200,0
T1025,M2017,ACCT100086,DST300052,2026-01-04 10:39:00,243410,102020,010000,00,0200,0
T1025,M2001,ACCT100086,DST300178,2026-01-04 11:27:00,266942,103568,010000,00,0200,0
T1025,M2009,ACCT100086,DST300059,2026-01-04 11:51:00,299441,103723,010000,00,0200,0
T1025,M2017,ACCT100086,DST300048,2026-01-04 15:22:00,259057,104882,400000,00,0200,0
T1010,M2012,ACCT100087,DST300158,2026-01-03 18:13:00,242692,100711,010000,00,0200,0
T1010,M2004,ACCT100087,DST300130,2026-01-03 20:34:00,295002,100992,010000,68,0200,0
T1010,M2014,ACCT100087,DST300145,2026-01-04 00:15:00,235541,101000,010000,00,0200,0
T1018,M2016,ACCT100087,DST300111,2026-01-04 00:20:00,271817,101421,010000,00,0200,1
T1018,M2018,ACCT100087,DST300010,2026-01-04 01:57:00,239476,103141,010000,00,0200,0
T1018,M2004,ACCT100087,DST300010,2026-01-04 03:18:00,278843,103350,010000,00,0200,0
T1018,M2006,ACCT100087,DST300036,2026-01-04 04:19:00,229538,101483,400000,00,0200,0
T1018,M2007,ACCT100087,DST300024,2026-01-04 04:31:00,221714,101757,010000,00,0200,0
T1018,M2003,ACCT100087,DST300132,2026-01-04 05:36:00,231525,103777,400000,00,0200,0
T1018,M2000,ACCT100087,DST300070,2026-01-04 07:20:00,251471,101817,400000,00,0200,0
T1018,M2007,ACCT100087,DST300076,2026-01-04 07:37:00,260489,101864,400000,00,0200,0
T1018,M2016,ACCT100087,DST300091,2026-01-04 08:29:00,265495,104026,400000,00,0200,0
T1018,M2000,ACCT100087,DST300106,2026-01-04 10:06:00,243045,104137,400000,00,0200,0
T1018,M2000,ACCT100087,DST300022,2026-01-04 11:08:00,224245,104568,400000,00,0200,0
T1018,M2008,ACCT100087,DST300183,2026-01-04 11:14:00,206254,102906,400000,00,0200,0
T1018,M2019,ACCT100087,DST300003,2026-01-04 12:29:00,292366,104915,400000,00,0200,0
T1018,M2001,ACCT100088,DST300166,2026-01-20 17:27:00,98121,100123,400000,00,0200,0
T1018,M2010,ACCT100088,DST300105,2026-01-20 19:49:00,158340,100167,010000,00,0200,0
T1018,M2013,ACCT100088,DST300027,2026-01-20 19:50:00,109979,100171,010000,00,0200,0
T1018,M2018,ACCT100088,DST300065,2026-01-20 22:55:00,102658,100594,010000,00,0200,0
T1018,M2010,ACCT100088,DST300046,2026-01-20 22:58:00,122980,100626,400000,68,0200,0
T1018,M2003,ACCT100088,DST300055,2026-01-20 23:53:00,64498,100865,400000,00,0200,0
T1018,M2009,ACCT100088,DST300058,2026-01-21 01:50:00,110407,101078,400000,00,0200,0
T1018,M2001,ACCT100088,DST300080,2026-01-21 04:58:00,90279,101091,010000,00,0200,0
T1018,M2001,ACCT100088,DST300005,2026-01-21 08:09:00,99114,101807,010000,00,0200,0
T1018,M2015,ACCT100088,DST300019,2026-01-21 11:51:00,106886,101924,400000,68,0200,0
T1018,M2007,ACCT100088,DST300127,2026-01-21 14:13:00,85607,102433,010000,00,0200,0
T1018,M2008,ACCT100088,DST300107,2026-01-21 16:13:00,87981,102619,010000,00,0200,0
T1018,M2014,ACCT100088,DST300074,2026-01-21 16:44:00,113530,102870,010000,00,0200,0
T1018,M2001,ACCT100088,DST300058,2026-01-21 18:41:00,97589,103328,400000,51,0200,0
T1018,M2016,ACCT100088,DST300128,2026-01-21 18:43:00,114970,103459,010000,00,0200,0
T1018,M2008,ACCT100088,DST300076,2026-01-21 20:19:00,96696,103576,010000,00,0200,0
T1018,M2019,ACCT100088,DST300110,2026-01-21 23:48:00,77754,103677,400000,00,0200,0
T1018,M2014,ACCT100088,DST300118,2026-01-22 00:03:00,110630,104010,400000,00,0200,0
T1018,M2018,ACCT100088,DST300167,2026-01-22 03:54:00,130288,104077,400000,68,0200,0
T1018,M2011,ACCT100088,DST300088,2026-01-22 06:23:00,82979,104142,400000,00,0200,0
T1018,M2014,ACCT100088,DST300193,2026-01-22 06:38:00,120402,104388,010000,00,0200,0
T1018,M2007,ACCT100088,DST300124,2026-01-22 07:09:00,105917,104898,400000,00,0200,0
T1018,M2004,ACCT100088,DST300160,2026-01-22 08:50:00,118537,104903,010000,00,0200,0
T1027,M2010,ACCT100089,DST300002,2026-01-03 04:04:00,166981,100189,400000,00,0200,0
T1027,M2007,ACCT100089,DST300069,2026-01-03 04:40:00,188418,103362,010000,00,0200,0
T1027,M2016,ACCT100089,DST300033,2026-01-03 05:09:00,178206,100374,010000,00,0200,0
T1027,M2010,ACCT100089,DST300117,2026-01-03 07:25:00,143454,103637,010000,00,0200,0
T1027,M2007,ACCT100089,DST300052,2026-01-03 07:33:00,186821,100846,010000,00,0200,0
T1027,M2015,ACCT100089,DST300097,2026-01-03 08:36:00,147202,101559,400000,00,0200,0
T1027,M2016,ACCT100089,DST300135,2026-01-03 08:37:00,113545,104660,010000,00,0200,0
T1027,M2005,ACCT100089,DST300005,2026-01-03 11:04:00,150792,101988,010000,00,0200,0
T1027,M2016,ACCT100089,DST300178,2026-01-03 11:57:00,169906,102089,400000,00,0200,0
T1027,M2012,ACCT100089,DST300004,2026-01-03 14:04:00,173464,102586,400000,00,0200,0
T1019,M2012,ACCT100090,DST300192,2026-01-03 19:39:00,348392,100002,010000,00,0200,0
T1019,M2016,ACCT100090,DST300172,2026-01-03 22:05:00,362696,101026,010000,00,0200,0
T1019,M2009,ACCT100090,DST300147,2026-01-04 01:34:00,367341,101171,400000,00,0200,0
T1019,M2000,ACCT100090,DST300134,2026-01-04 03:34:00,482263,102656,010000,00,0200,1
T1019,M2006,ACCT100090,DST300003,2026-01-04 04:51:00,351928,103795,010000,00,0200,0
T1019,M2019,ACCT100090,DST300189,2026-01-04 05:16:00,316598,101276,400000,00,0200,0
T1019,M2009,ACCT100090,DST300173,2026-01-04 05:55:00,308115,102926,400000,00,0200,0
T1019,M2015,ACCT100090,DST300050,2026-01-04 06:12:00,292550,103016,010000,00,0200,0
T1019,M2017,ACCT100090,DST300031,2026-01-04 06:15:00,320827,103173,010000,00,0200,0
T1019,M2003,ACCT100090,DST300063,2026-01-04 07:01:00,342762,104521,400000,00,0200,0
T1019,M2001,ACCT100090,DST300081,2026-01-04 07:28:00,339585,103603,010000,00,0200,0
T1019,M2017,ACCT100090,DST300119,2026-01-04 08:46:00,339508,101313,400000,00,0200,0
T1019,M2005,ACCT100090,DST300182,2026-01-04 12:05:00,349131,101681,010000,00,0200,0
T1019,M2010,ACCT100090,DST300180,2026-01-04 12:32:00,333635,102124,400000,00,0200,0
T1010,M2008,ACCT100091,DST300055,2026-01-13 23:05:00,215554,100079,400000,00,0200,0
T1010,M2017,ACCT100091,DST300142,2026-01-13 23:07:00,241286,100372,010000,00,0200,0
T1010,M2005,ACCT100091,DST300091,2026-01-14 01:13:00,176897,100874,010000,00,0200,0
T1010,M2000,ACCT100091,DST300102,2026-01-14 01:15:00,246689,101146,400000,00,0200,0
T1010,M2006,ACCT100091,DST999999,2026-01-14 01:17:00,198312,101417,400000,00,0200,1
T1010,M2019,ACCT100091,DST999999,2026-01-14 01:19:00,236598,101418,400000,00,0200,1
T1010,M2017,ACCT100091,DST300068,2026-01-14 03:42:00,175776,101664,400000,00,0200,0
T1010,M2017,ACCT100091,DST300041,2026-01-14 04:09:00,186138,102235,400000,00,0200,0
T1010,M2013,ACCT100091,DST300055,2026-01-14 06:18:00,249842,102303,010000,00,0200,0
T1010,M2012,ACCT100091,DST300193,2026-01-14 08:10:00,187025,102440,010000,00,0200,0
T1010,M2007,ACCT100091,DST300098,2026-01-14 09:55:00,216594,102609,010000,00,0200,0
T1010,M2016,ACCT100091,DST300107,2026-01-14 11:50:00,231769,102695,010000,00,0200,0
T1010,M2011,ACCT100091,DST300099,2026-01-14 11:56:00,182569,103352,400000,00,0200,0
T1010,M2019,ACCT100091,DST300148,2026-01-14 14:09:00,160465,103471,010000,00,0200,0
T1010,M2016,ACCT100091,DST300188,2026-01-14 17:47:00,216584,103955,400000,00,0200,0
T1010,M2002,ACCT100091,DST300049,2026-01-14 18:14:00,202180,104051,010000,00,0200,0
T1010,M2001,ACCT100091,DST300132,2026-01-14 18:35:00,185448,104112,010000,00,0200,0
T1010,M2011,ACCT100091,DST300165,2026-01-14 18:36:00,201460,104537,300000,55,0200,1
T1010,M2012,ACCT100091,DST300015,2026-01-14 18:37:00,241633,104538,300000,55,0200,1
T1010,M2017,ACCT100091,DST300069,2026-01-14 18:38:00,196188,104539,300000,55,0200,1
T1010,M2001,ACCT100091,DST300176,2026-01-14 18:39:00,175078,104540,300000,55,0200,1
T1022,M2017,ACCT100092,DST300199,2026-01-10 03:37:00,474937,101636,010000,00,0200,1
T1022,M2012,ACCT100092,DST300189,2026-01-10 03:39:00,259715,101915,010000,51,0200,0
T1022,M2016,ACCT100092,DST300107,2026-01-10 07:28:00,255479,101951,010000,00,0200,0
T1022,M2011,ACCT100092,DST300127,2026-01-10 08:08:00,234214,100433,400000,00,0200,0
T1022,M2009,ACCT100092,DST300082,2026-01-10 08:41:00,237923,101056,400000,00,0200,0
T1022,M2016,ACCT100092,DST300019,2026-01-10 09:40:00,238293,102402,400000,00,0200,0
T1022,M2003,ACCT100092,DST300000,2026-01-10 12:31:00,220034,102409,400000,00,0200,0
T1022,M2009,ACCT100092,DST300132,2026-01-10 15:05:00,251099,102448,010000,00,0200,0
T1022,M2004,ACCT100092,DST300142,2026-01-10 16:55:00,208801,102702,010000,00,0200,0
T1022,M2014,ACCT100092,DST300160,2026-01-10 16:57:00,253816,103082,400000,00,0200,0
T1022,M2015,ACCT100092,DST300196,2026-01-10 20:27:00,241539,103083,010000,00,0200,0
T1022,M2011,ACCT100092,DST300140,2026-01-10 23:43:00,241313,103161,010000,00,0200,0
T1022,M2018,ACCT100092,DST300181,2026-01-11 02:45:00,291296,103660,010000,00,0200,0
T1022,M2004,ACCT100092,DST300036,2026-01-11 06:30:00,261670,103766,400000,00,0200,0
T1022,M2018,ACCT100092,DST300008,2026-01-11 08:07:00,256064,103767,400000,00,0200,0
T1022,M2000,ACCT100093,DST300096,2026-01-06 17:29:00,316148,100008,400000,00,0200,0
T1022,M2010,ACCT100093,DST300074,2026-01-06 18:58:00,294727,100215,010000,00,0200,0
T1022,M2010,ACCT100093,DST300009,2026-01-06 20:37:00,305494,100325,010000,00,0200,0
T1022,M2019,ACCT100093,DST300193,2026-01-06 23:00:00,327837,100476,400000,00,0200,0
T1022,M2010,ACCT100093,DST300196,2026-01-06 23:09:00,316703,100710,010000,00,0200,0
T1022,M2001,ACCT100093,DST300156,2026-01-07 00:27:00,331056,101054,010000,68,0200,0
T1022,M2003,ACCT100093,DST300057,2026-01-07 03:49:00,280382,101792,010000,00,0200,0
T1022,M2016,ACCT100093,DST300033,2026-01-07 07:01:00,315552,102509,010000,00,0200,0
T1022,M2019,ACCT100093,DST300048,2026-01-07 08:47:00,287461,102631,010000,00,0200,0
T1022,M2013,ACCT100093,DST300070,2026-01-07 11:17:00,336418,102680,010000,00,0200,0
T1022,M2010,ACCT100093,DST300167,2026-01-07 12:25:00,320007,103433,010000,00,0200,0
T1022,M2014,ACCT100093,DST300182,2026-01-07 14:14:00,321145,103549,400000,00,0200,0
T1022,M2000,ACCT100093,DST300178,2026-01-07 14:17:00,274476,103713,400000,00,0200,0
T1022,M2008,ACCT100093,DST300089,2026-01-07 17:45:00,305481,103742,010000,00,0200,0
T1022,M2019,ACCT100093,DST300082,2026-01-07 18:51:00,334045,103834,400000,00,0200,0
T1022,M2000,ACCT100093,DST300063,2026-01-07 19:36:00,284644,103913,010000,00,0200,0
T1022,M2011,ACCT100093,DST300117,2026-01-07 22:28:00,305323,103926,400000,00,0200,0
T1022,M2004,ACCT100093,DST300127,2026-01-07 23:04:00,287732,104166,010000,00,0200,0
T1022,M2019,ACCT100093,DST300127,2026-01-07 23:16:00,2293120,104724,010000,00,0200,1
T1006,M2001,ACCT100094,DST300162,2026-01-16 04:21:00,263256,100211,010000,00,0200,0
T1006,M2004,ACCT100094,DST300042,2026-01-16 07:23:00,243597,100969,010000,00,0200,0
T1006,M2002,ACCT100094,DST300090,2026-01-16 08:57:00,246338,101074,400000,00,0200,0
T1006,M2011,ACCT100094,DST300071,2026-01-16 10:11:00,232608,101092,010000,00,0200,0
T1006,M2012,ACCT100094,DST300197,2026-01-16 14:09:00,218374,101273,010000,00,0200,0
T1006,M2013,ACCT100094,DST300168,2026-01-16 16:50:00,213038,101404,400000,00,0200,0
T1006,M2000,ACCT100094,DST300126,2026-01-16 16:51:00,244532,101439,300000,55,0200,1
T1006,M2004,ACCT100094,DST300137,2026-01-16 16:52:00,279767,101440,300000,55,0200,1
T1006,M2006,ACCT100094,DST300027,2026-01-16 20:15:00,224178,101463,010000,00,0200,0
T1006,M2014,ACCT100094,DST300133,2026-01-16 20:23:00,235114,101695,400000,00,0200,0
T1006,M2017,ACCT100094,DST300045,2026-01-16 23:45:00,275066,101914,010000,00,0200,0
T1006,M2002,ACCT100094,DST300182,2026-01-17 03:24:00,261429,102285,400000,00,0200,0
T1006,M2012,ACCT100094,DST300052,2026-01-17 03:25:00,279894,102613,300000,55,0200,1
T1006,M2006,ACCT100094,DST300197,2026-01-17 03:26:00,219915,102614,300000,55,0200,1
T1006,M2000,ACCT100094,DST300021,2026-01-17 06:47:00,243411,102699,010000,00,0200,0
T1006,M2011,ACCT100094,DST300005,2026-01-17 07:39:00,256234,103146,400000,00,0200,0
T1006,M2013,ACCT100094,DST300097,2026-01-17 09:59:00,208796,103455,400000,00,0200,0
T1006,M2013,ACCT100094,DST300053,2026-01-17 11:31:00,253740,104522,400000,00,0200,0
T1006,M2000,ACCT100094,DST300174,2026-01-17 14:54:00,251774,104906,010000,00,0200,0
T1001,M2006,ACCT100095,DST300129,2026-01-07 15:41:00,330036,100111,400000,00,0200,0
T1001,M2009,ACCT100095,DST300142,2026-01-07 16:31:00,338920,101024,010000,00,0200,0
T1001,M2014,ACCT100095,DST300144,2026-01-07 19:00:00,315987,101492,010000,00,0200,0
T1001,M2018,ACCT100095,DST300148,2026-01-07 19:23:00,333432,102969,010000,00,0200,0
T1001,M2019,ACCT100095,DST300109,2026-01-07 20:04:00,325329,102979,400000,00,0200,0
T1001,M2014,ACCT100095,DST300084,2026-01-07 22:41:00,317233,103203,010000,00,0200,0
T1001,M2003,ACCT100095,DST300164,2026-01-07 23:19:00,298070,103456,010000,51,0200,0
T1001,M2016,ACCT100095,DST300017,2026-01-08 00:55:00,304080,103836,010000,00,0200,0
T1017,M2013,ACCT100096,DST300088,2026-01-16 10:38:00,64716,100456,010000,00,0200,0
T1017,M2007,ACCT100096,DST300138,2026-01-16 11:06:00,72149,100802,400000,00,0200,0
T1016,M2006,ACCT100096,DST300086,2026-01-16 11:07:00,109702,101202,010000,00,0200,1
T1016,M2003,ACCT100096,DST300112,2026-01-16 12:40:00,57274,101586,400000,00,0200,0
T1016,M2003,ACCT100096,DST300088,2026-01-16 12:41:00,113355,102120,300000,55,0200,1
T1016,M2010,ACCT100096,DST300089,2026-01-16 12:42:00,71479,102121,300000,55,0200,1
T1016,M2007,ACCT100096,DST300022,2026-01-16 12:43:00,62876,102122,300000,55,0200,1
T1016,M2018,ACCT100096,DST300071,2026-01-16 15:29:00,110945,102138,010000,00,0200,0
T1016,M2007,ACCT100096,DST300146,2026-01-16 18:13:00,81104,103880,010000,51,0200,0
T1016,M2018,ACCT100096,DST300032,2026-01-16 18:25:00,78529,104263,400000,00,0200,0
T1027,M2009,ACCT100097,DST300009,2026-01-17 13:08:00,116701,100242,400000,00,0200,0
T1027,M2017,ACCT100097,DST300182,2026-01-17 16:41:00,118441,100276,010000,00,0200,0
T1027,M2014,ACCT100097,DST300032,2026-01-17 20:09:00,142811,100558,400000,00,0200,0
T1027,M2015,ACCT100097,DST300195,2026-01-17 21:45:00,110495,100943,010000,51,0200,0
T1027,M2010,ACCT100097,DST300088,2026-01-17 21:56:00,185059,101569,010000,00,0200,0
T1027,M2008,ACCT100097,DST300081,2026-01-18 01:07:00,136565,101716,400000,00,0200,0
T1027,M2001,ACCT100097,DST300131,2026-01-18 03:13:00,105921,103054,400000,00,0200,0
T1027,M2016,ACCT100097,DST300005,2026-01-18 04:58:00,154870,102452,010000,00,0200,0
T1027,M2017,ACCT100097,DST300194,2026-01-18 05:56:00,56429,103208,010000,00,0200,0
T1027,M2002,ACCT100097,DST300187,2026-01-18 08:55:00,138638,103998,010000,00,0200,0
T1027,M2007,ACCT100097,DST300118,2026-01-18 12:10:00,137377,104308,010000,00,0200,0
T1027,M2005,ACCT100097,DST300061,2026-01-18 14:46:00,146000,104408,010000,00,0200,0
T1027,M2005,ACCT100097,DST300159,2026-01-18 14:52:00,114178,104907,010000,00,0200,0
T1028,M2018,ACCT100098,DST300126,2026-01-19 04:57:00,206434,101048,010000,00,0200,0
T1028,M2007,ACCT100098,DST300033,2026-01-19 08:17:00,236982,101875,400000,00,0200,0
T1028,M2008,ACCT100098,DST300005,2026-01-19 10:48:00,240950,101899,010000,00,0200,0
T1028,M2013,ACCT100098,DST300195,2026-01-19 14:30:00,214186,101985,400000,00,0200,0
T1028,M2010,ACCT100098,DST300081,2026-01-19 14:57:00,196391,102107,400000,00,0200,0
T1028,M2012,ACCT100098,DST300033,2026-01-19 18:03:00,236900,102294,010000,00,0200,0
T1028,M2010,ACCT100098,DST300080,2026-01-19 19:26:00,227197,102822,400000,68,0200,0
T1028,M2013,ACCT100098,DST300029,2026-01-19 23:19:00,228820,103108,400000,00,0200,0
T1028,M2006,ACCT100098,DST300065,2026-01-20 00:55:00,206768,103377,010000,51,0200,0
T1028,M2019,ACCT100098,DST300025,2026-01-20 02:45:00,224860,103844,400000,00,0200,0
T1028,M2012,ACCT100098,DST300052,2026-01-20 05:25:00,196271,104573,010000,00,0200,0
T1028,M2013,ACCT100098,DST300097,2026-01-20 06:02:00,188050,104629,010000,00,0200,0
T1028,M2015,ACCT100098,DST300128,2026-01-20 06:56:00,268629,104641,400000,00,0200,0
T1028,M2010,ACCT100098,DST300045,2026-01-20 09:26:00,198748,104828,400000,68,0200,0
T1019,M2009,ACCT100099,DST300081,2026-01-15 14:38:00,312192,100199,400000,00,0200,0
T1019,M2018,ACCT100099,DST300186,2026-01-15 16:40:00,280603,101055,010000,00,0200,0
T1019,M2005,ACCT100099,DST300012,2026-01-15 19:25:00,268026,102315,400000,00,0200,0
T1019,M2001,ACCT100099,DST300025,2026-01-15 21:12:00,278218,104031,400000,00,0200,0
T1019,M2014,ACCT100099,DST300047,2026-01-15 22:01:00,245576,104294,010000,00,0200,0
T1019,M2017,ACCT100099,DST300033,2026-01-15 22:16:00,253193,104515,010000,00,0200,0
T1017,M2001,ACCT100100,DST300116,2026-01-07 15:02:00,224731,100731,010000,00,0200,0
T1017,M2018,ACCT100100,DST300193,2026-01-07 16:49:00,186980,100831,010000,00,0200,0
T1017,M2005,ACCT100100,DST300147,2026-01-07 20:10:00,175751,101032,010000,00,0200,0
T1017,M2005,ACCT100100,DST300076,2026-01-07 22:46:00,225231,101423,400000,00,0200,0
T1017,M2010,ACCT100100,DST300198,2026-01-08 00:10:00,236785,101584,010000,51,0200,0
T1017,M2009,ACCT100100,DST300084,2026-01-08 01:30:00,210243,102104,010000,00,0200,0
T1017,M2016,ACCT100100,DST300024,2026-01-08 01:32:00,216881,102491,400000,00,0200,0
T1017,M2019,ACCT100100,DST300007,2026-01-08 04:57:00,218515,102655,010000,00,0200,0
T1017,M2017,ACCT100100,DST300098,2026-01-08 06:39:00,219245,102767,010000,00,0200,0
T1017,M2006,ACCT100100,DST300143,2026-01-08 09:52:00,243966,102971,010000,00,0200,0
T1017,M2012,ACCT100100,DST300192,2026-01-08 11:56:00,181831,104035,010000,00,0200,0
T1017,M2015,ACCT100100,DST300035,2026-01-08 14:44:00,231558,104219,010000,00,0200,0
T1017,M2019,ACCT100100,DST300170,2026-01-08 15:57:00,200967,104236,400000,00,0200,0
T1017,M2016,ACCT100100,DST300054,2026-01-08 16:26:00,222990,104793,010000,00,0200,0
T1012,M2006,ACCT100101,DST300065,2026-01-11 01:18:00,297253,100616,400000,00,0200,0
T1012,M2018,ACCT100101,DST300165,2026-01-11 04:28:00,347745,101124,400000,00,0200,0
T1012,M2004,ACCT100101,DST300079,2026-01-11 07:01:00,305431,101163,010000,00,0200,0
T1012,M2017,ACCT100101,DST300197,2026-01-11 07:55:00,348471,100030,010000,00,0200,0
T1012,M2018,ACCT100101,DST300052,2026-01-11 09:07:00,350947,100250,400000,00,0200,0
T1012,M2018,ACCT100101,DST300199,2026-01-11 09:53:00,302733,101513,010000,00,0200,0
T1012,M2015,ACCT100101,DST300196,2026-01-11 11:53:00,318809,101544,010000,00,0200,0
T1012,M2000,ACCT100101,DST300142,2026-01-11 11:56:00,305408,101947,400000,00,0200,0
T1012,M2013,ACCT100101,DST300056,2026-01-11 14:18:00,312369,102345,400000,00,0200,0
T1012,M2016,ACCT100101,DST300153,2026-01-11 17:10:00,306547,102574,010000,00,0200,0
T1012,M2016,ACCT100101,DST300057,2026-01-11 20:35:00,321937,102851,400000,00,0200,0
T1012,M2002,ACCT100101,DST300160,2026-01-11 21:58:00,352549,103353,010000,00,0200,0
T1012,M2019,ACCT100101,DST300160,2026-01-12 01:31:00,362615,103893,010000,00,0200,0
T1012,M2000,ACCT100101,DST300195,2026-01-12 01:50:00,328604,104384,010000,00,0200,0
T1012,M2012,ACCT100101,DST300125,2026-01-12 02:10:00,308664,104481,400000,00,0200,0
T1023,M2015,ACCT100102,DST300006,2026-01-07 08:11:00,278834,100098,400000,00,0200,0
T1023,M2011,ACCT100102,DST300017,2026-01-07 09:10:00,291002,100105,010000,00,0200,0
T1023,M2003,ACCT100102,DST300175,2026-01-07 09:17:00,314253,100131,400000,00,0200,0
T1023,M2003,ACCT100102,DST300042,2026-01-07 09:45:00,262610,100313,400000,00,0200,0
T1023,M2002,ACCT100102,DST300009,2026-01-07 13:06:00,269397,100368,400000,00,0200,0
T1023,M2017,ACCT100102,DST999999,2026-01-07 13:08:00,295325,100489,400000,00,0200,1
T1023,M2003,ACCT100102,DST999999,2026-01-07 13:10:00,280497,100490,400000,00,0200,1
T1023,M2005,ACCT100102,DST300059,2026-01-07 15:51:00,260330,100909,400000,51,0200,0
T1023,M2006,ACCT100102,DST300055,2026-01-07 18:39:00,280748,101292,010000,00,0200,0
T1023,M2009,ACCT100102,DST300052,2026-01-07 20:51:00,299975,102784,010000,00,0200,0
T1023,M2010,ACCT100102,DST300110,2026-01-07 23:25:00,261522,102861,400000,00,0200,0
T1023,M2012,ACCT100102,DST300133,2026-01-08 01:36:00,238788,103290,010000,00,0200,0
T1023,M2013,ACCT100102,DST300079,2026-01-08 01:38:00,297208,103311,010000,00,0200,0
T1023,M2019,ACCT100102,DST300035,2026-01-08 02:23:00,264374,103879,010000,00,0200,0
T1023,M2002,ACCT100102,DST300138,2026-01-08 04:14:00,257260,103358,400000,00,0200,0
T1023,M2017,ACCT100102,DST300111,2026-01-08 05:49:00,274559,104085,400000,00,0200,0
T1023,M2002,ACCT100102,DST300007,2026-01-08 06:54:00,257372,104261,010000,00,0200,0
T1023,M2014,ACCT100102,DST300146,2026-01-08 07:12:00,254201,103407,010000,00,0200,0
T1023,M2011,ACCT100102,DST300152,2026-01-08 07:33:00,290997,104564,400000,00,0200,0
T1023,M2011,ACCT100102,DST300138,2026-01-08 09:04:00,279812,104627,010000,00,0200,0
T1023,M2015,ACCT100102,DST300130,2026-01-08 09:29:00,287411,103527,010000,00,0200,0
T1023,M2018,ACCT100102,DST300087,2026-01-08 10:44:00,297227,103658,400000,00,0200,0
T1023,M2007,ACCT100102,DST300047,2026-01-08 11:21:00,283521,103813,400000,00,0200,0
T1008,M2006,ACCT100103,DST300051,2026-01-17 08:33:00,158256,100146,010000,00,0200,0
T1008,M2001,ACCT100103,DST300091,2026-01-17 11:02:00,166023,100254,010000,00,0200,0
T1008,M2016,ACCT100103,DST300022,2026-01-17 14:58:00,173711,100531,400000,00,0200,0
T1008,M2009,ACCT100103,DST300126,2026-01-17 17:11:00,198568,100560,010000,00,0200,0
T1008,M2002,ACCT100103,DST300018,2026-01-17 19:09:00,178606,100692,400000,00,0200,0
T1008,M2013,ACCT100103,DST300147,2026-01-17 23:01:00,156825,101037,400000,00,0200,0
T1008,M2014,ACCT100103,DST999999,2026-01-17 23:03:00,206299,101374,400000,00,0200,1
T1008,M2013,ACCT100103,DST999999,2026-01-17 23:05:00,164319,101375,400000,00,0200,1
T1008,M2000,ACCT100103,DST999999,2026-01-17 23:07:00,151135,101376,400000,00,0200,1
T1008,M2009,ACCT100103,DST300076,2026-01-17 23:40:00,176534,101488,010000,00,0200,0
T1008,M2008,ACCT100103,DST300178,2026-01-18 03:13:00,181345,103127,400000,00,0200,0
T1008,M2008,ACCT100103,DST300072,2026-01-18 04:00:00,135325,104689,400000,00,0200,0
T1008,M2009,ACCT100103,DST300092,2026-01-18 05:38:00,176499,104719,400000,00,0200,0
T1008,M2000,ACCT100103,DST300093,2026-01-18 06:05:00,163622,103508,010000,00,0200,0
T1008,M2006,ACCT100103,DST300185,2026-01-18 06:10:00,1007072,103873,010000,00,0200,1
T1008,M2001,ACCT100103,DST300093,2026-01-18 06:15:00,163255,104286,400000,00,0200,0
T1008,M2011,ACCT100103,DST300090,2026-01-18 06:44:00,134290,104369,400000,00,0200,0
T1008,M2012,ACCT100103,DST300115,2026-01-18 07:23:00,120667,104550,400000,00,0200,0
T1008,M2010,ACCT100103,DST300188,2026-01-18 08:06:00,154432,104667,010000,00,0200,0
T1008,M2009,ACCT100103,DST300052,2026-01-18 08:38:00,127807,104844,010000,00,0200,0
T1017,M2019,ACCT100104,DST300093,2026-01-11 08:36:00,220471,100159,010000,00,0200,0
T1017,M2014,ACCT100104,DST300197,2026-01-11 10:35:00,226192,100381,400000,51,0200,0
T1017,M2015,ACCT100104,DST300162,2026-01-11 11:41:00,239474,101005,400000,00,0200,0
T1017,M2014,ACCT100104,DST300022,2026-01-11 12:35:00,267347,101039,400000,00,0200,0
T1017,M2011,ACCT100104,DST300161,2026-01-11 16:31:00,217307,101064,010000,00,0200,0
T1017,M2011,ACCT100104,DST300130,2026-01-11 20:20:00,252705,101229,010000,00,0200,0
T1017,M2003,ACCT100104,DST300042,2026-01-11 21:04:00,244504,101900,010000,00,0200,0
T1017,M2007,ACCT100104,DST300016,2026-01-11 22:20:00,281685,102128,010000,00,0200,0
T1017,M2009,ACCT100104,DST300024,2026-01-12 00:45:00,242026,102253,400000,00,0200,0
T1017,M2009,ACCT100104,DST300118,2026-01-12 02:48:00,231461,102289,400000,00,0200,0
T1017,M2005,ACCT100104,DST300087,2026-01-12 03:31:00,220616,102460,010000,00,0200,0
T1017,M2008,ACCT100104,DST300123,2026-01-12 04:02:00,240852,102512,400000,00,0200,0
T1017,M2013,ACCT100104,DST300040,2026-01-12 04:03:00,231283,103347,010000,00,0200,0
T1017,M2008,ACCT100104,DST300026,2026-01-12 04:18:00,259143,104594,010000,00,0200,0
T1017,M2017,ACCT100104,DST300129,2026-01-12 05:55:00,276038,104752,010000,00,0200,0
T1017,M2003,ACCT100104,DST300141,2026-01-12 07:55:00,178951,104810,010000,00,0200,0
T1016,M2019,ACCT100105,DST300053,2026-01-20 16:45:00,231526,100078,010000,00,0200,0
T1016,M2016,ACCT100105,DST300117,2026-01-20 17:04:00,262453,100143,010000,00,0200,0
T1016,M2004,ACCT100105,DST300155,2026-01-20 19:21:00,217252,100518,400000,00,0200,0
T1016,M2003,ACCT100105,DST300093,2026-01-20 22:47:00,232984,101094,010000,00,0200,0
T1016,M2004,ACCT100105,DST300107,2026-01-21 01:14:00,279674,101154,400000,00,0200,0
T1016,M2003,ACCT100105,DST300107,2026-01-21 01:48:00,190648,101284,010000,00,0200,0
T1016,M2010,ACCT100105,DST300023,2026-01-21 03:07:00,236863,101656,400000,00,0200,0
T1016,M2019,ACCT100105,DST300195,2026-01-21 07:00:00,282716,102051,400000,00,0200,0
T1016,M2001,ACCT100105,DST300036,2026-01-21 09:51:00,237818,102401,400000,00,0200,0
T1016,M2018,ACCT100105,DST300011,2026-01-21 12:34:00,200419,102415,010000,68,0200,0
T1016,M2005,ACCT100105,DST300172,2026-01-21 13:30:00,211109,102521,400000,00,0200,0
T1016,M2014,ACCT100105,DST300097,2026-01-21 17:03:00,226686,102560,400000,00,0200,0
T1016,M2009,ACCT100105,DST300198,2026-01-21 20:57:00,260154,102625,010000,00,0200,0
T1016,M2006,ACCT100105,DST300004,2026-01-21 21:36:00,278388,103060,400000,00,0200,0
T1016,M2000,ACCT100105,DST300133,2026-01-21 21:58:00,202397,103248,400000,00,0200,0
T1016,M2018,ACCT100105,DST300095,2026-01-21 23:27:00,227842,104226,400000,00,0200,0
T1016,M2002,ACCT100105,DST300074,2026-01-22 00:22:00,260737,104799,400000,00,0200,0
T1001,M2009,ACCT100106,DST300179,2026-01-06 01:21:00,68169,100960,400000,00,0200,0
T1001,M2003,ACCT100106,DST300128,2026-01-06 02:33:00,128628,101383,400000,00,0200,0
T1001,M2012,ACCT100106,DST300102,2026-01-06 06:30:00,83254,101472,400000,00,0200,0
T1001,M2010,ACCT100106,DST300038,2026-01-06 06:45:00,452106,101622,010000,00,0200,1
T1001,M2005,ACCT100106,DST300141,2026-01-06 06:47:00,111136,101714,010000,00,0200,0
T1001,M2008,ACCT100106,DST300084,2026-01-06 10:25:00,125607,102076,400000,00,0200,0
T1001,M2012,ACCT100106,DST300175,2026-01-06 12:09:00,91985,102432,010000,00,0200,0
T1001,M2003,ACCT100106,DST300146,2026-01-06 13:56:00,131090,102546,400000,00,0200,0
T1001,M2014,ACCT100106,DST300013,2026-01-06 17:56:00,119095,102579,400000,00,0200,0
T1001,M2004,ACCT100106,DST300080,2026-01-06 18:41:00,104188,102844,400000,00,0200,0
T1001,M2002,ACCT100106,DST300092,2026-01-06 19:44:00,74937,102918,400000,00,0200,0
T1001,M2000,ACCT100106,DST300180,2026-01-06 22:03:00,133170,103195,400000,00,0200,0
T1001,M2007,ACCT100106,DST300092,2026-01-06 23:38:00,75774,103281,010000,00,0200,0
T1001,M2004,ACCT100106,DST999999,2026-01-06 23:40:00,88000,103343,400000,00,0200,1
T1001,M2009,ACCT100106,DST999999,2026-01-06 23:42:00,107862,103344,400000,00,0200,1
T1001,M2001,ACCT100106,DST999999,2026-01-06 23:44:00,124930,103345,400000,00,0200,1
T1015,M2003,ACCT100106,DST300084,2026-01-06 23:45:00,87442,104264,010000,00,0200,1
T1015,M2001,ACCT100106,DST300156,2026-01-07 01:39:00,87725,104637,400000,00,0200,0
T1015,M2012,ACCT100106,DST300099,2026-01-07 02:54:00,96141,104826,400000,00,0200,0
T1015,M2006,ACCT100106,DST300087,2026-01-07 03:34:00,114146,104944,010000,00,0200,0
T1022,M2002,ACCT100107,DST300089,2026-01-07 13:53:00,292027,100054,300000,55,0200,1
T1022,M2017,ACCT100107,DST300075,2026-01-07 13:54:00,279841,100055,300000,55,0200,1
T1022,M2000,ACCT100107,DST300129,2026-01-07 17:45:00,260139,100156,010000,00,0200,0
T1022,M2008,ACCT100107,DST300035,2026-01-07 21:14:00,256320,100166,010000,00,0200,0
T1022,M2007,ACCT100107,DST300047,2026-01-07 21:24:00,251276,100562,010000,00,0200,0
T1022,M2010,ACCT100107,DST300093,2026-01-08 01:24:00,257954,100984,010000,00,0200,0
T1022,M2017,ACCT100107,DST300113,2026-01-08 01:54:00,241923,101259,010000,00,0200,0
T1022,M2005,ACCT100107,DST300117,2026-01-08 04:46:00,285291,101341,400000,00,0200,0
T1022,M2014,ACCT100107,DST300035,2026-01-08 08:01:00,225404,101511,400000,68,0200,0
T1022,M2013,ACCT100107,DST300149,2026-01-08 09:08:00,292330,101960,010000,00,0200,0
T1022,M2019,ACCT100107,DST300151,2026-01-08 09:42:00,240442,102255,400000,00,0200,0
T1022,M2004,ACCT100107,DST300045,2026-01-08 11:15:00,240718,102623,400000,00,0200,0
T1022,M2006,ACCT100107,DST300108,2026-01-08 13:29:00,253510,102707,010000,00,0200,0
T1022,M2011,ACCT100107,DST300107,2026-01-08 15:53:00,302157,102747,010000,00,0200,0
T1022,M2009,ACCT100107,DST300148,2026-01-08 18:41:00,272452,103239,010000,00,0200,0
T1022,M2007,ACCT100107,DST300060,2026-01-08 18:44:00,254519,103401,400000,00,0200,0
T1022,M2013,ACCT100107,DST300115,2026-01-08 21:23:00,328169,103417,010000,00,0200,0
T1022,M2013,ACCT100107,DST300093,2026-01-09 00:01:00,291019,103472,400000,00,0200,0
T1022,M2008,ACCT100107,DST300022,2026-01-09 00:33:00,268371,103853,010000,00,0200,0
T1022,M2013,ACCT100107,DST300050,2026-01-09 00:48:00,248450,104266,010000,00,0200,0
T1022,M2012,ACCT100107,DST300088,2026-01-09 01:55:00,241134,104982,010000,00,0200,0
T1003,M2000,ACCT100108,DST300133,2026-01-13 11:49:00,304424,100230,400000,00,0200,0
T1003,M2003,ACCT100108,DST300069,2026-01-13 14:54:00,305844,100830,010000,00,0200,0
T1003,M2000,ACCT100108,DST300076,2026-01-13 14:57:00,292054,100967,400000,00,0200,0
T1003,M2006,ACCT100108,DST300174,2026-01-13 18:25:00,259954,101045,010000,00,0200,0
T1003,M2008,ACCT100108,DST300180,2026-01-13 19:49:00,289101,101531,400000,00,0200,0
T1003,M2014,ACCT100108,DST300130,2026-01-13 19:50:00,272605,101605,400000,00,0200,0
T1003,M2017,ACCT100108,DST300180,2026-01-13 19:51:00,239296,101782,400000,00,0200,0
T1015,M2016,ACCT100108,DST300034,2026-01-13 19:55:00,306264,101796,010000,00,0200,1
T1015,M2017,ACCT100108,DST300022,2026-01-13 20:02:00,284955,102251,010000,00,0200,0
T1015,M2005,ACCT100108,DST300165,2026-01-13 21:51:00,278764,102420,010000,00,0200,0
T1015,M2009,ACCT100108,DST300125,2026-01-13 23:19:00,265933,102541,400000,00,0200,0
T1015,M2010,ACCT100108,DST300061,2026-01-14 02:27:00,277123,103202,400000,00,0200,0
T1015,M2008,ACCT100108,DST300083,2026-01-14 02:29:00,266421,103434,010000,00,0200,0
T1015,M2009,ACCT100108,DST300106,2026-01-14 03:20:00,267928,104018,010000,00,0200,0
T1015,M2002,ACCT100108,DST300036,2026-01-14 04:46:00,270464,103425,400000,00,0200,0
T1015,M2018,ACCT100108,DST300051,2026-01-14 05:34:00,284829,104167,400000,00,0200,0
T1005,M2002,ACCT100108,DST300127,2026-01-14 05:36:00,253005,104489,010000,00,0200,1
T1005,M2005,ACCT100108,DST300072,2026-01-14 06:17:00,277839,104644,010000,00,0200,0
T1005,M2006,ACCT100108,DST300151,2026-01-14 09:43:00,246523,104841,400000,00,0200,0
T1005,M2016,ACCT100108,DST300148,2026-01-14 13:32:00,244350,104889,400000,00,0200,0
T1012,M2000,ACCT100109,DST300049,2026-01-17 20:33:00,142499,100293,400000,00,0200,0
T1029,M2006,ACCT100109,DST300102,2026-01-17 20:38:00,93519,100406,010000,00,0200,1
T1029,M2003,ACCT100109,DST300015,2026-01-18 00:09:00,144546,100915,400000,00,0200,0
T1000,M2017,ACCT100109,DST300134,2026-01-18 01:42:00,99031,104052,010000,00,0200,0
T1029,M2017,ACCT100109,DST300054,2026-01-18 02:20:00,97335,100963,400000,00,0200,0
T1000,M2019,ACCT100109,DST300166,2026-01-18 02:53:00,139503,104341,010000,00,0200,0
T1016,M2019,ACCT100109,DST300146,2026-01-18 02:55:00,149855,104474,010000,00,0200,1
T1029,M2019,ACCT100109,DST300075,2026-01-18 03:35:00,117634,100980,010000,00,0200,0
T1000,M2018,ACCT100109,DST300189,2026-01-18 03:36:00,166578,100996,010000,00,0200,1
T1000,M2015,ACCT100109,DST300007,2026-01-18 03:37:00,150541,101027,300000,55,0200,1
T1000,M2015,ACCT100109,DST300195,2026-01-18 03:38:00,140472,101028,300000,55,0200,1
T1000,M2013,ACCT100109,DST300085,2026-01-18 03:39:00,101186,101534,300000,55,0200,1
T1000,M2002,ACCT100109,DST300020,2026-01-18 03:40:00,130456,101535,300000,55,0200,1
T1000,M2018,ACCT100109,DST300046,2026-01-18 03:41:00,110528,101536,300000,55,0200,1
T1000,M2003,ACCT100109,DST300074,2026-01-18 03:42:00,133772,101537,300000,55,0200,1
T1000,M2015,ACCT100109,DST300175,2026-01-18 04:36:00,120280,101669,400000,00,0200,0
T1000,M2017,ACCT100109,DST300190,2026-01-18 04:48:00,840137,102050,010000,00,0200,1
T1000,M2011,ACCT100109,DST300061,2026-01-18 08:20:00,112443,102696,400000,51,0200,0
T1000,M2006,ACCT100109,DST300029,2026-01-18 10:37:00,125541,103073,400000,00,0200,0
T1000,M2019,ACCT100109,DST300148,2026-01-18 12:23:00,134962,103461,010000,00,0200,0
T1000,M2009,ACCT100109,DST300156,2026-01-18 13:22:00,125373,103892,010000,00,0200,0
T1022,M2018,ACCT100110,DST300105,2026-01-14 01:03:00,213130,100995,010000,00,0200,0
T1022,M2001,ACCT100110,DST300093,2026-01-14 01:16:00,251227,101707,010000,00,0200,0
T1022,M2015,ACCT100110,DST300104,2026-01-14 01:39:00,218945,102379,400000,00,0200,0
T1022,M2017,ACCT100110,DST300169,2026-01-14 02:13:00,211442,102542,010000,00,0200,0
T1022,M2014,ACCT100110,DST300078,2026-01-14 03:09:00,246496,102803,400000,51,0200,0
T1022,M2016,ACCT100110,DST300066,2026-01-14 05:39:00,212768,100134,010000,00,0200,0
T1022,M2019,ACCT100110,DST300070,2026-01-14 07:07:00,212350,103858,400000,00,0200,0
T1022,M2008,ACCT100110,DST300163,2026-01-14 09:31:00,222680,100193,010000,00,0200,0
T1022,M2018,ACCT100110,DST300088,2026-01-14 10:28:00,239037,104738,400000,00,0200,0
T1022,M2008,ACCT100110,DST300168,2026-01-14 11:35:00,220593,100337,400000,00,0200,0
T1022,M2009,ACCT100110,DST300131,2026-01-14 12:35:00,243584,100987,400000,00,0200,0
T1024,M2007,ACCT100111,DST300113,2026-01-08 02:10:00,155525,101084,010000,51,0200,0
T1024,M2009,ACCT100111,DST300180,2026-01-08 02:26:00,155441,101132,400000,00,0200,0
T1024,M2004,ACCT100111,DST300131,2026-01-08 02:35:00,972109,101885,010000,00,0200,1
T1024,M2002,ACCT100111,DST300066,2026-01-08 02:36:00,163547,103029,010000,00,0200,0
T1024,M2004,ACCT100111,DST300013,2026-01-08 02:45:00,169938,104383,400000,68,0200,0
T1024,M2015,ACCT100111,DST300199,2026-01-08 03:35:00,148559,100181,010000,00,0200,0
T1024,M2015,ACCT100111,DST300019,2026-01-08 03:39:00,106335,104842,400000,00,0200,0
T1024,M2006,ACCT100111,DST300198,2026-01-08 04:03:00,286186,102297,010000,00,0200,1
T1024,M2009,ACCT100111,DST300121,2026-01-08 04:05:00,115649,102346,400000,00,0200,0
T1024,M2001,ACCT100111,DST300162,2026-01-08 04:39:00,170286,102185,010000,00,0200,0
T1024,M2010,ACCT100111,DST300140,2026-01-08 05:00:00,160982,104854,010000,00,0200,0
T1024,M2000,ACCT100111,DST300022,2026-01-08 05:17:00,118727,103452,010000,00,0200,0
T1024,M2003,ACCT100111,DST300145,2026-01-08 05:43:00,125151,102422,010000,00,0200,0
T1024,M2013,ACCT100111,DST300100,2026-01-08 06:08:00,165452,100345,010000,00,0200,0
T1024,M2009,ACCT100111,DST300137,2026-01-08 06:34:00,156089,103631,400000,00,0200,0
T1024,M2019,ACCT100111,DST300075,2026-01-08 08:29:00,122734,102482,400000,68,0200,0
T1024,M2001,ACCT100111,DST300107,2026-01-08 08:31:00,128643,102843,010000,00,0200,0
T1024,M2013,ACCT100111,DST300173,2026-01-08 08:35:00,132580,100465,400000,00,0200,0
T1024,M2017,ACCT100111,DST300161,2026-01-08 10:10:00,133970,103769,010000,00,0200,0
T1024,M2014,ACCT100111,DST300162,2026-01-08 11:32:00,159643,104220,400000,00,0200,0
T1024,M2017,ACCT100111,DST300077,2026-01-08 12:26:00,134186,100717,400000,00,0200,0
T1024,M2003,ACCT100111,DST300021,2026-01-08 15:28:00,172913,100740,010000,00,0200,0
T1024,M2016,ACCT100111,DST300029,2026-01-08 15:30:00,117958,100818,400000,00,0200,0
T1024,M2013,ACCT100111,DST300168,2026-01-08 15:31:00,170162,104257,010000,00,0200,0
T1024,M2005,ACCT100111,DST300066,2026-01-08 17:37:00,122656,100828,010000,00,0200,0
T1024,M2010,ACCT100111,DST300183,2026-01-08 18:23:00,129469,100860,010000,00,0200,0
T1024,M2012,ACCT100111,DST300093,2026-01-08 18:39:00,132501,100875,010000,00,0200,0
T1017,M2017,ACCT100112,DST300128,2026-01-14 01:16:00,136210,103542,010000,00,0200,0
T1017,M2010,ACCT100112,DST300182,2026-01-14 04:15:00,251202,100460,010000,00,0200,1
T1017,M2018,ACCT100112,DST300191,2026-01-14 05:01:00,137291,104239,400000,00,0200,0
T1017,M2002,ACCT100112,DST300194,2026-01-14 05:02:00,144942,104646,300000,55,0200,1
T1017,M2008,ACCT100112,DST300187,2026-01-14 05:03:00,183078,104647,300000,55,0200,1
T1017,M2018,ACCT100112,DST300062,2026-01-14 05:45:00,152287,101364,010000,00,0200,0
T1017,M2012,ACCT100112,DST300043,2026-01-14 07:07:00,151134,104896,010000,00,0200,0
T1017,M2001,ACCT100112,DST300086,2026-01-14 07:55:00,144544,102351,400000,00,0200,0
T1017,M2007,ACCT100112,DST300084,2026-01-14 11:03:00,119914,102367,400000,00,0200,0
T1017,M2005,ACCT100112,DST300017,2026-01-14 11:31:00,175412,102959,010000,00,0200,0
T1017,M2004,ACCT100112,DST300145,2026-01-14 12:55:00,193056,102994,010000,00,0200,0
T1017,M2006,ACCT100112,DST300073,2026-01-14 15:11:00,133368,103227,400000,00,0200,0
T1020,M2019,ACCT100113,DST300078,2026-01-13 00:23:00,206925,100660,300000,55,0200,1
T1020,M2000,ACCT100113,DST300121,2026-01-13 00:24:00,219553,100661,300000,55,0200,1
T1020,M2002,ACCT100113,DST300162,2026-01-13 00:25:00,147678,100662,300000,55,0200,1
T1020,M2011,ACCT100113,DST300074,2026-01-13 00:26:00,177615,100663,300000,55,0200,1
T1020,M2016,ACCT100113,DST300191,2026-01-13 03:29:00,179956,101127,400000,00,0200,0
T1020,M2006,ACCT100113,DST300128,2026-01-13 03:34:00,166963,100698,400000,00,0200,0
T1020,M2019,ACCT100113,DST300187,2026-01-13 04:09:00,171783,102156,010000,00,0200,0
T1020,M2019,ACCT100113,DST999999,2026-01-13 04:11:00,186979,102418,400000,00,0200,1
T1020,M2015,ACCT100113,DST999999,2026-01-13 04:13:00,145752,102419,400000,00,0200,1
T1020,M2018,ACCT100113,DST300198,2026-01-13 04:14:00,195293,102450,300000,55,0200,1
T1020,M2004,ACCT100113,DST300097,2026-01-13 04:15:00,145844,102451,300000,55,0200,1
T1020,M2014,ACCT100113,DST300020,2026-01-13 05:49:00,206097,101816,400000,00,0200,0
T1020,M2007,ACCT100113,DST300194,2026-01-13 06:20:00,197486,100991,400000,00,0200,0
T1020,M2015,ACCT100113,DST300113,2026-01-13 06:39:00,136761,102468,010000,00,0200,0
T1020,M2018,ACCT100113,DST300002,2026-01-13 09:36:00,209024,103094,400000,00,0200,0
T1020,M2004,ACCT100113,DST300020,2026-01-13 11:02:00,166699,103636,010000,00,0200,0
T1020,M2005,ACCT100113,DST300009,2026-01-13 14:48:00,189838,104318,400000,00,0200,0
T1020,M2004,ACCT100113,DST300142,2026-01-13 15:39:00,151494,104770,400000,00,0200,0
T1023,M2017,ACCT100114,DST300094,2026-01-21 00:56:00,154781,100704,010000,00,0200,0
T1023,M2016,ACCT100114,DST300080,2026-01-21 02:12:00,120861,100929,010000,00,0200,0
T1023,M2010,ACCT100114,DST300083,2026-01-21 03:51:00,124618,100976,010000,00,0200,0
T1023,M2013,ACCT100114,DST300099,2026-01-21 07:45:00,139716,101388,400000,00,0200,0
T1023,M2000,ACCT100114,DST300122,2026-01-21 08:38:00,164007,102585,010000,00,0200,0
T1023,M2001,ACCT100114,DST300033,2026-01-21 09:27:00,125203,104070,400000,00,0200,0
T1023,M2012,ACCT100114,DST300061,2026-01-21 13:01:00,145091,104191,400000,00,0200,0
T1023,M2012,ACCT100114,DST300095,2026-01-21 13:02:00,142213,104344,300000,55,0200,1
T1023,M2005,ACCT100114,DST300054,2026-01-21 13:03:00,161283,104345,300000,55,0200,1
T1023,M2000,ACCT100114,DST300065,2026-01-21 13:04:00,128393,104346,300000,55,0200,1
T1023,M2005,ACCT100114,DST300156,2026-01-21 16:28:00,154840,104347,010000,00,0200,0
T1000,M2011,ACCT100115,DST300024,2026-01-01 01:38:00,90262,102110,400000,00,0200,0
T1000,M2003,ACCT100115,DST300150,2026-01-01 03:12:00,105076,102183,010000,00,0200,0
T1000,M2010,ACCT100115,DST300013,2026-01-01 04:54:00,162964,101125,010000,00,0200,1
T1000,M2008,ACCT100115,DST300197,2026-01-01 05:29:00,73276,103106,400000,00,0200,0
T1000,M2016,ACCT100115,DST300163,2026-01-01 05:35:00,118299,101390,400000,00,0200,0
T1000,M2006,ACCT100115,DST300130,2026-01-01 06:01:00,87937,100225,400000,00,0200,0
T1000,M2008,ACCT100115,DST300166,2026-01-01 06:30:00,154305,103274,010000,51,0200,0
T1000,M2003,ACCT100115,DST300076,2026-01-01 09:04:00,120882,101495,400000,00,0200,0
T1000,M2017,ACCT100115,DST300065,2026-01-01 09:30:00,136783,103604,010000,00,0200,0
T1000,M2001,ACCT100115,DST300088,2026-01-01 09:31:00,103145,104168,300000,55,0200,1
T1000,M2019,ACCT100115,DST300154,2026-01-01 09:32:00,112440,104169,300000,55,0200,1
T1000,M2013,ACCT100115,DST300116,2026-01-01 09:33:00,88622,104170,300000,55,0200,1
T1000,M2010,ACCT100115,DST300077,2026-01-01 09:34:00,148154,104171,300000,55,0200,1
T1000,M2013,ACCT100115,DST300185,2026-01-01 09:56:00,117872,101499,010000,00,0200,0
T1000,M2014,ACCT100115,DST300147,2026-01-01 12:50:00,78940,101659,400000,00,0200,0
T1000,M2016,ACCT100115,DST300007,2026-01-01 14:35:00,104902,101683,400000,00,0200,0
T1000,M2008,ACCT100115,DST300169,2026-01-01 14:50:00,163744,101762,400000,51,0200,0
T1023,M2016,ACCT100116,DST300126,2026-01-05 22:32:00,122249,100258,400000,00,0200,0
T1023,M2002,ACCT100116,DST300071,2026-01-05 22:33:00,113350,100343,010000,00,0200,0
T1023,M2001,ACCT100116,DST300159,2026-01-05 22:46:00,105776,100455,010000,00,0200,0
T1023,M2017,ACCT100116,DST300074,2026-01-06 01:01:00,103242,103064,400000,51,0200,0
T1023,M2002,ACCT100116,DST300160,2026-01-06 02:15:00,93586,100613,400000,00,0200,0
T1023,M2018,ACCT100116,DST300028,2026-01-06 02:17:00,92323,100739,010000,00,0200,0
T1023,M2019,ACCT100116,DST300019,2026-01-06 03:23:00,135424,103616,400000,00,0200,0
T1023,M2013,ACCT100116,DST300110,2026-01-06 04:35:00,126387,103638,010000,00,0200,0
T1023,M2001,ACCT100116,DST999999,2026-01-06 04:37:00,131489,103772,400000,00,0200,1
T1023,M2003,ACCT100116,DST999999,2026-01-06 04:39:00,116390,103773,400000,00,0200,1
T1023,M2019,ACCT100116,DST999999,2026-01-06 04:41:00,107250,103774,400000,00,0200,1
T1023,M2001,ACCT100116,DST300019,2026-01-06 05:23:00,99143,104666,010000,00,0200,0
T1023,M2004,ACCT100116,DST300119,2026-01-06 05:46:00,80006,101038,010000,00,0200,0
T1023,M2003,ACCT100116,DST999999,2026-01-06 05:48:00,110052,101148,400000,00,0200,1
T1023,M2006,ACCT100116,DST999999,2026-01-06 05:50:00,99298,101149,400000,00,0200,1
T1007,M2000,ACCT100117,DST300164,2026-01-03 02:39:00,144821,100840,010000,00,0200,0
T1007,M2018,ACCT100117,DST300004,2026-01-03 02:42:00,158537,101230,010000,00,0200,0
T1007,M2019,ACCT100117,DST300081,2026-01-03 04:04:00,116135,101597,400000,00,0200,0
T1007,M2013,ACCT100117,DST300036,2026-01-03 06:32:00,170795,101909,400000,00,0200,0
T1007,M2018,ACCT100117,DST300159,2026-01-03 08:23:00,135758,102096,400000,00,0200,0
T1007,M2004,ACCT100117,DST300121,2026-01-03 10:57:00,144899,102355,400000,00,0200,0
T1007,M2019,ACCT100117,DST300105,2026-01-03 11:33:00,126105,103188,010000,00,0200,0
T1007,M2000,ACCT100117,DST300072,2026-01-03 12:23:00,146830,103761,010000,00,0200,0
T1007,M2003,ACCT100117,DST300148,2026-01-03 14:32:00,183973,104304,010000,00,0200,0
T1007,M2003,ACCT100117,DST300032,2026-01-03 15:42:00,196470,104417,010000,00,0200,0
T1007,M2005,ACCT100117,DST300136,2026-01-03 18:13:00,175267,104442,400000,00,0200,0
T1007,M2007,ACCT100117,DST300130,2026-01-03 20:50:00,170090,104813,400000,00,0200,0
T1014,M2009,ACCT100118,DST300090,2026-01-09 23:38:00,152242,100179,010000,00,0200,0
T1014,M2006,ACCT100118,DST300078,2026-01-09 23:48:00,623424,100388,010000,00,0200,1
T1014,M2015,ACCT100118,DST300055,2026-01-10 00:43:00,174813,101353,010000,00,0200,0
T1014,M2005,ACCT100118,DST300005,2026-01-10 04:24:00,166127,101362,010000,00,0200,0
T1014,M2016,ACCT100118,DST300123,2026-01-10 05:12:00,151433,101400,400000,00,0200,0
T1014,M2008,ACCT100118,DST300057,2026-01-10 06:31:00,143890,101598,400000,00,0200,0
T1014,M2005,ACCT100118,DST300037,2026-01-10 09:07:00,129694,101890,010000,00,0200,0
T1014,M2011,ACCT100118,DST300193,2026-01-10 10:42:00,95409,102731,400000,00,0200,0
T1014,M2009,ACCT100118,DST300179,2026-01-10 10:52:00,148022,102763,010000,00,0200,0
T1014,M2004,ACCT100118,DST300092,2026-01-10 13:14:00,125952,102865,400000,00,0200,0
T1014,M2012,ACCT100118,DST300100,2026-01-10 15:58:00,112353,103014,400000,00,0200,0
T1014,M2009,ACCT100118,DST300032,2026-01-10 16:24:00,120229,103398,010000,00,0200,0
T1014,M2009,ACCT100118,DST300010,2026-01-10 16:56:00,118720,104237,010000,00,0200,0
T1014,M2014,ACCT100118,DST300175,2026-01-10 19:10:00,103067,104684,400000,00,0200,0
T1010,M2017,ACCT100119,DST300196,2026-01-05 20:24:00,188269,100302,010000,00,0200,0
T1010,M2000,ACCT100119,DST300118,2026-01-05 21:34:00,187394,100321,010000,00,0200,0
T1010,M2017,ACCT100119,DST300191,2026-01-06 00:25:00,147008,100324,400000,00,0200,0
T1010,M2010,ACCT100119,DST300053,2026-01-06 01:40:00,180054,100485,400000,00,0200,0
T1010,M2009,ACCT100119,DST300076,2026-01-06 02:46:00,202201,100945,010000,00,0200,0
T1010,M2010,ACCT100119,DST300063,2026-01-06 06:15:00,185779,101269,400000,00,0200,0
T1010,M2013,ACCT100119,DST300014,2026-01-06 08:56:00,237740,101465,010000,00,0200,0
T1010,M2009,ACCT100119,DST300107,2026-01-06 12:39:00,164644,101489,010000,00,0200,0
T1010,M2012,ACCT100119,DST300121,2026-01-06 13:12:00,201362,101554,400000,00,0200,0
T1010,M2017,ACCT100119,DST300171,2026-01-06 17:12:00,171046,101580,010000,00,0200,0
T1010,M2002,ACCT100119,DST300159,2026-01-06 20:42:00,193991,101848,010000,00,0200,0
T1010,M2000,ACCT100119,DST300123,2026-01-06 23:56:00,154277,101872,400000,00,0200,0
T1010,M2019,ACCT100119,DST300166,2026-01-07 01:34:00,177640,102158,400000,00,0200,0
T1010,M2010,ACCT100119,DST300116,2026-01-07 02:30:00,198824,102265,400000,00,0200,0
T1010,M2008,ACCT100119,DST300104,2026-01-07 05:13:00,193183,102584,400000,00,0200,0
T1010,M2002,ACCT100119,DST300106,2026-01-07 06:05:00,178616,102637,400000,00,0200,0
T1010,M2008,ACCT100119,DST300066,2026-01-07 06:21:00,1329134,102839,010000,00,0200,1
T1010,M2018,ACCT100119,DST300143,2026-01-07 10:21:00,195067,102914,010000,00,0200,0
T1010,M2017,ACCT100119,DST300041,2026-01-07 11:41:00,189868,103004,400000,00,0200,0
T1010,M2014,ACCT100119,DST999999,2026-01-07 11:43:00,179873,103210,400000,00,0200,1
T1010,M2010,ACCT100119,DST999999,2026-01-07 11:45:00,186278,103211,400000,00,0200,1
T1010,M2003,ACCT100119,DST999999,2026-01-07 11:47:00,166888,103212,400000,00,0200,1
T1010,M2000,ACCT100119,DST300058,2026-01-07 13:33:00,210759,103821,400000,00,0200,0
T1010,M2006,ACCT100119,DST300026,2026-01-07 15:58:00,171166,104438,400000,00,0200,0
T1010,M2004,ACCT100119,DST300173,2026-01-07 17:12:00,180496,104459,400000,00,0200,0
T1010,M2013,ACCT100119,DST300032,2026-01-07 20:19:00,209624,104807,400000,00,0200,0
T1021,M2008,ACCT100120,DST300190,2026-01-19 14:02:00,186796,100033,400000,51,0200,0
T1021,M2017,ACCT100120,DST300061,2026-01-19 16:36:00,171697,100082,010000,00,0200,0
T1021,M2013,ACCT100120,DST300040,2026-01-19 19:42:00,158484,100344,400000,00,0200,0
T1021,M2002,ACCT100120,DST300106,2026-01-19 20:11:00,130264,100438,400000,00,0200,0
T1021,M2012,ACCT100120,DST300183,2026-01-19 21:33:00,181965,100926,400000,00,0200,0
T1021,M2017,ACCT100120,DST300018,2026-01-20 01:27:00,173637,101110,400000,00,0200,0
T1021,M2000,ACCT100120,DST300172,2026-01-20 04:17:00,144198,101424,010000,00,0200,0
T1021,M2003,ACCT100120,DST300075,2026-01-20 06:56:00,136580,101882,010000,00,0200,0
T1021,M2000,ACCT100120,DST300195,2026-01-20 08:17:00,190257,102240,400000,00,0200,0
T1021,M2001,ACCT100120,DST300095,2026-01-20 12:09:00,121119,102899,400000,00,0200,0
T1021,M2016,ACCT100120,DST300015,2026-01-20 14:30:00,155935,103012,400000,00,0200,0
T1021,M2013,ACCT100120,DST300161,2026-01-20 16:09:00,118544,103702,400000,00,0200,0
T1021,M2014,ACCT100120,DST300004,2026-01-20 18:08:00,151775,103768,010000,00,0200,0
T1021,M2010,ACCT100120,DST300055,2026-01-20 18:48:00,152667,103968,400000,00,0200,0
T1021,M2010,ACCT100120,DST300157,2026-01-20 20:15:00,160466,103971,010000,00,0200,0
T1021,M2017,ACCT100120,DST300097,2026-01-20 20:16:00,175861,104195,400000,00,0200,0
T1021,M2017,ACCT100120,DST300039,2026-01-20 23:52:00,114715,104547,400000,00,0200,0
T1022,M2000,ACCT100121,DST300198,2026-01-13 07:03:00,115267,100580,400000,00,0200,0
T1022,M2007,ACCT100121,DST300182,2026-01-13 08:14:00,105552,100890,400000,00,0200,0
T1022,M2019,ACCT100121,DST300122,2026-01-13 10:14:00,96612,101040,010000,00,0200,0
T1022,M2013,ACCT100121,DST300080,2026-01-13 13:18:00,139643,101278,010000,00,0200,0
T1022,M2006,ACCT100121,DST300178,2026-01-13 14:41:00,128143,101616,010000,00,0200,0
T1022,M2014,ACCT100121,DST300182,2026-01-13 14:48:00,127605,101801,010000,00,0200,0
T1022,M2002,ACCT100121,DST300061,2026-01-13 18:46:00,60771,101860,010000,00,0200,0
T1022,M2016,ACCT100121,DST300177,2026-01-13 21:46:00,79916,102650,400000,00,0200,0
T1022,M2000,ACCT100121,DST300001,2026-01-13 22:17:00,100431,103665,010000,00,0200,0
T1022,M2018,ACCT100121,DST300062,2026-01-14 01:53:00,105185,104078,400000,00,0200,0
T1022,M2001,ACCT100121,DST300131,2026-01-14 02:21:00,102347,104501,010000,00,0200,0
T1022,M2014,ACCT100121,DST300138,2026-01-14 02:31:00,91735,104093,400000,00,0200,0
T1022,M2015,ACCT100121,DST300053,2026-01-14 06:13:00,81207,104917,010000,00,0200,0
T1019,M2003,ACCT100122,DST300057,2026-01-15 11:31:00,245582,100638,400000,00,0200,0
T1019,M2009,ACCT100122,DST300095,2026-01-15 11:36:00,256251,100900,400000,00,0200,0
T1019,M2019,ACCT100122,DST300107,2026-01-15 13:28:00,260178,101206,400000,00,0200,0
T1019,M2000,ACCT100122,DST300064,2026-01-15 15:57:00,248171,101522,400000,00,0200,0
T1019,M2002,ACCT100122,DST300040,2026-01-15 17:05:00,239209,101663,400000,00,0200,0
T1019,M2006,ACCT100122,DST300048,2026-01-15 18:56:00,270185,101704,400000,00,0200,0
T1019,M2005,ACCT100122,DST300113,2026-01-15 20:59:00,273894,101931,010000,00,0200,0
T1019,M2014,ACCT100122,DST300091,2026-01-15 23:35:00,240333,101952,010000,00,0200,0
T1019,M2008,ACCT100122,DST300087,2026-01-16 01:34:00,207941,102083,400000,00,0200,0
T1019,M2009,ACCT100122,DST300156,2026-01-16 02:47:00,204654,102140,010000,00,0200,0
T1019,M2000,ACCT100122,DST300107,2026-01-16 03:03:00,244936,102225,010000,00,0200,0
T1019,M2006,ACCT100122,DST300176,2026-01-16 04:34:00,259222,103260,400000,00,0200,0
T1019,M2001,ACCT100122,DST300151,2026-01-16 04:53:00,208751,102318,010000,00,0200,0
T1019,M2003,ACCT100122,DST300121,2026-01-16 07:51:00,276678,104057,400000,00,0200,0
T1019,M2013,ACCT100122,DST300073,2026-01-16 08:21:00,245118,102375,010000,00,0200,0
T1019,M2016,ACCT100122,DST300025,2026-01-16 09:44:00,256624,104548,400000,00,0200,0
T1019,M2001,ACCT100122,DST300080,2026-01-16 10:04:00,251491,102552,400000,00,0200,0
T1019,M2018,ACCT100122,DST300110,2026-01-16 12:23:00,233467,102589,400000,00,0200,0
T1019,M2016,ACCT100122,DST300153,2026-01-16 12:49:00,216727,102703,400000,00,0200,0
T1019,M2019,ACCT100122,DST300046,2026-01-16 13:21:00,234297,104567,010000,51,0200,0
T1019,M2006,ACCT100122,DST300099,2026-01-16 13:22:00,251221,104969,300000,55,0200,1
T1019,M2005,ACCT100122,DST300199,2026-01-16 13:23:00,233580,104970,300000,55,0200,1
T1019,M2001,ACCT100122,DST300029,2026-01-16 13:24:00,212362,104971,300000,55,0200,1
T1019,M2001,ACCT100122,DST300035,2026-01-16 13:25:00,204501,104972,300000,55,0200,1
T1006,M2005,ACCT100123,DST300120,2026-01-17 17:41:00,241298,100110,400000,00,0200,0
T1006,M2004,ACCT100123,DST300040,2026-01-17 17:46:00,251575,100303,010000,00,0200,0
T1006,M2003,ACCT100123,DST300199,2026-01-17 21:29:00,237187,100333,400000,00,0200,0
T1006,M2018,ACCT100123,DST300036,2026-01-18 00:30:00,270332,100519,010000,00,0200,0
T1006,M2000,ACCT100123,DST300158,2026-01-18 03:21:00,215872,100603,010000,00,0200,0
T1006,M2001,ACCT100123,DST300052,2026-01-18 06:48:00,234571,101070,400000,00,0200,0
T1006,M2016,ACCT100123,DST300097,2026-01-18 08:04:00,244319,101446,010000,00,0200,0
T1006,M2010,ACCT100123,DST300124,2026-01-18 08:50:00,220956,101613,400000,00,0200,0
T1006,M2011,ACCT100123,DST300170,2026-01-18 12:41:00,215824,101774,400000,00,0200,0
T1006,M2005,ACCT100123,DST300087,2026-01-18 15:36:00,198187,102256,400000,00,0200,0
T1006,M2016,ACCT100123,DST300165,2026-01-18 16:37:00,252476,102426,010000,00,0200,0
T1006,M2008,ACCT100123,DST300094,2026-01-18 18:24:00,260315,102603,010000,00,0200,0
T1019,M2010,ACCT100123,DST300070,2026-01-18 18:29:00,217630,102659,010000,00,0200,1
T1019,M2017,ACCT100123,DST300114,2026-01-18 19:32:00,202849,102885,010000,00,0200,0
T1019,M2007,ACCT100123,DST300072,2026-01-18 19:33:00,203126,103293,300000,55,0200,1
T1019,M2006,ACCT100123,DST300165,2026-01-18 19:34:00,210784,103294,300000,55,0200,1
T1019,M2006,ACCT100123,DST300023,2026-01-18 19:35:00,219973,103295,300000,55,0200,1
T1019,M2000,ACCT100123,DST300061,2026-01-18 22:09:00,227484,103485,400000,00,0200,0
T1019,M2015,ACCT100123,DST300044,2026-01-18 22:12:00,257462,103655,010000,00,0200,0
T1019,M2016,ACCT100123,DST300103,2026-01-18 23:10:00,228616,104354,400000,00,0200,0
T1019,M2008,ACCT100123,DST300123,2026-01-18 23:13:00,251001,104356,400000,51,0200,0
T1019,M2012,ACCT100123,DST999999,2026-01-18 23:15:00,206613,104746,400000,00,0200,1
T1019,M2006,ACCT100123,DST999999,2026-01-18 23:17:00,220225,104747,400000,00,0200,1
T1019,M2018,ACCT100123,DST999999,2026-01-18 23:19:00,261494,104748,400000,00,0200,1
T1019,M2000,ACCT100123,DST300197,2026-01-19 00:18:00,218669,104931,010000,00,0200,0
T1027,M2002,ACCT100124,DST300175,2026-01-08 03:44:00,131892,100870,010000,00,0200,0
T1027,M2007,ACCT100124,DST300199,2026-01-08 06:37:00,73182,102080,010000,00,0200,0
T1027,M2009,ACCT100124,DST300071,2026-01-08 07:42:00,105481,102578,010000,00,0200,0
T1027,M2000,ACCT100124,DST300060,2026-01-08 07:44:00,83274,103135,010000,00,0200,0
T1027,M2006,ACCT100124,DST300125,2026-01-08 09:13:00,103282,103138,010000,00,0200,0
T1027,M2006,ACCT100124,DST300035,2026-01-08 09:43:00,112634,103453,010000,00,0200,0
T1027,M2013,ACCT100124,DST300077,2026-01-08 11:26:00,103219,103632,010000,00,0200,0
T1027,M2019,ACCT100124,DST300138,2026-01-08 12:23:00,73106,100757,010000,00,0200,0
T1027,M2002,ACCT100124,DST300177,2026-01-08 14:42:00,83231,103812,400000,00,0200,0
T1027,M2004,ACCT100124,DST300081,2026-01-08 14:56:00,93591,104314,010000,51,0200,0
T1027,M2011,ACCT100124,DST300090,2026-01-08 18:36:00,87368,104404,400000,00,0200,0
T1027,M2006,ACCT100124,DST300180,2026-01-08 21:11:00,113341,104467,010000,00,0200,0
T1001,M2009,ACCT100125,DST300191,2026-01-16 04:08:00,62844,100169,010000,00,0200,0
T1001,M2001,ACCT100125,DST300100,2026-01-16 07:31:00,149840,100383,010000,68,0200,0
T1001,M2019,ACCT100125,DST300097,2026-01-16 08:27:00,130644,100873,400000,00,0200,0
T1001,M2003,ACCT100125,DST300118,2026-01-16 11:14:00,129184,101030,010000,00,0200,0
T1001,M2008,ACCT100125,DST300154,2026-01-16 14:22:00,130282,101420,010000,00,0200,0
T1001,M2004,ACCT100125,DST300026,2026-01-16 18:00:00,115913,101555,010000,00,0200,0
T1001,M2002,ACCT100125,DST300147,2026-01-16 18:48:00,132163,102307,010000,00,0200,0
T1001,M2018,ACCT100125,DST300094,2026-01-16 19:43:00,172975,102626,400000,68,0200,0
T1001,M2002,ACCT100125,DST300135,2026-01-16 22:21:00,119415,103164,010000,00,0200,0
T1001,M2001,ACCT100125,DST300090,2026-01-17 01:22:00,111634,103416,010000,00,0200,0
T1001,M2017,ACCT100125,DST300019,2026-01-17 04:15:00,127265,103503,010000,00,0200,0
T1001,M2013,ACCT100125,DST300084,2026-01-17 06:33:00,128630,103911,400000,00,0200,0
T1001,M2011,ACCT100125,DST300100,2026-01-17 06:41:00,124403,104784,400000,00,0200,0
T1001,M2008,ACCT100125,DST300185,2026-01-17 08:00:00,140880,104785,010000,00,0200,0
T1017,M2000,ACCT100126,DST300024,2026-01-01 03:22:00,180218,101143,400000,00,0200,0
T1017,M2017,ACCT100126,DST300180,2026-01-01 03:58:00,200115,101566,010000,00,0200,0
T1017,M2014,ACCT100126,DST300085,2026-01-01 04:51:00,197932,100743,010000,68,0200,0
T1017,M2006,ACCT100126,DST300097,2026-01-01 07:51:00,175164,101997,400000,00,0200,0
T1017,M2012,ACCT100126,DST300033,2026-01-01 08:09:00,257630,102019,400000,00,0200,0
T1017,M2000,ACCT100126,DST300165,2026-01-01 08:10:00,186317,102394,300000,55,0200,1
T1017,M2013,ACCT100126,DST300096,2026-01-01 08:11:00,225166,102395,300000,55,0200,1
T1017,M2006,ACCT100126,DST300065,2026-01-01 08:12:00,155560,102396,300000,55,0200,1
T1017,M2012,ACCT100126,DST300070,2026-01-01 08:13:00,211475,102397,300000,55,0200,1
T1017,M2010,ACCT100126,DST300092,2026-01-01 10:13:00,202950,103209,010000,00,0200,0
T1017,M2007,ACCT100126,DST300105,2026-01-01 10:15:00,188557,103441,400000,00,0200,0
T1017,M2019,ACCT100126,DST300197,2026-01-01 14:13:00,212550,100150,010000,00,0200,0
T1017,M2007,ACCT100126,DST300086,2026-01-01 14:13:00,197802,104006,400000,00,0200,0
T1017,M2001,ACCT100126,DST300058,2026-01-01 14:29:00,231805,100305,400000,00,0200,0
T1017,M2017,ACCT100126,DST300125,2026-01-01 15:24:00,234900,104179,400000,68,0200,0
T1017,M2003,ACCT100126,DST999999,2026-01-01 15:26:00,225632,104413,400000,00,0200,1
T1017,M2011,ACCT100126,DST999999,2026-01-01 15:28:00,183231,104414,400000,00,0200,1
T1017,M2019,ACCT100126,DST999999,2026-01-01 15:30:00,197600,104415,400000,00,0200,1
T1017,M2014,ACCT100126,DST300178,2026-01-01 19:11:00,184714,104949,010000,00,0200,0
T1029,M2019,ACCT100127,DST300101,2026-01-19 22:31:00,198926,100377,400000,00,0200,0
T1029,M2006,ACCT100127,DST300035,2026-01-20 00:16:00,202800,100523,400000,00,0200,0
T1029,M2016,ACCT100127,DST300052,2026-01-20 01:14:00,197557,101075,010000,68,0200,0
T1029,M2011,ACCT100127,DST999999,2026-01-20 01:16:00,161552,101081,400000,00,0200,1
T1029,M2016,ACCT100127,DST999999,2026-01-20 01:18:00,226660,101082,400000,00,0200,1
T1029,M2010,ACCT100127,DST300155,2026-01-20 02:29:00,204211,101680,400000,00,0200,0
T1029,M2017,ACCT100127,DST300197,2026-01-20 04:02:00,215156,101703,400000,00,0200,0
T1029,M2009,ACCT100127,DST300121,2026-01-20 04:38:00,204617,101260,400000,00,0200,0
T1029,M2009,ACCT100127,DST300006,2026-01-20 06:47:00,195039,102366,400000,00,0200,0
T1029,M2016,ACCT100127,DST300097,2026-01-20 07:14:00,224384,102413,400000,00,0200,0
T1029,M2003,ACCT100127,DST300172,2026-01-20 07:42:00,201520,102558,400000,00,0200,0
T1029,M2012,ACCT100127,DST300079,2026-01-20 11:06:00,182592,102993,400000,68,0200,0
T1029,M2015,ACCT100127,DST300020,2026-01-20 12:36:00,197283,103581,010000,00,0200,0
T1029,M2015,ACCT100127,DST300160,2026-01-20 12:55:00,225151,104789,010000,00,0200,0
T1001,M2008,ACCT100128,DST300002,2026-01-02 22:48:00,176903,100039,010000,00,0200,0
T1001,M2018,ACCT100128,DST300039,2026-01-03 03:13:00,173170,100277,400000,00,0200,0
T1001,M2005,ACCT100128,DST300115,2026-01-03 05:29:00,193966,101186,400000,00,0200,0
T1001,M2008,ACCT100128,DST300034,2026-01-03 07:41:00,180059,101741,010000,00,0200,0
T1001,M2013,ACCT100128,DST300035,2026-01-03 10:23:00,223192,102086,400000,00,0200,0
T1001,M2009,ACCT100128,DST300185,2026-01-03 11:53:00,193885,102179,010000,00,0200,0
T1001,M2011,ACCT100128,DST300104,2026-01-03 14:56:00,164376,102449,400000,00,0200,0
T1001,M2006,ACCT100128,DST300055,2026-01-03 17:05:00,171186,102930,400000,00,0200,0
T1001,M2003,ACCT100128,DST999999,2026-01-03 17:07:00,243445,103283,400000,00,0200,1
T1001,M2016,ACCT100128,DST999999,2026-01-03 17:09:00,201576,103284,400000,00,0200,1
T1001,M2001,ACCT100128,DST999999,2026-01-03 17:11:00,197146,103285,400000,00,0200,1
T1001,M2008,ACCT100128,DST300181,2026-01-03 20:31:00,155662,103762,010000,00,0200,0
T1001,M2012,ACCT100128,DST300060,2026-01-03 20:57:00,180874,103865,400000,00,0200,0
T1001,M2008,ACCT100128,DST300105,2026-01-03 22:02:00,155570,103944,400000,00,0200,0
T1001,M2003,ACCT100128,DST300028,2026-01-04 02:02:00,175341,104160,010000,00,0200,0
T1001,M2004,ACCT100128,DST300083,2026-01-04 03:06:00,160461,104494,400000,00,0200,0
T1016,M2012,ACCT100129,DST300181,2026-01-05 03:58:00,69637,101302,010000,00,0200,0
T1016,M2011,ACCT100129,DST300037,2026-01-05 04:03:00,408918,102165,010000,00,0200,1
T1016,M2006,ACCT100129,DST300034,2026-01-05 04:47:00,97713,102189,010000,00,0200,0
T1016,M2010,ACCT100129,DST300134,2026-01-05 08:24:00,66709,102219,010000,00,0200,0
T1016,M2017,ACCT100129,DST300079,2026-01-05 11:36:00,48512,102228,400000,00,0200,0
T1016,M2010,ACCT100129,DST300032,2026-01-05 14:47:00,94916,100247,400000,00,0200,0
T1016,M2015,ACCT100129,DST300161,2026-01-05 14:51:00,71855,103166,400000,00,0200,0
T1016,M2012,ACCT100129,DST300130,2026-01-05 17:07:00,74842,103591,400000,00,0200,0
T1016,M2008,ACCT100129,DST300117,2026-01-05 17:23:00,36590,101111,010000,00,0200,0
T1026,M2017,ACCT100130,DST300017,2026-01-10 19:21:00,172279,100815,010000,00,0200,0
T1026,M2004,ACCT100130,DST300137,2026-01-10 20:18:00,175239,100974,400000,00,0200,0
T1026,M2015,ACCT100130,DST300074,2026-01-10 21:53:00,174009,101561,010000,00,0200,0
T1026,M2008,ACCT100130,DST300042,2026-01-11 00:46:00,164480,102337,010000,00,0200,0
T1026,M2010,ACCT100130,DST300026,2026-01-11 01:41:00,151672,102709,400000,00,0200,0
T1026,M2019,ACCT100130,DST300029,2026-01-11 03:14:00,192520,102738,010000,00,0200,0
T1026,M2012,ACCT100130,DST300075,2026-01-11 04:50:00,191628,102890,010000,00,0200,0
T1026,M2007,ACCT100130,DST300140,2026-01-11 05:34:00,159638,103219,400000,00,0200,0
T1026,M2019,ACCT100130,DST300155,2026-01-11 05:45:00,143997,103240,400000,00,0200,0
T1026,M2005,ACCT100130,DST300152,2026-01-11 09:13:00,153389,103329,010000,00,0200,0
T1026,M2014,ACCT100130,DST300174,2026-01-11 10:35:00,136500,103559,400000,00,0200,0
T1026,M2007,ACCT100130,DST300195,2026-01-11 13:12:00,157194,103668,400000,51,0200,0
T1026,M2002,ACCT100130,DST300081,2026-01-11 15:07:00,131002,104000,010000,00,0200,0
T1026,M2009,ACCT100130,DST300144,2026-01-11 16:56:00,160134,104013,010000,00,0200,0
T1026,M2001,ACCT100130,DST300185,2026-01-11 17:53:00,175387,104059,400000,00,0200,0
T1026,M2011,ACCT100130,DST300048,2026-01-11 20:51:00,140364,104244,010000,00,0200,0
T1026,M2004,ACCT100130,DST300035,2026-01-11 20:59:00,156575,104389,010000,00,0200,0
T1026,M2013,ACCT100131,DST300130,2026-01-13 22:43:00,261531,100069,400000,00,0200,0
T1026,M2006,ACCT100131,DST300047,2026-01-14 00:19:00,263861,100273,400000,00,0200,0
T1026,M2011,ACCT100131,DST300074,2026-01-14 02:13:00,250095,102187,400000,00,0200,0
T1026,M2011,ACCT100131,DST300040,2026-01-14 03:27:00,291669,104084,010000,68,0200,0
T1026,M2000,ACCT100131,DST300031,2026-01-14 03:34:00,238420,100858,400000,00,0200,0
T1026,M2015,ACCT100131,DST300172,2026-01-14 03:39:00,253230,101212,400000,00,0200,0
T1026,M2019,ACCT100131,DST999999,2026-01-14 03:41:00,254232,101649,400000,00,0200,1
T1026,M2005,ACCT100131,DST999999,2026-01-14 03:43:00,243083,101650,400000,00,0200,1
T1026,M2014,ACCT100131,DST300075,2026-01-14 04:02:00,265280,101753,010000,00,0200,0
T1026,M2000,ACCT100131,DST300114,2026-01-14 04:10:00,249002,104106,400000,00,0200,0
T1026,M2005,ACCT100131,DST300101,2026-01-14 04:20:00,258295,102876,400000,00,0200,0
T1026,M2002,ACCT100131,DST300132,2026-01-14 04:38:00,286123,104225,400000,00,0200,0
T1026,M2018,ACCT100131,DST300154,2026-01-14 04:39:00,229812,104251,010000,00,0200,0
T1026,M2015,ACCT100131,DST300027,2026-01-14 06:04:00,264239,104569,400000,00,0200,0
T1026,M2019,ACCT100131,DST300046,2026-01-14 06:12:00,229082,103488,010000,68,0200,0
T1026,M2005,ACCT100131,DST300094,2026-01-14 06:33:00,235869,102087,010000,00,0200,0
T1026,M2014,ACCT100131,DST300156,2026-01-14 07:24:00,262901,102137,010000,00,0200,0
T1026,M2009,ACCT100131,DST300087,2026-01-14 09:58:00,266165,103592,010000,00,0200,0
T1006,M2011,ACCT100132,DST300044,2026-01-09 04:16:00,245770,100761,400000,00,0200,0
T1006,M2009,ACCT100132,DST300055,2026-01-09 05:53:00,259767,100245,400000,00,0200,0
T1006,M2008,ACCT100132,DST300123,2026-01-09 06:34:00,277432,100358,010000,68,0200,0
T1006,M2010,ACCT100132,DST300124,2026-01-09 06:48:00,222522,100371,010000,00,0200,0
T1006,M2003,ACCT100132,DST300094,2026-01-09 07:31:00,278137,101133,400000,00,0200,0
T1006,M2001,ACCT100132,DST300014,2026-01-09 08:26:00,262151,101265,400000,00,0200,0
T1006,M2002,ACCT100132,DST300084,2026-01-09 08:40:00,237662,101494,010000,00,0200,0
T1006,M2007,ACCT100132,DST300032,2026-01-09 08:43:00,290074,101690,400000,00,0200,0
T1006,M2009,ACCT100132,DST300063,2026-01-09 09:35:00,270973,102055,400000,00,0200,0
T1006,M2007,ACCT100132,DST300039,2026-01-09 11:38:00,275184,102403,400000,00,0200,0
T1006,M2019,ACCT100132,DST300193,2026-01-09 11:49:00,292644,102470,010000,00,0200,0
T1006,M2002,ACCT100132,DST300150,2026-01-09 14:51:00,285009,102628,010000,00,0200,0
T1006,M2011,ACCT100132,DST999999,2026-01-09 14:53:00,287964,102660,400000,00,0200,1
T1006,M2008,ACCT100132,DST999999,2026-01-09 14:55:00,284753,102661,400000,00,0200,1
T1006,M2016,ACCT100132,DST300151,2026-01-09 16:19:00,268880,103066,400000,00,0200,0
T1006,M2012,ACCT100132,DST300021,2026-01-09 17:04:00,255072,103501,400000,00,0200,0
T1006,M2019,ACCT100132,DST300023,2026-01-09 17:09:00,279022,103514,400000,68,0200,0
T1006,M2012,ACCT100132,DST300038,2026-01-09 17:12:00,273646,104696,010000,68,0200,0
T1013,M2011,ACCT100133,DST300061,2026-01-05 20:02:00,283709,101694,010000,00,0200,0
T1013,M2012,ACCT100133,DST300082,2026-01-05 21:29:00,284715,101747,010000,00,0200,0
T1013,M2006,ACCT100133,DST300009,2026-01-06 00:23:00,322493,103189,400000,00,0200,0
T1013,M2014,ACCT100133,DST300093,2026-01-06 01:18:00,249112,103431,010000,51,0200,0
T1013,M2014,ACCT100133,DST300080,2026-01-06 03:13:00,324825,103937,400000,00,0200,0
T1013,M2008,ACCT100133,DST300195,2026-01-06 04:19:00,320913,104033,010000,00,0200,0
T1013,M2007,ACCT100133,DST300105,2026-01-06 04:45:00,282705,104216,400000,00,0200,0
T1013,M2000,ACCT100133,DST300116,2026-01-06 07:55:00,276572,104778,010000,00,0200,0
T1013,M2007,ACCT100133,DST300036,2026-01-06 08:33:00,285812,104802,400000,00,0200,0
T1013,M2014,ACCT100133,DST300180,2026-01-06 11:59:00,264380,104989,400000,00,0200,0
T1026,M2016,ACCT100134,DST300146,2026-01-01 22:20:00,197045,100013,400000,00,0200,0
T1026,M2006,ACCT100134,DST300162,2026-01-02 01:39:00,204864,102210,010000,00,0200,0
T1026,M2004,ACCT100134,DST300179,2026-01-02 01:43:00,207433,100882,400000,00,0200,0
T1026,M2009,ACCT100134,DST300192,2026-01-02 04:38:00,181906,102568,400000,00,0200,0
T1026,M2008,ACCT100134,DST300193,2026-01-02 05:32:00,203152,101141,010000,00,0200,0
T1026,M2006,ACCT100134,DST300160,2026-01-02 05:34:00,182131,101277,010000,00,0200,0
T1026,M2010,ACCT100134,DST300057,2026-01-02 06:55:00,147470,102742,400000,00,0200,0
T1026,M2006,ACCT100134,DST300133,2026-01-02 06:56:00,171810,103498,400000,00,0200,0
T1026,M2004,ACCT100134,DST300087,2026-01-02 07:18:00,169615,101394,400000,00,0200,0
T1026,M2013,ACCT100134,DST300072,2026-01-02 08:19:00,170526,101451,400000,00,0200,0
T1026,M2017,ACCT100134,DST300090,2026-01-02 09:03:00,181235,101607,400000,00,0200,0
T1026,M2015,ACCT100134,DST300023,2026-01-02 10:50:00,168298,103976,010000,00,0200,0
T1026,M2004,ACCT100134,DST300010,2026-01-02 13:30:00,182847,104572,010000,00,0200,0
T1026,M2019,ACCT100134,DST300003,2026-01-02 16:19:00,197473,104709,400000,00,0200,0
T1017,M2014,ACCT100135,DST300152,2026-01-20 16:15:00,283273,100221,010000,00,0200,0
T1017,M2019,ACCT100135,DST300114,2026-01-20 19:45:00,295100,100643,010000,00,0200,0
T1017,M2017,ACCT100135,DST300010,2026-01-20 20:25:00,302674,101264,400000,00,0200,0
T1017,M2007,ACCT100135,DST300023,2026-01-20 21:28:00,297018,101846,400000,00,0200,0
T1017,M2019,ACCT100135,DST300137,2026-01-21 00:21:00,275421,101866,010000,51,0200,0
T1017,M2007,ACCT100135,DST300105,2026-01-21 00:22:00,215617,103163,010000,00,0200,0
T1017,M2007,ACCT100135,DST300177,2026-01-21 03:20:00,253795,103691,400000,00,0200,0
T1017,M2004,ACCT100135,DST300150,2026-01-21 03:38:00,291948,103977,010000,00,0200,0
T1012,M2015,ACCT100136,DST300158,2026-01-19 04:08:00,231793,101976,400000,00,0200,0
T1012,M2001,ACCT100136,DST300111,2026-01-19 04:30:00,370527,103364,010000,00,0200,1
T1012,M2000,ACCT100136,DST300185,2026-01-19 05:22:00,225196,102105,400000,00,0200,0
T1012,M2004,ACCT100136,DST300124,2026-01-19 06:18:00,254418,100006,010000,00,0200,0
T1012,M2005,ACCT100136,DST300029,2026-01-19 06:19:00,219984,100124,300000,55,0200,1
T1012,M2002,ACCT100136,DST300107,2026-01-19 06:20:00,226181,100125,300000,55,0200,1
T1012,M2010,ACCT100136,DST300088,2026-01-19 06:20:00,206082,104544,400000,00,0200,0
T1012,M2014,ACCT100136,DST300137,2026-01-19 06:21:00,230305,100126,300000,55,0200,1
T1012,M2011,ACCT100136,DST300092,2026-01-19 06:22:00,198788,100127,300000,55,0200,1
T1012,M2007,ACCT100136,DST300012,2026-01-19 06:34:00,167727,102428,010000,00,0200,0
T1012,M2000,ACCT100136,DST300197,2026-01-19 08:26:00,271460,100192,010000,00,0200,0
T1012,M2012,ACCT100136,DST300088,2026-01-19 09:23:00,215406,104600,400000,00,0200,0
T1012,M2002,ACCT100136,DST300092,2026-01-19 09:45:00,185796,102882,010000,00,0200,0
T1012,M2003,ACCT100136,DST300021,2026-01-19 11:46:00,224171,104672,010000,00,0200,0
T1012,M2003,ACCT100136,DST999999,2026-01-19 11:48:00,259291,104699,400000,00,0200,1
T1012,M2015,ACCT100136,DST999999,2026-01-19 11:50:00,235068,104700,400000,00,0200,1
T1012,M2011,ACCT100136,DST300124,2026-01-19 12:13:00,232806,100436,010000,00,0200,0
T1012,M2018,ACCT100136,DST300148,2026-01-19 12:14:00,206983,103266,400000,00,0200,0
T1012,M2000,ACCT100136,DST300138,2026-01-19 12:48:00,215595,101698,010000,00,0200,0
T1012,M2013,ACCT100136,DST300183,2026-01-19 15:44:00,257175,104966,010000,00,0200,0
T1014,M2008,ACCT100137,DST300106,2026-01-12 01:30:00,119747,102425,010000,00,0200,0
T1014,M2002,ACCT100137,DST300071,2026-01-12 04:08:00,129437,102455,010000,00,0200,0
T1014,M2006,ACCT100137,DST300139,2026-01-12 04:37:00,80111,103701,010000,00,0200,0
T1014,M2006,ACCT100137,DST300130,2026-01-12 04:42:00,113766,102033,400000,00,0200,0
T1014,M2008,ACCT100137,DST300093,2026-01-12 06:42:00,125955,104861,400000,00,0200,0
T1014,M2013,ACCT100137,DST300106,2026-01-12 07:55:00,118356,102094,010000,00,0200,0
T1014,M2005,ACCT100137,DST300054,2026-01-12 08:46:00,156544,102400,010000,00,0200,0
T1014,M2017,ACCT100137,DST300119,2026-01-12 11:29:00,129347,100538,010000,00,0200,0
T1014,M2005,ACCT100137,DST300063,2026-01-12 14:17:00,107327,100634,010000,00,0200,0
T1014,M2016,ACCT100137,DST300100,2026-01-12 15:17:00,131906,101218,010000,00,0200,0
T1014,M2010,ACCT100137,DST300023,2026-01-12 16:48:00,94388,101310,010000,00,0200,0
T1014,M2010,ACCT100137,DST300022,2026-01-12 19:42:00,107876,101496,400000,00,0200,0
T1011,M2005,ACCT100138,DST300065,2026-01-09 04:54:00,327133,100357,010000,00,0200,0
T1011,M2009,ACCT100138,DST300162,2026-01-09 04:55:00,291150,100941,010000,00,0200,0
T1011,M2001,ACCT100138,DST300181,2026-01-09 05:52:00,282189,100755,400000,00,0200,0
T1011,M2004,ACCT100138,DST300141,2026-01-09 08:15:00,316115,101069,400000,00,0200,0
T1011,M2005,ACCT100138,DST300152,2026-01-09 10:10:00,293200,101720,010000,00,0200,0
T1011,M2008,ACCT100138,DST300079,2026-01-09 13:17:00,296739,102149,010000,00,0200,0
T1011,M2000,ACCT100138,DST300180,2026-01-09 15:04:00,265967,103091,010000,00,0200,0
T1011,M2016,ACCT100138,DST300008,2026-01-09 15:17:00,282811,100037,010000,00,0200,0
T1011,M2009,ACCT100138,DST300178,2026-01-09 15:51:00,310514,100173,400000,00,0200,0
T1011,M2006,ACCT100138,DST300038,2026-01-09 17:55:00,273661,104349,010000,00,0200,0
T1011,M2005,ACCT100138,DST300009,2026-01-09 19:36:00,314737,104475,010000,00,0200,0
T1011,M2002,ACCT100138,DST300007,2026-01-09 21:45:00,323940,104639,010000,00,0200,0
T1011,M2011,ACCT100138,DST300032,2026-01-10 01:04:00,320444,104863,010000,00,0200,0
T1011,M2000,ACCT100138,DST300075,2026-01-10 01:06:00,292254,104905,010000,00,0200,0
T1025,M2003,ACCT100139,DST300192,2026-01-03 02:34:00,252131,103729,010000,00,0200,1
T1025,M2003,ACCT100139,DST300081,2026-01-03 05:53:00,207700,103824,400000,00,0200,0
T1025,M2012,ACCT100139,DST300065,2026-01-03 08:23:00,214456,100891,010000,00,0200,0
T1025,M2013,ACCT100139,DST300162,2026-01-03 09:35:00,207940,104234,010000,00,0200,0
T1025,M2005,ACCT100139,DST300119,2026-01-03 10:34:00,218732,101919,010000,00,0200,0
T1025,M2017,ACCT100139,DST300185,2026-01-03 13:09:00,208387,104397,400000,00,0200,0
T1025,M2006,ACCT100139,DST300167,2026-01-03 13:10:00,172011,102057,010000,00,0200,0
T1025,M2014,ACCT100139,DST300116,2026-01-03 13:11:00,189177,102173,010000,00,0200,0
T1025,M2003,ACCT100139,DST300073,2026-01-03 15:17:00,240825,103412,010000,00,0200,0
T1025,M2008,ACCT100139,DST300167,2026-01-03 15:33:00,171377,104809,400000,51,0200,0
T1017,M2019,ACCT100140,DST300137,2026-01-20 04:45:00,285956,100104,400000,00,0200,0
T1017,M2010,ACCT100140,DST300010,2026-01-20 07:25:00,227604,100641,010000,00,0200,0
T1017,M2018,ACCT100140,DST300062,2026-01-20 08:38:00,290852,100801,010000,00,0200,0
T1017,M2019,ACCT100140,DST300053,2026-01-20 09:22:00,300294,100833,400000,00,0200,0
T1005,M2016,ACCT100140,DST300129,2026-01-20 09:24:00,290802,100940,010000,00,0200,1
T1005,M2017,ACCT100140,DST300083,2026-01-20 09:25:00,267069,101549,300000,55,0200,1
T1005,M2009,ACCT100140,DST300174,2026-01-20 09:26:00,263227,101550,300000,55,0200,1
T1005,M2019,ACCT100140,DST300091,2026-01-20 09:27:00,275934,101551,300000,55,0200,1
T1005,M2014,ACCT100140,DST300184,2026-01-20 11:32:00,293386,101611,010000,00,0200,0
T1005,M2018,ACCT100140,DST300168,2026-01-20 15:31:00,295877,102054,010000,00,0200,0
T1005,M2009,ACCT100140,DST300053,2026-01-20 15:32:00,260261,102163,400000,00,0200,0
T1005,M2016,ACCT100140,DST300039,2026-01-20 18:36:00,270103,102744,010000,00,0200,0
T1005,M2009,ACCT100140,DST300140,2026-01-20 20:21:00,253385,103090,400000,00,0200,0
T1005,M2007,ACCT100140,DST300083,2026-01-20 22:53:00,262387,103624,400000,00,0200,0
T1005,M2009,ACCT100140,DST300178,2026-01-20 22:58:00,288513,104241,400000,00,0200,0
T1005,M2017,ACCT100140,DST300074,2026-01-20 23:08:00,1447329,104580,010000,00,0200,1
T1009,M2005,ACCT100141,DST300195,2026-01-17 04:11:00,95719,101379,010000,00,0200,0
T1009,M2014,ACCT100141,DST300115,2026-01-17 06:20:00,49626,101685,010000,00,0200,0
T1009,M2009,ACCT100141,DST300092,2026-01-17 09:17:00,49160,100257,400000,00,0200,0
T1009,M2008,ACCT100141,DST300081,2026-01-17 10:02:00,40592,102091,010000,00,0200,0
T1009,M2003,ACCT100141,DST300164,2026-01-17 10:16:00,92454,102314,010000,00,0200,0
T1009,M2013,ACCT100141,DST300161,2026-01-17 10:52:00,20000,100397,400000,00,0200,0
T1009,M2013,ACCT100141,DST300043,2026-01-17 12:33:00,83743,100415,010000,00,0200,0
T1009,M2015,ACCT100141,DST300048,2026-01-17 12:54:00,63072,102563,400000,00,0200,0
T1009,M2002,ACCT100141,DST300019,2026-01-17 15:14:00,89511,100785,400000,00,0200,0
T1009,M2014,ACCT100141,DST300191,2026-01-17 16:06:00,78165,102712,400000,00,0200,0
T1009,M2016,ACCT100141,DST300115,2026-01-17 18:56:00,83661,102793,010000,00,0200,0
T1009,M2005,ACCT100141,DST300088,2026-01-17 22:47:00,142479,103245,400000,00,0200,0
T1009,M2000,ACCT100141,DST300132,2026-01-17 23:50:00,114385,103317,400000,00,0200,0
T1009,M2013,ACCT100141,DST300034,2026-01-17 23:52:00,108638,103392,010000,00,0200,0
T1009,M2015,ACCT100141,DST300174,2026-01-18 01:25:00,110978,103825,010000,00,0200,0
T1009,M2001,ACCT100141,DST999999,2026-01-18 01:27:00,108498,104505,400000,00,0200,1
T1009,M2007,ACCT100141,DST999999,2026-01-18 01:29:00,97554,104506,400000,00,0200,1
T1009,M2005,ACCT100141,DST999999,2026-01-18 01:31:00,75857,104507,400000,00,0200,1
T1009,M2000,ACCT100141,DST300005,2026-01-18 04:37:00,103141,104773,400000,51,0200,0
T1009,M2015,ACCT100141,DST300034,2026-01-18 04:56:00,87786,104886,010000,68,0200,0
T1016,M2001,ACCT100142,DST300097,2026-01-14 18:41:00,240967,100135,010000,00,0200,0
T1016,M2015,ACCT100142,DST300088,2026-01-14 22:02:00,211748,100149,010000,00,0200,0
T1016,M2004,ACCT100142,DST300111,2026-01-14 23:12:00,217430,100851,400000,00,0200,0
T1016,M2005,ACCT100142,DST300147,2026-01-14 23:56:00,211153,100947,400000,00,0200,0
T1016,M2002,ACCT100142,DST300004,2026-01-15 00:55:00,199543,101107,400000,00,0200,0
T1016,M2007,ACCT100142,DST300048,2026-01-15 01:24:00,1529727,101675,010000,00,0200,1
T1016,M2011,ACCT100142,DST300003,2026-01-15 02:17:00,246649,103225,010000,00,0200,0
T1016,M2018,ACCT100142,DST300095,2026-01-15 02:38:00,176426,102109,400000,00,0200,0
T1016,M2019,ACCT100142,DST300040,2026-01-15 02:44:00,199322,104499,010000,00,0200,0
T1016,M2009,ACCT100142,DST300000,2026-01-15 03:57:00,225072,103462,400000,51,0200,0
T1016,M2008,ACCT100142,DST300197,2026-01-15 05:31:00,217837,104796,400000,00,0200,0
T1016,M2010,ACCT100142,DST300080,2026-01-15 06:37:00,243587,103139,400000,00,0200,0
T1016,M2006,ACCT100142,DST300142,2026-01-15 07:14:00,229584,104797,400000,00,0200,0
T1016,M2000,ACCT100142,DST300085,2026-01-15 07:24:00,225090,103564,010000,00,0200,0
T1016,M2004,ACCT100142,DST300062,2026-01-15 11:22:00,236339,104223,010000,00,0200,0
T1009,M2004,ACCT100143,DST300137,2026-01-01 21:33:00,176592,100448,010000,00,0200,0
T1009,M2019,ACCT100143,DST300084,2026-01-01 22:52:00,197022,100592,010000,00,0200,0
T1009,M2009,ACCT100143,DST300191,2026-01-02 01:32:00,171653,101194,400000,00,0200,0
T1009,M2019,ACCT100143,DST300134,2026-01-02 03:22:00,201010,101791,010000,00,0200,0
T1009,M2004,ACCT100143,DST300009,2026-01-02 05:53:00,146962,102324,010000,00,0200,0
T1009,M2007,ACCT100143,DST300047,2026-01-02 07:43:00,205935,102951,400000,00,0200,0
T1009,M2009,ACCT100143,DST300180,2026-01-02 08:44:00,196366,103053,400000,00,0200,0
T1009,M2004,ACCT100143,DST300052,2026-01-02 11:49:00,201063,103117,010000,00,0200,0
T1009,M2016,ACCT100143,DST300073,2026-01-02 14:00:00,184673,103157,400000,00,0200,0
T1009,M2018,ACCT100143,DST300109,2026-01-02 17:32:00,183122,103736,400000,00,0200,0
T1009,M2019,ACCT100143,DST300046,2026-01-02 18:33:00,206898,103794,400000,00,0200,0
T1009,M2002,ACCT100143,DST300000,2026-01-02 18:36:00,204278,104176,010000,00,0200,0
T1009,M2001,ACCT100143,DST300061,2026-01-02 19:55:00,192799,104585,400000,00,0200,0
T1009,M2003,ACCT100143,DST300102,2026-01-02 22:26:00,183643,104732,400000,00,0200,0
T1012,M2000,ACCT100144,DST300193,2026-01-05 20:05:00,53960,100520,400000,00,0200,0
T1012,M2008,ACCT100144,DST300021,2026-01-05 20:44:00,66153,100559,400000,00,0200,0
T1012,M2006,ACCT100144,DST300079,2026-01-06 00:37:00,45104,100803,400000,00,0200,0
T1012,M2011,ACCT100144,DST300003,2026-01-06 01:09:00,89517,101299,400000,00,0200,0
T1012,M2015,ACCT100144,DST300185,2026-01-06 02:17:00,46413,102376,010000,00,0200,0
T1012,M2007,ACCT100144,DST300014,2026-01-06 04:25:00,61865,102606,010000,00,0200,0
T1012,M2012,ACCT100144,DST300169,2026-01-06 05:27:00,100716,102967,400000,00,0200,0
T1012,M2015,ACCT100144,DST300013,2026-01-06 09:14:00,82594,103625,010000,00,0200,0
T1012,M2002,ACCT100144,DST300160,2026-01-06 12:24:00,78572,103743,400000,00,0200,0
T1012,M2014,ACCT100144,DST300020,2026-01-06 15:34:00,75903,103988,010000,00,0200,0
T1012,M2010,ACCT100144,DST300172,2026-01-06 16:57:00,54574,104229,400000,00,0200,0
T1012,M2005,ACCT100144,DST300058,2026-01-06 18:40:00,33059,104472,010000,00,0200,0
T1012,M2008,ACCT100144,DST300107,2026-01-06 18:54:00,61653,104658,400000,00,0200,0
T1012,M2008,ACCT100144,DST300165,2026-01-06 22:06:00,54888,104769,400000,00,0200,0
T1000,M2010,ACCT100145,DST300145,2026-01-11 01:23:00,188789,101644,400000,00,0200,0
T1000,M2002,ACCT100145,DST300154,2026-01-11 03:10:00,207889,100437,400000,00,0200,0
T1000,M2013,ACCT100145,DST300001,2026-01-11 03:22:00,235665,102032,400000,00,0200,0
T1000,M2013,ACCT100145,DST300195,2026-01-11 03:27:00,235830,100565,010000,00,0200,0
T1000,M2005,ACCT100145,DST300031,2026-01-11 05:12:00,228648,101689,010000,00,0200,0
T1000,M2011,ACCT100145,DST300082,2026-01-11 05:38:00,195780,100621,400000,00,0200,0
T1000,M2011,ACCT100145,DST300193,2026-01-11 06:22:00,184953,102035,400000,00,0200,0
T1000,M2011,ACCT100145,DST300040,2026-01-11 06:52:00,186776,101812,010000,00,0200,0
T1000,M2003,ACCT100145,DST300166,2026-01-11 07:15:00,217597,102732,010000,00,0200,0
T1000,M2015,ACCT100145,DST300183,2026-01-11 08:09:00,237447,102761,400000,68,0200,0
T1003,M2006,ACCT100145,DST300191,2026-01-11 08:11:00,176701,103114,010000,00,0200,1
T1000,M2015,ACCT100145,DST300032,2026-01-11 09:31:00,217262,100826,400000,00,0200,0
T1000,M2005,ACCT100145,DST300101,2026-01-11 09:55:00,183005,101920,400000,00,0200,0
T1000,M2014,ACCT100145,DST300025,2026-01-11 10:45:00,180370,100859,400000,00,0200,0
T1003,M2009,ACCT100145,DST300122,2026-01-11 10:47:00,226048,103608,400000,00,0200,0
T1000,M2018,ACCT100145,DST300143,2026-01-11 12:18:00,209710,100999,400000,00,0200,0
T1003,M2013,ACCT100145,DST300085,2026-01-11 14:01:00,208627,103663,400000,00,0200,0
T1000,M2003,ACCT100145,DST300015,2026-01-11 16:10:00,213150,101209,010000,00,0200,0
T1000,M2007,ACCT100145,DST300015,2026-01-11 16:13:00,250586,101358,400000,00,0200,0
T1003,M2019,ACCT100145,DST300138,2026-01-11 16:59:00,172814,103805,010000,00,0200,0
T1003,M2011,ACCT100145,DST300002,2026-01-11 17:33:00,227594,104136,400000,00,0200,0
T1000,M2007,ACCT100145,DST300116,2026-01-11 18:17:00,238023,101491,010000,00,0200,0
T1003,M2001,ACCT100145,DST300134,2026-01-11 20:43:00,232472,104178,010000,00,0200,0
T1003,M2007,ACCT100145,DST300035,2026-01-12 00:06:00,237627,104846,400000,00,0200,0
T1003,M2014,ACCT100145,DST300142,2026-01-12 02:13:00,209387,104884,400000,00,0200,0
T1009,M2004,ACCT100146,DST300090,2026-01-20 12:54:00,137186,100201,400000,00,0200,0
T1009,M2007,ACCT100146,DST300130,2026-01-20 12:57:00,134626,100529,010000,00,0200,0
T1009,M2019,ACCT100146,DST300154,2026-01-20 15:46:00,141416,100555,400000,00,0200,0
T1009,M2007,ACCT100146,DST300100,2026-01-20 19:36:00,157642,100866,010000,00,0200,0
T1009,M2012,ACCT100146,DST300021,2026-01-20 23:18:00,170873,101235,400000,00,0200,0
T1009,M2006,ACCT100146,DST300019,2026-01-21 00:03:00,141588,101397,400000,68,0200,0
T1009,M2009,ACCT100146,DST300090,2026-01-21 01:14:00,152886,101473,400000,00,0200,0
T1009,M2012,ACCT100146,DST300035,2026-01-21 03:31:00,147700,101938,400000,68,0200,0
T1009,M2018,ACCT100146,DST300009,2026-01-21 06:00:00,138988,102202,010000,00,0200,0
T1009,M2017,ACCT100146,DST300027,2026-01-21 06:01:00,138630,103205,300000,55,0200,1
T1009,M2000,ACCT100146,DST300048,2026-01-21 06:02:00,132096,103206,300000,55,0200,1
T1009,M2013,ACCT100146,DST300130,2026-01-21 06:03:00,147493,103207,300000,55,0200,1
T1009,M2002,ACCT100146,DST300131,2026-01-21 08:48:00,124977,103605,010000,00,0200,0
T1009,M2003,ACCT100146,DST300138,2026-01-21 09:44:00,107496,104377,400000,00,0200,0
T1009,M2017,ACCT100146,DST300099,2026-01-21 13:29:00,130240,104678,400000,00,0200,0
T1012,M2013,ACCT100147,DST300152,2026-01-19 06:08:00,118143,100217,400000,00,0200,0
T1012,M2017,ACCT100147,DST300065,2026-01-19 06:49:00,191593,100289,400000,00,0200,0
T1012,M2003,ACCT100147,DST300146,2026-01-19 08:42:00,150502,100402,400000,00,0200,0
T1012,M2012,ACCT100147,DST300149,2026-01-19 11:32:00,114326,100596,010000,00,0200,0
T1012,M2005,ACCT100147,DST300148,2026-01-19 13:15:00,116080,101744,010000,00,0200,0
T1012,M2012,ACCT100147,DST300075,2026-01-19 13:28:00,165340,101857,010000,00,0200,0
T1012,M2004,ACCT100147,DST300028,2026-01-19 13:31:00,167174,102002,010000,00,0200,0
T1012,M2015,ACCT100147,DST300191,2026-01-19 13:49:00,90593,102391,010000,00,0200,0
T1012,M2014,ACCT100147,DST300053,2026-01-19 16:36:00,116145,103304,400000,00,0200,0
T1012,M2015,ACCT100147,DST300098,2026-01-19 19:14:00,128403,103539,400000,00,0200,0
T1012,M2018,ACCT100147,DST300071,2026-01-19 20:34:00,112080,104113,010000,00,0200,0
T1012,M2002,ACCT100147,DST300055,2026-01-19 22:25:00,145939,104231,010000,00,0200,0
T1020,M2007,ACCT100148,DST300147,2026-01-06 15:58:00,73651,100864,400000,00,0200,0
T1020,M2009,ACCT100148,DST300193,2026-01-06 17:20:00,62814,101546,400000,00,0200,0
T1020,M2012,ACCT100148,DST300117,2026-01-06 18:53:00,42255,101865,400000,00,0200,0
T1020,M2009,ACCT100148,DST300137,2026-01-06 21:15:00,73563,101906,400000,00,0200,0
T1020,M2004,ACCT100148,DST300153,2026-01-07 00:45:00,103842,101911,010000,00,0200,0
T1020,M2002,ACCT100148,DST300133,2026-01-07 01:15:00,50660,101916,010000,00,0200,0
T1020,M2017,ACCT100148,DST300031,2026-01-07 01:44:00,95822,102887,010000,00,0200,0
T1020,M2008,ACCT100148,DST300102,2026-01-07 02:11:00,59739,102095,400000,00,0200,0
T1020,M2003,ACCT100148,DST300157,2026-01-07 02:40:00,52914,102099,400000,00,0200,0
T1020,M2004,ACCT100148,DST300181,2026-01-07 02:45:00,36796,103379,400000,00,0200,0
T1020,M2000,ACCT100148,DST300181,2026-01-07 04:30:00,57014,103932,010000,00,0200,0
T1020,M2019,ACCT100149,DST300002,2026-01-13 02:14:00,112183,104565,010000,00,0200,0
T1020,M2003,ACCT100149,DST300110,2026-01-13 04:10:00,109208,104579,400000,00,0200,0
T1020,M2016,ACCT100149,DST300107,2026-01-13 04:59:00,129691,104612,400000,00,0200,0
T1020,M2019,ACCT100149,DST300043,2026-01-13 05:01:00,137078,104881,010000,00,0200,0
T1020,M2001,ACCT100149,DST300127,2026-01-13 07:02:00,142041,100471,010000,00,0200,0
T1020,M2006,ACCT100149,DST300074,2026-01-13 08:10:00,142995,104943,010000,00,0200,0
T1020,M2007,ACCT100149,DST300095,2026-01-13 09:37:00,126635,100589,400000,00,0200,0
T1020,M2009,ACCT100149,DST300117,2026-01-13 12:26:00,131842,100696,400000,00,0200,0
T1020,M2014,ACCT100149,DST300141,2026-01-13 15:02:00,135368,101049,400000,00,0200,0
T1020,M2000,ACCT100149,DST300165,2026-01-13 15:04:00,121561,103019,010000,00,0200,0
T1020,M2001,ACCT100149,DST300151,2026-01-13 15:19:00,94234,103354,010000,00,0200,0
T1020,M2006,ACCT100149,DST300035,2026-01-13 17:57:00,131961,103839,400000,00,0200,0
T1020,M2011,ACCT100149,DST300163,2026-01-13 20:34:00,143015,103921,400000,00,0200,0
T1021,M2002,ACCT100150,DST300172,2026-01-06 10:52:00,326068,100751,400000,68,0200,0
T1021,M2018,ACCT100150,DST300008,2026-01-06 11:08:00,293051,101017,400000,00,0200,0
T1021,M2002,ACCT100150,DST300005,2026-01-06 11:40:00,347611,101058,010000,00,0200,0
T1021,M2017,ACCT100150,DST300176,2026-01-06 14:38:00,282252,102018,010000,00,0200,0
T1021,M2006,ACCT100150,DST300020,2026-01-06 17:47:00,254905,102162,400000,00,0200,0
T1021,M2002,ACCT100150,DST300159,2026-01-06 21:11:00,278077,102292,010000,00,0200,0
T1021,M2002,ACCT100150,DST300136,2026-01-07 00:29:00,282890,102356,400000,00,0200,0
T1021,M2013,ACCT100150,DST300163,2026-01-07 01:01:00,298720,102559,400000,00,0200,0
T1021,M2001,ACCT100150,DST300015,2026-01-07 01:47:00,265030,103131,400000,00,0200,0
T1021,M2019,ACCT100150,DST300093,2026-01-07 03:53:00,268145,103216,400000,00,0200,0
T1021,M2003,ACCT100150,DST300008,2026-01-07 04:42:00,263705,104125,010000,00,0200,0
T1021,M2012,ACCT100150,DST300121,2026-01-07 08:07:00,289135,104268,400000,00,0200,0
T1021,M2000,ACCT100150,DST300097,2026-01-07 11:17:00,282953,104803,010000,00,0200,0
T1005,M2006,ACCT100151,DST300027,2026-01-16 09:21:00,50460,100738,010000,00,0200,0
T1005,M2007,ACCT100151,DST300110,2026-01-16 12:47:00,63016,100767,400000,00,0200,0
T1005,M2013,ACCT100151,DST300020,2026-01-16 15:30:00,64428,100776,400000,51,0200,0
T1005,M2015,ACCT100151,DST999999,2026-01-16 15:32:00,44637,101279,400000,00,0200,1
T1005,M2016,ACCT100151,DST999999,2026-01-16 15:34:00,35872,101280,400000,00,0200,1
T1005,M2000,ACCT100151,DST300178,2026-01-16 17:10:00,56913,101627,010000,00,0200,0
T1005,M2019,ACCT100151,DST300197,2026-01-16 18:14:00,35788,101691,010000,00,0200,0
T1005,M2000,ACCT100151,DST300051,2026-01-16 20:08:00,51010,101722,010000,00,0200,0
T1005,M2004,ACCT100151,DST300178,2026-01-16 20:57:00,54273,102197,400000,00,0200,0
T1005,M2001,ACCT100151,DST300083,2026-01-17 00:13:00,42517,103427,010000,00,0200,0
T1005,M2017,ACCT100151,DST300026,2026-01-17 02:36:00,59957,103535,400000,00,0200,0
T1005,M2016,ACCT100151,DST999999,2026-01-17 02:38:00,60461,103990,400000,00,0200,1
T1005,M2017,ACCT100151,DST999999,2026-01-17 02:40:00,47690,103991,400000,00,0200,1
T1005,M2016,ACCT100151,DST300159,2026-01-17 04:02:00,76559,104132,400000,00,0200,0
T1005,M2016,ACCT100151,DST300049,2026-01-17 06:05:00,62972,104228,010000,00,0200,0
T1005,M2017,ACCT100152,DST300025,2026-01-13 01:51:00,100929,100670,400000,00,0200,0
T1005,M2002,ACCT100152,DST300022,2026-01-13 03:19:00,77952,101108,010000,00,0200,0
T1005,M2009,ACCT100152,DST300016,2026-01-13 05:23:00,106516,101820,010000,00,0200,0
T1005,M2018,ACCT100152,DST300061,2026-01-13 07:35:00,172355,100336,400000,00,0200,0
T1005,M2009,ACCT100152,DST300063,2026-01-13 07:36:00,136251,100597,300000,55,0200,1
T1005,M2004,ACCT100152,DST300015,2026-01-13 07:37:00,147746,100598,300000,55,0200,1
T1005,M2011,ACCT100152,DST300020,2026-01-13 07:38:00,134391,100599,300000,55,0200,1
T1005,M2005,ACCT100152,DST300148,2026-01-13 07:49:00,91808,102569,400000,00,0200,0
T1005,M2008,ACCT100152,DST300047,2026-01-13 08:29:00,114634,100601,010000,00,0200,0
T1005,M2008,ACCT100152,DST300171,2026-01-13 10:35:00,174440,102630,400000,00,0200,0
T1005,M2002,ACCT100152,DST300146,2026-01-13 11:10:00,120555,103174,400000,00,0200,0
T1005,M2008,ACCT100152,DST300185,2026-01-13 14:06:00,93206,103243,400000,00,0200,0
T1005,M2005,ACCT100152,DST300091,2026-01-13 17:24:00,107837,104118,400000,00,0200,0
T1005,M2003,ACCT100152,DST300095,2026-01-13 19:56:00,106662,104814,010000,00,0200,0
T1016,M2010,ACCT100153,DST300164,2026-01-20 01:32:00,481368,100154,010000,00,0200,1
T1016,M2019,ACCT100153,DST300189,2026-01-20 01:40:00,71796,101783,010000,00,0200,0
T1016,M2008,ACCT100153,DST300098,2026-01-20 02:52:00,51353,100332,400000,00,0200,0
T1016,M2002,ACCT100153,DST300161,2026-01-20 03:15:00,83503,103910,010000,00,0200,0
T1016,M2000,ACCT100153,DST300075,2026-01-20 03:36:00,103257,102669,010000,00,0200,0
T1016,M2005,ACCT100153,DST300196,2026-01-20 06:13:00,123896,104288,400000,00,0200,0
T1016,M2016,ACCT100153,DST300017,2026-01-20 06:16:00,106588,104337,010000,00,0200,0
T1016,M2019,ACCT100153,DST300129,2026-01-20 06:20:00,62877,103104,400000,00,0200,0
T1016,M2019,ACCT100153,DST300008,2026-01-20 06:52:00,78165,101296,010000,00,0200,0
T1016,M2006,ACCT100153,DST300183,2026-01-20 08:08:00,56770,103351,400000,00,0200,0
T1016,M2013,ACCT100153,DST300026,2026-01-20 08:25:00,74386,101412,010000,00,0200,0
T1016,M2019,ACCT100153,DST300021,2026-01-20 09:18:00,64519,103566,010000,00,0200,0
T1016,M2001,ACCT100153,DST300076,2026-01-20 10:32:00,61817,103614,400000,00,0200,0
T1008,M2009,ACCT100154,DST300199,2026-01-02 10:53:00,212210,100048,400000,00,0200,0
T1008,M2005,ACCT100154,DST300193,2026-01-02 13:23:00,205798,100413,010000,68,0200,0
T1008,M2008,ACCT100154,DST300068,2026-01-02 16:00:00,178857,101029,010000,00,0200,0
T1008,M2009,ACCT100154,DST300052,2026-01-02 17:00:00,160638,101558,400000,00,0200,0
T1008,M2001,ACCT100154,DST300158,2026-01-02 19:36:00,220813,102139,010000,00,0200,0
T1008,M2000,ACCT100154,DST300172,2026-01-02 20:14:00,230267,102840,400000,00,0200,0
T1008,M2015,ACCT100154,DST300070,2026-01-02 20:34:00,186888,102867,400000,00,0200,0
T1008,M2019,ACCT100154,DST300165,2026-01-02 22:03:00,206267,102998,400000,68,0200,0
T1008,M2018,ACCT100154,DST300053,2026-01-02 22:34:00,222273,103047,400000,00,0200,0
T1008,M2016,ACCT100154,DST300085,2026-01-02 22:35:00,232275,103190,010000,00,0200,0
T1008,M2004,ACCT100154,DST300085,2026-01-03 01:36:00,211849,103408,400000,68,0200,0
T1008,M2013,ACCT100154,DST300119,2026-01-03 04:47:00,184813,103770,400000,00,0200,0
T1008,M2004,ACCT100154,DST300122,2026-01-03 05:34:00,194641,103989,400000,00,0200,0
T1008,M2010,ACCT100154,DST300037,2026-01-03 06:33:00,179412,104487,010000,00,0200,0
T1008,M2019,ACCT100154,DST300093,2026-01-03 06:39:00,203741,104937,010000,00,0200,0
T1024,M2004,ACCT100155,DST300079,2026-01-08 01:46:00,61929,103172,400000,00,0200,0
T1024,M2002,ACCT100155,DST300104,2026-01-08 02:09:00,106036,100727,400000,00,0200,0
T1024,M2010,ACCT100155,DST300143,2026-01-08 02:10:00,94925,100971,010000,00,0200,0
T1024,M2013,ACCT100155,DST300001,2026-01-08 02:33:00,201097,102234,010000,00,0200,1
T1024,M2007,ACCT100155,DST300150,2026-01-08 02:40:00,87300,104047,400000,00,0200,0
T1024,M2005,ACCT100155,DST300055,2026-01-08 03:09:00,99548,104543,400000,00,0200,0
T1024,M2007,ACCT100155,DST300181,2026-01-08 03:10:00,47332,104613,400000,00,0200,0
T1024,M2019,ACCT100155,DST300061,2026-01-08 03:42:00,112018,101570,400000,00,0200,0
T1024,M2008,ACCT100155,DST300195,2026-01-08 04:29:00,88354,101652,400000,00,0200,0
T1024,M2018,ACCT100155,DST300028,2026-01-08 04:34:00,73915,104787,400000,00,0200,0
T1024,M2012,ACCT100155,DST300112,2026-01-08 05:47:00,139756,102287,400000,51,0200,0
T1024,M2003,ACCT100155,DST300186,2026-01-08 05:48:00,83632,102437,400000,00,0200,0
T1024,M2002,ACCT100155,DST300005,2026-01-08 06:29:00,121507,101835,400000,00,0200,0
T1024,M2013,ACCT100155,DST300018,2026-01-08 06:51:00,85014,104811,400000,00,0200,0
T1024,M2000,ACCT100155,DST300153,2026-01-08 07:21:00,90796,102664,010000,00,0200,0
T1024,M2014,ACCT100155,DST300065,2026-01-08 09:12:00,95593,102871,400000,00,0200,0
T1024,M2015,ACCT100155,DST300071,2026-01-08 10:33:00,119364,103142,010000,00,0200,0
T1010,M2017,ACCT100156,DST300163,2026-01-06 01:44:00,92133,100898,010000,00,0200,0
T1010,M2004,ACCT100156,DST300024,2026-01-06 02:32:00,77258,101928,010000,00,0200,0
T1010,M2018,ACCT100156,DST300009,2026-01-06 02:39:00,95026,101945,400000,00,0200,0
T1010,M2016,ACCT100156,DST300067,2026-01-06 03:50:00,130981,101894,010000,00,0200,1
T1010,M2019,ACCT100156,DST300132,2026-01-06 05:39:00,114106,101077,400000,00,0200,0
T1010,M2012,ACCT100156,DST300113,2026-01-06 05:56:00,87419,102295,400000,00,0200,0
T1010,M2019,ACCT100156,DST300005,2026-01-06 05:57:00,91734,102529,400000,00,0200,0
T1010,M2016,ACCT100156,DST300017,2026-01-06 06:43:00,79558,102580,400000,00,0200,0
T1010,M2017,ACCT100156,DST300183,2026-01-06 07:49:00,41998,103331,010000,00,0200,0
T1010,M2005,ACCT100156,DST300004,2026-01-06 09:04:00,96193,101830,400000,00,0200,0
T1010,M2009,ACCT100156,DST300193,2026-01-06 11:21:00,63888,103356,400000,00,0200,0
T1010,M2010,ACCT100156,DST300138,2026-01-06 15:03:00,99695,103651,400000,00,0200,0
T1010,M2016,ACCT100156,DST300117,2026-01-06 18:13:00,83899,103659,010000,51,0200,0
T1010,M2013,ACCT100156,DST300085,2026-01-06 19:33:00,37266,104240,010000,00,0200,0
T1010,M2005,ACCT100156,DST300041,2026-01-06 20:21:00,37049,104343,010000,00,0200,0
T1010,M2011,ACCT100156,DST300028,2026-01-06 22:01:00,92600,104663,010000,00,0200,0
T1010,M2013,ACCT100156,DST300001,2026-01-07 00:50:00,79728,104955,400000,00,0200,0
T1017,M2008,ACCT100157,DST300162,2026-01-06 03:24:00,296658,102199,400000,00,0200,0
T1017,M2015,ACCT100157,DST300014,2026-01-06 04:30:00,300332,102654,010000,00,0200,0
T1017,M2001,ACCT100157,DST300120,2026-01-06 05:28:00,288321,104153,010000,00,0200,0
T1017,M2015,ACCT100157,DST300057,2026-01-06 08:07:00,293384,104651,400000,00,0200,0
T1017,M2011,ACCT100157,DST300035,2026-01-06 15:39:00,346488,101011,400000,00,0200,0
T1028,M2011,ACCT100158,DST300014,2026-01-17 01:14:00,269711,103602,400000,00,0200,0
T1028,M2009,ACCT100158,DST300032,2026-01-17 01:27:00,241871,100323,400000,00,0200,0
T1028,M2007,ACCT100158,DST300022,2026-01-17 01:49:00,258961,103867,400000,00,0200,0
T1028,M2015,ACCT100158,DST300006,2026-01-17 02:00:00,255174,102549,010000,00,0200,0
T1028,M2001,ACCT100158,DST300192,2026-01-17 03:43:00,228587,100025,010000,00,0200,0
T1028,M2002,ACCT100158,DST300177,2026-01-17 04:53:00,258153,103943,400000,68,0200,0
T1028,M2010,ACCT100158,DST300027,2026-01-17 05:01:00,249644,102577,010000,00,0200,0
T1028,M2014,ACCT100158,DST300019,2026-01-17 05:12:00,257868,101368,010000,00,0200,0
T1028,M2007,ACCT100158,DST300182,2026-01-17 05:40:00,233686,101373,400000,00,0200,0
T1028,M2015,ACCT100158,DST300030,2026-01-17 05:52:00,249402,101493,400000,00,0200,0
T1028,M2002,ACCT100158,DST300167,2026-01-17 07:56:00,236299,101533,010000,00,0200,0
T1028,M2018,ACCT100158,DST300002,2026-01-17 08:04:00,211029,102835,010000,00,0200,0
T1028,M2004,ACCT100158,DST300039,2026-01-17 08:34:00,216419,104207,400000,00,0200,0
T1028,M2006,ACCT100158,DST300178,2026-01-17 10:19:00,242441,104224,400000,68,0200,0
T1028,M2014,ACCT100158,DST300083,2026-01-17 11:29:00,269572,101932,400000,00,0200,0
T1028,M2009,ACCT100158,DST300088,2026-01-17 11:35:00,211407,103030,010000,00,0200,0
T1028,M2011,ACCT100158,DST300004,2026-01-17 12:14:00,245992,103088,400000,00,0200,0
T1028,M2019,ACCT100158,DST999999,2026-01-17 12:16:00,249345,103336,400000,00,0200,1
T1028,M2000,ACCT100158,DST999999,2026-01-17 12:18:00,243074,103337,400000,00,0200,1
T1028,M2010,ACCT100158,DST300154,2026-01-17 13:30:00,208079,104295,400000,51,0200,0
T1028,M2008,ACCT100158,DST300182,2026-01-17 13:59:00,240813,102380,010000,00,0200,0
T1028,M2013,ACCT100158,DST300075,2026-01-17 17:17:00,274390,104726,010000,51,0200,0
T1028,M2019,ACCT100158,DST300050,2026-01-17 17:18:00,250103,104877,300000,55,0200,1
T1028,M2007,ACCT100158,DST300139,2026-01-17 17:19:00,226414,104878,300000,55,0200,1
T1028,M2014,ACCT100158,DST300179,2026-01-17 17:20:00,224632,104879,300000,55,0200,1
T1028,M2001,ACCT100158,DST300151,2026-01-17 17:21:00,262903,104880,300000,55,0200,1
T1028,M2014,ACCT100158,DST300140,2026-01-17 17:32:00,234964,102543,010000,00,0200,0
T1001,M2001,ACCT100159,DST300151,2026-01-07 21:03:00,127943,100036,400000,00,0200,0
T1001,M2019,ACCT100159,DST300056,2026-01-07 23:35:00,108167,100829,400000,00,0200,0
T1001,M2016,ACCT100159,DST300144,2026-01-07 23:51:00,112546,100844,400000,00,0200,0
T1001,M2017,ACCT100159,DST300098,2026-01-07 23:53:00,110050,100857,400000,00,0200,0
T1001,M2010,ACCT100159,DST300190,2026-01-08 02:42:00,110180,101283,010000,00,0200,0
T1001,M2008,ACCT100159,DST300189,2026-01-08 02:56:00,140721,101934,400000,00,0200,0
T1001,M2011,ACCT100159,DST300123,2026-01-08 05:40:00,111631,101959,010000,00,0200,0
T1001,M2014,ACCT100159,DST300160,2026-01-08 06:06:00,66434,102507,400000,51,0200,0
T1001,M2002,ACCT100159,DST300127,2026-01-08 07:27:00,96427,102511,010000,68,0200,0
T1001,M2004,ACCT100159,DST300062,2026-01-08 09:31:00,147161,102866,010000,00,0200,0
T1001,M2019,ACCT100159,DST300133,2026-01-08 13:27:00,125763,103470,400000,00,0200,0
T1001,M2014,ACCT100159,DST300027,2026-01-08 13:34:00,88879,103956,400000,00,0200,0
T1001,M2018,ACCT100159,DST300174,2026-01-08 15:38:00,89295,104007,400000,00,0200,0
T1001,M2013,ACCT100159,DST300118,2026-01-08 17:48:00,73354,104323,400000,00,0200,0
T1007,M2017,ACCT100160,DST300164,2026-01-07 01:16:00,62790,102648,400000,00,0200,0
T1007,M2005,ACCT100160,DST300146,2026-01-07 02:32:00,61144,100382,010000,00,0200,0
T1007,M2010,ACCT100160,DST300043,2026-01-07 02:40:00,91108,103538,010000,00,0200,0
T1007,M2014,ACCT100160,DST300112,2026-01-07 04:21:00,74294,100576,400000,00,0200,0
T1007,M2007,ACCT100160,DST300027,2026-01-07 04:59:00,40186,100787,010000,00,0200,0
T1007,M2006,ACCT100160,DST300148,2026-01-07 05:28:00,102849,103560,010000,00,0200,0
T1007,M2004,ACCT100160,DST300077,2026-01-07 06:11:00,90957,101253,400000,00,0200,0
T1007,M2012,ACCT100160,DST300156,2026-01-07 06:32:00,73560,102001,010000,00,0200,0
T1007,M2001,ACCT100160,DST300118,2026-01-07 07:03:00,99832,104255,010000,00,0200,0
T1007,M2011,ACCT100160,DST300141,2026-01-07 07:28:00,98351,102101,400000,00,0200,0
T1007,M2001,ACCT100160,DST300130,2026-01-07 08:13:00,62106,102123,010000,00,0200,0
T1007,M2015,ACCT100160,DST300070,2026-01-07 09:33:00,70764,102316,400000,00,0200,0
T1007,M2013,ACCT100160,DST300121,2026-01-07 09:37:00,108018,104370,010000,00,0200,0
T1007,M2001,ACCT100160,DST300190,2026-01-07 11:52:00,116525,102475,400000,68,0200,0
T1007,M2005,ACCT100160,DST300155,2026-01-07 15:47:00,76689,102629,400000,00,0200,0
T1010,M2010,ACCT100161,DST300013,2026-01-10 23:45:00,191272,100375,010000,00,0200,0
T1010,M2019,ACCT100161,DST300046,2026-01-11 02:46:00,102712,100629,400000,00,0200,0
T1010,M2000,ACCT100161,DST300103,2026-01-11 03:08:00,130135,102218,400000,00,0200,0
T1010,M2011,ACCT100161,DST300081,2026-01-11 03:11:00,145936,100648,400000,00,0200,0
T1010,M2011,ACCT100161,DST300059,2026-01-11 03:22:00,115008,102728,010000,00,0200,0
T1010,M2002,ACCT100161,DST300185,2026-01-11 05:58:00,137235,102813,010000,00,0200,0
T1010,M2000,ACCT100161,DST300194,2026-01-11 06:33:00,73985,103318,010000,00,0200,0
T1010,M2014,ACCT100161,DST300042,2026-01-11 07:10:00,137868,100793,400000,00,0200,0
T1010,M2016,ACCT100161,DST300140,2026-01-11 07:30:00,163057,103322,400000,00,0200,0
T1010,M2002,ACCT100161,DST300141,2026-01-11 10:26:00,130170,104062,010000,00,0200,0
T1010,M2008,ACCT100161,DST300164,2026-01-11 10:53:00,124536,101013,010000,00,0200,0
T1010,M2008,ACCT100161,DST300042,2026-01-11 12:14:00,135456,101117,010000,00,0200,0
T1010,M2001,ACCT100161,DST300029,2026-01-11 13:22:00,130047,104441,400000,00,0200,0
T1010,M2003,ACCT100161,DST300130,2026-01-11 13:44:00,102719,102084,010000,00,0200,0
T1010,M2012,ACCT100161,DST300181,2026-01-11 14:50:00,141488,104817,010000,00,0200,0
T1002,M2017,ACCT100162,DST300062,2026-01-17 01:12:00,242615,100067,010000,00,0200,1
T1002,M2008,ACCT100162,DST300110,2026-01-17 01:45:00,245727,100200,400000,00,0200,0
T1002,M2001,ACCT100162,DST300042,2026-01-17 02:57:00,271031,100850,400000,00,0200,0
T1002,M2018,ACCT100162,DST300044,2026-01-17 05:35:00,190494,101577,400000,00,0200,0
T1002,M2013,ACCT100162,DST300052,2026-01-17 06:25:00,249148,102221,400000,00,0200,0
T1002,M2008,ACCT100162,DST300086,2026-01-17 07:43:00,262759,102765,010000,00,0200,0
T1002,M2005,ACCT100162,DST300036,2026-01-17 08:27:00,243938,103062,400000,00,0200,0
T1002,M2001,ACCT100162,DST300138,2026-01-17 11:20:00,258369,103242,400000,00,0200,0
T1006,M2008,ACCT100162,DST300107,2026-01-17 11:24:00,235010,103435,010000,00,0200,1
T1006,M2004,ACCT100162,DST300147,2026-01-17 11:30:00,232491,103447,400000,00,0200,0
T1006,M2005,ACCT100162,DST300156,2026-01-17 12:14:00,287578,103699,400000,00,0200,0
T1006,M2002,ACCT100162,DST300054,2026-01-17 14:47:00,252776,103752,400000,00,0200,0
T1006,M2011,ACCT100162,DST300034,2026-01-17 17:38:00,210137,104163,010000,00,0200,0
T1006,M2013,ACCT100162,DST300130,2026-01-17 18:08:00,258718,104293,400000,00,0200,0
T1006,M2014,ACCT100162,DST300089,2026-01-17 19:43:00,252230,104357,010000,00,0200,0
T1028,M2012,ACCT100163,DST300189,2026-01-04 01:02:00,110620,102600,010000,00,0200,0
T1028,M2010,ACCT100163,DST300147,2026-01-04 01:14:00,107613,102689,010000,00,0200,0
T1028,M2012,ACCT100163,DST300164,2026-01-04 01:18:00,56012,102118,400000,00,0200,0
T1028,M2005,ACCT100163,DST300172,2026-01-04 01:18:00,85597,102508,010000,00,0200,0
T1028,M2013,ACCT100163,DST300023,2026-01-04 02:43:00,90689,104791,400000,00,0200,0
T1028,M2003,ACCT100163,DST300054,2026-01-04 03:34:00,80100,104829,010000,00,0200,0
T1028,M2007,ACCT100163,DST300036,2026-01-04 03:35:00,112464,104977,300000,55,0200,1
T1028,M2006,ACCT100163,DST300179,2026-01-04 03:36:00,61204,104978,300000,55,0200,1
T1028,M2010,ACCT100163,DST300093,2026-01-04 03:37:00,82500,104979,300000,55,0200,1
T1028,M2019,ACCT100163,DST300060,2026-01-04 04:07:00,63231,100342,010000,00,0200,0
T1028,M2002,ACCT100163,DST300123,2026-01-04 04:34:00,85974,102749,400000,00,0200,0
T1028,M2010,ACCT100163,DST300093,2026-01-04 05:04:00,87694,103511,010000,00,0200,0
T1028,M2017,ACCT100163,DST300026,2026-01-04 06:55:00,91288,100623,400000,00,0200,0
T1028,M2014,ACCT100163,DST300154,2026-01-04 06:59:00,98454,103973,400000,00,0200,0
T1028,M2001,ACCT100163,DST300162,2026-01-04 10:46:00,83527,100668,010000,00,0200,0
T1028,M2009,ACCT100163,DST300085,2026-01-04 10:52:00,111042,100133,400000,00,0200,0
T1028,M2009,ACCT100163,DST300136,2026-01-04 11:03:00,79675,100155,400000,00,0200,0
T1028,M2004,ACCT100163,DST300136,2026-01-04 12:46:00,94465,101047,400000,00,0200,0
T1028,M2010,ACCT100163,DST300046,2026-01-04 13:48:00,78919,100191,010000,00,0200,0
T1028,M2011,ACCT100163,DST300102,2026-01-04 14:26:00,109816,101545,400000,00,0200,0
T1028,M2002,ACCT100163,DST300164,2026-01-04 15:11:00,90068,100194,400000,00,0200,0
T1002,M2007,ACCT100164,DST300053,2026-01-10 04:27:00,193363,103544,010000,00,0200,0
T1002,M2001,ACCT100164,DST300098,2026-01-10 04:43:00,249509,101713,400000,00,0200,0
T1002,M2007,ACCT100164,DST300045,2026-01-10 05:21:00,208918,101797,010000,00,0200,0
T1002,M2008,ACCT100164,DST300195,2026-01-10 07:44:00,197239,102308,010000,00,0200,0
T1002,M2004,ACCT100164,DST300182,2026-01-10 08:21:00,219546,103615,400000,00,0200,0
T1002,M2002,ACCT100164,DST300094,2026-01-10 09:27:00,193703,100174,400000,00,0200,0
T1002,M2019,ACCT100164,DST300016,2026-01-10 10:08:00,208420,100206,010000,00,0200,0
T1002,M2011,ACCT100164,DST300118,2026-01-10 11:03:00,245394,102363,400000,00,0200,0
T1002,M2013,ACCT100164,DST300039,2026-01-10 11:06:00,264862,104055,400000,00,0200,0
T1002,M2009,ACCT100164,DST300196,2026-01-10 12:04:00,223124,100581,010000,00,0200,0
T1002,M2006,ACCT100164,DST300115,2026-01-10 12:12:00,237162,100651,010000,00,0200,0
T1002,M2016,ACCT100164,DST300098,2026-01-10 12:47:00,247418,101121,010000,00,0200,0
T1002,M2003,ACCT100164,DST300084,2026-01-10 12:49:00,230409,101668,400000,00,0200,0
T1002,M2017,ACCT100164,DST300026,2026-01-10 13:46:00,244849,104197,010000,00,0200,0
T1002,M2006,ACCT100164,DST300131,2026-01-10 15:42:00,218319,104869,400000,00,0200,0
T1023,M2016,ACCT100165,DST300142,2026-01-01 20:54:00,206814,100367,400000,00,0200,0
T1023,M2018,ACCT100165,DST300195,2026-01-01 22:20:00,167143,100569,400000,00,0200,0
T1023,M2007,ACCT100165,DST300013,2026-01-02 02:01:00,167027,100807,010000,00,0200,0
T1023,M2015,ACCT100165,DST300030,2026-01-02 05:05:00,151917,101129,010000,00,0200,0
T1023,M2016,ACCT100165,DST300010,2026-01-02 07:50:00,159676,101237,010000,00,0200,0
T1023,M2010,ACCT100165,DST300014,2026-01-02 09:46:00,161190,101354,400000,00,0200,0
T1023,M2002,ACCT100165,DST300064,2026-01-02 12:32:00,133711,101568,010000,00,0200,0
T1023,M2006,ACCT100165,DST300108,2026-01-02 13:46:00,136635,101679,010000,00,0200,0
T1023,M2019,ACCT100165,DST300061,2026-01-02 15:14:00,155864,101873,400000,00,0200,0
T1023,M2010,ACCT100165,DST300080,2026-01-02 18:51:00,104398,102129,400000,68,0200,0
T1023,M2004,ACCT100165,DST300056,2026-01-02 21:43:00,134650,102505,010000,00,0200,0
T1023,M2000,ACCT100165,DST300119,2026-01-02 23:31:00,158409,102945,010000,00,0200,0
T1023,M2017,ACCT100165,DST300177,2026-01-03 01:24:00,185392,102980,010000,51,0200,0
T1023,M2006,ACCT100165,DST300021,2026-01-03 01:39:00,172110,104162,400000,00,0200,0
T1023,M2010,ACCT100165,DST300187,2026-01-03 01:47:00,179709,104280,010000,68,0200,0
T1023,M2018,ACCT100165,DST300191,2026-01-03 04:01:00,147406,104583,010000,00,0200,0
T1023,M2007,ACCT100165,DST300118,2026-01-03 04:45:00,124704,104904,400000,00,0200,0
T1023,M2000,ACCT100165,DST300071,2026-01-03 06:30:00,130671,104936,400000,00,0200,0
T1016,M2002,ACCT100166,DST300015,2026-01-19 13:02:00,170507,100600,010000,00,0200,0
T1016,M2014,ACCT100166,DST300060,2026-01-19 13:08:00,763604,100689,010000,00,0200,1
T1016,M2013,ACCT100166,DST300122,2026-01-19 13:10:00,166648,100881,010000,00,0200,0
T1016,M2015,ACCT100166,DST300137,2026-01-19 13:19:00,170656,100885,400000,00,0200,0
T1016,M2016,ACCT100166,DST300162,2026-01-19 14:22:00,172227,101377,400000,00,0200,0
T1016,M2002,ACCT100166,DST300183,2026-01-19 18:08:00,134826,102223,400000,00,0200,0
T1019,M2016,ACCT100166,DST300178,2026-01-19 18:13:00,136399,102817,010000,00,0200,1
T1019,M2006,ACCT100166,DST300109,2026-01-19 19:03:00,120833,103664,010000,00,0200,0
T1019,M2002,ACCT100166,DST300141,2026-01-19 20:58:00,112601,103696,010000,00,0200,0
T1019,M2005,ACCT100166,DST300011,2026-01-19 23:22:00,178444,103738,010000,00,0200,0
T1019,M2013,ACCT100166,DST300060,2026-01-20 00:05:00,117665,104320,400000,00,0200,0
T1019,M2001,ACCT100166,DST300104,2026-01-20 00:08:00,142563,104768,400000,00,0200,0
T1019,M2018,ACCT100166,DST999999,2026-01-20 00:10:00,129721,104775,400000,00,0200,1
T1019,M2007,ACCT100166,DST999999,2026-01-20 00:12:00,160555,104776,400000,00,0200,1
T1019,M2006,ACCT100166,DST999999,2026-01-20 00:14:00,141126,104777,400000,00,0200,1
T1019,M2001,ACCT100166,DST300135,2026-01-20 04:11:00,184311,104831,010000,00,0200,1
T1019,M2015,ACCT100166,DST300112,2026-01-20 07:16:00,153786,104946,010000,00,0200,0
T1023,M2005,ACCT100167,DST300095,2026-01-01 03:40:00,262015,100239,010000,00,0200,0
T1023,M2004,ACCT100167,DST300097,2026-01-01 07:31:00,262474,100359,010000,00,0200,0
T1023,M2014,ACCT100167,DST300103,2026-01-01 09:52:00,245098,100360,400000,00,0200,0
T1023,M2018,ACCT100167,DST300197,2026-01-01 10:40:00,330275,100656,010000,00,0200,0
T1023,M2010,ACCT100167,DST300036,2026-01-01 12:11:00,277914,100834,010000,00,0200,0
T1023,M2005,ACCT100167,DST300127,2026-01-01 14:33:00,291841,100901,400000,00,0200,0
T1023,M2019,ACCT100167,DST300149,2026-01-01 17:04:00,293157,100942,010000,00,0200,0
T1023,M2002,ACCT100167,DST300141,2026-01-01 21:04:00,258380,101516,010000,00,0200,0
T1023,M2005,ACCT100167,DST300013,2026-01-01 21:41:00,285181,101917,010000,51,0200,0
T1023,M2005,ACCT100167,DST300126,2026-01-02 03:58:00,291092,102786,400000,00,0200,0
T1023,M2003,ACCT100167,DST300070,2026-01-02 04:24:00,296316,102792,010000,00,0200,0
T1023,M2003,ACCT100167,DST300126,2026-01-02 04:45:00,310897,103967,010000,00,0200,0
T1023,M2011,ACCT100167,DST300128,2026-01-02 05:15:00,277782,103261,010000,00,0200,0
T1023,M2013,ACCT100167,DST300072,2026-01-02 05:59:00,264992,104899,400000,00,0200,0
T1023,M2019,ACCT100167,DST300088,2026-01-02 09:13:00,287973,103264,400000,00,0200,0
T1023,M2018,ACCT100167,DST300162,2026-01-02 11:06:00,248461,103310,400000,00,0200,0
T1023,M2005,ACCT100167,DST300173,2026-01-02 14:19:00,281371,103316,400000,00,0200,0
T1023,M2013,ACCT100167,DST300174,2026-01-02 18:14:00,276869,103650,010000,00,0200,0
T1026,M2010,ACCT100168,DST300102,2026-01-15 03:17:00,317290,102622,400000,00,0200,0
T1013,M2018,ACCT100168,DST300199,2026-01-15 03:19:00,299294,102722,010000,00,0200,1
T1026,M2000,ACCT100168,DST300066,2026-01-15 03:50:00,296985,101282,010000,00,0200,0
T1013,M2003,ACCT100168,DST300023,2026-01-15 06:52:00,331224,103493,400000,00,0200,0
T1013,M2000,ACCT100168,DST300178,2026-01-15 07:43:00,307530,104015,010000,00,0200,0
T1026,M2014,ACCT100168,DST300076,2026-01-15 07:46:00,312919,101543,400000,00,0200,0
T1013,M2019,ACCT100168,DST300080,2026-01-15 07:46:00,337577,104252,010000,51,0200,0
T1026,M2018,ACCT100168,DST300165,2026-01-15 09:27:00,306972,101781,010000,00,0200,0
T1026,M2018,ACCT100168,DST300150,2026-01-15 11:00:00,332453,101961,400000,51,0200,0
T1026,M2014,ACCT100168,DST300166,2026-01-15 11:36:00,334856,100226,010000,00,0200,0
T1026,M2002,ACCT100168,DST300171,2026-01-15 12:26:00,308203,100396,010000,00,0200,0
T1026,M2007,ACCT100168,DST300157,2026-01-15 13:03:00,307505,102041,010000,00,0200,0
T1026,M2010,ACCT100168,DST300082,2026-01-15 14:20:00,349059,102116,400000,51,0200,0
T1026,M2009,ACCT100168,DST300080,2026-01-15 14:23:00,289765,102514,400000,00,0200,0
T1026,M2009,ACCT100168,DST300096,2026-01-15 15:51:00,289414,100628,010000,00,0200,0
T1026,M2004,ACCT100168,DST300003,2026-01-15 16:30:00,322098,100636,010000,00,0200,0
T1026,M2017,ACCT100168,DST300049,2026-01-15 16:57:00,280592,100744,400000,00,0200,0
T1026,M2006,ACCT100168,DST300061,2026-01-15 19:32:00,331179,100782,010000,00,0200,0
T1026,M2013,ACCT100168,DST300076,2026-01-15 19:48:00,346199,101126,400000,00,0200,0
T1020,M2018,ACCT100169,DST300130,2026-01-17 01:09:00,246302,104720,400000,00,0200,0
T1020,M2005,ACCT100169,DST300172,2026-01-17 03:51:00,250727,100444,400000,00,0200,0
T1020,M2001,ACCT100169,DST300162,2026-01-17 03:54:00,250515,100647,010000,00,0200,0
T1020,M2005,ACCT100169,DST300178,2026-01-17 06:40:00,269971,101113,010000,00,0200,0
T1020,M2006,ACCT100169,DST300114,2026-01-17 09:53:00,232961,101671,010000,00,0200,0
T1020,M2001,ACCT100169,DST300049,2026-01-17 12:09:00,261620,102272,400000,00,0200,0
T1020,M2015,ACCT100169,DST300087,2026-01-17 12:19:00,243839,102478,010000,00,0200,0
T1020,M2010,ACCT100169,DST300083,2026-01-17 15:52:00,246653,103857,010000,00,0200,0
T1026,M2012,ACCT100170,DST300072,2026-01-10 02:09:00,150366,100058,400000,00,0200,0
T1026,M2005,ACCT100170,DST300118,2026-01-10 02:55:00,205640,100387,010000,00,0200,0
T1026,M2018,ACCT100170,DST300129,2026-01-10 06:31:00,199768,100907,010000,00,0200,0
T1026,M2009,ACCT100170,DST300142,2026-01-10 07:22:00,165254,101139,400000,00,0200,0
T1026,M2006,ACCT100170,DST300158,2026-01-10 10:51:00,197067,101515,400000,00,0200,0
T1026,M2017,ACCT100170,DST300088,2026-01-10 12:26:00,175284,101891,010000,00,0200,0
T1026,M2005,ACCT100170,DST300058,2026-01-10 12:43:00,674438,102352,010000,00,0200,1
T1026,M2013,ACCT100170,DST300051,2026-01-10 14:54:00,191044,103026,010000,00,0200,0
T1026,M2001,ACCT100170,DST300183,2026-01-10 15:48:00,161780,103116,400000,00,0200,0
T1026,M2004,ACCT100170,DST300175,2026-01-10 19:30:00,210476,103237,400000,00,0200,0
T1026,M2019,ACCT100170,DST300196,2026-01-10 20:59:00,186306,103438,400000,00,0200,0
T1026,M2002,ACCT100170,DST300095,2026-01-10 21:15:00,194053,103684,400000,00,0200,0
T1026,M2010,ACCT100170,DST300089,2026-01-10 21:18:00,227539,103689,400000,00,0200,0
T1026,M2017,ACCT100170,DST300133,2026-01-10 23:27:00,193650,103931,010000,00,0200,0
T1026,M2016,ACCT100170,DST300026,2026-01-10 23:53:00,207642,104087,400000,00,0200,0
T1026,M2010,ACCT100170,DST300110,2026-01-10 23:56:00,166829,104772,010000,00,0200,0
T1005,M2004,ACCT100171,DST300053,2026-01-18 01:47:00,332921,103685,400000,00,0200,0
T1026,M2013,ACCT100171,DST300028,2026-01-18 02:09:00,336715,101654,400000,00,0200,0
T1005,M2017,ACCT100171,DST300139,2026-01-18 05:45:00,299131,104553,010000,51,0200,0
T1026,M2009,ACCT100171,DST300066,2026-01-18 06:04:00,301484,101662,400000,00,0200,0
T1009,M2014,ACCT100171,DST300193,2026-01-18 06:21:00,322449,100463,010000,00,0200,0
T1009,M2007,ACCT100171,DST300035,2026-01-18 06:51:00,326825,100507,010000,00,0200,0
T1026,M2015,ACCT100171,DST300099,2026-01-18 08:39:00,291447,101725,400000,00,0200,0
T1009,M2008,ACCT100171,DST300145,2026-01-18 10:22:00,254710,100610,400000,00,0200,0
T1026,M2014,ACCT100171,DST300086,2026-01-18 11:06:00,284415,101819,400000,00,0200,0
T1005,M2016,ACCT100171,DST300078,2026-01-18 11:11:00,275451,101840,010000,00,0200,1
T1009,M2004,ACCT100171,DST300070,2026-01-18 12:39:00,297495,100756,400000,00,0200,0
T1005,M2012,ACCT100171,DST300027,2026-01-18 12:46:00,335691,101849,010000,00,0200,0
T1009,M2003,ACCT100171,DST300104,2026-01-18 16:11:00,307668,100886,010000,68,0200,0
T1005,M2007,ACCT100171,DST300031,2026-01-18 16:18:00,303660,102060,010000,00,0200,0
T1009,M2013,ACCT100171,DST300154,2026-01-18 17:15:00,288064,101099,010000,00,0200,0
T1005,M2003,ACCT100171,DST300198,2026-01-18 18:16:00,302551,102489,010000,68,0200,0
T1009,M2000,ACCT100171,DST300181,2026-01-18 18:48:00,337520,101243,400000,00,0200,0
T1026,M2000,ACCT100171,DST300091,2026-01-18 18:51:00,293598,101514,010000,00,0200,1
T1002,M2002,ACCT100172,DST300141,2026-01-12 19:10:00,224554,100678,400000,00,0200,0
T1002,M2005,ACCT100172,DST300188,2026-01-12 19:34:00,255135,100924,400000,00,0200,0
T1002,M2001,ACCT100172,DST300051,2026-01-12 19:35:00,251022,101122,300000,55,0200,1
T1002,M2002,ACCT100172,DST300142,2026-01-12 19:36:00,287116,101123,300000,55,0200,1
T1002,M2005,ACCT100172,DST300086,2026-01-12 22:47:00,265785,101252,400000,00,0200,0
T1002,M2003,ACCT100172,DST300038,2026-01-13 02:03:00,274199,101324,010000,00,0200,0
T1003,M2013,ACCT100172,DST300196,2026-01-13 02:07:00,260804,101530,010000,00,0200,1
T1003,M2012,ACCT100172,DST300047,2026-01-13 03:38:00,288699,101818,400000,00,0200,0
T1003,M2004,ACCT100172,DST300171,2026-01-13 06:05:00,269995,102161,010000,00,0200,0
T1003,M2009,ACCT100172,DST300094,2026-01-13 06:37:00,234639,102167,010000,00,0200,0
T1003,M2015,ACCT100172,DST300016,2026-01-13 08:58:00,271139,102633,400000,00,0200,0
T1003,M2019,ACCT100172,DST300098,2026-01-13 12:31:00,260402,102856,400000,51,0200,0
T1003,M2000,ACCT100172,DST300083,2026-01-13 14:04:00,282326,103136,400000,00,0200,0
T1003,M2007,ACCT100172,DST300005,2026-01-13 15:46:00,271754,103815,400000,00,0200,0
T1003,M2014,ACCT100172,DST300074,2026-01-13 17:17:00,269507,104213,010000,00,0200,0
T1003,M2015,ACCT100172,DST300168,2026-01-13 17:18:00,304230,104299,300000,55,0200,1
T1003,M2013,ACCT100172,DST300176,2026-01-13 17:19:00,265845,104300,300000,55,0200,1
T1003,M2000,ACCT100172,DST300103,2026-01-13 17:20:00,268668,104301,300000,55,0200,1
T1003,M2001,ACCT100172,DST300106,2026-01-13 17:21:00,274746,104302,300000,55,0200,1
T1003,M2007,ACCT100172,DST300025,2026-01-13 17:24:00,319903,104431,010000,00,0200,0
T1003,M2002,ACCT100172,DST300188,2026-01-13 18:52:00,274820,104734,400000,00,0200,0
T1003,M2008,ACCT100172,DST300101,2026-01-13 22:34:00,307933,104997,400000,00,0200,0
T1016,M2016,ACCT100173,DST300084,2026-01-13 18:39:00,86026,100130,400000,00,0200,0
T1016,M2015,ACCT100173,DST300051,2026-01-13 19:12:00,86703,100300,010000,00,0200,0
T1016,M2013,ACCT100173,DST300127,2026-01-13 20:36:00,91351,100508,400000,00,0200,0
T1016,M2002,ACCT100173,DST300061,2026-01-13 20:43:00,96141,100611,400000,00,0200,0
T1016,M2002,ACCT100173,DST300187,2026-01-14 00:02:00,106239,100745,010000,00,0200,0
T1016,M2008,ACCT100173,DST300125,2026-01-14 01:27:00,96085,101343,010000,00,0200,0
T1016,M2014,ACCT100173,DST300137,2026-01-14 01:59:00,112076,101784,010000,00,0200,0
T1016,M2013,ACCT100173,DST300156,2026-01-14 05:19:00,83374,102516,010000,00,0200,0
T1016,M2010,ACCT100173,DST300185,2026-01-14 08:23:00,98229,102883,400000,00,0200,0
T1016,M2019,ACCT100173,DST300187,2026-01-14 09:48:00,112337,103580,010000,00,0200,0
T1016,M2001,ACCT100173,DST300044,2026-01-14 10:44:00,102699,103662,400000,00,0200,0
T1016,M2005,ACCT100173,DST300018,2026-01-14 11:44:00,58910,103788,400000,00,0200,0
T1016,M2018,ACCT100173,DST300001,2026-01-14 13:16:00,90303,103826,400000,00,0200,0
T1016,M2001,ACCT100173,DST300098,2026-01-14 13:22:00,112636,104439,400000,00,0200,0
T1016,M2016,ACCT100173,DST300175,2026-01-14 15:29:00,89311,104771,010000,00,0200,0
T1016,M2004,ACCT100173,DST300109,2026-01-14 16:45:00,92329,104786,010000,00,0200,0
T1000,M2008,ACCT100174,DST300006,2026-01-13 07:56:00,283479,100414,400000,00,0200,0
T1000,M2000,ACCT100174,DST300146,2026-01-13 10:56:00,290192,100920,010000,00,0200,0
T1000,M2008,ACCT100174,DST300154,2026-01-13 13:34:00,295619,101443,010000,00,0200,0
T1000,M2018,ACCT100174,DST300191,2026-01-13 16:52:00,316759,101572,010000,00,0200,0
T1000,M2019,ACCT100174,DST300067,2026-01-13 19:48:00,321790,101641,400000,00,0200,0
T1000,M2010,ACCT100174,DST300138,2026-01-13 23:30:00,268754,102963,400000,00,0200,0
T1000,M2019,ACCT100174,DST300153,2026-01-14 01:59:00,337219,103495,400000,00,0200,0
T1000,M2009,ACCT100174,DST300114,2026-01-14 02:46:00,318958,103191,010000,00,0200,0
T1000,M2013,ACCT100174,DST300053,2026-01-14 03:03:00,287311,103348,400000,00,0200,0
T1000,M2018,ACCT100174,DST300170,2026-01-14 03:53:00,284329,104321,400000,00,0200,0
T1000,M2008,ACCT100174,DST300000,2026-01-14 04:43:00,343438,103818,010000,00,0200,0
T1000,M2005,ACCT100174,DST300043,2026-01-14 04:57:00,325009,103477,400000,00,0200,0
T1000,M2007,ACCT100174,DST300159,2026-01-14 05:59:00,304666,104278,400000,68,0200,0
T1000,M2004,ACCT100174,DST300131,2026-01-14 06:56:00,312780,104322,400000,00,0200,0
T1000,M2019,ACCT100174,DST300194,2026-01-14 10:47:00,286012,104626,400000,00,0200,0
T1000,M2017,ACCT100174,DST300167,2026-01-14 10:50:00,311557,104767,010000,00,0200,0
T1010,M2001,ACCT100175,DST300010,2026-01-03 09:16:00,98058,100021,400000,00,0200,0
T1010,M2000,ACCT100175,DST300066,2026-01-03 10:46:00,96605,100373,400000,00,0200,0
T1010,M2007,ACCT100175,DST300181,2026-01-03 10:49:00,132283,100451,010000,00,0200,0
T1010,M2019,ACCT100175,DST300014,2026-01-03 11:46:00,88706,100469,400000,00,0200,0
T1010,M2001,ACCT100175,DST300039,2026-01-03 11:56:00,86327,101647,400000,00,0200,0
T1010,M2005,ACCT100175,DST300021,2026-01-03 11:57:00,99139,101869,400000,00,0200,0
T1010,M2005,ACCT100175,DST300005,2026-01-03 13:06:00,118013,101958,010000,00,0200,0
T1010,M2014,ACCT100175,DST300145,2026-01-03 13:07:00,117993,102142,300000,55,0200,1
T1010,M2013,ACCT100175,DST300092,2026-01-03 13:08:00,96809,102143,300000,55,0200,1
T1010,M2018,ACCT100175,DST300100,2026-01-03 13:09:00,76714,102144,300000,55,0200,1
T1010,M2007,ACCT100175,DST300063,2026-01-03 14:43:00,90145,102464,400000,00,0200,0
T1010,M2011,ACCT100175,DST300190,2026-01-03 16:34:00,109243,102682,400000,00,0200,0
T1010,M2009,ACCT100175,DST300128,2026-01-03 18:50:00,90839,102889,010000,00,0200,0
T1010,M2005,ACCT100175,DST300097,2026-01-03 21:24:00,83838,104009,400000,00,0200,0
T1010,M2003,ACCT100175,DST300085,2026-01-04 01:14:00,83735,104504,400000,00,0200,0
T1010,M2018,ACCT100175,DST300035,2026-01-04 02:43:00,75479,104591,400000,00,0200,0
T1010,M2012,ACCT100175,DST300087,2026-01-04 03:01:00,92724,104857,400000,00,0200,0
T1027,M2010,ACCT100176,DST300052,2026-01-19 08:05:00,56359,100410,400000,00,0200,0
T1027,M2016,ACCT100176,DST300009,2026-01-19 08:25:00,88852,100654,010000,00,0200,0
T1027,M2001,ACCT100176,DST300070,2026-01-19 11:27:00,110944,101314,010000,00,0200,0
T1027,M2013,ACCT100176,DST300181,2026-01-19 13:26:00,82632,101350,400000,00,0200,0
T1027,M2018,ACCT100176,DST300088,2026-01-19 15:57:00,69545,101527,010000,00,0200,0
T1027,M2016,ACCT100176,DST300163,2026-01-19 16:33:00,104474,101968,010000,68,0200,0
T1027,M2015,ACCT100176,DST300177,2026-01-19 17:31:00,73615,102108,010000,00,0200,0
T1027,M2004,ACCT100176,DST300123,2026-01-19 21:30:00,126831,103509,010000,68,0200,0
T1027,M2018,ACCT100176,DST300169,2026-01-20 01:20:00,97987,103789,010000,00,0200,0
T1027,M2014,ACCT100176,DST300197,2026-01-20 01:21:00,74167,103790,400000,00,0200,0
T1027,M2005,ACCT100176,DST300113,2026-01-20 02:55:00,61134,103814,400000,00,0200,0
T1027,M2016,ACCT100176,DST300094,2026-01-20 06:48:00,101340,103923,010000,00,0200,0
T1027,M2000,ACCT100176,DST300029,2026-01-20 08:36:00,128389,104003,400000,00,0200,0
T1027,M2010,ACCT100176,DST300105,2026-01-20 11:51:00,46087,104045,400000,00,0200,0
T1026,M2006,ACCT100177,DST300182,2026-01-18 08:14:00,231193,100304,010000,00,0200,0
T1026,M2012,ACCT100177,DST300070,2026-01-18 10:26:00,239762,100365,400000,00,0200,0
T1026,M2019,ACCT100177,DST300190,2026-01-18 14:00:00,214816,100922,400000,00,0200,0
T1026,M2018,ACCT100177,DST300052,2026-01-18 17:37:00,252437,101293,010000,00,0200,0
T1026,M2008,ACCT100177,DST300029,2026-01-18 20:23:00,245540,101582,010000,00,0200,0
T1026,M2003,ACCT100177,DST300046,2026-01-18 22:25:00,211352,101802,010000,00,0200,0
T1026,M2016,ACCT100177,DST300032,2026-01-19 00:55:00,186808,102067,400000,00,0200,0
T1026,M2008,ACCT100177,DST300142,2026-01-19 01:24:00,227003,103124,010000,00,0200,0
T1026,M2016,ACCT100177,DST300155,2026-01-19 02:18:00,215158,103584,400000,00,0200,0
T1026,M2015,ACCT100177,DST300182,2026-01-19 03:36:00,206775,103952,010000,00,0200,0
T1026,M2003,ACCT100177,DST300090,2026-01-19 04:20:00,247441,103886,400000,00,0200,0
T1026,M2015,ACCT100177,DST300033,2026-01-19 04:27:00,235316,103906,400000,00,0200,0
T1026,M2005,ACCT100177,DST300033,2026-01-19 06:36:00,181327,104864,400000,00,0200,0
T1018,M2013,ACCT100178,DST300011,2026-01-07 01:50:00,112609,102127,010000,00,0200,0
T1018,M2001,ACCT100178,DST300015,2026-01-07 01:51:00,114418,102788,400000,00,0200,0
T1018,M2014,ACCT100178,DST300061,2026-01-07 04:05:00,116695,102807,010000,00,0200,0
T1018,M2014,ACCT100178,DST300024,2026-01-07 06:05:00,118754,102928,400000,68,0200,0
T1018,M2013,ACCT100178,DST300004,2026-01-07 06:06:00,130226,103008,400000,00,0200,0
T1018,M2007,ACCT100178,DST300114,2026-01-07 07:59:00,104736,100314,400000,00,0200,0
T1018,M2015,ACCT100178,DST300160,2026-01-07 08:45:00,124107,100353,400000,00,0200,0
T1018,M2007,ACCT100178,DST300053,2026-01-07 09:02:00,132171,103235,010000,00,0200,0
T1018,M2011,ACCT100178,DST300095,2026-01-07 10:09:00,114774,103414,010000,00,0200,0
T1018,M2015,ACCT100178,DST300162,2026-01-07 10:51:00,112198,100983,400000,00,0200,0
T1018,M2005,ACCT100178,DST300182,2026-01-07 12:11:00,90196,101097,010000,00,0200,0
T1018,M2003,ACCT100178,DST300014,2026-01-07 12:52:00,133820,103875,400000,00,0200,0
T1018,M2014,ACCT100178,DST300177,2026-01-07 15:48:00,119242,101105,010000,00,0200,0
T1018,M2003,ACCT100178,DST300098,2026-01-07 15:53:00,129280,101172,400000,00,0200,0
T1018,M2019,ACCT100178,DST300167,2026-01-07 16:40:00,128944,104338,010000,00,0200,0
T1018,M2010,ACCT100178,DST300013,2026-01-07 17:51:00,153900,104371,010000,68,0200,0
T1018,M2018,ACCT100178,DST300162,2026-01-07 18:19:00,766725,104546,010000,00,0200,1
T1018,M2013,ACCT100178,DST300146,2026-01-07 19:46:00,93898,101507,010000,00,0200,0
T1018,M2018,ACCT100178,DST300175,2026-01-07 21:15:00,143302,101941,400000,00,0200,0
T1018,M2011,ACCT100178,DST300173,2026-01-07 21:43:00,187036,104781,010000,00,0200,0
T1018,M2003,ACCT100178,DST300064,2026-01-07 23:11:00,183699,104957,010000,68,0200,0
T1012,M2002,ACCT100179,DST300105,2026-01-19 13:53:00,192096,100122,400000,00,0200,0
T1012,M2001,ACCT100179,DST300176,2026-01-19 14:05:00,183362,100170,010000,51,0200,0
T1012,M2019,ACCT100179,DST300028,2026-01-19 16:20:00,154769,100203,400000,00,0200,0
T1012,M2010,ACCT100179,DST300161,2026-01-19 19:29:00,183747,100506,010000,00,0200,0
T1012,M2006,ACCT100179,DST300188,2026-01-19 20:51:00,207174,100712,400000,00,0200,0
T1012,M2017,ACCT100179,DST300128,2026-01-20 04:48:00,195411,101008,400000,00,0200,0
T1012,M2009,ACCT100179,DST300080,2026-01-20 07:17:00,152857,101100,400000,00,0200,0
T1012,M2001,ACCT100179,DST300070,2026-01-20 10:05:00,199267,101387,400000,00,0200,0
T1012,M2013,ACCT100179,DST300123,2026-01-20 11:52:00,210009,101604,400000,00,0200,0
T1012,M2003,ACCT100179,DST300094,2026-01-20 15:15:00,190328,101897,010000,00,0200,0
T1012,M2010,ACCT100179,DST300009,2026-01-20 16:51:00,198117,101933,400000,00,0200,0
T1012,M2014,ACCT100179,DST300038,2026-01-20 20:44:00,205222,103302,010000,00,0200,0
T1012,M2003,ACCT100179,DST300049,2026-01-20 21:10:00,194731,103557,400000,00,0200,0
T1012,M2013,ACCT100179,DST300066,2026-01-20 23:39:00,187308,104643,400000,00,0200,0
T1012,M2012,ACCT100179,DST300053,2026-01-21 02:59:00,170785,104774,400000,00,0200,0
T1005,M2009,ACCT100180,DST300133,2026-01-05 17:46:00,296925,100425,400000,00,0200,0
T1005,M2003,ACCT100180,DST300055,2026-01-05 19:02:00,348367,101116,010000,00,0200,0
T1005,M2011,ACCT100180,DST300106,2026-01-05 19:31:00,334557,101242,400000,00,0200,0
T1005,M2007,ACCT100180,DST300124,2026-01-05 21:53:00,329239,101311,400000,00,0200,0
T1005,M2006,ACCT100180,DST300166,2026-01-06 01:32:00,342592,101319,400000,00,0200,0
T1005,M2007,ACCT100180,DST300199,2026-01-06 02:26:00,352713,102488,010000,00,0200,0
T1005,M2015,ACCT100180,DST300117,2026-01-06 03:52:00,303328,102494,400000,00,0200,0
T1005,M2006,ACCT100180,DST300048,2026-01-06 06:03:00,327706,102952,010000,00,0200,0
T1005,M2000,ACCT100180,DST300199,2026-01-06 06:59:00,345490,103027,010000,00,0200,0
T1005,M2004,ACCT100180,DST300052,2026-01-06 09:02:00,318704,103778,010000,00,0200,0
T1005,M2016,ACCT100180,DST300148,2026-01-06 09:33:00,308839,104071,400000,00,0200,0
T1005,M2010,ACCT100180,DST300112,2026-01-06 09:36:00,326644,104203,010000,00,0200,0
T1005,M2003,ACCT100180,DST999999,2026-01-06 09:38:00,318027,104727,400000,00,0200,1
T1005,M2007,ACCT100180,DST999999,2026-01-06 09:40:00,311418,104728,400000,00,0200,1
T1005,M2009,ACCT100180,DST999999,2026-01-06 09:42:00,314012,104729,400000,00,0200,1
T1005,M2002,ACCT100180,DST300094,2026-01-06 10:38:00,336740,104866,010000,00,0200,0
T1005,M2010,ACCT100180,DST300139,2026-01-06 14:34:00,379923,104959,010000,00,0200,0
T1014,M2007,ACCT100181,DST300183,2026-01-05 16:33:00,219785,100417,400000,00,0200,0
T1014,M2017,ACCT100181,DST300102,2026-01-05 18:54:00,271178,100604,400000,00,0200,0
T1014,M2007,ACCT100181,DST300031,2026-01-05 22:54:00,257465,100664,400000,00,0200,0
T1014,M2004,ACCT100181,DST300097,2026-01-05 23:14:00,276360,100697,400000,00,0200,0
T1014,M2006,ACCT100181,DST300183,2026-01-05 23:20:00,258961,101151,400000,00,0200,0
T1014,M2019,ACCT100181,DST300019,2026-01-06 01:52:00,274177,101481,010000,00,0200,0
T1014,M2017,ACCT100181,DST300126,2026-01-06 04:49:00,243452,101853,400000,00,0200,0
T1014,M2001,ACCT100181,DST300196,2026-01-06 08:24:00,240972,101971,400000,00,0200,0
T1014,M2015,ACCT100181,DST300187,2026-01-06 08:48:00,244420,102321,400000,00,0200,0
T1014,M2015,ACCT100181,DST300181,2026-01-06 12:24:00,294911,102818,400000,00,0200,0
T1014,M2017,ACCT100181,DST300145,2026-01-06 12:51:00,286524,103156,010000,00,0200,0
T1014,M2017,ACCT100181,DST300101,2026-01-06 12:52:00,236863,103403,300000,55,0200,1
T1014,M2003,ACCT100181,DST300019,2026-01-06 12:53:00,262091,103404,300000,55,0200,1
T1014,M2017,ACCT100181,DST300059,2026-01-06 12:54:00,270343,103405,300000,55,0200,1
T1014,M2017,ACCT100181,DST300012,2026-01-06 12:55:00,230484,103406,300000,55,0200,1
T1014,M2018,ACCT100181,DST300011,2026-01-06 16:03:00,255701,103570,010000,00,0200,0
T1014,M2007,ACCT100181,DST300002,2026-01-06 19:49:00,226645,104326,400000,00,0200,0
T1014,M2001,ACCT100181,DST300179,2026-01-06 20:08:00,267382,104378,010000,00,0200,0
T1014,M2018,ACCT100181,DST300191,2026-01-07 00:00:00,248424,104976,400000,00,0200,0
T1022,M2016,ACCT100182,DST300093,2026-01-17 16:23:00,313502,100889,010000,00,0200,0
T1022,M2005,ACCT100182,DST300190,2026-01-17 16:44:00,350066,101588,400000,00,0200,0
T1022,M2004,ACCT100182,DST300181,2026-01-17 18:57:00,325589,101815,010000,00,0200,0
T1022,M2017,ACCT100182,DST300145,2026-01-17 20:43:00,374981,101923,010000,00,0200,0
T1022,M2010,ACCT100182,DST300122,2026-01-17 23:15:00,347182,102260,010000,00,0200,0
T1022,M2016,ACCT100182,DST300059,2026-01-17 23:18:00,314298,102602,010000,00,0200,0
T1022,M2009,ACCT100182,DST300183,2026-01-17 23:28:00,360053,102724,010000,51,0200,0
T1022,M2019,ACCT100182,DST300141,2026-01-18 00:40:00,329223,102823,010000,00,0200,0
T1022,M2004,ACCT100182,DST300019,2026-01-18 01:40:00,341950,102857,400000,00,0200,0
T1022,M2016,ACCT100182,DST300106,2026-01-18 05:28:00,337199,103044,010000,00,0200,0
T1022,M2002,ACCT100182,DST300058,2026-01-18 09:26:00,356358,103445,400000,00,0200,0
T1022,M2006,ACCT100182,DST300085,2026-01-18 13:09:00,308241,103707,010000,00,0200,0
T1022,M2009,ACCT100182,DST300062,2026-01-18 17:04:00,334827,103756,400000,00,0200,0
T1022,M2004,ACCT100182,DST300097,2026-01-18 18:27:00,308899,104287,010000,00,0200,0
T1022,M2010,ACCT100182,DST300151,2026-01-18 20:31:00,330855,104833,400000,00,0200,0
T1022,M2003,ACCT100182,DST300095,2026-01-18 23:47:00,307431,104934,400000,00,0200,0
T1021,M2005,ACCT100183,DST300121,2026-01-01 04:23:00,135060,100198,010000,00,0200,0
T1021,M2000,ACCT100183,DST300045,2026-01-01 06:50:00,145627,102090,010000,51,0200,0
T1021,M2001,ACCT100183,DST300171,2026-01-01 08:29:00,152643,102311,400000,00,0200,0
T1021,M2001,ACCT100183,DST300153,2026-01-01 12:10:00,149876,102410,400000,00,0200,0
T1021,M2015,ACCT100183,DST300018,2026-01-01 14:05:00,138090,102530,400000,00,0200,0
T1021,M2015,ACCT100183,DST300134,2026-01-01 15:31:00,160146,102733,400000,00,0200,0
T1021,M2014,ACCT100183,DST300093,2026-01-01 15:39:00,147714,103694,400000,00,0200,0
T1021,M2010,ACCT100183,DST300078,2026-01-01 16:05:00,155436,103792,010000,00,0200,0
T1021,M2010,ACCT100183,DST300021,2026-01-01 19:35:00,148691,103979,400000,00,0200,0
T1021,M2008,ACCT100183,DST300153,2026-01-01 19:51:00,210576,104152,010000,00,0200,0
T1021,M2010,ACCT100183,DST300029,2026-01-01 19:58:00,602085,104429,010000,00,0200,1
T1021,M2016,ACCT100183,DST300073,2026-01-01 20:10:00,148461,104875,010000,00,0200,0
T1019,M2010,ACCT100184,DST300090,2026-01-16 02:03:00,297135,101384,010000,00,0200,1
T1019,M2013,ACCT100184,DST300007,2026-01-16 03:45:00,187295,104275,400000,00,0200,0
T1019,M2003,ACCT100184,DST300018,2026-01-16 05:14:00,175440,104336,400000,51,0200,0
T1019,M2016,ACCT100184,DST300094,2026-01-16 05:31:00,215311,101912,010000,00,0200,0
T1019,M2009,ACCT100184,DST300076,2026-01-16 05:36:00,194801,102062,010000,00,0200,0
T1019,M2019,ACCT100184,DST300090,2026-01-16 09:14:00,199653,104480,400000,00,0200,0
T1019,M2000,ACCT100184,DST300028,2026-01-16 09:22:00,174275,102343,400000,00,0200,0
T1019,M2012,ACCT100184,DST300105,2026-01-16 09:52:00,184885,102778,400000,00,0200,0
T1019,M2002,ACCT100184,DST300176,2026-01-16 10:06:00,213241,104951,400000,00,0200,0
T1019,M2004,ACCT100184,DST300068,2026-01-16 12:27:00,219405,102853,010000,00,0200,0
T1019,M2012,ACCT100184,DST300075,2026-01-16 12:33:00,183689,100140,010000,00,0200,0
T1019,M2011,ACCT100184,DST300102,2026-01-16 13:01:00,213645,102895,010000,00,0200,0
T1019,M2015,ACCT100184,DST999999,2026-01-16 13:03:00,177102,103529,400000,00,0200,1
T1019,M2002,ACCT100184,DST999999,2026-01-16 13:05:00,184423,103530,400000,00,0200,1
T1019,M2011,ACCT100184,DST300143,2026-01-16 15:44:00,202089,100172,010000,00,0200,0
T1019,M2006,ACCT100184,DST300146,2026-01-16 16:38:00,182960,103531,400000,00,0200,0
T1019,M2007,ACCT100184,DST300084,2026-01-16 19:23:00,173677,103547,400000,00,0200,0
T1019,M2016,ACCT100184,DST300104,2026-01-16 20:51:00,195083,103850,010000,00,0200,0
T1003,M2015,ACCT100185,DST999999,2026-01-13 23:37:00,148426,100384,400000,00,0200,1
T1003,M2017,ACCT100185,DST999999,2026-01-13 23:39:00,142913,100385,400000,00,0200,1
T1003,M2007,ACCT100185,DST999999,2026-01-13 23:41:00,150506,100386,400000,00,0200,1
T1003,M2014,ACCT100185,DST300173,2026-01-14 03:15:00,125508,100835,400000,00,0200,0
T1022,M2000,ACCT100185,DST300116,2026-01-14 03:19:00,162772,100988,010000,00,0200,1
T1024,M2012,ACCT100185,DST300199,2026-01-14 03:20:00,177573,101509,010000,00,0200,1
T1024,M2019,ACCT100185,DST300074,2026-01-14 04:03:00,102484,101600,400000,00,0200,0
T1024,M2006,ACCT100185,DST300088,2026-01-14 04:40:00,155406,103149,010000,00,0200,0
T1024,M2013,ACCT100185,DST300038,2026-01-14 05:18:00,126300,103238,400000,00,0200,0
T1024,M2007,ACCT100185,DST300183,2026-01-14 07:59:00,169364,103409,400000,00,0200,0
T1024,M2015,ACCT100185,DST300026,2026-01-14 08:22:00,126461,103562,010000,00,0200,0
T1024,M2018,ACCT100185,DST300060,2026-01-14 08:39:00,115345,103780,400000,51,0200,0
T1024,M2018,ACCT100185,DST300042,2026-01-14 11:11:00,171449,104107,400000,00,0200,0
T1013,M2009,ACCT100186,DST300141,2026-01-03 16:51:00,73713,100775,400000,00,0200,0
T1013,M2008,ACCT100186,DST300091,2026-01-03 16:57:00,71217,101433,010000,00,0200,0
T1013,M2019,ACCT100186,DST300024,2026-01-03 17:21:00,49127,101723,400000,00,0200,0
T1013,M2015,ACCT100186,DST300053,2026-01-03 19:33:00,85854,102245,400000,00,0200,0
T1013,M2004,ACCT100186,DST300078,2026-01-03 20:09:00,77878,102344,400000,00,0200,0
T1013,M2012,ACCT100186,DST300099,2026-01-03 23:18:00,68566,102496,400000,00,0200,0
T1013,M2005,ACCT100186,DST300058,2026-01-04 02:03:00,56803,103802,010000,00,0200,0
T1013,M2001,ACCT100186,DST300049,2026-01-04 04:26:00,94507,104217,010000,00,0200,0
T1013,M2011,ACCT100186,DST300009,2026-01-04 04:33:00,97809,104795,010000,00,0200,0
T1013,M2005,ACCT100186,DST300125,2026-01-04 08:01:00,52594,104843,010000,00,0200,0
T1026,M2000,ACCT100187,DST300120,2026-01-21 00:28:00,101423,100286,400000,00,0200,0
T1026,M2003,ACCT100187,DST300101,2026-01-21 00:31:00,83466,100416,400000,00,0200,0
T1026,M2010,ACCT100187,DST300011,2026-01-21 01:17:00,63118,100798,400000,00,0200,0
T1026,M2009,ACCT100187,DST300017,2026-01-21 01:33:00,56947,102497,010000,00,0200,0
T1026,M2012,ACCT100187,DST300155,2026-01-21 02:18:00,92302,102535,010000,00,0200,0
T1026,M2010,ACCT100187,DST300077,2026-01-21 02:48:00,538463,102697,010000,00,0200,1
T1018,M2007,ACCT100187,DST300179,2026-01-21 03:15:00,130227,103487,010000,00,0200,1
T1026,M2012,ACCT100187,DST300066,2026-01-21 03:19:00,94185,101298,010000,68,0200,0
T1026,M2001,ACCT100187,DST300005,2026-01-21 03:24:00,100592,102705,010000,00,0200,0
T1018,M2017,ACCT100187,DST300037,2026-01-21 03:28:00,62114,102740,010000,00,0200,1
T1018,M2002,ACCT100187,DST300091,2026-01-21 03:45:00,125949,103737,010000,00,0200,0
T1018,M2018,ACCT100187,DST300051,2026-01-21 04:44:00,89043,102855,010000,00,0200,0
T1018,M2011,ACCT100187,DST300134,2026-01-21 05:30:00,69080,104127,400000,00,0200,0
T1018,M2006,ACCT100187,DST300076,2026-01-21 08:10:00,104868,102863,010000,00,0200,0
T1018,M2014,ACCT100187,DST300005,2026-01-21 08:54:00,94258,103133,010000,00,0200,0
T1018,M2005,ACCT100187,DST300089,2026-01-21 10:46:00,104099,103177,400000,00,0200,0
T1017,M2019,ACCT100188,DST300022,2026-01-17 17:18:00,309580,100627,010000,00,0200,0
T1017,M2019,ACCT100188,DST300094,2026-01-17 18:50:00,332949,100765,010000,00,0200,0
T1017,M2013,ACCT100188,DST300042,2026-01-17 19:23:00,290001,100781,010000,00,0200,0
T1017,M2013,ACCT100188,DST300064,2026-01-17 23:09:00,301896,100847,400000,00,0200,0
T1017,M2009,ACCT100188,DST300133,2026-01-17 23:26:00,284940,100910,400000,00,0200,0
T1017,M2015,ACCT100188,DST300138,2026-01-18 02:57:00,338936,101066,400000,00,0200,0
T1017,M2003,ACCT100188,DST300062,2026-01-18 06:34:00,322695,101207,400000,00,0200,0
T1017,M2015,ACCT100188,DST300036,2026-01-18 09:00:00,309659,101335,400000,00,0200,0
T1017,M2014,ACCT100188,DST300085,2026-01-18 09:44:00,335875,101346,010000,00,0200,0
T1017,M2018,ACCT100188,DST300139,2026-01-18 10:59:00,304419,102216,400000,68,0200,0
T1017,M2007,ACCT100188,DST300112,2026-01-18 12:21:00,335896,102302,400000,00,0200,0
T1017,M2013,ACCT100188,DST300174,2026-01-18 13:47:00,297848,102679,400000,00,0200,0
T1017,M2003,ACCT100188,DST300181,2026-01-18 16:23:00,314279,102827,400000,00,0200,0
T1017,M2019,ACCT100188,DST300023,2026-01-18 19:17:00,330525,103515,010000,68,0200,0
T1017,M2014,ACCT100188,DST300173,2026-01-18 23:02:00,316193,103595,400000,00,0200,0
T1017,M2013,ACCT100188,DST300185,2026-01-19 01:14:00,398381,103716,400000,00,0200,0
T1026,M2001,ACCT100188,DST300138,2026-01-19 01:18:00,310366,103883,010000,00,0200,1
T1026,M2006,ACCT100188,DST300188,2026-01-19 02:37:00,333364,103994,400000,00,0200,0
T1026,M2015,ACCT100188,DST300054,2026-01-19 05:38:00,311979,104493,400000,51,0200,0
T1026,M2016,ACCT100188,DST300091,2026-01-19 09:21:00,289728,104938,400000,00,0200,0
T1006,M2005,ACCT100189,DST300169,2026-01-09 01:53:00,337928,100066,010000,00,0200,0
T1006,M2006,ACCT100189,DST300164,2026-01-09 02:05:00,342750,100398,010000,00,0200,0
T1006,M2011,ACCT100189,DST300069,2026-01-09 03:10:00,303674,100764,400000,00,0200,0
T1006,M2010,ACCT100189,DST300163,2026-01-09 06:23:00,338685,101303,010000,00,0200,0
T1006,M2017,ACCT100189,DST300051,2026-01-09 09:15:00,305198,101498,400000,00,0200,0
T1006,M2013,ACCT100189,DST300019,2026-01-09 10:14:00,304022,101902,400000,00,0200,0
T1006,M2013,ACCT100189,DST300051,2026-01-09 10:19:00,325209,102581,400000,00,0200,0
T1006,M2015,ACCT100189,DST300058,2026-01-09 10:20:00,316874,102620,010000,00,0200,0
T1006,M2017,ACCT100189,DST300149,2026-01-09 10:22:00,356878,103129,400000,00,0200,0
T1006,M2004,ACCT100189,DST300100,2026-01-09 12:59:00,327242,103375,010000,00,0200,0
T1006,M2001,ACCT100189,DST300069,2026-01-09 14:24:00,358479,104628,400000,00,0200,0
T1006,M2011,ACCT100189,DST300021,2026-01-09 16:54:00,312926,104671,010000,00,0200,0
T1000,M2016,ACCT100190,DST300014,2026-01-13 13:38:00,145501,100322,010000,00,0200,0
T1000,M2001,ACCT100190,DST300142,2026-01-13 16:16:00,172694,100421,400000,00,0200,0
T1000,M2010,ACCT100190,DST300086,2026-01-13 18:01:00,201150,102269,400000,00,0200,0
T1000,M2011,ACCT100190,DST300199,2026-01-13 21:05:00,191898,102618,010000,00,0200,0
T1000,M2004,ACCT100190,DST300058,2026-01-13 21:47:00,150624,102694,400000,00,0200,0
T1000,M2012,ACCT100190,DST300016,2026-01-13 21:53:00,189882,103045,010000,00,0200,0
T1000,M2005,ACCT100190,DST300069,2026-01-13 22:13:00,169200,103313,400000,00,0200,0
T1000,M2002,ACCT100190,DST300163,2026-01-13 23:26:00,201735,103852,010000,00,0200,0
T1000,M2011,ACCT100190,DST300034,2026-01-14 01:16:00,162532,104221,010000,00,0200,0
T1000,M2018,ACCT100190,DST300007,2026-01-14 04:44:00,231864,104373,400000,00,0200,0
T1000,M2000,ACCT100190,DST300139,2026-01-14 06:26:00,198380,104702,010000,00,0200,0
T1000,M2009,ACCT100190,DST300017,2026-01-14 09:27:00,114899,104837,010000,00,0200,0
T1027,M2018,ACCT100190,DST300111,2026-01-14 09:32:00,169083,104975,010000,00,0200,1
T1028,M2001,ACCT100191,DST300161,2026-01-01 04:40:00,225698,100583,010000,00,0200,0
T1028,M2018,ACCT100191,DST300098,2026-01-01 07:15:00,284928,100936,400000,00,0200,0
T1028,M2016,ACCT100191,DST300060,2026-01-01 10:45:00,245982,101104,010000,00,0200,0
T1028,M2006,ACCT100191,DST300044,2026-01-01 14:35:00,271843,101161,400000,00,0200,0
T1028,M2017,ACCT100191,DST300131,2026-01-01 16:35:00,247104,101258,400000,00,0200,0
T1028,M2016,ACCT100191,DST300098,2026-01-01 16:59:00,248231,101517,400000,00,0200,0
T1028,M2008,ACCT100191,DST300185,2026-01-01 19:27:00,251773,101630,010000,00,0200,0
T1028,M2006,ACCT100191,DST300071,2026-01-01 23:19:00,231823,101708,400000,00,0200,0
T1028,M2016,ACCT100191,DST300139,2026-01-02 01:41:00,205040,102583,400000,68,0200,0
T1028,M2013,ACCT100191,DST300035,2026-01-02 02:02:00,225903,102639,010000,00,0200,0
T1028,M2010,ACCT100191,DST300100,2026-01-02 02:04:00,280217,103231,400000,00,0200,0
T1028,M2019,ACCT100191,DST300151,2026-01-02 05:09:00,234048,103330,400000,00,0200,0
T1028,M2000,ACCT100191,DST300064,2026-01-02 08:27:00,260751,103381,400000,51,0200,0
T1028,M2015,ACCT100191,DST300094,2026-01-02 09:27:00,239213,103697,400000,00,0200,0
T1028,M2014,ACCT100191,DST300084,2026-01-02 09:30:00,275950,103899,010000,00,0200,0
T1028,M2014,ACCT100191,DST300162,2026-01-02 11:10:00,250498,104698,400000,00,0200,0
T1028,M2008,ACCT100191,DST300117,2026-01-02 13:45:00,266836,104816,010000,00,0200,0
T1006,M2006,ACCT100192,DST300072,2026-01-10 01:09:00,247915,100335,010000,00,0200,0
T1006,M2016,ACCT100192,DST300165,2026-01-10 03:19:00,250323,100760,400000,00,0200,0
T1006,M2008,ACCT100192,DST300136,2026-01-10 06:56:00,249790,100800,400000,00,0200,0
T1006,M2009,ACCT100192,DST300182,2026-01-10 07:43:00,281470,100935,010000,00,0200,0
T1006,M2011,ACCT100192,DST300185,2026-01-10 10:40:00,243623,101331,010000,00,0200,0
T1006,M2018,ACCT100192,DST300095,2026-01-10 13:36:00,281980,101460,010000,00,0200,0
T1006,M2019,ACCT100192,DST300030,2026-01-10 16:39:00,266865,101633,010000,00,0200,0
T1006,M2000,ACCT100192,DST300137,2026-01-10 17:00:00,276004,101693,010000,00,0200,0
T1006,M2001,ACCT100192,DST300068,2026-01-10 19:22:00,261357,101981,400000,00,0200,0
T1006,M2015,ACCT100192,DST300182,2026-01-10 22:24:00,292185,102313,010000,00,0200,0
T1006,M2016,ACCT100192,DST300174,2026-01-11 00:11:00,251510,102987,400000,00,0200,0
T1013,M2011,ACCT100192,DST300114,2026-01-11 00:15:00,310680,103292,010000,00,0200,1
T1013,M2014,ACCT100192,DST300170,2026-01-11 03:17:00,292213,103908,400000,00,0200,0
T1013,M2009,ACCT100193,DST300054,2026-01-14 02:58:00,228805,100103,400000,00,0200,0
T1013,M2008,ACCT100193,DST300051,2026-01-14 05:01:00,267001,100147,010000,00,0200,0
T1013,M2006,ACCT100193,DST300114,2026-01-14 06:58:00,275830,100480,400000,00,0200,0
T1013,M2016,ACCT100193,DST300015,2026-01-14 07:56:00,231615,100620,010000,00,0200,0
T1013,M2010,ACCT100193,DST300029,2026-01-14 07:59:00,262448,101479,400000,00,0200,0
T1013,M2015,ACCT100193,DST300006,2026-01-14 08:00:00,283857,101861,010000,00,0200,0
T1013,M2009,ACCT100193,DST300045,2026-01-14 11:43:00,246296,101929,010000,68,0200,0
T1013,M2002,ACCT100193,DST300153,2026-01-14 14:57:00,293783,102377,010000,00,0200,0
T1013,M2002,ACCT100193,DST300194,2026-01-14 17:48:00,244119,102570,400000,00,0200,0
T1013,M2001,ACCT100193,DST300182,2026-01-14 19:24:00,321667,102624,400000,00,0200,0
T1013,M2019,ACCT100193,DST300041,2026-01-14 19:25:00,270291,102828,300000,55,0200,1
T1013,M2010,ACCT100193,DST300043,2026-01-14 19:26:00,260807,102829,300000,55,0200,1
T1013,M2017,ACCT100193,DST300177,2026-01-14 19:27:00,250768,102830,300000,55,0200,1
T1013,M2013,ACCT100193,DST300015,2026-01-14 22:01:00,250700,103009,010000,00,0200,0
T1013,M2014,ACCT100193,DST300117,2026-01-15 01:51:00,282323,103010,010000,00,0200,0
T1013,M2018,ACCT100193,DST300102,2026-01-15 05:24:00,249866,103077,400000,00,0200,0
T1013,M2018,ACCT100193,DST300197,2026-01-15 07:22:00,226829,103099,010000,00,0200,0
T1013,M2019,ACCT100193,DST300021,2026-01-15 08:28:00,269973,103154,010000,68,0200,0
T1013,M2002,ACCT100193,DST300195,2026-01-15 11:15:00,241423,103194,400000,68,0200,0
T1013,M2011,ACCT100193,DST300094,2026-01-15 14:47:00,200706,103430,010000,00,0200,0
T1013,M2012,ACCT100193,DST300171,2026-01-15 14:54:00,263245,104192,010000,00,0200,0
T1013,M2008,ACCT100193,DST300061,2026-01-15 17:13:00,290375,104645,400000,00,0200,0
T1003,M2013,ACCT100194,DST300143,2026-01-12 02:16:00,111155,100428,010000,00,0200,0
T1003,M2010,ACCT100194,DST300163,2026-01-12 03:28:00,127179,100633,010000,00,0200,0
T1003,M2008,ACCT100194,DST300127,2026-01-12 04:27:00,189089,102365,010000,00,0200,1
T1003,M2004,ACCT100194,DST300163,2026-01-12 04:28:00,114291,101261,010000,00,0200,0
T1003,M2002,ACCT100194,DST300073,2026-01-12 04:39:00,183262,103669,010000,00,0200,1
T1003,M2003,ACCT100194,DST300138,2026-01-12 06:08:00,91155,103429,400000,00,0200,0
T1003,M2006,ACCT100194,DST300191,2026-01-12 07:22:00,101618,104656,010000,00,0200,0
T1007,M2003,ACCT100195,DST300183,2026-01-14 02:38:00,298686,104992,010000,00,0200,0
T1007,M2016,ACCT100195,DST300189,2026-01-14 03:21:00,283551,101876,400000,00,0200,0
T1007,M2006,ACCT100195,DST300086,2026-01-14 04:03:00,307229,102028,010000,00,0200,0
T1007,M2000,ACCT100195,DST300145,2026-01-14 04:09:00,538345,101003,010000,00,0200,1
T1007,M2001,ACCT100195,DST300038,2026-01-14 05:58:00,276336,102412,010000,00,0200,0
T1007,M2012,ACCT100195,DST300134,2026-01-14 06:15:00,259165,101145,400000,00,0200,0
T1007,M2010,ACCT100195,DST300129,2026-01-14 07:20:00,310805,103162,010000,00,0200,0
T1007,M2002,ACCT100195,DST300091,2026-01-14 08:07:00,325139,103250,010000,68,0200,0
T1007,M2004,ACCT100195,DST300156,2026-01-14 09:54:00,301560,101263,010000,00,0200,0
T1007,M2012,ACCT100195,DST300172,2026-01-14 10:17:00,298946,100265,010000,00,0200,0
T1007,M2017,ACCT100195,DST300188,2026-01-14 10:19:00,299919,100481,400000,00,0200,0
T1007,M2000,ACCT100195,DST300124,2026-01-14 10:32:00,297913,101345,400000,51,0200,0
T1007,M2014,ACCT100195,DST300060,2026-01-14 11:49:00,316078,103323,010000,00,0200,0
T1007,M2019,ACCT100195,DST999999,2026-01-14 11:51:00,302054,103725,400000,00,0200,1
T1007,M2017,ACCT100195,DST999999,2026-01-14 11:53:00,314672,103726,400000,00,0200,1
T1007,M2016,ACCT100195,DST300091,2026-01-14 12:06:00,278439,100572,400000,00,0200,0
T1007,M2015,ACCT100195,DST300024,2026-01-14 14:55:00,289151,103831,010000,00,0200,0
T1007,M2002,ACCT100195,DST300061,2026-01-14 15:22:00,302696,100609,400000,00,0200,0
T1007,M2018,ACCT100195,DST300053,2026-01-14 18:55:00,295703,103881,400000,00,0200,0
T1007,M2017,ACCT100195,DST300107,2026-01-14 21:40:00,285113,104783,010000,00,0200,0
T1007,M2014,ACCT100195,DST300130,2026-01-14 22:54:00,308339,104958,010000,00,0200,0
T1010,M2018,ACCT100196,DST300030,2026-01-17 02:59:00,145679,101102,400000,00,0200,0
T1010,M2008,ACCT100196,DST300023,2026-01-17 04:04:00,155964,102112,400000,00,0200,0
T1010,M2008,ACCT100196,DST300037,2026-01-17 06:09:00,131586,103087,010000,00,0200,0
T1010,M2008,ACCT100196,DST300007,2026-01-17 07:10:00,101363,103111,400000,00,0200,0
T1010,M2010,ACCT100196,DST300065,2026-01-17 10:33:00,117250,104114,010000,00,0200,0
T1010,M2019,ACCT100196,DST300161,2026-01-17 14:17:00,123292,104523,010000,00,0200,0
T1027,M2015,ACCT100197,DST300197,2026-01-14 01:19:00,267830,100152,010000,00,0200,0
T1027,M2013,ACCT100197,DST300037,2026-01-14 01:19:00,240923,101619,010000,00,0200,0
T1027,M2018,ACCT100197,DST300149,2026-01-14 01:45:00,216543,102017,010000,51,0200,0
T1027,M2013,ACCT100197,DST300188,2026-01-14 02:06:00,239677,100773,400000,00,0200,0
T1027,M2018,ACCT100197,DST300113,2026-01-14 02:34:00,245145,102527,400000,00,0200,0
T1027,M2005,ACCT100197,DST300097,2026-01-14 02:53:00,226437,103868,400000,00,0200,0
T1027,M2001,ACCT100197,DST300111,2026-01-14 03:20:00,216818,102812,400000,00,0200,0
T1027,M2001,ACCT100197,DST300040,2026-01-14 03:42:00,248775,104146,400000,00,0200,0
T1027,M2009,ACCT100197,DST300088,2026-01-14 04:00:00,266621,104461,400000,00,0200,0
T1027,M2001,ACCT100197,DST300082,2026-01-14 05:37:00,269555,100911,400000,00,0200,0
T1027,M2006,ACCT100197,DST300196,2026-01-14 05:44:00,243954,103308,010000,00,0200,0
T1027,M2001,ACCT100197,DST300133,2026-01-14 05:46:00,257033,101211,400000,00,0200,0
T1027,M2015,ACCT100197,DST300190,2026-01-14 05:57:00,213866,104980,400000,00,0200,0
T1027,M2011,ACCT100197,DST300101,2026-01-14 07:18:00,233518,104147,400000,00,0200,0
T1027,M2012,ACCT100197,DST300031,2026-01-14 09:43:00,243255,103338,400000,00,0200,0
T1027,M2006,ACCT100197,DST300152,2026-01-14 10:05:00,262102,104180,400000,00,0200,0
T1027,M2002,ACCT100197,DST300189,2026-01-14 10:33:00,223079,103413,010000,00,0200,0
T1027,M2009,ACCT100197,DST300107,2026-01-14 11:36:00,203278,103424,400000,00,0200,0
T1027,M2005,ACCT100197,DST300064,2026-01-14 12:10:00,248500,104311,010000,00,0200,0
T1027,M2015,ACCT100197,DST300109,2026-01-14 13:00:00,213647,103554,010000,00,0200,0
T1020,M2006,ACCT100198,DST300050,2026-01-13 22:36:00,25588,100509,010000,00,0200,0
T1020,M2011,ACCT100198,DST300093,2026-01-13 23:41:00,22789,101750,010000,00,0200,0
T1020,M2010,ACCT100198,DST300074,2026-01-14 00:35:00,84529,101805,010000,00,0200,0
T1020,M2017,ACCT100198,DST300123,2026-01-14 01:26:00,63504,102938,010000,00,0200,0
T1020,M2019,ACCT100198,DST300146,2026-01-14 03:48:00,43478,103151,010000,00,0200,0
T1020,M2003,ACCT100198,DST300158,2026-01-14 03:55:00,47088,101843,400000,00,0200,0
T1020,M2008,ACCT100198,DST300161,2026-01-14 03:56:00,33885,102340,300000,55,0200,1
T1020,M2004,ACCT100198,DST300034,2026-01-14 03:57:00,24231,102341,300000,55,0200,1
T1020,M2002,ACCT100198,DST300065,2026-01-14 05:50:00,49111,103220,010000,00,0200,0
T1020,M2005,ACCT100198,DST300133,2026-01-14 09:09:00,75846,103520,400000,00,0200,0
T1020,M2010,ACCT100198,DST300128,2026-01-14 12:28:00,57393,103633,400000,00,0200,0
T1020,M2013,ACCT100198,DST300054,2026-01-14 12:56:00,89005,104144,010000,00,0200,0
T1020,M2017,ACCT100198,DST300179,2026-01-14 16:09:00,64764,104557,400000,00,0200,0
T1024,M2017,ACCT100199,DST300181,2026-01-17 00:29:00,174311,100081,400000,00,0200,0
T1024,M2004,ACCT100199,DST300128,2026-01-17 01:24:00,166571,102615,010000,00,0200,0
T1024,M2004,ACCT100199,DST300003,2026-01-17 01:40:00,165531,103583,010000,00,0200,0
T1024,M2000,ACCT100199,DST300186,2026-01-17 01:43:00,192833,103586,400000,00,0200,0
T1024,M2011,ACCT100199,DST300160,2026-01-17 02:13:00,193529,100411,010000,00,0200,0
T1024,M2011,ACCT100199,DST300095,2026-01-17 02:16:00,176302,103634,400000,00,0200,0
T1024,M2001,ACCT100199,DST999999,2026-01-17 02:18:00,190739,104693,400000,00,0200,1
T1024,M2005,ACCT100199,DST999999,2026-01-17 02:20:00,177053,104694,400000,00,0200,1
T1024,M2018,ACCT100199,DST300132,2026-01-17 02:28:00,193781,100962,400000,00,0200,0
T1024,M2001,ACCT100199,DST999999,2026-01-17 02:30:00,192846,101426,400000,00,0200,1
T1024,M2006,ACCT100199,DST999999,2026-01-17 02:32:00,164263,101427,400000,00,0200,1
T1024,M2010,ACCT100199,DST300177,2026-01-17 04:08:00,169628,101448,010000,00,0200,0
T1024,M2019,ACCT100199,DST300113,2026-01-17 04:40:00,176666,102312,400000,00,0200,0
T1024,M2003,ACCT100199,DST300197,2026-01-17 04:56:00,173631,102519,400000,00,0200,0
T1024,M2013,ACCT100199,DST300184,2026-01-17 07:45:00,143407,102502,400000,00,0200,0
T1005,M2016,ACCT100200,DST300171,2026-01-06 11:58:00,330686,100340,010000,00,0200,0
T1005,M2009,ACCT100200,DST300023,2026-01-06 12:00:00,382153,100400,400000,00,0200,0
T1005,M2002,ACCT100200,DST300169,2026-01-06 15:22:00,349457,101010,010000,00,0200,0
T1005,M2014,ACCT100200,DST300113,2026-01-06 15:37:00,355687,101234,400000,51,0200,0
T1005,M2013,ACCT100200,DST300126,2026-01-06 18:34:00,318537,101482,010000,00,0200,0
T1005,M2018,ACCT100200,DST300132,2026-01-06 21:17:00,382852,102006,400000,00,0200,0
T1005,M2009,ACCT100200,DST300044,2026-01-06 23:40:00,365993,102296,400000,00,0200,0
T1005,M2014,ACCT100200,DST300080,2026-01-07 01:21:00,362868,103055,010000,00,0200,0
T1005,M2005,ACCT100200,DST300061,2026-01-07 03:57:00,367954,103218,400000,00,0200,0
T1005,M2005,ACCT100200,DST300160,2026-01-07 06:34:00,333834,103324,400000,68,0200,0
T1005,M2007,ACCT100200,DST300003,2026-01-07 07:53:00,329281,103526,010000,00,0200,0
T1007,M2011,ACCT100200,DST300044,2026-01-07 07:58:00,343055,103728,010000,00,0200,1
T1007,M2008,ACCT100200,DST300029,2026-01-07 08:11:00,342267,103949,400000,00,0200,0
T1007,M2002,ACCT100200,DST300007,2026-01-07 09:15:00,339944,104072,010000,51,0200,0
T1007,M2005,ACCT100200,DST300176,2026-01-07 11:40:00,337793,104109,010000,68,0200,0
T1007,M2004,ACCT100200,DST300016,2026-01-07 14:04:00,338804,104154,400000,00,0200,0
T1007,M2008,ACCT100200,DST300107,2026-01-07 16:44:00,323907,104376,010000,00,0200,0
T1007,M2013,ACCT100200,DST300129,2026-01-07 20:19:00,354156,104790,400000,00,0200,0
T1003,M2002,ACCT100201,DST300031,2026-01-18 01:32:00,70864,100297,400000,00,0200,0
T1003,M2011,ACCT100201,DST300042,2026-01-18 02:02:00,67289,100906,400000,68,0200,0
T1003,M2007,ACCT100201,DST300055,2026-01-18 02:38:00,45778,103296,010000,00,0200,0
T1003,M2011,ACCT100201,DST300165,2026-01-18 04:07:00,56041,103686,010000,00,0200,0
T1003,M2008,ACCT100201,DST300195,2026-01-18 05:49:00,72198,100927,010000,00,0200,0
T1003,M2003,ACCT100201,DST300175,2026-01-18 06:43:00,117935,104242,010000,00,0200,0
T1003,M2013,ACCT100201,DST300072,2026-01-18 07:02:00,48217,101067,010000,00,0200,0
T1003,M2011,ACCT100201,DST300010,2026-01-18 07:42:00,55335,104394,400000,00,0200,0
T1003,M2015,ACCT100201,DST300105,2026-01-18 10:04:00,83052,104445,010000,00,0200,0
T1003,M2009,ACCT100201,DST300021,2026-01-18 12:24:00,76662,104607,010000,00,0200,0
T1028,M2018,ACCT100202,DST300039,2026-01-20 02:09:00,46343,101201,400000,00,0200,0
T1028,M2009,ACCT100202,DST300173,2026-01-20 02:30:00,50945,102370,400000,68,0200,0
T1028,M2001,ACCT100202,DST300154,2026-01-20 03:52:00,29149,101838,400000,00,0200,0
T1028,M2016,ACCT100202,DST300020,2026-01-20 03:57:00,58333,102480,010000,00,0200,0
T1028,M2001,ACCT100202,DST300129,2026-01-20 03:58:00,79071,103327,010000,00,0200,0
T1028,M2015,ACCT100202,DST300038,2026-01-20 04:52:00,37007,100514,010000,00,0200,0
T1028,M2017,ACCT100202,DST300194,2026-01-20 04:55:00,67087,100593,400000,00,0200,0
T1028,M2006,ACCT100202,DST300176,2026-01-20 05:38:00,66244,101380,010000,00,0200,0
T1028,M2007,ACCT100202,DST300197,2026-01-20 05:44:00,70832,103426,400000,00,0200,0
T1028,M2009,ACCT100202,DST300000,2026-01-20 06:07:00,52599,103888,400000,00,0200,0
T1028,M2006,ACCT100202,DST300000,2026-01-20 07:22:00,80975,100729,010000,00,0200,0
T1028,M2008,ACCT100202,DST300120,2026-01-20 07:43:00,84899,101628,010000,00,0200,0
T1028,M2000,ACCT100202,DST300161,2026-01-20 07:50:00,82396,103912,010000,00,0200,0
T1028,M2013,ACCT100202,DST300022,2026-01-20 08:20:00,33434,101739,400000,00,0200,0
T1028,M2019,ACCT100202,DST300048,2026-01-20 09:57:00,65756,104274,010000,00,0200,0
T1028,M2002,ACCT100202,DST300091,2026-01-20 11:18:00,20000,100914,010000,00,0200,0
T1028,M2013,ACCT100202,DST300028,2026-01-20 11:41:00,77678,104355,010000,00,0200,0
T1028,M2014,ACCT100202,DST300085,2026-01-20 12:10:00,68632,101775,400000,00,0200,0
T1028,M2005,ACCT100202,DST300140,2026-01-20 12:20:00,67927,101176,010000,00,0200,0
T1028,M2003,ACCT100202,DST300116,2026-01-20 14:12:00,44449,100319,400000,00,0200,0
T1028,M2000,ACCT100202,DST300081,2026-01-20 14:27:00,20000,104653,400000,00,0200,0
T1028,M2016,ACCT100202,DST300028,2026-01-20 15:22:00,64305,104710,400000,00,0200,0
T1028,M2005,ACCT100202,DST300025,2026-01-20 16:53:00,56033,104730,010000,00,0200,0
T1028,M2010,ACCT100202,DST300177,2026-01-20 17:48:00,52227,104755,400000,00,0200,0
T1028,M2019,ACCT100202,DST300063,2026-01-20 20:15:00,37600,104926,010000,00,0200,0
T1009,M2015,ACCT100203,DST300101,2026-01-14 16:27:00,121041,100220,400000,00,0200,0
T1009,M2014,ACCT100203,DST300175,2026-01-14 17:11:00,106472,101157,010000,00,0200,0
T1009,M2008,ACCT100203,DST300154,2026-01-14 20:01:00,133982,101461,400000,00,0200,0
T1009,M2000,ACCT100203,DST300091,2026-01-14 22:09:00,102292,101732,010000,00,0200,0
T1009,M2019,ACCT100203,DST300042,2026-01-14 23:22:00,142178,102446,010000,00,0200,0
T1009,M2012,ACCT100203,DST300000,2026-01-15 02:35:00,145020,102554,400000,68,0200,0
T1009,M2011,ACCT100203,DST300093,2026-01-15 04:05:00,76497,104307,400000,00,0200,0
T1009,M2001,ACCT100203,DST300156,2026-01-15 04:45:00,139556,104419,010000,00,0200,0
T1009,M2011,ACCT100203,DST300137,2026-01-15 06:01:00,129527,102842,400000,00,0200,0
T1009,M2008,ACCT100203,DST300065,2026-01-15 07:02:00,129551,104764,400000,00,0200,0
T1023,M2010,ACCT100204,DST300094,2026-01-04 02:40:00,328259,100625,400000,00,0200,0
T1023,M2005,ACCT100204,DST300019,2026-01-04 05:01:00,298774,100652,400000,00,0200,0
T1023,M2008,ACCT100204,DST300127,2026-01-04 08:44:00,299463,101210,010000,00,0200,0
T1023,M2007,ACCT100204,DST300066,2026-01-04 11:49:00,306683,100564,400000,00,0200,0
T1023,M2019,ACCT100204,DST300155,2026-01-04 12:29:00,306653,101833,400000,00,0200,0
T1023,M2010,ACCT100204,DST300026,2026-01-04 14:41:00,295811,101970,010000,00,0200,0
T1023,M2018,ACCT100204,DST300090,2026-01-04 15:06:00,337206,101975,400000,00,0200,0
T1023,M2015,ACCT100204,DST300113,2026-01-04 15:16:00,265093,101990,010000,00,0200,0
T1023,M2018,ACCT100204,DST300093,2026-01-04 17:36:00,267306,102015,010000,00,0200,0
T1023,M2009,ACCT100204,DST300079,2026-01-04 17:41:00,1493877,102190,010000,00,0200,1
T1023,M2008,ACCT100204,DST300078,2026-01-04 21:03:00,277415,102752,400000,00,0200,0
T1023,M2007,ACCT100204,DST300100,2026-01-04 21:12:00,283327,102894,400000,00,0200,0
T1023,M2010,ACCT100204,DST300040,2026-01-04 23:14:00,300896,103058,010000,68,0200,0
T1023,M2010,ACCT100204,DST300027,2026-01-05 02:14:00,286065,103059,400000,00,0200,0
T1023,M2019,ACCT100204,DST300090,2026-01-05 02:15:00,320134,103186,400000,00,0200,0
T1023,M2011,ACCT100204,DST300199,2026-01-05 02:17:00,315530,103683,010000,00,0200,0
T1023,M2003,ACCT100204,DST300081,2026-01-05 02:51:00,315554,103828,010000,00,0200,0
T1023,M2007,ACCT100204,DST300089,2026-01-05 05:37:00,311861,104454,400000,00,0200,0
T1023,M2017,ACCT100204,DST300148,2026-01-05 08:20:00,314814,104650,400000,00,0200,0
T1006,M2015,ACCT100205,DST300189,2026-01-13 13:46:00,237658,100366,010000,51,0200,0
T1006,M2018,ACCT100205,DST300050,2026-01-13 15:05:00,227716,100505,010000,00,0200,0
T1006,M2007,ACCT100205,DST300060,2026-01-13 16:00:00,229408,100730,400000,00,0200,0
T1006,M2011,ACCT100205,DST300044,2026-01-13 19:42:00,246513,100916,010000,00,0200,0
T1006,M2004,ACCT100205,DST300079,2026-01-13 21:22:00,193823,101001,010000,00,0200,0
T1006,M2007,ACCT100205,DST300050,2026-01-13 21:50:00,201582,101219,010000,00,0200,0
T1006,M2017,ACCT100205,DST300134,2026-01-13 23:45:00,219661,101484,400000,00,0200,0
T1006,M2003,ACCT100205,DST300069,2026-01-14 01:08:00,220700,101767,400000,00,0200,0
T1006,M2018,ACCT100205,DST300164,2026-01-14 04:41:00,226813,101881,400000,00,0200,0
T1006,M2019,ACCT100205,DST300142,2026-01-14 04:42:00,203997,102150,010000,00,0200,0
T1006,M2002,ACCT100205,DST300182,2026-01-14 06:40:00,214807,102317,400000,00,0200,0
T1006,M2011,ACCT100205,DST300161,2026-01-14 08:24:00,226995,102461,400000,00,0200,0
T1006,M2014,ACCT100205,DST300108,2026-01-14 11:58:00,212301,102766,400000,00,0200,0
T1028,M2017,ACCT100206,DST300028,2026-01-07 02:35:00,250257,100218,010000,00,0200,0
T1028,M2001,ACCT100206,DST300031,2026-01-07 02:59:00,253153,101187,400000,51,0200,0
T1028,M2001,ACCT100206,DST300095,2026-01-07 06:36:00,293033,101468,400000,00,0200,0
T1028,M2019,ACCT100206,DST300101,2026-01-07 07:23:00,269151,101893,400000,00,0200,0
T1028,M2009,ACCT100206,DST300003,2026-01-07 09:02:00,289923,101983,010000,00,0200,0
T1028,M2003,ACCT100206,DST300129,2026-01-07 11:59:00,261120,102526,400000,00,0200,0
T1027,M2003,ACCT100207,DST300189,2026-01-18 13:59:00,292482,100007,010000,00,0200,0
T1027,M2007,ACCT100207,DST300140,2026-01-18 16:42:00,280266,100210,400000,00,0200,0
T1027,M2016,ACCT100207,DST300043,2026-01-18 19:17:00,296164,100770,010000,00,0200,0
T1027,M2016,ACCT100207,DST300159,2026-01-18 20:09:00,256834,101006,010000,00,0200,0
T1027,M2014,ACCT100207,DST300110,2026-01-18 21:01:00,287194,101086,400000,00,0200,0
T1027,M2013,ACCT100207,DST999999,2026-01-18 21:03:00,318294,101316,400000,00,0200,1
T1027,M2010,ACCT100207,DST999999,2026-01-18 21:05:00,262956,101317,400000,00,0200,1
T1027,M2014,ACCT100207,DST300119,2026-01-18 22:29:00,309885,101717,400000,00,0200,0
T1027,M2007,ACCT100207,DST300168,2026-01-19 00:15:00,286689,101798,010000,00,0200,0
T1003,M2001,ACCT100207,DST300160,2026-01-19 01:14:00,411189,103321,010000,00,0200,1
T1003,M2011,ACCT100207,DST300143,2026-01-19 01:40:00,285069,103463,010000,00,0200,0
T1027,M2007,ACCT100207,DST300156,2026-01-19 01:45:00,278967,102700,010000,00,0200,0
T1003,M2016,ACCT100207,DST300140,2026-01-19 02:43:00,317074,103690,010000,00,0200,0
T1027,M2003,ACCT100207,DST300019,2026-01-19 03:11:00,236026,102921,400000,00,0200,0
T1027,M2003,ACCT100207,DST300034,2026-01-19 05:46:00,257129,102984,400000,00,0200,0
T1027,M2017,ACCT100207,DST300105,2026-01-19 09:21:00,263503,103036,400000,00,0200,0
T1027,M2011,ACCT100207,DST300182,2026-01-19 10:48:00,304215,103288,010000,00,0200,0
T1003,M2009,ACCT100207,DST300069,2026-01-19 10:51:00,291497,103320,010000,00,0200,1
T1011,M2004,ACCT100208,DST300187,2026-01-19 20:23:00,269389,100064,400000,00,0200,0
T1011,M2000,ACCT100208,DST300010,2026-01-20 00:22:00,234786,100151,010000,00,0200,0
T1011,M2002,ACCT100208,DST300143,2026-01-20 01:13:00,278242,101060,400000,00,0200,0
T1011,M2013,ACCT100208,DST300060,2026-01-20 02:50:00,262394,101134,010000,00,0200,0
T1011,M2005,ACCT100208,DST300108,2026-01-20 02:53:00,242820,100272,400000,68,0200,0
T1011,M2012,ACCT100208,DST300137,2026-01-20 03:13:00,395508,102677,010000,00,0200,1
T1011,M2002,ACCT100208,DST300035,2026-01-20 03:18:00,258193,103035,400000,00,0200,0
T1011,M2011,ACCT100208,DST300042,2026-01-20 04:17:00,256430,102040,400000,00,0200,0
T1011,M2008,ACCT100208,DST300059,2026-01-20 04:36:00,509638,104517,010000,00,0200,1
T1011,M2017,ACCT100208,DST300084,2026-01-20 04:56:00,205680,100937,010000,00,0200,0
T1011,M2011,ACCT100208,DST300119,2026-01-20 05:29:00,199720,101021,400000,00,0200,0
T1011,M2000,ACCT100208,DST300078,2026-01-20 06:47:00,256503,103246,010000,00,0200,0
T1011,M2015,ACCT100208,DST300040,2026-01-20 08:30:00,258262,104592,010000,00,0200,0
T1011,M2000,ACCT100208,DST300089,2026-01-20 10:38:00,252947,103889,010000,00,0200,0
T1011,M2001,ACCT100208,DST300178,2026-01-20 11:23:00,256207,103954,400000,00,0200,0
T1011,M2013,ACCT100208,DST300102,2026-01-20 12:25:00,260572,104733,400000,00,0200,0
T1011,M2007,ACCT100208,DST300124,2026-01-20 12:51:00,259985,104751,010000,00,0200,0
T1011,M2002,ACCT100208,DST300161,2026-01-20 13:24:00,242041,104175,010000,00,0200,0
T1011,M2010,ACCT100208,DST300172,2026-01-20 15:40:00,285234,104902,400000,00,0200,0
T1014,M2010,ACCT100209,DST300095,2026-01-05 07:11:00,345892,100424,400000,00,0200,0
T1014,M2018,ACCT100209,DST300110,2026-01-05 07:37:00,360886,100836,010000,00,0200,0
T1014,M2013,ACCT100209,DST300190,2026-01-05 11:08:00,328558,101386,010000,00,0200,0
T1014,M2007,ACCT100209,DST300069,2026-01-05 11:46:00,309715,101393,010000,00,0200,0
T1014,M2002,ACCT100209,DST300085,2026-01-05 11:49:00,354250,101657,010000,00,0200,0
T1014,M2008,ACCT100209,DST300064,2026-01-05 13:20:00,341769,101892,010000,00,0200,0
T1014,M2003,ACCT100209,DST300016,2026-01-05 14:23:00,304380,101944,400000,00,0200,0
T1014,M2000,ACCT100209,DST300032,2026-01-05 18:18:00,328546,101948,400000,00,0200,0
T1014,M2017,ACCT100209,DST300143,2026-01-05 18:20:00,337337,102233,010000,00,0200,0
T1014,M2009,ACCT100209,DST300053,2026-01-05 22:17:00,302916,102339,010000,00,0200,0
T1014,M2012,ACCT100209,DST300110,2026-01-05 23:07:00,343835,102607,400000,00,0200,0
T1014,M2006,ACCT100209,DST300185,2026-01-06 00:35:00,335785,103273,400000,00,0200,0
T1014,M2009,ACCT100209,DST300017,2026-01-06 02:10:00,302928,104990,400000,00,0200,0
T1012,M2003,ACCT100210,DST300068,2026-01-10 00:13:00,365088,100966,400000,00,0200,0
T1012,M2008,ACCT100210,DST300012,2026-01-10 01:41:00,352908,101138,010000,68,0200,0
T1012,M2000,ACCT100210,DST300029,2026-01-10 01:54:00,387680,104960,400000,00,0200,0
T1012,M2003,ACCT100210,DST300085,2026-01-10 03:52:00,322973,101290,400000,00,0200,0
T1012,M2015,ACCT100210,DST300038,2026-01-10 04:03:00,672058,102833,010000,00,0200,1
T1012,M2006,ACCT100210,DST300159,2026-01-10 06:20:00,366205,102022,400000,00,0200,0
T1012,M2014,ACCT100210,DST300012,2026-01-10 07:32:00,321888,103063,400000,00,0200,0
T1012,M2012,ACCT100210,DST300169,2026-01-10 07:35:00,359806,103175,010000,00,0200,0
T1012,M2017,ACCT100210,DST300190,2026-01-10 09:50:00,312085,103545,400000,00,0200,0
T1012,M2007,ACCT100210,DST300104,2026-01-10 12:43:00,318910,103759,400000,00,0200,0
T1012,M2010,ACCT100210,DST300184,2026-01-10 15:25:00,354375,104173,400000,00,0200,0
T1012,M2010,ACCT100210,DST300135,2026-01-10 16:36:00,350963,104741,010000,51,0200,0
T1012,M2002,ACCT100210,DST300174,2026-01-10 19:48:00,353181,104788,010000,00,0200,0
T1012,M2003,ACCT100210,DST300071,2026-01-10 22:33:00,335330,104801,010000,00,0200,0
T1014,M2002,ACCT100211,DST300167,2026-01-09 02:05:00,369348,100450,010000,00,0200,1
T1014,M2016,ACCT100211,DST300140,2026-01-09 05:48:00,220349,100606,400000,00,0200,0
T1014,M2001,ACCT100211,DST300040,2026-01-09 08:24:00,246663,100644,400000,00,0200,0
T1014,M2009,ACCT100211,DST300160,2026-01-09 09:26:00,229683,101859,010000,00,0200,0
T1014,M2012,ACCT100211,DST300113,2026-01-09 09:36:00,1148441,101901,010000,00,0200,1
T1014,M2009,ACCT100211,DST300196,2026-01-09 11:35:00,247602,101967,400000,00,0200,0
T1014,M2003,ACCT100211,DST300088,2026-01-09 11:38:00,221022,102301,010000,00,0200,0
T1014,M2007,ACCT100211,DST300047,2026-01-09 11:41:00,245064,102331,010000,00,0200,0
T1014,M2016,ACCT100211,DST300109,2026-01-09 12:45:00,176224,102904,010000,00,0200,0
T1014,M2011,ACCT100211,DST300060,2026-01-09 15:22:00,195723,103229,010000,00,0200,0
T1014,M2015,ACCT100211,DST300040,2026-01-09 17:45:00,239672,103334,010000,00,0200,0
T1014,M2005,ACCT100211,DST300152,2026-01-09 20:12:00,232465,103644,400000,00,0200,0
T1014,M2015,ACCT100211,DST300128,2026-01-09 21:37:00,226008,104214,010000,00,0200,0
T1000,M2002,ACCT100212,DST300000,2026-01-08 22:32:00,261802,100462,010000,00,0200,0
T1000,M2003,ACCT100212,DST300165,2026-01-08 22:52:00,280269,100546,400000,00,0200,0
T1000,M2002,ACCT100212,DST300034,2026-01-09 01:27:00,256294,101808,400000,00,0200,0
T1000,M2019,ACCT100212,DST300065,2026-01-09 01:52:00,275700,102114,400000,00,0200,0
T1000,M2012,ACCT100212,DST300198,2026-01-09 04:35:00,267521,102781,400000,00,0200,0
T1000,M2001,ACCT100212,DST300107,2026-01-09 04:46:00,284795,102207,400000,00,0200,0
T1000,M2016,ACCT100212,DST300090,2026-01-09 08:01:00,303155,102821,010000,00,0200,0
T1000,M2010,ACCT100212,DST300029,2026-01-09 08:31:00,283247,102357,010000,00,0200,0
T1000,M2018,ACCT100212,DST300061,2026-01-09 10:32:00,234265,103543,010000,00,0200,0
T1000,M2004,ACCT100212,DST300162,2026-01-09 11:43:00,285404,102627,010000,00,0200,0
T1000,M2016,ACCT100212,DST300121,2026-01-09 13:08:00,284173,103548,010000,00,0200,0
T1000,M2011,ACCT100212,DST300119,2026-01-09 16:07:00,279611,103703,010000,00,0200,0
T1000,M2009,ACCT100212,DST300086,2026-01-09 17:04:00,262182,103851,010000,00,0200,0
T1000,M2012,ACCT100212,DST300030,2026-01-09 17:59:00,275003,103874,400000,00,0200,0
T1000,M2005,ACCT100212,DST300107,2026-01-09 20:23:00,277684,103915,010000,00,0200,0
T1019,M2010,ACCT100213,DST300170,2026-01-19 16:53:00,266476,100229,010000,00,0200,0
T1019,M2009,ACCT100213,DST300182,2026-01-19 17:31:00,235291,100582,400000,00,0200,0
T1019,M2005,ACCT100213,DST300092,2026-01-19 21:02:00,264391,100721,010000,00,0200,0
T1019,M2015,ACCT100213,DST300134,2026-01-19 21:44:00,276925,100845,400000,00,0200,0
T1019,M2007,ACCT100213,DST300125,2026-01-20 01:28:00,268182,101118,400000,00,0200,0
T1019,M2016,ACCT100213,DST300196,2026-01-20 02:31:00,243480,101635,010000,00,0200,0
T1019,M2019,ACCT100213,DST300156,2026-01-20 05:23:00,218093,101800,400000,00,0200,0
T1019,M2004,ACCT100213,DST300159,2026-01-20 05:26:00,312613,102209,010000,00,0200,0
T1019,M2016,ACCT100213,DST300133,2026-01-20 08:10:00,272839,102349,010000,00,0200,0
T1019,M2010,ACCT100213,DST300150,2026-01-20 11:44:00,234161,102826,010000,00,0200,0
T1019,M2012,ACCT100213,DST300090,2026-01-20 12:43:00,260520,103797,400000,00,0200,0
T1019,M2005,ACCT100213,DST300068,2026-01-20 14:15:00,258268,103942,400000,00,0200,0
T1019,M2017,ACCT100213,DST300097,2026-01-20 15:31:00,286388,104265,400000,00,0200,0
T1019,M2003,ACCT100213,DST300059,2026-01-20 15:33:00,239810,104496,010000,00,0200,0
T1019,M2011,ACCT100213,DST300103,2026-01-20 17:52:00,215790,104601,010000,00,0200,0
T1007,M2019,ACCT100214,DST300130,2026-01-16 11:03:00,318911,100223,400000,00,0200,0
T1007,M2006,ACCT100214,DST300068,2026-01-16 13:12:00,379100,101348,010000,00,0200,0
T1007,M2008,ACCT100214,DST300167,2026-01-16 13:53:00,354713,101643,400000,00,0200,0
T1007,M2003,ACCT100214,DST300095,2026-01-16 13:55:00,344948,102007,010000,00,0200,0
T1007,M2011,ACCT100214,DST300066,2026-01-16 17:16:00,328945,102065,010000,00,0200,0
T1007,M2016,ACCT100214,DST300137,2026-01-16 19:00:00,336377,102082,400000,00,0200,0
T1007,M2000,ACCT100214,DST300176,2026-01-16 19:09:00,341746,102445,010000,00,0200,0
T1007,M2001,ACCT100214,DST300196,2026-01-16 19:16:00,305791,102837,010000,51,0200,0
T1007,M2010,ACCT100214,DST300142,2026-01-16 19:33:00,365240,102864,010000,00,0200,0
T1007,M2019,ACCT100214,DST300184,2026-01-16 22:37:00,331828,103123,400000,00,0200,0
T1007,M2011,ACCT100214,DST300045,2026-01-16 23:27:00,364996,103449,010000,00,0200,0
T1007,M2006,ACCT100214,DST300092,2026-01-17 02:15:00,309984,103671,400000,00,0200,0
T1007,M2003,ACCT100214,DST300173,2026-01-17 02:37:00,329454,103714,010000,00,0200,0
T1007,M2012,ACCT100214,DST300123,2026-01-17 02:39:00,331913,104289,010000,00,0200,0
T1007,M2005,ACCT100214,DST300127,2026-01-17 05:28:00,353431,104609,400000,00,0200,0
T1007,M2003,ACCT100214,DST300025,2026-01-17 07:08:00,341434,104615,010000,00,0200,0
T1016,M2010,ACCT100215,DST300125,2026-01-14 23:51:00,162054,101025,400000,68,0200,0
T1016,M2005,ACCT100215,DST300094,2026-01-15 01:25:00,169190,103885,010000,00,0200,0
T1016,M2002,ACCT100215,DST300014,2026-01-15 01:28:00,162465,104542,400000,00,0200,0
T1016,M2004,ACCT100215,DST300174,2026-01-15 02:18:00,206520,101098,400000,00,0200,0
T1016,M2006,ACCT100215,DST300013,2026-01-15 05:14:00,168178,104682,010000,00,0200,0
T1016,M2005,ACCT100215,DST300195,2026-01-15 05:22:00,195368,102350,400000,68,0200,0
T1016,M2018,ACCT100215,DST300162,2026-01-15 06:04:00,196163,102522,400000,00,0200,0
T1016,M2017,ACCT100215,DST300162,2026-01-15 09:08:00,176661,102753,010000,00,0200,0
T1016,M2011,ACCT100215,DST300092,2026-01-15 11:33:00,171997,103078,400000,00,0200,0
T1024,M2012,ACCT100216,DST300177,2026-01-19 01:25:00,227572,101963,010000,00,0200,0
T1024,M2010,ACCT100216,DST300119,2026-01-19 02:23:00,200793,101907,010000,00,0200,0
T1024,M2009,ACCT100216,DST300040,2026-01-19 02:31:00,218187,102008,400000,00,0200,0
T1024,M2000,ACCT100216,DST300165,2026-01-19 04:17:00,189748,100348,010000,00,0200,0
T1024,M2016,ACCT100216,DST300190,2026-01-19 05:13:00,211574,102069,400000,68,0200,0
T1024,M2011,ACCT100216,DST300095,2026-01-19 05:43:00,269922,102115,400000,00,0200,0
T1024,M2013,ACCT100216,DST300115,2026-01-19 07:11:00,191468,100646,010000,00,0200,0
T1024,M2013,ACCT100216,DST300134,2026-01-19 07:56:00,213020,102819,010000,00,0200,0
T1024,M2019,ACCT100216,DST300027,2026-01-19 10:21:00,201237,100669,010000,68,0200,0
T1024,M2006,ACCT100216,DST300102,2026-01-19 11:41:00,178597,103635,400000,00,0200,0
T1024,M2009,ACCT100216,DST300087,2026-01-19 13:30:00,203081,103712,400000,00,0200,0
T1024,M2007,ACCT100216,DST300008,2026-01-19 14:12:00,180653,101185,010000,00,0200,0
T1024,M2001,ACCT100216,DST300010,2026-01-19 14:29:00,246189,103847,010000,00,0200,0
T1024,M2017,ACCT100216,DST300165,2026-01-19 14:30:00,167064,101308,400000,00,0200,0
T1024,M2018,ACCT100216,DST300115,2026-01-19 15:29:00,181930,104101,010000,00,0200,0
T1024,M2012,ACCT100216,DST300032,2026-01-19 16:15:00,244812,101401,400000,00,0200,0
T1024,M2003,ACCT100216,DST300198,2026-01-19 16:40:00,217584,104427,010000,00,0200,0
T1024,M2004,ACCT100216,DST300025,2026-01-19 17:38:00,206868,104484,010000,00,0200,0
T1024,M2001,ACCT100216,DST300197,2026-01-19 21:34:00,224583,104806,400000,00,0200,0
T1005,M2011,ACCT100217,DST300177,2026-01-16 10:42:00,207999,100057,400000,00,0200,0
T1005,M2015,ACCT100217,DST300073,2026-01-16 14:34:00,219417,100591,010000,51,0200,0
T1005,M2005,ACCT100217,DST300076,2026-01-16 16:40:00,202230,100838,010000,00,0200,0
T1005,M2006,ACCT100217,DST300019,2026-01-16 17:54:00,203471,100897,010000,00,0200,0
T1005,M2011,ACCT100217,DST300178,2026-01-16 20:49:00,189620,100953,010000,00,0200,0
T1005,M2009,ACCT100217,DST300114,2026-01-16 23:14:00,233762,100954,400000,51,0200,0
T1005,M2008,ACCT100217,DST300026,2026-01-17 00:23:00,221725,101249,010000,00,0200,0
T1005,M2001,ACCT100217,DST300056,2026-01-17 01:52:00,233754,101686,400000,00,0200,0
T1005,M2005,ACCT100217,DST300096,2026-01-17 02:02:00,976822,102252,010000,00,0200,1
T1005,M2002,ACCT100217,DST300165,2026-01-17 02:09:00,207748,101399,010000,00,0200,0
T1005,M2004,ACCT100217,DST300104,2026-01-17 03:15:00,233199,101526,010000,00,0200,0
T1005,M2010,ACCT100217,DST300082,2026-01-17 04:42:00,198229,103185,010000,00,0200,0
T1005,M2003,ACCT100217,DST300107,2026-01-17 06:45:00,232527,103779,400000,00,0200,0
T1005,M2002,ACCT100217,DST300082,2026-01-17 08:25:00,200891,103898,400000,00,0200,0
T1005,M2007,ACCT100217,DST300114,2026-01-17 08:46:00,227403,104140,010000,00,0200,0
T1005,M2001,ACCT100217,DST300114,2026-01-17 09:52:00,200694,104348,010000,00,0200,0
T1005,M2011,ACCT100217,DST300074,2026-01-17 10:45:00,185745,104352,010000,00,0200,0
T1005,M2017,ACCT100217,DST300076,2026-01-17 14:05:00,191728,104740,400000,00,0200,0
T1005,M2009,ACCT100217,DST300171,2026-01-17 14:27:00,215634,104911,010000,00,0200,0
T1013,M2016,ACCT100218,DST300042,2026-01-02 01:55:00,104505,100454,400000,00,0200,0
T1013,M2002,ACCT100218,DST300045,2026-01-02 03:16:00,146391,100723,010000,00,0200,0
T1013,M2017,ACCT100218,DST300059,2026-01-02 03:17:00,90138,100932,010000,00,0200,0
T1013,M2018,ACCT100218,DST300166,2026-01-02 04:04:00,127176,101378,400000,00,0200,0
T1013,M2005,ACCT100218,DST300050,2026-01-02 04:45:00,83073,101452,400000,00,0200,0
T1013,M2005,ACCT100218,DST300028,2026-01-02 05:41:00,94710,101583,010000,68,0200,0
T1013,M2008,ACCT100218,DST300187,2026-01-02 08:28:00,117801,101804,400000,00,0200,0
T1013,M2009,ACCT100218,DST300195,2026-01-02 08:57:00,107009,102153,400000,00,0200,0
T1013,M2018,ACCT100218,DST300125,2026-01-02 10:05:00,90354,102250,400000,00,0200,0
T1013,M2005,ACCT100218,DST300012,2026-01-02 12:20:00,103348,102430,400000,00,0200,0
T1013,M2002,ACCT100218,DST300028,2026-01-02 13:04:00,134493,102941,400000,00,0200,0
T1013,M2011,ACCT100218,DST300072,2026-01-02 14:53:00,61955,103601,010000,00,0200,0
T1013,M2008,ACCT100218,DST300149,2026-01-02 15:56:00,119847,104073,010000,00,0200,0
T1013,M2009,ACCT100218,DST300199,2026-01-02 17:21:00,94573,104329,400000,00,0200,0
T1013,M2011,ACCT100218,DST300140,2026-01-02 19:28:00,89125,104722,010000,00,0200,0
T1013,M2008,ACCT100218,DST300092,2026-01-02 22:55:00,100371,104998,400000,00,0200,0
T1004,M2012,ACCT100219,DST300160,2026-01-06 21:37:00,111026,100681,300000,55,0200,1
T1004,M2014,ACCT100219,DST300063,2026-01-06 21:38:00,89272,100682,300000,55,0200,1
T1004,M2005,ACCT100219,DST300107,2026-01-06 21:39:00,70924,100683,300000,55,0200,1
T1004,M2001,ACCT100219,DST300052,2026-01-06 22:49:00,63054,101057,400000,00,0200,0
T1027,M2008,ACCT100219,DST300149,2026-01-06 22:51:00,123666,101614,010000,00,0200,1
T1027,M2010,ACCT100219,DST300063,2026-01-06 23:28:00,148237,102649,010000,00,0200,0
T1027,M2004,ACCT100219,DST300152,2026-01-07 01:58:00,105436,103093,400000,00,0200,0
T1027,M2009,ACCT100219,DST300126,2026-01-07 05:02:00,124427,103626,010000,00,0200,0
T1027,M2004,ACCT100219,DST300034,2026-01-07 05:36:00,33662,103630,010000,00,0200,0
T1027,M2004,ACCT100219,DST300092,2026-01-07 06:36:00,113999,104133,400000,00,0200,0
T1027,M2019,ACCT100219,DST300073,2026-01-07 08:14:00,71608,104177,010000,00,0200,0
T1027,M2015,ACCT100219,DST300092,2026-01-07 11:44:00,88999,104597,010000,00,0200,0
T1027,M2002,ACCT100219,DST300128,2026-01-07 14:03:00,73134,104765,010000,00,0200,0
T1014,M2010,ACCT100220,DST300020,2026-01-15 03:59:00,145250,100283,010000,68,0200,0
T1014,M2016,ACCT100220,DST300105,2026-01-15 06:26:00,117905,101922,010000,00,0200,0
T1014,M2003,ACCT100220,DST300056,2026-01-15 07:47:00,127004,102203,010000,00,0200,0
T1014,M2013,ACCT100220,DST300154,2026-01-15 10:10:00,144640,102936,400000,00,0200,0
T1002,M2010,ACCT100220,DST300163,2026-01-15 10:12:00,134736,103484,010000,00,0200,1
T1013,M2009,ACCT100221,DST300044,2026-01-12 14:59:00,245864,100588,400000,00,0200,0
T1013,M2014,ACCT100221,DST300003,2026-01-12 15:45:00,229277,100750,010000,00,0200,0
T1013,M2002,ACCT100221,DST300189,2026-01-12 19:02:00,264379,101043,010000,00,0200,0
T1013,M2017,ACCT100221,DST300127,2026-01-12 22:53:00,239968,102212,010000,00,0200,0
T1013,M2019,ACCT100221,DST300012,2026-01-13 01:19:00,231833,102288,400000,00,0200,0
T1013,M2017,ACCT100221,DST300118,2026-01-13 02:52:00,227577,102769,400000,00,0200,0
T1013,M2006,ACCT100221,DST300104,2026-01-13 03:02:00,219918,102796,010000,00,0200,0
T1013,M2019,ACCT100221,DST300028,2026-01-13 05:05:00,238203,102986,010000,00,0200,0
T1013,M2006,ACCT100221,DST300197,2026-01-13 07:06:00,243468,103367,010000,00,0200,0
T1013,M2018,ACCT100221,DST300000,2026-01-13 09:33:00,249552,103808,010000,68,0200,0
T1013,M2011,ACCT100221,DST300195,2026-01-13 11:16:00,213189,103887,010000,00,0200,0
T1013,M2004,ACCT100221,DST300153,2026-01-13 11:17:00,225540,104762,400000,00,0200,0
T1024,M2010,ACCT100222,DST300107,2026-01-14 05:39:00,296657,101349,400000,00,0200,0
T1024,M2011,ACCT100222,DST300135,2026-01-14 09:06:00,286619,101973,400000,00,0200,0
T1024,M2006,ACCT100222,DST300002,2026-01-14 09:55:00,303349,102220,400000,00,0200,0
T1024,M2007,ACCT100222,DST300154,2026-01-14 12:32:00,274025,103037,400000,00,0200,0
T1024,M2017,ACCT100222,DST300130,2026-01-14 12:41:00,277109,103160,010000,00,0200,0
T1024,M2017,ACCT100222,DST300067,2026-01-14 13:38:00,296741,104310,010000,00,0200,0
T1024,M2007,ACCT100222,DST300062,2026-01-14 14:10:00,312510,104827,400000,00,0200,0
T1027,M2000,ACCT100223,DST300030,2026-01-07 03:22:00,190783,100777,400000,68,0200,0
T1027,M2010,ACCT100223,DST300089,2026-01-07 06:32:00,236391,101191,010000,00,0200,0
T1027,M2000,ACCT100223,DST300062,2026-01-07 07:25:00,152211,102232,400000,00,0200,0
T1027,M2005,ACCT100223,DST300120,2026-01-07 07:27:00,177925,102485,400000,00,0200,0
T1027,M2000,ACCT100223,DST300145,2026-01-07 09:50:00,179112,102748,400000,00,0200,0
T1027,M2015,ACCT100223,DST300003,2026-01-07 10:04:00,1300855,102776,010000,00,0200,1
T1027,M2014,ACCT100223,DST300003,2026-01-07 13:32:00,189246,102787,010000,00,0200,0
T1027,M2013,ACCT100223,DST300194,2026-01-07 14:30:00,205677,103038,400000,00,0200,0
T1027,M2017,ACCT100223,DST300167,2026-01-07 17:02:00,169583,103259,010000,00,0200,0
T1027,M2010,ACCT100223,DST300110,2026-01-07 18:56:00,145640,103268,010000,51,0200,0
T1027,M2013,ACCT100223,DST300092,2026-01-07 20:32:00,157405,103783,400000,00,0200,0
T1027,M2010,ACCT100223,DST300056,2026-01-07 22:19:00,163755,103791,010000,00,0200,0
T1027,M2015,ACCT100223,DST300082,2026-01-08 00:41:00,136193,104002,010000,00,0200,0
T1027,M2008,ACCT100223,DST300002,2026-01-08 01:01:00,195657,104253,400000,00,0200,0
T1028,M2002,ACCT100224,DST300103,2026-01-11 02:16:00,160934,104924,400000,00,0200,0
T1028,M2010,ACCT100224,DST300131,2026-01-11 03:13:00,171389,101768,400000,00,0200,0
T1028,M2003,ACCT100224,DST300049,2026-01-11 05:24:00,138009,100205,400000,00,0200,0
T1028,M2012,ACCT100224,DST300171,2026-01-11 05:24:00,164877,102759,400000,68,0200,0
T1028,M2009,ACCT100224,DST300164,2026-01-11 05:46:00,193268,100533,400000,00,0200,0
T1028,M2006,ACCT100224,DST300090,2026-01-11 06:51:00,164847,101389,400000,51,0200,0
T1028,M2009,ACCT100224,DST300044,2026-01-11 07:25:00,175158,103042,010000,00,0200,0
T1028,M2002,ACCT100224,DST300013,2026-01-11 07:37:00,200831,103130,010000,00,0200,0
T1028,M2013,ACCT100224,DST300062,2026-01-11 07:57:00,134954,101562,400000,00,0200,0
T1028,M2001,ACCT100224,DST300193,2026-01-11 10:30:00,161727,103152,400000,00,0200,0
T1028,M2008,ACCT100224,DST300162,2026-01-11 12:49:00,154391,103796,400000,00,0200,0
T1028,M2013,ACCT100224,DST300087,2026-01-11 13:10:00,166979,103957,010000,00,0200,0
T1028,M2014,ACCT100224,DST300123,2026-01-11 16:43:00,124132,104212,400000,00,0200,0
T1028,M2005,ACCT100224,DST300165,2026-01-11 18:00:00,177878,104536,400000,51,0200,0
T1028,M2011,ACCT100224,DST300192,2026-01-11 19:34:00,190215,104674,400000,00,0200,0
T1028,M2007,ACCT100224,DST300155,2026-01-11 20:37:00,141114,104708,400000,00,0200,0
T1027,M2001,ACCT100225,DST300157,2026-01-02 19:06:00,252601,100207,400000,00,0200,0
T1027,M2015,ACCT100225,DST300037,2026-01-02 19:13:00,240035,100287,010000,00,0200,0
T1027,M2017,ACCT100225,DST300175,2026-01-02 20:50:00,246981,100435,400000,00,0200,0
T1027,M2012,ACCT100225,DST300110,2026-01-02 20:52:00,282572,100487,400000,00,0200,0
T1027,M2005,ACCT100225,DST300157,2026-01-02 20:55:00,250413,100797,400000,00,0200,0
T1027,M2017,ACCT100225,DST300135,2026-01-02 23:07:00,228936,100912,400000,00,0200,0
T1027,M2003,ACCT100225,DST300152,2026-01-03 02:10:00,255027,101359,010000,00,0200,0
T1027,M2004,ACCT100225,DST300088,2026-01-03 02:29:00,248899,101332,010000,00,0200,0
T1027,M2008,ACCT100225,DST300159,2026-01-03 05:00:00,265687,101575,400000,00,0200,0
T1027,M2011,ACCT100225,DST300164,2026-01-03 08:16:00,271363,101661,400000,00,0200,0
T1027,M2012,ACCT100225,DST300049,2026-01-03 10:58:00,276055,102117,400000,00,0200,0
T1027,M2009,ACCT100225,DST300029,2026-01-03 12:21:00,297727,102238,010000,00,0200,0
T1027,M2010,ACCT100225,DST300086,2026-01-03 14:55:00,288390,102588,010000,00,0200,0
T1027,M2010,ACCT100225,DST300001,2026-01-03 16:15:00,296461,102604,010000,00,0200,0
T1027,M2017,ACCT100225,DST300099,2026-01-03 18:13:00,266737,103963,400000,51,0200,0
T1027,M2013,ACCT100225,DST300140,2026-01-03 21:21:00,267855,103997,010000,00,0200,0
T1027,M2004,ACCT100225,DST999999,2026-01-03 21:23:00,260441,104892,400000,00,0200,1
T1027,M2005,ACCT100225,DST999999,2026-01-03 21:25:00,252910,104893,400000,00,0200,1
T1027,M2007,ACCT100225,DST999999,2026-01-03 21:27:00,307119,104894,400000,00,0200,1
T1015,M2017,ACCT100226,DST300015,2026-01-02 15:19:00,109680,100035,010000,00,0200,0
T1015,M2016,ACCT100226,DST300036,2026-01-02 15:22:00,126865,101016,400000,00,0200,0
T1015,M2017,ACCT100226,DST300180,2026-01-02 17:34:00,144902,101044,010000,00,0200,0
T1015,M2007,ACCT100226,DST300073,2026-01-02 18:42:00,118161,101270,010000,00,0200,0
T1015,M2015,ACCT100226,DST300159,2026-01-02 21:03:00,165887,101275,400000,00,0200,0
T1015,M2017,ACCT100226,DST300077,2026-01-02 23:40:00,86141,101351,400000,00,0200,0
T1015,M2013,ACCT100226,DST300196,2026-01-03 00:49:00,148451,101432,400000,00,0200,0
T1015,M2009,ACCT100226,DST300042,2026-01-03 02:27:00,118802,101845,400000,00,0200,0
T1015,M2011,ACCT100226,DST300020,2026-01-03 06:01:00,122458,102075,010000,00,0200,0
T1015,M2009,ACCT100226,DST300161,2026-01-03 07:22:00,194379,102247,010000,51,0200,0
T1015,M2017,ACCT100226,DST300198,2026-01-03 07:31:00,147270,102326,400000,00,0200,0
T1015,M2005,ACCT100226,DST300010,2026-01-03 09:27:00,158210,102328,400000,00,0200,0
T1015,M2012,ACCT100226,DST300000,2026-01-03 09:30:00,161526,104267,010000,00,0200,0
T1015,M2019,ACCT100226,DST300107,2026-01-03 10:31:00,103535,104276,010000,00,0200,0
T1015,M2008,ACCT100226,DST300033,2026-01-03 14:12:00,117793,104512,400000,00,0200,0
T1004,M2017,ACCT100227,DST300105,2026-01-16 01:38:00,267893,100204,010000,00,0200,0
T1004,M2006,ACCT100227,DST300031,2026-01-16 03:35:00,192217,100244,400000,00,0200,0
T1004,M2013,ACCT100227,DST300148,2026-01-16 04:50:00,257123,102770,010000,00,0200,0
T1004,M2019,ACCT100227,DST300119,2026-01-16 04:56:00,176827,100951,400000,00,0200,0
T1004,M2018,ACCT100227,DST300008,2026-01-16 05:40:00,257581,101131,010000,00,0200,0
T1004,M2000,ACCT100227,DST300107,2026-01-16 06:07:00,214383,100136,400000,00,0200,0
T1004,M2014,ACCT100227,DST300185,2026-01-16 06:39:00,228517,101454,400000,00,0200,0
T1004,M2004,ACCT100227,DST300104,2026-01-16 06:45:00,203132,100893,400000,00,0200,0
T1004,M2015,ACCT100227,DST300160,2026-01-16 06:49:00,247353,103480,010000,00,0200,0
T1004,M2014,ACCT100227,DST300027,2026-01-16 10:10:00,269784,101552,010000,68,0200,0
T1004,M2013,ACCT100227,DST300186,2026-01-16 10:16:00,270750,102213,400000,00,0200,0
T1004,M2000,ACCT100227,DST300078,2026-01-16 10:36:00,221046,103986,400000,00,0200,0
T1004,M2000,ACCT100227,DST300179,2026-01-16 13:23:00,224428,104285,010000,00,0200,0
T1004,M2019,ACCT100227,DST300107,2026-01-16 16:56:00,267360,104374,400000,00,0200,0
T1022,M2002,ACCT100228,DST300143,2026-01-12 00:07:00,216206,100301,010000,00,0200,0
T1022,M2008,ACCT100228,DST300023,2026-01-12 02:00:00,232705,100443,010000,00,0200,0
T1022,M2016,ACCT100228,DST300092,2026-01-12 02:04:00,246403,104027,400000,00,0200,0
T1022,M2011,ACCT100228,DST300149,2026-01-12 04:15:00,192316,104186,400000,00,0200,0
T1022,M2001,ACCT100228,DST300136,2026-01-12 05:30:00,184903,100746,010000,00,0200,0
T1022,M2013,ACCT100228,DST300058,2026-01-12 05:56:00,210938,101574,010000,00,0200,0
T1022,M2017,ACCT100228,DST300182,2026-01-12 06:42:00,241758,102052,010000,68,0200,0
T1022,M2014,ACCT100228,DST300117,2026-01-12 07:28:00,228393,104625,400000,00,0200,0
T1022,M2018,ACCT100228,DST300140,2026-01-12 08:25:00,187291,102721,400000,00,0200,0
T1022,M2001,ACCT100228,DST300139,2026-01-12 08:27:00,220388,102999,400000,00,0200,0
T1022,M2011,ACCT100228,DST300017,2026-01-12 11:11:00,213536,103097,400000,00,0200,0
T1022,M2017,ACCT100228,DST300016,2026-01-12 12:30:00,241766,103376,400000,00,0200,0
T1022,M2019,ACCT100228,DST300032,2026-01-12 15:11:00,192113,103422,400000,00,0200,0
T1022,M2012,ACCT100228,DST300030,2026-01-12 16:21:00,235449,103764,010000,00,0200,0
T1022,M2017,ACCT100228,DST300111,2026-01-12 19:44:00,214422,103884,010000,00,0200,0
T1012,M2017,ACCT100229,DST300161,2026-01-06 11:17:00,202411,100164,400000,00,0200,0
T1012,M2018,ACCT100229,DST300108,2026-01-06 13:33:00,183273,100252,010000,00,0200,0
T1012,M2006,ACCT100229,DST300116,2026-01-06 16:46:00,196776,101198,400000,00,0200,0
T1012,M2015,ACCT100229,DST300021,2026-01-06 20:15:00,195570,101238,010000,00,0200,0
T1012,M2013,ACCT100229,DST300117,2026-01-06 22:35:00,202408,101312,400000,00,0200,0
T1012,M2008,ACCT100229,DST300170,2026-01-06 23:42:00,229947,101315,400000,00,0200,0
T1012,M2018,ACCT100229,DST300040,2026-01-07 02:32:00,165669,101480,400000,00,0200,0
T1012,M2012,ACCT100229,DST300181,2026-01-07 03:07:00,189576,101624,400000,00,0200,0
T1012,M2010,ACCT100229,DST300183,2026-01-07 03:19:00,185816,102561,400000,00,0200,0
T1012,M2009,ACCT100229,DST300086,2026-01-07 04:05:00,175258,102693,400000,00,0200,0
T1012,M2010,ACCT100229,DST300165,2026-01-07 05:32:00,164965,103179,010000,00,0200,0
T1012,M2004,ACCT100229,DST300100,2026-01-07 06:14:00,196417,103579,010000,00,0200,0
T1012,M2000,ACCT100229,DST300008,2026-01-07 09:30:00,193105,103810,010000,00,0200,0
T1012,M2019,ACCT100229,DST300085,2026-01-07 12:19:00,218606,103951,400000,00,0200,0
T1012,M2006,ACCT100229,DST300061,2026-01-07 12:28:00,208876,104008,010000,00,0200,0
T1012,M2013,ACCT100229,DST300178,2026-01-07 15:20:00,195898,104406,010000,51,0200,0
T1012,M2010,ACCT100229,DST300119,2026-01-07 15:31:00,196964,104510,400000,00,0200,0
T1012,M2017,ACCT100229,DST300079,2026-01-07 19:01:00,207683,104932,010000,00,0200,0
T1024,M2017,ACCT100230,DST300091,2026-01-08 12:59:00,91708,100080,010000,00,0200,0
T1024,M2008,ACCT100230,DST300001,2026-01-08 15:28:00,57064,100766,010000,00,0200,0
T1024,M2018,ACCT100230,DST300118,2026-01-08 17:19:00,40163,100913,400000,00,0200,0
T1024,M2015,ACCT100230,DST300134,2026-01-08 20:27:00,20000,101095,400000,51,0200,0
T1024,M2006,ACCT100230,DST300097,2026-01-08 21:29:00,76469,102000,400000,00,0200,0
T1024,M2007,ACCT100230,DST300062,2026-01-08 21:59:00,48378,102100,400000,00,0200,0
T1024,M2001,ACCT100230,DST300055,2026-01-09 01:58:00,85362,102359,010000,00,0200,0
T1024,M2011,ACCT100230,DST300060,2026-01-09 05:41:00,20000,102917,400000,00,0200,0
T1024,M2019,ACCT100230,DST300060,2026-01-09 08:27:00,20000,103001,400000,00,0200,0
T1024,M2003,ACCT100230,DST999999,2026-01-09 08:29:00,71402,103784,400000,00,0200,1
T1024,M2011,ACCT100230,DST999999,2026-01-09 08:31:00,30337,103785,400000,00,0200,1
T1024,M2012,ACCT100230,DST300050,2026-01-09 12:10:00,74448,103999,400000,68,0200,0
T1024,M2008,ACCT100230,DST300097,2026-01-09 15:01:00,42262,104455,010000,00,0200,0
T1024,M2009,ACCT100230,DST300127,2026-01-09 19:01:00,57409,104460,010000,51,0200,0
T1024,M2016,ACCT100230,DST300171,2026-01-09 22:44:00,85998,104555,010000,00,0200,0
T1024,M2005,ACCT100230,DST300051,2026-01-10 00:22:00,60684,104855,400000,00,0200,0
T1024,M2005,ACCT100230,DST300135,2026-01-10 01:25:00,38957,104897,010000,00,0200,0
T1026,M2009,ACCT100231,DST300187,2026-01-18 01:29:00,594350,104122,010000,00,0200,1
T1026,M2007,ACCT100231,DST300073,2026-01-18 01:48:00,293508,104155,400000,00,0200,0
T1026,M2015,ACCT100231,DST300057,2026-01-18 02:22:00,384635,103446,400000,00,0200,0
T1026,M2006,ACCT100231,DST300028,2026-01-18 02:52:00,377558,103319,010000,00,0200,0
T1026,M2007,ACCT100231,DST300031,2026-01-18 03:09:00,332647,104273,010000,00,0200,0
T1026,M2001,ACCT100231,DST300134,2026-01-18 04:21:00,365481,102472,010000,68,0200,0
T1026,M2013,ACCT100231,DST300039,2026-01-18 04:30:00,565079,103750,010000,00,0200,1
T1026,M2009,ACCT100231,DST300088,2026-01-18 05:16:00,353969,100401,400000,00,0200,0
T1026,M2000,ACCT100231,DST300136,2026-01-18 05:31:00,332770,103357,400000,00,0200,0
T1026,M2003,ACCT100231,DST300116,2026-01-18 07:04:00,288702,104381,010000,00,0200,0
T1026,M2003,ACCT100231,DST300003,2026-01-18 07:18:00,331705,104423,400000,00,0200,0
T1026,M2008,ACCT100231,DST300007,2026-01-18 07:50:00,336721,103929,400000,00,0200,0
T1026,M2009,ACCT100231,DST300023,2026-01-18 08:32:00,372172,100612,400000,00,0200,0
T1026,M2011,ACCT100231,DST300015,2026-01-18 09:08:00,329488,104446,010000,00,0200,0
T1026,M2008,ACCT100231,DST300161,2026-01-18 10:20:00,341808,101318,010000,00,0200,0
T1026,M2004,ACCT100231,DST300043,2026-01-18 11:59:00,344511,104611,400000,00,0200,0
T1026,M2017,ACCT100231,DST300176,2026-01-18 13:38:00,371779,101505,400000,00,0200,0
T1026,M2009,ACCT100231,DST300165,2026-01-18 15:09:00,370523,104697,010000,00,0200,0
T1026,M2003,ACCT100231,DST300050,2026-01-18 16:46:00,318689,104713,010000,51,0200,0
T1028,M2017,ACCT100232,DST300120,2026-01-10 09:58:00,301754,100071,300000,55,0200,1
T1028,M2001,ACCT100232,DST300081,2026-01-10 09:59:00,298674,100072,300000,55,0200,1
T1028,M2009,ACCT100232,DST300046,2026-01-10 10:00:00,303312,100073,300000,55,0200,1
T1028,M2017,ACCT100232,DST300180,2026-01-10 10:47:00,300421,100178,010000,00,0200,0
T1028,M2013,ACCT100232,DST300017,2026-01-10 14:14:00,318219,100284,010000,00,0200,0
T1028,M2015,ACCT100232,DST300184,2026-01-10 18:10:00,305250,100290,010000,00,0200,0
T1028,M2004,ACCT100232,DST300186,2026-01-10 19:23:00,314142,100534,010000,00,0200,0
T1028,M2005,ACCT100232,DST999999,2026-01-10 19:25:00,292144,100685,400000,00,0200,1
T1028,M2004,ACCT100232,DST999999,2026-01-10 19:27:00,302104,100686,400000,00,0200,1
T1028,M2003,ACCT100232,DST999999,2026-01-10 19:29:00,302437,100687,400000,00,0200,1
T1028,M2011,ACCT100232,DST300011,2026-01-10 20:03:00,281034,101357,010000,00,0200,0
T1028,M2019,ACCT100232,DST300131,2026-01-10 22:30:00,269889,102045,010000,00,0200,0
T1028,M2011,ACCT100232,DST300199,2026-01-11 00:52:00,287536,102330,400000,00,0200,0
T1028,M2004,ACCT100232,DST300047,2026-01-11 04:27:00,307667,102892,010000,00,0200,0
T1028,M2014,ACCT100232,DST300021,2026-01-11 06:54:00,298532,102900,010000,00,0200,0
T1028,M2016,ACCT100232,DST300135,2026-01-11 08:02:00,329501,102943,010000,00,0200,0
T1028,M2009,ACCT100232,DST300053,2026-01-11 11:15:00,261287,103233,010000,00,0200,0
T1028,M2010,ACCT100232,DST300198,2026-01-11 14:37:00,296498,103366,400000,00,0200,0
T1028,M2003,ACCT100232,DST300116,2026-01-11 14:45:00,302737,103641,400000,00,0200,0
T1028,M2017,ACCT100232,DST300011,2026-01-11 17:18:00,317677,103987,010000,00,0200,0
T1028,M2012,ACCT100232,DST300044,2026-01-11 18:56:00,355228,104485,400000,00,0200,0
T1028,M2000,ACCT100232,DST300119,2026-01-11 20:00:00,335948,104876,010000,00,0200,0
T1028,M2006,ACCT100232,DST300082,2026-01-11 20:01:00,286097,104883,400000,51,0200,0
T1000,M2014,ACCT100233,DST300145,2026-01-10 09:17:00,155920,101042,400000,00,0200,0
T1000,M2017,ACCT100233,DST300160,2026-01-10 11:03:00,188255,101834,010000,00,0200,0
T1000,M2003,ACCT100233,DST300165,2026-01-10 12:02:00,153114,102243,010000,00,0200,0
T1000,M2005,ACCT100233,DST300034,2026-01-10 12:03:00,166901,102282,300000,55,0200,1
T1000,M2005,ACCT100233,DST300177,2026-01-10 12:04:00,170156,102283,300000,55,0200,1
T1000,M2015,ACCT100233,DST300054,2026-01-10 13:21:00,169310,102399,010000,00,0200,0
T1000,M2002,ACCT100233,DST300129,2026-01-10 14:16:00,159033,102845,010000,00,0200,0
T1000,M2011,ACCT100233,DST300147,2026-01-10 16:10:00,158588,103144,010000,00,0200,0
T1000,M2003,ACCT100233,DST300135,2026-01-10 19:31:00,138318,103745,400000,00,0200,0
T1000,M2002,ACCT100233,DST300122,2026-01-10 20:20:00,162381,103959,010000,00,0200,0
T1012,M2013,ACCT100234,DST300170,2026-01-17 01:33:00,219055,102378,400000,00,0200,0
T1012,M2017,ACCT100234,DST300144,2026-01-17 02:37:00,224119,102184,010000,00,0200,0
T1012,M2010,ACCT100234,DST300051,2026-01-17 03:54:00,210179,103629,010000,00,0200,0
T1012,M2011,ACCT100234,DST300109,2026-01-17 04:04:00,205550,104134,400000,00,0200,0
T1012,M2002,ACCT100234,DST300183,2026-01-17 04:27:00,186581,102550,010000,00,0200,0
T1012,M2010,ACCT100234,DST300032,2026-01-17 04:35:00,211090,104119,400000,00,0200,0
T1012,M2015,ACCT100234,DST300094,2026-01-17 05:17:00,184071,100310,010000,00,0200,0
T1012,M2006,ACCT100234,DST300170,2026-01-17 05:58:00,187452,102553,400000,00,0200,0
T1012,M2014,ACCT100234,DST300027,2026-01-17 06:02:00,277140,101158,400000,00,0200,0
T1012,M2010,ACCT100234,DST300133,2026-01-17 06:47:00,210923,104296,010000,00,0200,0
T1012,M2009,ACCT100234,DST300179,2026-01-17 06:48:00,244597,104411,010000,00,0200,0
T1012,M2001,ACCT100234,DST300056,2026-01-17 07:09:00,217758,102860,010000,00,0200,0
T1012,M2010,ACCT100234,DST300108,2026-01-17 08:10:00,224051,101221,400000,00,0200,0
T1012,M2008,ACCT100234,DST300040,2026-01-17 08:11:00,218650,101436,010000,00,0200,0
T1012,M2008,ACCT100234,DST300166,2026-01-17 08:38:00,216324,104974,010000,00,0200,0
T1012,M2009,ACCT100234,DST300176,2026-01-17 10:04:00,206089,101560,010000,00,0200,0
T1012,M2017,ACCT100234,DST300107,2026-01-17 10:48:00,240384,103011,400000,00,0200,0
T1012,M2009,ACCT100234,DST300143,2026-01-17 13:43:00,243911,103307,400000,00,0200,0
T1012,M2008,ACCT100234,DST300188,2026-01-17 13:54:00,231184,101889,400000,00,0200,0
T1012,M2009,ACCT100234,DST300178,2026-01-17 14:09:00,231925,101987,400000,00,0200,0
T1012,M2007,ACCT100234,DST300108,2026-01-17 16:35:00,241053,103451,400000,00,0200,0
T1019,M2005,ACCT100235,DST300147,2026-01-21 00:33:00,205584,100001,400000,00,0200,0
T1003,M2005,ACCT100235,DST300075,2026-01-21 02:51:00,165354,103192,010000,00,0200,0
T1019,M2001,ACCT100235,DST300041,2026-01-21 03:33:00,137754,100525,010000,00,0200,0
T1019,M2000,ACCT100235,DST300087,2026-01-21 03:55:00,156853,100832,400000,00,0200,0
T1003,M2013,ACCT100235,DST300197,2026-01-21 04:00:00,142014,103230,010000,00,0200,0
T1019,M2003,ACCT100235,DST300009,2026-01-21 05:10:00,152810,100843,010000,00,0200,0
T1019,M2009,ACCT100235,DST300013,2026-01-21 06:30:00,167060,101188,400000,00,0200,0
T1019,M2011,ACCT100235,DST300187,2026-01-21 07:09:00,163637,101391,010000,00,0200,0
T1003,M2019,ACCT100235,DST300023,2026-01-21 07:35:00,214859,103341,400000,00,0200,0
T1019,M2003,ACCT100235,DST300182,2026-01-21 08:11:00,178696,101589,010000,00,0200,0
T1003,M2010,ACCT100235,DST300065,2026-01-21 08:36:00,100882,103528,400000,00,0200,0
T1019,M2009,ACCT100235,DST300161,2026-01-21 11:39:00,168899,101727,400000,00,0200,0
T1003,M2018,ACCT100235,DST300010,2026-01-21 11:40:00,162987,103717,400000,00,0200,0
T1019,M2008,ACCT100235,DST300039,2026-01-21 11:42:00,188711,102290,010000,00,0200,0
T1019,M2014,ACCT100235,DST300100,2026-01-21 12:22:00,152503,102720,010000,00,0200,0
T1019,M2016,ACCT100235,DST300043,2026-01-21 13:01:00,127001,102898,400000,00,0200,0
T1003,M2019,ACCT100235,DST300161,2026-01-21 13:04:00,113137,102940,010000,00,0200,1
T1003,M2005,ACCT100235,DST300101,2026-01-21 13:41:00,165475,103864,400000,00,0200,0
T1003,M2015,ACCT100235,DST300151,2026-01-21 17:00:00,159778,103934,400000,00,0200,0
T1003,M2002,ACCT100235,DST300151,2026-01-21 18:14:00,175294,104303,400000,00,0200,0
T1003,M2017,ACCT100235,DST300091,2026-01-21 18:50:00,159393,104309,400000,00,0200,0
T1003,M2016,ACCT100235,DST300159,2026-01-21 22:17:00,179926,104478,010000,00,0200,0
T1003,M2001,ACCT100235,DST300155,2026-01-22 01:21:00,153417,104852,400000,00,0200,0
T1025,M2000,ACCT100236,DST300149,2026-01-06 04:04:00,136968,100148,400000,00,0200,0
T1025,M2016,ACCT100236,DST300151,2026-01-06 05:16:00,75611,100270,010000,00,0200,0
T1025,M2011,ACCT100236,DST300115,2026-01-06 08:00:00,119555,100933,400000,00,0200,0
T1025,M2019,ACCT100236,DST300037,2026-01-06 08:08:00,75701,101220,400000,00,0200,0
T1025,M2008,ACCT100236,DST300085,2026-01-06 09:21:00,143233,101467,400000,00,0200,0
T1025,M2019,ACCT100236,DST300197,2026-01-06 11:44:00,93101,102132,010000,00,0200,0
T1025,M2019,ACCT100236,DST300014,2026-01-06 15:19:00,146301,102178,400000,00,0200,0
T1025,M2019,ACCT100236,DST300183,2026-01-06 17:16:00,138424,102354,400000,00,0200,0
T1025,M2006,ACCT100236,DST300165,2026-01-06 19:51:00,89488,102567,400000,00,0200,0
T1025,M2018,ACCT100236,DST300155,2026-01-06 20:29:00,95638,102798,400000,00,0200,0
T1025,M2009,ACCT100236,DST300088,2026-01-06 20:59:00,117976,103241,010000,00,0200,0
T1025,M2002,ACCT100236,DST300138,2026-01-06 23:29:00,100413,103363,400000,51,0200,0
T1025,M2019,ACCT100236,DST300103,2026-01-06 23:32:00,90862,103467,010000,00,0200,0
T1025,M2013,ACCT100236,DST300055,2026-01-07 00:03:00,108336,103862,010000,00,0200,0
T1025,M2019,ACCT100236,DST300027,2026-01-07 00:04:00,93068,104187,300000,55,0200,1
T1025,M2003,ACCT100236,DST300168,2026-01-07 00:05:00,102346,104188,300000,55,0200,1
T1025,M2006,ACCT100236,DST300049,2026-01-07 00:06:00,97720,104189,300000,55,0200,1
T1025,M2002,ACCT100236,DST300134,2026-01-07 00:07:00,149283,104190,300000,55,0200,1
T1022,M2011,ACCT100237,DST300061,2026-01-09 03:24:00,136937,101602,400000,00,0200,0
T1022,M2013,ACCT100237,DST300199,2026-01-09 04:34:00,123867,103184,400000,00,0200,0
T1022,M2013,ACCT100237,DST300058,2026-01-09 06:50:00,145881,103258,400000,00,0200,0
T1022,M2010,ACCT100237,DST300166,2026-01-09 07:09:00,170337,101764,400000,00,0200,0
T1022,M2016,ACCT100237,DST300186,2026-01-09 10:28:00,93798,103593,010000,00,0200,0
T1022,M2018,ACCT100237,DST300123,2026-01-09 10:43:00,138002,102066,010000,00,0200,0
T1022,M2006,ACCT100237,DST300031,2026-01-09 11:14:00,134607,102215,010000,00,0200,0
T1022,M2017,ACCT100237,DST300122,2026-01-09 13:38:00,135551,102231,400000,00,0200,0
T1022,M2011,ACCT100237,DST300196,2026-01-09 14:00:00,165301,103837,010000,00,0200,0
T1022,M2019,ACCT100237,DST999999,2026-01-09 14:02:00,166914,104332,400000,00,0200,1
T1022,M2009,ACCT100237,DST999999,2026-01-09 14:04:00,109509,104333,400000,00,0200,1
T1022,M2018,ACCT100237,DST999999,2026-01-09 14:06:00,109635,104334,400000,00,0200,1
T1022,M2018,ACCT100237,DST300194,2026-01-09 14:42:00,93342,100269,010000,00,0200,0
T1022,M2011,ACCT100237,DST300154,2026-01-09 14:45:00,119327,104433,400000,00,0200,0
T1022,M2006,ACCT100237,DST300073,2026-01-09 14:59:00,146688,100921,400000,00,0200,0
T1022,M2002,ACCT100237,DST300077,2026-01-09 15:46:00,117533,104725,010000,00,0200,0
T1022,M2006,ACCT100237,DST300067,2026-01-09 17:25:00,154287,101382,400000,00,0200,0
T1002,M2015,ACCT100238,DST300092,2026-01-19 01:51:00,205264,101617,010000,00,0200,1
T1002,M2002,ACCT100238,DST300094,2026-01-19 02:23:00,195150,101128,400000,00,0200,0
T1002,M2008,ACCT100238,DST300111,2026-01-19 03:33:00,196860,103079,010000,00,0200,1
T1002,M2014,ACCT100238,DST300111,2026-01-19 03:35:00,139805,101776,010000,00,0200,0
T1002,M2017,ACCT100238,DST300039,2026-01-19 03:38:00,165327,101870,400000,00,0200,0
T1002,M2008,ACCT100238,DST300168,2026-01-19 03:41:00,167582,102267,400000,00,0200,0
T1002,M2001,ACCT100238,DST300120,2026-01-19 03:42:00,149964,102592,300000,55,0200,1
T1002,M2001,ACCT100238,DST300147,2026-01-19 03:43:00,106742,102593,300000,55,0200,1
T1002,M2001,ACCT100238,DST300100,2026-01-19 04:46:00,139413,103115,400000,00,0200,0
T1002,M2005,ACCT100238,DST300148,2026-01-19 07:01:00,146878,103833,010000,00,0200,0
T1002,M2018,ACCT100238,DST300010,2026-01-19 10:14:00,139383,103995,010000,00,0200,0
T1002,M2009,ACCT100238,DST300133,2026-01-19 12:21:00,165254,104779,400000,00,0200,0
T1002,M2011,ACCT100238,DST300124,2026-01-19 17:28:00,171675,100187,400000,00,0200,0
T1002,M2015,ACCT100238,DST300096,2026-01-19 18:10:00,214317,100702,010000,00,0200,0
T1017,M2002,ACCT100239,DST300195,2026-01-02 11:57:00,278563,100005,400000,00,0200,0
T1017,M2019,ACCT100239,DST300060,2026-01-02 15:10:00,207958,100186,010000,00,0200,0
T1017,M2002,ACCT100239,DST300146,2026-01-02 18:06:00,231520,100602,010000,00,0200,0
T1017,M2019,ACCT100239,DST300057,2026-01-02 19:46:00,227186,100868,400000,00,0200,0
T1017,M2000,ACCT100239,DST300173,2026-01-02 21:01:00,288048,102556,400000,00,0200,0
T1017,M2012,ACCT100239,DST300057,2026-01-02 23:44:00,269094,102711,400000,00,0200,0
T1017,M2015,ACCT100239,DST300033,2026-01-03 00:46:00,266182,103385,010000,00,0200,0
T1017,M2003,ACCT100239,DST300187,2026-01-03 02:50:00,290401,103609,400000,00,0200,0
T1017,M2002,ACCT100239,DST300175,2026-01-03 02:51:00,258179,103708,010000,00,0200,0
T1017,M2019,ACCT100239,DST300083,2026-01-03 05:31:00,275632,103760,400000,00,0200,0
T1017,M2002,ACCT100239,DST300197,2026-01-03 05:59:00,261997,104159,010000,00,0200,0
T1017,M2015,ACCT100239,DST300012,2026-01-03 08:38:00,266605,104365,400000,00,0200,0
T1028,M2001,ACCT100240,DST300114,2026-01-16 06:14:00,88138,100182,400000,00,0200,0
T1028,M2015,ACCT100240,DST300027,2026-01-16 07:26:00,78284,100208,010000,00,0200,0
T1028,M2002,ACCT100240,DST300177,2026-01-16 08:20:00,36845,100427,010000,00,0200,0
T1028,M2009,ACCT100240,DST300041,2026-01-16 09:49:00,82668,100528,010000,00,0200,0
T1028,M2014,ACCT100240,DST300171,2026-01-16 13:20:00,76436,100997,010000,51,0200,0
T1028,M2018,ACCT100240,DST300191,2026-01-16 16:51:00,50046,101155,400000,00,0200,0
T1028,M2010,ACCT100240,DST300137,2026-01-16 17:40:00,88923,101174,010000,00,0200,0
T1028,M2013,ACCT100240,DST300083,2026-01-16 20:03:00,61761,101192,010000,00,0200,0
T1028,M2017,ACCT100240,DST300018,2026-01-16 23:40:00,76448,101295,010000,00,0200,0
T1028,M2007,ACCT100240,DST300110,2026-01-17 01:17:00,94475,101419,010000,00,0200,0
T1028,M2016,ACCT100240,DST300132,2026-01-17 02:59:00,122330,101676,010000,00,0200,0
T1028,M2017,ACCT100240,DST300178,2026-01-17 05:08:00,103052,101478,400000,00,0200,0
T1028,M2007,ACCT100240,DST300097,2026-01-17 05:35:00,60679,101793,400000,00,0200,0
T1028,M2017,ACCT100240,DST300184,2026-01-17 09:35:00,111235,102575,010000,00,0200,0
T1028,M2014,ACCT100240,DST300111,2026-01-17 10:19:00,118491,103048,010000,00,0200,0
T1028,M2003,ACCT100240,DST300155,2026-01-17 10:47:00,69153,103165,010000,00,0200,0
T1028,M2017,ACCT100240,DST300053,2026-01-17 12:36:00,110472,103339,400000,00,0200,0
T1028,M2018,ACCT100240,DST300083,2026-01-17 12:37:00,59039,103606,400000,00,0200,0
T1028,M2000,ACCT100240,DST300137,2026-01-17 14:46:00,63121,103876,010000,00,0200,0
T1028,M2011,ACCT100240,DST300091,2026-01-17 17:51:00,41016,104037,010000,00,0200,0
T1028,M2010,ACCT100240,DST300056,2026-01-17 21:04:00,87555,104437,010000,00,0200,0
T1028,M2012,ACCT100240,DST300007,2026-01-17 22:47:00,58820,104782,010000,00,0200,0
T1006,M2004,ACCT100241,DST300018,2026-01-04 03:44:00,74221,100499,400000,00,0200,0
T1006,M2018,ACCT100241,DST300138,2026-01-04 04:20:00,83993,100515,400000,00,0200,0
T1006,M2009,ACCT100241,DST300030,2026-01-04 04:23:00,63740,101612,010000,00,0200,0
T1006,M2001,ACCT100241,DST300056,2026-01-04 04:25:00,70428,101718,010000,00,0200,0
T1006,M2002,ACCT100241,DST300183,2026-01-04 05:27:00,20000,100568,010000,51,0200,0
T1006,M2008,ACCT100241,DST300195,2026-01-04 05:28:00,82804,100799,400000,00,0200,0
T1006,M2006,ACCT100241,DST300085,2026-01-04 05:49:00,79473,101884,010000,51,0200,0
T1006,M2005,ACCT100241,DST300120,2026-01-04 08:41:00,105048,100986,400000,00,0200,0
T1006,M2003,ACCT100241,DST300044,2026-01-04 09:12:00,138567,102068,010000,00,0200,0
T1006,M2014,ACCT100241,DST300062,2026-01-04 10:32:00,135076,101585,400000,00,0200,0
T1006,M2000,ACCT100241,DST300060,2026-01-04 10:34:00,59279,102133,010000,00,0200,0
T1006,M2003,ACCT100241,DST300054,2026-01-04 10:36:00,75902,102676,400000,00,0200,0
T1006,M2003,ACCT100241,DST999999,2026-01-04 10:38:00,94603,103572,400000,00,0200,1
T1006,M2009,ACCT100241,DST999999,2026-01-04 10:40:00,54128,103573,400000,00,0200,1
T1006,M2000,ACCT100241,DST300051,2026-01-04 13:41:00,89663,103711,010000,00,0200,0
T1006,M2015,ACCT100241,DST300067,2026-01-04 15:54:00,85803,103940,010000,51,0200,0
T1006,M2010,ACCT100241,DST300077,2026-01-04 16:03:00,66015,100132,400000,51,0200,0
T1006,M2016,ACCT100241,DST300197,2026-01-04 16:04:00,80484,100390,010000,00,0200,0
T1006,M2000,ACCT100241,DST300104,2026-01-04 18:04:00,88413,100392,400000,00,0200,0
T1006,M2001,ACCT100241,DST300053,2026-01-04 19:41:00,88316,104043,010000,00,0200,0
T1006,M2000,ACCT100241,DST300041,2026-01-04 22:55:00,99443,104714,010000,00,0200,0
T1006,M2007,ACCT100241,DST300018,2026-01-04 23:33:00,20000,104953,010000,00,0200,0
T1024,M2001,ACCT100242,DST300184,2026-01-20 16:37:00,256547,100395,400000,00,0200,0
T1024,M2005,ACCT100242,DST300053,2026-01-20 18:23:00,284596,100771,010000,00,0200,0
T1024,M2013,ACCT100242,DST300097,2026-01-20 19:23:00,261759,101519,400000,51,0200,0
T1024,M2008,ACCT100242,DST300084,2026-01-20 21:09:00,267284,101547,400000,00,0200,0
T1024,M2002,ACCT100242,DST300061,2026-01-20 22:23:00,227242,101678,400000,00,0200,0
T1024,M2000,ACCT100242,DST300179,2026-01-21 01:49:00,283828,101918,010000,00,0200,0
T1024,M2001,ACCT100242,DST300053,2026-01-21 04:07:00,248251,102362,010000,00,0200,0
T1024,M2002,ACCT100242,DST300061,2026-01-21 05:24:00,269971,103730,010000,00,0200,0
T1024,M2000,ACCT100242,DST300053,2026-01-21 09:16:00,255918,103996,400000,51,0200,0
T1024,M2003,ACCT100242,DST300005,2026-01-21 12:51:00,295917,104230,400000,00,0200,0
T1024,M2005,ACCT100242,DST300108,2026-01-21 15:44:00,276185,104865,010000,00,0200,0
T1015,M2019,ACCT100243,DST300122,2026-01-11 12:55:00,183671,100092,400000,00,0200,0
T1015,M2003,ACCT100243,DST300127,2026-01-11 16:07:00,127409,100096,400000,00,0200,0
T1015,M2007,ACCT100243,DST999999,2026-01-11 16:09:00,185559,100853,400000,00,0200,1
T1015,M2015,ACCT100243,DST999999,2026-01-11 16:11:00,156860,100854,400000,00,0200,1
T1015,M2016,ACCT100243,DST999999,2026-01-11 16:13:00,193238,100855,400000,00,0200,1
T1015,M2019,ACCT100243,DST300166,2026-01-11 16:20:00,161937,101112,010000,00,0200,0
T1015,M2019,ACCT100243,DST300047,2026-01-11 20:18:00,145978,101342,010000,00,0200,0
T1015,M2016,ACCT100243,DST300063,2026-01-12 00:14:00,122995,101653,400000,00,0200,0
T1015,M2012,ACCT100243,DST300197,2026-01-12 00:15:00,160042,101742,010000,00,0200,0
T1015,M2017,ACCT100243,DST300144,2026-01-12 03:04:00,127141,101852,400000,00,0200,0
T1015,M2005,ACCT100243,DST300081,2026-01-12 05:10:00,135088,102136,010000,00,0200,0
T1015,M2009,ACCT100243,DST300168,2026-01-12 07:24:00,171901,102175,010000,51,0200,0
T1015,M2019,ACCT100243,DST300100,2026-01-12 07:46:00,151089,102758,010000,00,0200,0
T1015,M2015,ACCT100243,DST300004,2026-01-12 11:03:00,154464,102880,400000,00,0200,0
T1015,M2012,ACCT100243,DST300079,2026-01-12 11:55:00,142760,102972,010000,00,0200,0
T1015,M2005,ACCT100243,DST300001,2026-01-12 15:42:00,179845,103466,010000,00,0200,0
T1015,M2010,ACCT100243,DST300168,2026-01-12 16:23:00,105086,104449,400000,00,0200,0
T1015,M2002,ACCT100243,DST300075,2026-01-12 16:38:00,183752,104526,400000,00,0200,0
T1015,M2017,ACCT100243,DST300034,2026-01-12 20:34:00,146895,104586,010000,00,0200,0
T1015,M2003,ACCT100243,DST300106,2026-01-12 23:58:00,149357,104676,010000,00,0200,0
T1007,M2002,ACCT100244,DST300057,2026-01-02 22:02:00,132188,100774,400000,00,0200,0
T1007,M2012,ACCT100244,DST300199,2026-01-03 01:10:00,106639,102206,400000,00,0200,0
T1007,M2010,ACCT100244,DST300019,2026-01-03 01:13:00,152571,101223,400000,00,0200,0
T1007,M2011,ACCT100244,DST300045,2026-01-03 01:46:00,140257,101227,400000,00,0200,0
T1007,M2013,ACCT100244,DST300130,2026-01-03 02:27:00,133722,102493,010000,00,0200,0
T1007,M2011,ACCT100244,DST300022,2026-01-03 04:07:00,123280,102642,010000,00,0200,0
T1007,M2016,ACCT100244,DST300039,2026-01-03 07:53:00,158258,102849,010000,00,0200,0
T1007,M2003,ACCT100244,DST300058,2026-01-03 09:42:00,136461,103271,400000,68,0200,0
T1007,M2017,ACCT100244,DST300020,2026-01-03 10:16:00,122516,103399,400000,00,0200,0
T1007,M2000,ACCT100244,DST300032,2026-01-03 10:57:00,138737,103465,010000,00,0200,0
T1007,M2001,ACCT100244,DST300108,2026-01-03 14:29:00,124234,103645,400000,00,0200,0
T1007,M2003,ACCT100244,DST300165,2026-01-03 15:23:00,146288,103962,400000,00,0200,0
T1007,M2001,ACCT100244,DST300117,2026-01-03 19:04:00,139061,104706,400000,00,0200,0
T1007,M2006,ACCT100244,DST300005,2026-01-03 21:52:00,156279,104721,400000,00,0200,0
T1007,M2003,ACCT100244,DST300188,2026-01-03 22:27:00,127356,104928,010000,00,0200,0
T1007,M2005,ACCT100244,DST300014,2026-01-04 01:33:00,115199,104956,400000,00,0200,0
T1024,M2004,ACCT100245,DST300011,2026-01-16 21:56:00,203970,100311,010000,00,0200,0
T1024,M2005,ACCT100245,DST300148,2026-01-16 22:21:00,127133,100315,400000,00,0200,0
T1024,M2015,ACCT100245,DST300144,2026-01-17 01:36:00,170844,100394,400000,00,0200,0
T1024,M2006,ACCT100245,DST300059,2026-01-17 01:39:00,117542,101475,010000,00,0200,0
T1024,M2005,ACCT100245,DST300037,2026-01-17 04:05:00,162762,101631,010000,00,0200,0
T1024,M2005,ACCT100245,DST300024,2026-01-17 06:34:00,167736,101730,010000,00,0200,0
T1024,M2017,ACCT100245,DST300037,2026-01-17 09:16:00,127934,101949,400000,00,0200,0
T1024,M2012,ACCT100245,DST300077,2026-01-17 11:12:00,185767,102058,010000,00,0200,0
T1023,M2007,ACCT100245,DST300052,2026-01-17 11:13:00,163130,102168,010000,00,0200,1
T1023,M2018,ACCT100245,DST300035,2026-01-17 12:44:00,139605,102685,400000,00,0200,0
T1023,M2014,ACCT100245,DST300008,2026-01-17 14:42:00,148827,103031,010000,00,0200,0
T1023,M2008,ACCT100245,DST300005,2026-01-17 14:45:00,170000,103478,010000,00,0200,0
T1023,M2009,ACCT100245,DST300159,2026-01-17 17:17:00,184509,103486,400000,00,0200,0
T1023,M2007,ACCT100245,DST300170,2026-01-17 18:59:00,159454,103682,010000,00,0200,0
T1023,M2016,ACCT100245,DST300166,2026-01-17 21:25:00,160726,103964,010000,51,0200,0
T1023,M2004,ACCT100245,DST300158,2026-01-18 00:49:00,146158,104014,010000,00,0200,0
T1023,M2002,ACCT100245,DST300169,2026-01-18 04:35:00,166800,104145,010000,00,0200,0
T1023,M2003,ACCT100245,DST300176,2026-01-18 07:51:00,126069,104290,400000,00,0200,0
T1023,M2002,ACCT100245,DST300184,2026-01-18 10:49:00,129705,104551,400000,00,0200,0
T1023,M2001,ACCT100245,DST300183,2026-01-18 14:36:00,173984,104614,400000,00,0200,0
T1023,M2018,ACCT100245,DST300190,2026-01-18 17:40:00,155484,104819,400000,51,0200,0
T1022,M2018,ACCT100246,DST300134,2026-01-20 10:03:00,145279,100061,400000,68,0200,0
T1022,M2015,ACCT100246,DST300194,2026-01-20 12:25:00,138457,100973,010000,00,0200,0
T1022,M2002,ACCT100246,DST300118,2026-01-20 15:48:00,191310,101073,010000,00,0200,0
T1022,M2002,ACCT100246,DST300183,2026-01-20 17:20:00,182570,101648,010000,00,0200,0
T1022,M2010,ACCT100246,DST300161,2026-01-20 20:56:00,142105,102226,400000,00,0200,0
T1022,M2004,ACCT100246,DST300002,2026-01-20 22:04:00,203311,102387,010000,00,0200,0
T1022,M2017,ACCT100246,DST300049,2026-01-21 00:53:00,150640,103003,400000,00,0200,0
T1022,M2002,ACCT100246,DST300039,2026-01-21 03:01:00,137087,104670,010000,00,0200,0
T1021,M2004,ACCT100247,DST300179,2026-01-02 19:31:00,311799,100351,400000,00,0200,0
T1021,M2019,ACCT100247,DST300048,2026-01-02 21:50:00,238291,100867,010000,00,0200,0
T1021,M2008,ACCT100247,DST300106,2026-01-02 22:10:00,260201,101813,010000,00,0200,0
T1021,M2018,ACCT100247,DST300058,2026-01-03 03:09:00,282532,103479,010000,00,0200,0
T1021,M2003,ACCT100247,DST300062,2026-01-03 06:43:00,263809,104205,400000,00,0200,0
T1021,M2017,ACCT100247,DST300045,2026-01-03 10:43:00,249932,104387,010000,51,0200,0
T1021,M2013,ACCT100247,DST300102,2026-01-03 13:52:00,300145,104742,400000,00,0200,0
T1021,M2003,ACCT100247,DST300120,2026-01-03 17:07:00,249905,104804,010000,00,0200,0
T1021,M2009,ACCT100247,DST300188,2026-01-03 20:56:00,282788,104885,010000,00,0200,0
T1029,M2018,ACCT100248,DST300046,2026-01-08 12:59:00,147283,100195,010000,00,0200,0
T1029,M2019,ACCT100248,DST300154,2026-01-08 13:29:00,112687,100354,400000,00,0200,0
T1029,M2018,ACCT100248,DST300118,2026-01-08 15:43:00,127806,100551,400000,68,0200,0
T1029,M2008,ACCT100248,DST300006,2026-01-08 18:22:00,147604,100821,010000,51,0200,0
T1029,M2003,ACCT100248,DST300052,2026-01-08 21:21:00,138684,102009,400000,00,0200,0
T1029,M2012,ACCT100248,DST300132,2026-01-08 23:06:00,175594,102059,010000,00,0200,0
T1029,M2006,ACCT100248,DST300186,2026-01-09 01:54:00,140119,102965,010000,00,0200,0
T1029,M2008,ACCT100248,DST300039,2026-01-09 02:22:00,139211,104531,010000,00,0200,0
T1029,M2005,ACCT100248,DST300144,2026-01-09 02:34:00,92005,104524,400000,00,0200,0
T1029,M2009,ACCT100248,DST300070,2026-01-09 03:36:00,146989,103386,400000,00,0200,0
T1029,M2006,ACCT100248,DST300021,2026-01-09 04:03:00,113936,103617,400000,00,0200,0
T1029,M2018,ACCT100248,DST300029,2026-01-09 04:11:00,108677,104532,400000,00,0200,0
T1029,M2015,ACCT100248,DST300106,2026-01-09 04:28:00,113253,104563,400000,00,0200,0
T1029,M2002,ACCT100248,DST300120,2026-01-09 06:37:00,122027,103930,010000,00,0200,0
T1029,M2004,ACCT100248,DST300009,2026-01-09 06:55:00,155400,104704,010000,51,0200,0
T1029,M2016,ACCT100248,DST300160,2026-01-09 06:57:00,145173,104981,010000,00,0200,0
T1029,M2019,ACCT100248,DST300117,2026-01-09 09:32:00,118127,104039,400000,00,0200,0
T1029,M2004,ACCT100248,DST300041,2026-01-09 10:13:00,130603,104469,400000,00,0200,0
T1020,M2004,ACCT100249,DST300021,2026-01-16 20:08:00,125860,100142,400000,00,0200,0
T1020,M2003,ACCT100249,DST300152,2026-01-16 20:33:00,63144,100404,010000,00,0200,0
T1020,M2008,ACCT100249,DST300079,2026-01-16 23:25:00,126912,100491,010000,00,0200,0
T1020,M2011,ACCT100249,DST300186,2026-01-16 23:51:00,87877,100556,400000,00,0200,0
T1020,M2002,ACCT100249,DST300172,2026-01-17 01:20:00,133181,100688,010000,00,0200,0
T1020,M2011,ACCT100249,DST999999,2026-01-17 01:22:00,70874,100705,400000,00,0200,1
T1020,M2012,ACCT100249,DST999999,2026-01-17 01:24:00,95944,100706,400000,00,0200,1
T1020,M2018,ACCT100249,DST999999,2026-01-17 01:26:00,81770,100707,400000,00,0200,1
T1020,M2012,ACCT100249,DST300045,2026-01-17 01:34:00,94809,101409,010000,00,0200,0
T1020,M2006,ACCT100249,DST300173,2026-01-17 02:28:00,111279,101477,010000,00,0200,0
T1020,M2007,ACCT100249,DST300138,2026-01-17 04:45:00,78265,101701,010000,68,0200,0
T1020,M2019,ACCT100249,DST300086,2026-01-17 04:58:00,95646,101950,010000,00,0200,0
T1020,M2009,ACCT100249,DST300086,2026-01-17 06:19:00,74614,102424,010000,00,0200,0
T1020,M2013,ACCT100249,DST300070,2026-01-17 06:39:00,78625,102457,010000,00,0200,0
T1020,M2019,ACCT100249,DST300040,2026-01-17 08:31:00,98784,102643,010000,00,0200,0
T1020,M2018,ACCT100249,DST300187,2026-01-17 08:33:00,126117,102658,010000,00,0200,0
T1020,M2011,ACCT100249,DST300059,2026-01-17 10:26:00,105166,103110,010000,00,0200,0
T1020,M2001,ACCT100249,DST300173,2026-01-17 12:32:00,118835,103855,400000,68,0200,0
T1020,M2006,ACCT100249,DST300054,2026-01-17 15:33:00,143076,104707,010000,00,0200,0
T1006,M2010,ACCT100250,DST300175,2026-01-05 17:09:00,130429,100482,010000,00,0200,0
T1006,M2004,ACCT100250,DST300174,2026-01-05 19:26:00,109552,100701,400000,00,0200,0
T1006,M2000,ACCT100250,DST300003,2026-01-05 21:07:00,92623,100708,010000,00,0200,0
T1006,M2000,ACCT100250,DST300145,2026-01-06 00:15:00,142893,100823,400000,00,0200,0
T1006,M2019,ACCT100250,DST300031,2026-01-06 03:15:00,159908,101226,400000,00,0200,0
T1006,M2014,ACCT100250,DST300038,2026-01-06 07:14:00,84566,101867,400000,00,0200,0
T1006,M2012,ACCT100250,DST300147,2026-01-06 08:16:00,134322,102291,400000,51,0200,0
T1006,M2006,ACCT100250,DST300097,2026-01-06 11:30:00,135258,102657,400000,00,0200,0
T1006,M2010,ACCT100250,DST300012,2026-01-06 14:48:00,120948,102848,010000,00,0200,0
T1006,M2018,ACCT100250,DST300196,2026-01-06 18:32:00,121478,102886,400000,00,0200,0
T1006,M2013,ACCT100250,DST300059,2026-01-06 20:51:00,112941,103666,010000,00,0200,0
T1006,M2007,ACCT100250,DST300102,2026-01-07 02:23:00,106401,104824,010000,00,0200,0
T1006,M2003,ACCT100250,DST300118,2026-01-07 04:34:00,140980,104450,400000,00,0200,0
T1005,M2012,ACCT100251,DST300022,2026-01-04 01:46:00,323134,102435,400000,00,0200,0
T1005,M2016,ACCT100251,DST300016,2026-01-04 02:58:00,336119,104416,400000,00,0200,0
T1005,M2010,ACCT100251,DST300117,2026-01-04 04:08:00,316338,103619,400000,68,0200,0
T1005,M2012,ACCT100251,DST300016,2026-01-04 04:11:00,341070,100684,400000,00,0200,0
T1005,M2007,ACCT100251,DST300177,2026-01-04 04:12:00,327809,104749,010000,00,0200,0
T1005,M2002,ACCT100251,DST300133,2026-01-04 04:24:00,332194,104019,400000,51,0200,0
T1005,M2016,ACCT100251,DST300088,2026-01-04 05:21:00,331355,102536,010000,00,0200,0
T1005,M2019,ACCT100251,DST300002,2026-01-04 07:10:00,332051,102538,010000,51,0200,0
T1005,M2001,ACCT100251,DST300122,2026-01-04 07:58:00,327909,101228,010000,00,0200,0
T1005,M2008,ACCT100251,DST300159,2026-01-04 10:54:00,349436,103086,010000,00,0200,0
T1005,M2007,ACCT100251,DST300154,2026-01-04 11:46:00,360529,101274,400000,00,0200,0
T1005,M2012,ACCT100251,DST300153,2026-01-04 11:53:00,323757,100068,010000,68,0200,0
T1005,M2019,ACCT100251,DST300053,2026-01-04 12:41:00,352583,101455,010000,00,0200,0
T1005,M2003,ACCT100251,DST300167,2026-01-04 14:21:00,341246,103197,400000,00,0200,0
T1005,M2011,ACCT100251,DST300060,2026-01-04 15:33:00,319921,103368,010000,00,0200,0
T1005,M2019,ACCT100251,DST300172,2026-01-04 15:35:00,329372,100212,010000,00,0200,0
T1005,M2018,ACCT100251,DST300045,2026-01-04 16:18:00,351406,101497,400000,00,0200,0
T1004,M2005,ACCT100252,DST300192,2026-01-04 19:23:00,295654,100121,400000,00,0200,0
T1004,M2000,ACCT100252,DST300141,2026-01-04 22:10:00,307506,100160,010000,00,0200,0
T1004,M2017,ACCT100252,DST300009,2026-01-05 00:46:00,252565,100214,400000,00,0200,0
T1004,M2007,ACCT100252,DST300027,2026-01-05 03:27:00,294118,101733,010000,00,0200,0
T1004,M2000,ACCT100252,DST300104,2026-01-05 03:31:00,259078,100464,010000,00,0200,0
T1004,M2014,ACCT100252,DST300060,2026-01-05 04:35:00,257909,100542,010000,00,0200,0
T1004,M2016,ACCT100252,DST300123,2026-01-05 07:08:00,288532,101926,400000,00,0200,0
T1004,M2010,ACCT100252,DST300109,2026-01-05 07:10:00,298915,102181,010000,00,0200,0
T1004,M2010,ACCT100252,DST300012,2026-01-05 07:47:00,263184,101168,400000,00,0200,0
T1004,M2008,ACCT100252,DST300144,2026-01-05 08:57:00,279629,102182,010000,00,0200,0
T1004,M2013,ACCT100252,DST300029,2026-01-05 11:35:00,281313,101244,010000,00,0200,0
T1004,M2011,ACCT100252,DST300189,2026-01-05 11:53:00,291891,102261,400000,68,0200,0
T1004,M2008,ACCT100252,DST300175,2026-01-05 14:11:00,328765,101247,010000,00,0200,0
T1004,M2013,ACCT100252,DST300170,2026-01-05 14:13:00,291465,101251,010000,00,0200,0
T1004,M2015,ACCT100252,DST300006,2026-01-05 15:31:00,358013,102727,010000,00,0200,0
T1004,M2000,ACCT100252,DST300008,2026-01-05 16:07:00,265345,102782,010000,00,0200,0
T1004,M2008,ACCT100252,DST300015,2026-01-05 16:51:00,253384,103361,400000,00,0200,0
T1004,M2004,ACCT100252,DST300129,2026-01-05 19:49:00,283397,103846,400000,00,0200,0
T1004,M2008,ACCT100252,DST300100,2026-01-05 19:51:00,301250,103877,400000,00,0200,0
T1004,M2011,ACCT100252,DST300015,2026-01-05 20:08:00,298822,103920,400000,00,0200,0
T1004,M2015,ACCT100252,DST300127,2026-01-05 20:37:00,295887,104243,400000,00,0200,0
T1004,M2015,ACCT100252,DST300027,2026-01-05 23:08:00,289506,104316,400000,00,0200,0
T1004,M2011,ACCT100252,DST300065,2026-01-06 01:28:00,313747,104396,400000,00,0200,0
T1004,M2017,ACCT100252,DST300008,2026-01-06 03:56:00,273265,104432,400000,00,0200,0
T1004,M2017,ACCT100252,DST300052,2026-01-06 06:15:00,340308,104588,010000,00,0200,0
T1004,M2002,ACCT100252,DST300115,2026-01-06 09:34:00,325714,104800,400000,00,0200,0
T1015,M2009,ACCT100253,DST300036,2026-01-18 03:55:00,170486,104121,010000,51,0200,0
T1015,M2015,ACCT100253,DST300042,2026-01-18 04:52:00,191830,104525,400000,00,0200,0
T1015,M2011,ACCT100253,DST300024,2026-01-18 05:58:00,181804,104616,010000,00,0200,0
T1015,M2001,ACCT100253,DST300188,2026-01-18 14:34:00,157266,100426,400000,00,0200,0
T1015,M2000,ACCT100253,DST300016,2026-01-18 16:34:00,175750,101339,010000,00,0200,0
T1015,M2012,ACCT100253,DST300109,2026-01-18 19:13:00,173076,101408,010000,00,0200,0
T1015,M2015,ACCT100253,DST300022,2026-01-18 21:38:00,134625,101763,010000,00,0200,0
T1015,M2006,ACCT100253,DST300135,2026-01-18 22:47:00,150961,102284,010000,00,0200,0
T1026,M2019,ACCT100254,DST300129,2026-01-06 04:29:00,82008,100022,010000,00,0200,0
T1026,M2018,ACCT100254,DST300183,2026-01-06 06:30:00,91360,100032,010000,00,0200,0
T1026,M2012,ACCT100254,DST300016,2026-01-06 06:48:00,96826,100409,010000,00,0200,0
T1026,M2015,ACCT100254,DST300171,2026-01-06 08:00:00,89741,101435,400000,00,0200,0
T1026,M2005,ACCT100254,DST300054,2026-01-06 10:23:00,76787,101758,010000,00,0200,0
T1026,M2019,ACCT100254,DST300075,2026-01-06 11:44:00,78709,102729,010000,00,0200,0
T1026,M2010,ACCT100254,DST300051,2026-01-06 12:14:00,100301,102869,010000,00,0200,0
T1026,M2002,ACCT100254,DST300155,2026-01-06 15:35:00,66410,102916,400000,00,0200,0
T1026,M2002,ACCT100254,DST300092,2026-01-06 18:57:00,97321,102981,010000,00,0200,0
T1026,M2012,ACCT100254,DST300097,2026-01-06 22:35:00,63637,103167,400000,68,0200,0
T1026,M2017,ACCT100254,DST300188,2026-01-06 22:36:00,117729,103314,300000,55,0200,1
T1026,M2017,ACCT100254,DST300031,2026-01-06 22:37:00,100957,103315,300000,55,0200,1
T1026,M2017,ACCT100254,DST300175,2026-01-07 00:58:00,89415,104317,400000,00,0200,0
T1026,M2017,ACCT100254,DST300089,2026-01-07 02:40:00,71312,104830,010000,00,0200,0
T1016,M2013,ACCT100255,DST300157,2026-01-13 23:02:00,156750,100158,400000,00,0200,0
T1016,M2005,ACCT100255,DST300017,2026-01-14 00:45:00,207904,100253,010000,00,0200,0
T1016,M2018,ACCT100255,DST300021,2026-01-14 01:15:00,247727,100391,400000,00,0200,0
T1007,M2007,ACCT100255,DST300145,2026-01-14 01:17:00,209945,101179,010000,00,0200,1
T1007,M2006,ACCT100255,DST300108,2026-01-14 02:25:00,203463,102013,400000,00,0200,0
T1007,M2010,ACCT100255,DST300074,2026-01-14 04:44:00,178082,103039,400000,00,0200,0
T1007,M2015,ACCT100255,DST300000,2026-01-14 04:50:00,206764,101512,010000,00,0200,0
T1007,M2014,ACCT100255,DST300045,2026-01-14 06:32:00,161755,103432,010000,51,0200,0
T1007,M2004,ACCT100255,DST300085,2026-01-14 06:35:00,194347,101874,400000,00,0200,0
T1007,M2004,ACCT100255,DST300104,2026-01-14 07:12:00,177174,103720,400000,00,0200,0
T1007,M2002,ACCT100255,DST300075,2026-01-14 08:44:00,162908,103747,400000,00,0200,0
T1007,M2017,ACCT100255,DST300038,2026-01-14 08:54:00,199185,103985,010000,51,0200,0
T1007,M2002,ACCT100255,DST300110,2026-01-14 10:32:00,196282,104382,010000,00,0200,0
T1007,M2017,ACCT100255,DST300116,2026-01-14 14:12:00,165564,104486,010000,00,0200,0
T1007,M2002,ACCT100255,DST300009,2026-01-14 16:00:00,197403,104677,400000,00,0200,0
T1007,M2011,ACCT100255,DST300183,2026-01-14 19:25:00,203366,104835,010000,00,0200,0
T1020,M2018,ACCT100255,DST300024,2026-01-14 19:30:00,217513,104836,010000,00,0200,1
T1020,M2001,ACCT100255,DST300144,2026-01-14 22:18:00,204651,104851,400000,00,0200,0
T1029,M2017,ACCT100256,DST300057,2026-01-06 00:01:00,56502,100202,010000,00,0200,0
T1029,M2013,ACCT100256,DST300114,2026-01-06 00:02:00,71237,100493,300000,55,0200,1
T1029,M2013,ACCT100256,DST300005,2026-01-06 00:03:00,70699,100494,300000,55,0200,1
T1029,M2002,ACCT100256,DST300017,2026-01-06 01:02:00,74702,102764,400000,00,0200,0
T1029,M2005,ACCT100256,DST300040,2026-01-06 03:02:00,45544,100553,010000,00,0200,0
T1029,M2009,ACCT100256,DST300190,2026-01-06 03:16:00,89135,103084,010000,00,0200,0
T1029,M2019,ACCT100256,DST300011,2026-01-06 03:54:00,56910,101620,010000,00,0200,0
T1029,M2009,ACCT100256,DST300065,2026-01-06 05:31:00,91971,100657,400000,00,0200,0
T1029,M2010,ACCT100256,DST300151,2026-01-06 05:56:00,62576,103843,010000,00,0200,0
T1029,M2001,ACCT100256,DST300160,2026-01-06 06:01:00,88549,101734,010000,00,0200,0
T1029,M2007,ACCT100256,DST300032,2026-01-06 06:17:00,90379,101225,010000,51,0200,0
T1029,M2018,ACCT100256,DST300184,2026-01-06 07:37:00,103553,104095,400000,00,0200,0
T1029,M2017,ACCT100256,DST300111,2026-01-06 07:58:00,120582,104498,010000,00,0200,0
T1029,M2019,ACCT100256,DST300130,2026-01-06 10:01:00,124902,102036,010000,00,0200,0
T1029,M2011,ACCT100256,DST300020,2026-01-06 10:02:00,69449,104794,400000,00,0200,0
T1029,M2010,ACCT100256,DST300029,2026-01-06 11:27:00,32429,102172,400000,00,0200,0
T1029,M2008,ACCT100256,DST300038,2026-01-06 13:35:00,60984,102640,400000,00,0200,0
T1029,M2019,ACCT100256,DST300043,2026-01-06 15:26:00,30995,102668,400000,00,0200,0
T1029,M2009,ACCT100257,DST300047,2026-01-14 05:38:00,321041,100263,010000,00,0200,0
T1029,M2007,ACCT100257,DST300099,2026-01-14 06:12:00,372538,100510,010000,00,0200,0
T1029,M2018,ACCT100257,DST300169,2026-01-14 09:11:00,346816,100615,400000,00,0200,0
T1029,M2007,ACCT100257,DST300032,2026-01-14 11:21:00,332328,101672,010000,00,0200,0
T1029,M2017,ACCT100257,DST300087,2026-01-14 14:38:00,338829,102044,010000,00,0200,0
T1029,M2006,ACCT100257,DST300175,2026-01-14 18:13:00,333354,102665,010000,00,0200,0
T1029,M2005,ACCT100257,DST300157,2026-01-14 19:24:00,302043,103065,400000,00,0200,0
T1029,M2006,ACCT100257,DST300152,2026-01-14 20:10:00,297541,103396,010000,68,0200,0
T1029,M2009,ACCT100257,DST300077,2026-01-14 21:52:00,328332,103829,400000,00,0200,0
T1029,M2008,ACCT100257,DST300025,2026-01-14 22:40:00,326810,104076,400000,00,0200,0
T1029,M2012,ACCT100257,DST300098,2026-01-15 01:48:00,331074,104379,400000,00,0200,0
T1029,M2008,ACCT100257,DST300162,2026-01-15 04:43:00,350719,104634,010000,00,0200,0
T1029,M2003,ACCT100257,DST300051,2026-01-15 06:51:00,315209,104840,400000,00,0200,0
T1029,M2009,ACCT100257,DST300153,2026-01-15 07:33:00,356185,104900,010000,00,0200,0
T1013,M2010,ACCT100258,DST300038,2026-01-08 18:00:00,117299,100139,010000,00,0200,0
T1013,M2005,ACCT100258,DST300015,2026-01-08 18:02:00,150530,100389,400000,00,0200,0
T1013,M2000,ACCT100258,DST300023,2026-01-08 18:11:00,123544,101360,400000,00,0200,0
T1013,M2013,ACCT100258,DST300139,2026-01-08 20:57:00,126253,101896,010000,00,0200,0
T1013,M2006,ACCT100258,DST300158,2026-01-08 23:29:00,163206,102064,010000,00,0200,0
T1013,M2001,ACCT100258,DST300188,2026-01-09 00:34:00,161545,102548,010000,00,0200,0
T1013,M2010,ACCT100258,DST300014,2026-01-09 02:17:00,169427,102780,010000,51,0200,0
T1013,M2017,ACCT100258,DST300121,2026-01-09 02:58:00,161246,104194,400000,68,0200,0
T1013,M2019,ACCT100258,DST300093,2026-01-09 06:08:00,153416,104256,400000,51,0200,0
T1013,M2000,ACCT100258,DST300027,2026-01-09 06:09:00,142715,104350,300000,55,0200,1
T1013,M2005,ACCT100258,DST300014,2026-01-09 06:10:00,157817,104351,300000,55,0200,1
T1013,M2010,ACCT100258,DST300177,2026-01-09 06:13:00,175700,104649,400000,00,0200,0
T1013,M2002,ACCT100258,DST300064,2026-01-09 08:06:00,109320,104756,400000,00,0200,0
T1007,M2011,ACCT100259,DST300053,2026-01-03 11:21:00,61580,100227,010000,00,0200,0
T1007,M2002,ACCT100259,DST300026,2026-01-03 14:28:00,32729,100571,010000,00,0200,0
T1007,M2004,ACCT100259,DST300168,2026-01-03 17:10:00,82835,101563,010000,00,0200,0
T1007,M2005,ACCT100259,DST300072,2026-01-03 19:52:00,79871,101634,400000,51,0200,0
T1007,M2007,ACCT100259,DST300018,2026-01-03 21:40:00,69743,101886,010000,00,0200,0
T1007,M2003,ACCT100259,DST300140,2026-01-03 23:03:00,36135,101887,010000,00,0200,0
T1007,M2019,ACCT100259,DST300195,2026-01-04 01:39:00,72146,101913,400000,00,0200,0
T1007,M2014,ACCT100259,DST300089,2026-01-04 02:00:00,76054,104094,010000,00,0200,0
T1007,M2019,ACCT100259,DST300145,2026-01-04 02:15:00,40695,102524,400000,00,0200,0
T1007,M2017,ACCT100259,DST300006,2026-01-04 02:44:00,72722,104331,400000,00,0200,0
T1007,M2002,ACCT100259,DST300106,2026-01-04 04:09:00,43646,102666,010000,00,0200,0
T1007,M2007,ACCT100259,DST300110,2026-01-04 04:19:00,81630,103458,400000,00,0200,0
T1007,M2004,ACCT100259,DST300044,2026-01-04 06:06:00,42904,103610,400000,00,0200,0
T1007,M2000,ACCT100259,DST300097,2026-01-04 09:17:00,75413,103840,400000,00,0200,0
T1001,M2013,ACCT100260,DST300126,2026-01-15 01:13:00,228615,103507,010000,00,0200,0
T1001,M2016,ACCT100260,DST300149,2026-01-15 01:32:00,229584,104115,010000,00,0200,0
T1001,M2014,ACCT100260,DST300071,2026-01-15 02:06:00,216979,104402,010000,00,0200,0
T1001,M2002,ACCT100260,DST300100,2026-01-15 04:43:00,238534,100196,010000,00,0200,0
T1001,M2003,ACCT100260,DST300138,2026-01-15 05:38:00,293201,104410,400000,00,0200,0
T1001,M2008,ACCT100260,DST300075,2026-01-15 06:58:00,225196,100608,010000,00,0200,0
T1001,M2005,ACCT100260,DST300057,2026-01-15 09:44:00,242603,100780,010000,51,0200,0
T1001,M2002,ACCT100260,DST300086,2026-01-15 13:28:00,256905,102039,010000,00,0200,0
T1001,M2018,ACCT100260,DST300004,2026-01-15 13:29:00,239171,102046,300000,55,0200,1
T1001,M2008,ACCT100260,DST300151,2026-01-15 13:30:00,203241,102047,300000,55,0200,1
T1001,M2015,ACCT100260,DST300079,2026-01-15 13:31:00,177122,102048,300000,55,0200,1
T1001,M2002,ACCT100260,DST300137,2026-01-15 13:32:00,261318,102049,300000,55,0200,1
T1001,M2019,ACCT100260,DST300020,2026-01-15 16:08:00,241377,102441,010000,00,0200,0
T1009,M2010,ACCT100261,DST300129,2026-01-17 14:50:00,125254,100074,400000,00,0200,0
T1009,M2005,ACCT100261,DST300070,2026-01-17 18:30:00,54328,100089,400000,00,0200,0
T1009,M2000,ACCT100261,DST300194,2026-01-17 19:12:00,89992,100349,400000,00,0200,0
T1009,M2005,ACCT100261,DST300194,2026-01-17 20:53:00,62392,100577,010000,00,0200,0
T1009,M2001,ACCT100261,DST300009,2026-01-18 03:46:00,77313,101371,010000,00,0200,0
T1009,M2015,ACCT100261,DST300044,2026-01-18 06:59:00,104994,101740,010000,00,0200,0
T1009,M2005,ACCT100261,DST300170,2026-01-18 09:52:00,78153,101996,400000,00,0200,0
T1009,M2006,ACCT100261,DST300125,2026-01-18 10:46:00,62226,102085,400000,00,0200,0
T1009,M2000,ACCT100261,DST300177,2026-01-18 13:03:00,93111,102590,400000,00,0200,0
T1009,M2004,ACCT100261,DST300171,2026-01-18 13:19:00,77542,103439,010000,00,0200,0
T1009,M2015,ACCT100261,DST300005,2026-01-18 14:37:00,93715,103859,400000,51,0200,0
T1009,M2015,ACCT100261,DST300193,2026-01-18 17:20:00,87279,103863,400000,00,0200,0
T1009,M2018,ACCT100261,DST300173,2026-01-18 19:35:00,67219,104036,400000,00,0200,0
T1009,M2013,ACCT100261,DST300096,2026-01-18 23:08:00,23965,104418,400000,00,0200,0
T1009,M2002,ACCT100261,DST300177,2026-01-19 01:48:00,104988,104856,400000,00,0200,0
T1012,M2005,ACCT100262,DST300120,2026-01-05 19:01:00,267813,100034,400000,00,0200,0
T1012,M2011,ACCT100262,DST300108,2026-01-05 21:56:00,296546,100086,400000,00,0200,0
T1012,M2008,ACCT100262,DST300016,2026-01-06 00:39:00,267731,100488,010000,51,0200,0
T1012,M2003,ACCT100262,DST300066,2026-01-06 01:28:00,299571,101193,400000,00,0200,0
T1012,M2013,ACCT100262,DST300029,2026-01-06 01:40:00,279400,101395,010000,00,0200,0
T1012,M2000,ACCT100262,DST300165,2026-01-06 01:43:00,329386,101878,010000,00,0200,0
T1012,M2012,ACCT100262,DST300157,2026-01-06 01:44:00,278889,102113,400000,00,0200,0
T1012,M2019,ACCT100262,DST300013,2026-01-06 02:18:00,329969,102325,010000,00,0200,0
T1012,M2018,ACCT100262,DST300003,2026-01-06 04:29:00,289028,102544,400000,00,0200,0
T1012,M2001,ACCT100262,DST300157,2026-01-06 04:47:00,302722,102811,400000,00,0200,0
T1012,M2007,ACCT100262,DST300034,2026-01-06 05:29:00,279228,102888,400000,51,0200,0
T1012,M2000,ACCT100262,DST300035,2026-01-06 06:19:00,287264,103198,400000,00,0200,0
T1012,M2007,ACCT100262,DST300071,2026-01-06 08:39:00,261832,103500,010000,00,0200,0
T1026,M2008,ACCT100263,DST300004,2026-01-03 00:16:00,88040,100197,400000,00,0200,0
T1026,M2011,ACCT100263,DST300169,2026-01-03 00:43:00,70687,100747,010000,00,0200,0
T1026,M2012,ACCT100263,DST300093,2026-01-03 00:51:00,59083,100758,010000,00,0200,0
T1026,M2011,ACCT100263,DST300181,2026-01-03 01:31:00,93421,100948,010000,00,0200,0
T1026,M2014,ACCT100263,DST300114,2026-01-03 04:40:00,94208,101462,010000,00,0200,0
T1026,M2005,ACCT100263,DST300072,2026-01-03 05:05:00,489958,101749,010000,00,0200,1
T1026,M2007,ACCT100263,DST300130,2026-01-03 08:45:00,110968,101908,400000,00,0200,0
T1026,M2011,ACCT100263,DST300075,2026-01-03 10:54:00,81661,102145,010000,00,0200,0
T1026,M2000,ACCT100263,DST300073,2026-01-03 14:37:00,91201,102520,400000,00,0200,0
T1026,M2012,ACCT100263,DST300146,2026-01-03 18:03:00,102441,103143,400000,00,0200,0
T1026,M2004,ACCT100263,DST300069,2026-01-03 21:21:00,102514,103918,010000,00,0200,0
T1026,M2010,ACCT100263,DST300046,2026-01-03 21:23:00,94575,103953,400000,00,0200,0
T1026,M2014,ACCT100263,DST300190,2026-01-03 22:38:00,74016,104760,400000,00,0200,0
T1026,M2007,ACCT100263,DST300193,2026-01-04 01:45:00,97020,104825,400000,00,0200,0
T1006,M2004,ACCT100264,DST300161,2026-01-02 21:42:00,285597,100112,400000,00,0200,0
T1006,M2009,ACCT100264,DST300132,2026-01-02 23:32:00,300293,101071,010000,00,0200,0
T1006,M2002,ACCT100264,DST300114,2026-01-03 01:03:00,310240,101257,400000,00,0200,0
T1006,M2006,ACCT100264,DST300037,2026-01-03 01:52:00,288356,101697,400000,00,0200,0
T1006,M2002,ACCT100264,DST300012,2026-01-03 03:57:00,284682,102335,010000,68,0200,0
T1006,M2011,ACCT100264,DST300141,2026-01-03 06:38:00,303494,102634,400000,51,0200,0
T1006,M2015,ACCT100264,DST300005,2026-01-03 08:25:00,309327,103033,400000,00,0200,0
T1006,M2014,ACCT100264,DST300162,2026-01-03 10:49:00,297920,103667,400000,00,0200,0
T1006,M2005,ACCT100264,DST300023,2026-01-03 14:28:00,302081,103804,010000,00,0200,0
T1006,M2013,ACCT100264,DST300057,2026-01-03 15:11:00,285907,104324,010000,00,0200,0
T1006,M2018,ACCT100264,DST300121,2026-01-03 15:14:00,300802,104335,400000,00,0200,0
T1006,M2016,ACCT100264,DST300001,2026-01-03 16:05:00,277738,104360,400000,00,0200,0
T1006,M2006,ACCT100264,DST300123,2026-01-03 16:25:00,285267,104436,400000,00,0200,0
T1006,M2017,ACCT100264,DST300135,2026-01-03 17:03:00,343975,104518,010000,00,0200,0
T1006,M2017,ACCT100264,DST300061,2026-01-03 20:03:00,297378,104683,010000,00,0200,0
T1006,M2009,ACCT100264,DST300123,2026-01-03 22:58:00,294248,104715,010000,00,0200,0
T1019,M2019,ACCT100265,DST300146,2026-01-05 01:50:00,259179,100327,400000,00,0200,0
T1019,M2012,ACCT100265,DST300117,2026-01-05 05:13:00,218985,100432,010000,00,0200,0
T1019,M2018,ACCT100265,DST300094,2026-01-05 08:42:00,241295,100639,400000,00,0200,0
T1019,M2013,ACCT100265,DST300197,2026-01-05 09:29:00,236890,100852,010000,00,0200,0
T1019,M2004,ACCT100265,DST300031,2026-01-05 09:30:00,235362,101591,300000,55,0200,1
T1019,M2014,ACCT100265,DST300192,2026-01-05 09:31:00,250318,101592,300000,55,0200,1
T1019,M2000,ACCT100265,DST300044,2026-01-05 09:32:00,234495,101593,300000,55,0200,1
T1019,M2010,ACCT100265,DST300158,2026-01-05 10:11:00,243748,101895,400000,00,0200,0
T1019,M2007,ACCT100265,DST300014,2026-01-05 10:14:00,205908,101925,010000,00,0200,0
T1019,M2016,ACCT100265,DST300117,2026-01-05 12:34:00,274660,102155,010000,00,0200,0
T1019,M2006,ACCT100265,DST300168,2026-01-05 12:37:00,254062,102617,010000,00,0200,0
T1019,M2010,ACCT100265,DST300131,2026-01-05 13:42:00,264435,102989,400000,00,0200,0
T1019,M2013,ACCT100265,DST300097,2026-01-05 13:44:00,268667,103254,010000,00,0200,0
T1019,M2014,ACCT100265,DST300108,2026-01-05 15:36:00,263696,103372,010000,00,0200,0
T1019,M2014,ACCT100265,DST300137,2026-01-05 15:39:00,204571,103419,010000,00,0200,0
T1019,M2008,ACCT100265,DST300018,2026-01-05 17:23:00,218521,104254,400000,00,0200,0
T1019,M2000,ACCT100265,DST300098,2026-01-05 20:42:00,245238,104675,010000,00,0200,0
T1012,M2005,ACCT100266,DST300118,2026-01-16 23:48:00,66979,100346,400000,00,0200,0
T1012,M2014,ACCT100266,DST300142,2026-01-17 03:36:00,64503,100691,400000,00,0200,0
T1012,M2005,ACCT100266,DST300024,2026-01-17 04:41:00,79060,100827,400000,00,0200,0
T1012,M2011,ACCT100266,DST300023,2026-01-17 08:32:00,42152,100989,400000,00,0200,0
T1012,M2012,ACCT100266,DST300086,2026-01-17 09:27:00,49320,101002,010000,00,0200,0
T1012,M2006,ACCT100266,DST300129,2026-01-17 11:46:00,86836,102169,010000,00,0200,0
T1012,M2005,ACCT100266,DST300121,2026-01-17 15:38:00,93608,102230,010000,00,0200,0
T1012,M2017,ACCT100266,DST300054,2026-01-17 18:53:00,104956,103125,010000,00,0200,0
T1012,M2009,ACCT100266,DST300098,2026-01-17 21:08:00,55176,103153,400000,00,0200,0
T1012,M2014,ACCT100266,DST300042,2026-01-17 23:57:00,71737,103517,010000,00,0200,0
T1012,M2014,ACCT100266,DST300094,2026-01-18 02:33:00,76749,104022,400000,00,0200,0
T1012,M2016,ACCT100266,DST300159,2026-01-18 02:45:00,100762,103597,400000,00,0200,0
T1012,M2001,ACCT100266,DST300190,2026-01-18 03:39:00,105878,103860,400000,00,0200,0
T1012,M2002,ACCT100266,DST300070,2026-01-18 06:20:00,53688,104447,400000,00,0200,0
T1012,M2008,ACCT100266,DST300199,2026-01-18 06:25:00,71352,104465,010000,00,0200,0
T1012,M2004,ACCT100266,DST300041,2026-01-18 07:58:00,79971,104608,400000,00,0200,0
T1012,M2008,ACCT100266,DST300115,2026-01-18 09:29:00,45576,104633,400000,00,0200,0
T1012,M2012,ACCT100266,DST300069,2026-01-18 09:30:00,87367,104967,300000,55,0200,1
T1012,M2008,ACCT100266,DST300085,2026-01-18 09:31:00,82773,104968,300000,55,0200,1
T1010,M2019,ACCT100267,DST300167,2026-01-11 01:24:00,146669,103891,400000,00,0200,0
T1010,M2007,ACCT100267,DST300068,2026-01-11 01:57:00,188622,100552,010000,00,0200,0
T1010,M2008,ACCT100267,DST300092,2026-01-11 02:28:00,164929,101020,400000,00,0200,0
T1010,M2010,ACCT100267,DST300011,2026-01-11 03:26:00,188737,101525,400000,00,0200,0
T1010,M2002,ACCT100267,DST300148,2026-01-11 03:31:00,137299,103623,400000,00,0200,0
T1010,M2012,ACCT100267,DST300105,2026-01-11 04:09:00,197906,102071,400000,00,0200,0
T1010,M2014,ACCT100267,DST300191,2026-01-11 05:23:00,172554,102663,010000,51,0200,0
T1010,M2010,ACCT100267,DST300067,2026-01-11 05:23:00,196582,103950,010000,00,0200,0
T1010,M2001,ACCT100267,DST300068,2026-01-11 05:41:00,194405,103128,010000,00,0200,0
T1010,M2000,ACCT100267,DST300061,2026-01-11 07:06:00,137854,104815,010000,00,0200,0
T1010,M2013,ACCT100267,DST300124,2026-01-11 08:00:00,149935,103402,400000,00,0200,0
T1010,M2004,ACCT100267,DST300113,2026-01-11 08:09:00,186068,104985,400000,00,0200,0
T1004,M2000,ACCT100268,DST300090,2026-01-12 04:57:00,221032,101596,010000,00,0200,0
T1004,M2005,ACCT100268,DST300033,2026-01-12 06:14:00,262965,101726,400000,00,0200,0
T1004,M2008,ACCT100268,DST300137,2026-01-12 09:09:00,208362,101738,010000,00,0200,0
T1004,M2008,ACCT100268,DST300116,2026-01-12 11:35:00,240441,101984,400000,00,0200,0
T1004,M2007,ACCT100268,DST300031,2026-01-12 14:17:00,228670,102755,400000,00,0200,0
T1004,M2015,ACCT100268,DST300119,2026-01-12 17:35:00,194913,102907,400000,00,0200,0
T1004,M2018,ACCT100268,DST300045,2026-01-12 19:54:00,248688,103236,400000,00,0200,0
T1004,M2003,ACCT100268,DST300122,2026-01-12 21:56:00,208504,103741,010000,00,0200,0
T1004,M2010,ACCT100268,DST300122,2026-01-12 22:40:00,190231,103793,400000,00,0200,0
T1004,M2001,ACCT100268,DST300146,2026-01-13 00:24:00,216923,103969,010000,00,0200,0
T1004,M2001,ACCT100268,DST300100,2026-01-13 02:43:00,198895,104206,010000,00,0200,0
T1004,M2015,ACCT100268,DST300158,2026-01-13 05:45:00,185183,104463,400000,00,0200,0
T1004,M2011,ACCT100268,DST300078,2026-01-13 06:45:00,152375,104681,010000,00,0200,0
T1015,M2013,ACCT100269,DST300048,2026-01-09 01:03:00,112718,100241,010000,00,0200,0
T1015,M2001,ACCT100269,DST300114,2026-01-09 01:45:00,89926,103118,400000,00,0200,0
T1015,M2016,ACCT100269,DST300034,2026-01-09 02:28:00,20000,104483,010000,00,0200,0
T1015,M2007,ACCT100269,DST300167,2026-01-09 02:42:00,60249,104581,010000,00,0200,0
T1015,M2015,ACCT100269,DST300116,2026-01-09 03:18:00,50031,100535,010000,00,0200,0
T1015,M2013,ACCT100269,DST300147,2026-01-09 03:18:00,58190,103178,010000,00,0200,0
T1015,M2008,ACCT100269,DST300053,2026-01-09 04:20:00,71316,103496,400000,00,0200,0
T1015,M2001,ACCT100269,DST300180,2026-01-09 04:29:00,49100,101476,010000,00,0200,0
T1015,M2019,ACCT100269,DST300186,2026-01-09 04:50:00,92767,103523,010000,00,0200,1
T1015,M2005,ACCT100269,DST300026,2026-01-09 04:57:00,75212,101977,010000,00,0200,0
T1015,M2000,ACCT100269,DST300074,2026-01-09 05:01:00,66581,101216,400000,00,0200,0
T1015,M2008,ACCT100269,DST300164,2026-01-09 05:07:00,90448,100014,010000,00,0200,0
T1015,M2010,ACCT100269,DST300162,2026-01-09 05:56:00,23553,104999,010000,00,0200,0
T1015,M2008,ACCT100269,DST300072,2026-01-09 07:26:00,59307,102254,010000,00,0200,0
T1015,M2019,ACCT100269,DST300043,2026-01-09 07:27:00,38008,102499,300000,55,0200,1
T1015,M2008,ACCT100269,DST300160,2026-01-09 07:28:00,43787,102500,300000,55,0200,1
T1015,M2014,ACCT100269,DST300074,2026-01-09 07:29:00,61418,102501,300000,55,0200,1
T1015,M2011,ACCT100269,DST300071,2026-01-09 08:05:00,74284,103600,010000,00,0200,0
T1015,M2010,ACCT100269,DST300138,2026-01-09 08:25:00,102214,101327,400000,00,0200,0
T1015,M2007,ACCT100269,DST300060,2026-01-09 09:49:00,35794,102653,400000,00,0200,0
T1015,M2016,ACCT100269,DST300065,2026-01-09 11:58:00,72363,103961,010000,00,0200,0
T1007,M2008,ACCT100270,DST300179,2026-01-07 04:55:00,206757,100249,400000,00,0200,0
T1007,M2006,ACCT100270,DST300182,2026-01-07 07:14:00,206675,100547,400000,00,0200,0
T1007,M2016,ACCT100270,DST300146,2026-01-07 07:58:00,198551,100950,010000,00,0200,0
T1007,M2016,ACCT100270,DST300161,2026-01-07 08:01:00,193247,100981,010000,00,0200,0
T1007,M2019,ACCT100270,DST300113,2026-01-07 11:53:00,237457,101539,400000,51,0200,0
T1007,M2011,ACCT100270,DST300174,2026-01-07 13:28:00,195019,101824,400000,00,0200,0
T1007,M2002,ACCT100270,DST300103,2026-01-07 17:06:00,220175,102279,010000,00,0200,0
T1007,M2004,ACCT100270,DST300168,2026-01-07 18:35:00,245033,102477,400000,00,0200,0
T1007,M2002,ACCT100270,DST300000,2026-01-07 20:07:00,232105,102605,010000,00,0200,0
T1007,M2008,ACCT100270,DST300128,2026-01-07 21:17:00,241253,102922,400000,00,0200,0
T1007,M2010,ACCT100270,DST300145,2026-01-07 22:53:00,239345,103023,010000,00,0200,0
T1007,M2002,ACCT100270,DST300175,2026-01-08 01:44:00,220557,103072,010000,00,0200,0
T1007,M2015,ACCT100270,DST300130,2026-01-08 04:00:00,247717,103983,010000,00,0200,0
T1007,M2018,ACCT100270,DST300070,2026-01-08 05:08:00,180973,103080,400000,00,0200,0
T1007,M2001,ACCT100270,DST300006,2026-01-08 05:10:00,229706,103732,400000,00,0200,0
T1007,M2018,ACCT100270,DST300190,2026-01-08 05:16:00,220784,104028,010000,00,0200,0
T1007,M2009,ACCT100270,DST300172,2026-01-08 05:41:00,1438587,103744,010000,00,0200,1
T1007,M2014,ACCT100270,DST300122,2026-01-08 07:16:00,237409,104246,400000,68,0200,0
T1007,M2012,ACCT100270,DST300111,2026-01-08 09:54:00,206404,104359,400000,00,0200,0
T1018,M2016,ACCT100271,DST300056,2026-01-08 12:18:00,71036,100461,400000,00,0200,0
T1018,M2019,ACCT100271,DST300004,2026-01-08 15:46:00,62733,100734,010000,00,0200,0
T1018,M2013,ACCT100271,DST300184,2026-01-08 16:10:00,57111,101046,400000,00,0200,0
T1018,M2004,ACCT100271,DST300083,2026-01-08 20:10:00,71882,101587,010000,00,0200,0
T1018,M2016,ACCT100271,DST300052,2026-01-08 20:12:00,81790,101811,400000,00,0200,0
T1018,M2010,ACCT100271,DST300077,2026-01-08 21:19:00,65569,101898,400000,00,0200,0
T1018,M2003,ACCT100271,DST300087,2026-01-08 22:55:00,46252,102329,010000,00,0200,0
T1018,M2006,ACCT100271,DST300074,2026-01-09 00:08:00,97063,102772,010000,00,0200,0
T1018,M2009,ACCT100271,DST300070,2026-01-09 01:51:00,77737,103089,400000,00,0200,0
T1018,M2017,ACCT100271,DST300175,2026-01-09 03:06:00,106907,103199,010000,00,0200,0
T1018,M2000,ACCT100271,DST300031,2026-01-09 06:43:00,77994,103550,400000,00,0200,0
T1018,M2019,ACCT100271,DST300048,2026-01-09 07:23:00,57104,103692,010000,00,0200,0
T1018,M2006,ACCT100271,DST300124,2026-01-09 11:15:00,67130,104066,010000,00,0200,0
T1018,M2012,ACCT100271,DST300187,2026-01-09 13:32:00,87093,104500,400000,00,0200,0
T1018,M2015,ACCT100271,DST300185,2026-01-09 15:00:00,58988,104636,010000,00,0200,0
T1012,M2014,ACCT100272,DST300071,2026-01-06 04:25:00,178147,100513,400000,00,0200,0
T1012,M2007,ACCT100272,DST300095,2026-01-06 06:52:00,227858,100786,010000,00,0200,0
T1012,M2016,ACCT100272,DST300165,2026-01-06 08:08:00,198063,100872,010000,00,0200,0
T1012,M2012,ACCT100272,DST300076,2026-01-06 08:24:00,184529,100894,400000,00,0200,0
T1012,M2016,ACCT100272,DST300101,2026-01-06 12:14:00,200887,101093,010000,00,0200,0
T1012,M2004,ACCT100272,DST300106,2026-01-06 12:51:00,219354,101410,010000,00,0200,0
T1012,M2016,ACCT100272,DST300066,2026-01-06 13:37:00,169887,101779,010000,00,0200,0
T1012,M2008,ACCT100272,DST300100,2026-01-06 17:36:00,232492,102037,010000,00,0200,0
T1012,M2003,ACCT100272,DST300142,2026-01-06 19:19:00,221387,102263,010000,00,0200,0
T1012,M2018,ACCT100272,DST300099,2026-01-06 20:35:00,216187,102789,400000,00,0200,0
T1012,M2002,ACCT100272,DST300143,2026-01-06 23:51:00,240693,102910,010000,00,0200,0
T1012,M2018,ACCT100272,DST300189,2026-01-07 03:41:00,199516,103371,010000,00,0200,0
T1012,M2013,ACCT100272,DST300011,2026-01-07 06:00:00,170695,103510,400000,00,0200,0
T1012,M2014,ACCT100272,DST300168,2026-01-07 08:32:00,175399,103594,400000,00,0200,0
T1021,M2005,ACCT100273,DST300145,2026-01-03 03:28:00,280288,100459,010000,00,0200,0
T1021,M2003,ACCT100273,DST300141,2026-01-03 04:43:00,225366,100794,010000,00,0200,0
T1021,M2011,ACCT100273,DST300131,2026-01-03 06:38:00,329611,101415,010000,00,0200,0
T1021,M2000,ACCT100273,DST300085,2026-01-03 09:59:00,309103,101437,400000,00,0200,0
T1021,M2009,ACCT100273,DST300057,2026-01-03 10:24:00,290693,101518,400000,00,0200,0
T1021,M2018,ACCT100273,DST300123,2026-01-03 12:28:00,306044,101673,010000,00,0200,0
T1021,M2002,ACCT100273,DST300177,2026-01-03 16:12:00,306356,101930,010000,00,0200,0
T1021,M2005,ACCT100273,DST300129,2026-01-03 16:56:00,302385,101992,010000,00,0200,0
T1021,M2004,ACCT100273,DST300023,2026-01-03 19:58:00,284827,102198,010000,00,0200,0
T1021,M2005,ACCT100273,DST300081,2026-01-03 21:24:00,252696,102392,010000,00,0200,0
T1021,M2017,ACCT100273,DST300127,2026-01-03 22:58:00,336900,102746,010000,00,0200,0
T1021,M2002,ACCT100273,DST300037,2026-01-03 23:58:00,333131,103640,010000,00,0200,0
T1021,M2009,ACCT100273,DST300043,2026-01-04 03:32:00,294515,103848,010000,00,0200,0
T1026,M2008,ACCT100273,DST300167,2026-01-04 03:35:00,269587,104174,010000,00,0200,1
T1012,M2000,ACCT100274,DST300124,2026-01-06 16:46:00,36196,100240,010000,00,0200,0
T1012,M2008,ACCT100274,DST300098,2026-01-06 20:09:00,51456,100282,400000,00,0200,0
T1012,M2015,ACCT100274,DST300031,2026-01-07 00:03:00,64139,100341,400000,00,0200,0
T1012,M2013,ACCT100274,DST300059,2026-01-07 02:27:00,113749,100522,400000,00,0200,0
T1012,M2013,ACCT100274,DST300024,2026-01-07 04:41:00,26698,100719,400000,00,0200,0
T1012,M2004,ACCT100274,DST300090,2026-01-07 07:42:00,66115,101262,400000,00,0200,0
T1012,M2003,ACCT100274,DST300006,2026-01-07 08:42:00,75416,102011,010000,00,0200,0
T1012,M2000,ACCT100274,DST300057,2026-01-07 11:29:00,58085,102056,400000,00,0200,0
T1012,M2015,ACCT100274,DST300032,2026-01-07 13:30:00,63347,102447,400000,00,0200,0
T1012,M2018,ACCT100274,DST300072,2026-01-07 13:33:00,59971,102954,400000,00,0200,0
T1012,M2008,ACCT100274,DST300037,2026-01-07 17:15:00,124039,103869,400000,00,0200,0
T1012,M2012,ACCT100274,DST300144,2026-01-07 18:53:00,99874,104805,010000,68,0200,0
T1012,M2009,ACCT100274,DST300147,2026-01-07 21:55:00,47963,104939,010000,00,0200,0
T1027,M2016,ACCT100275,DST300055,2026-01-01 04:48:00,347118,101196,010000,00,0200,1
T1027,M2001,ACCT100275,DST300199,2026-01-01 06:43:00,228820,101706,010000,00,0200,0
T1027,M2012,ACCT100275,DST300140,2026-01-01 08:01:00,170477,100978,400000,00,0200,0
T1027,M2002,ACCT100275,DST300094,2026-01-01 08:46:00,148777,102061,010000,00,0200,0
T1027,M2014,ACCT100275,DST300102,2026-01-01 09:26:00,202187,100998,400000,00,0200,0
T1027,M2001,ACCT100275,DST300014,2026-01-01 10:16:00,196807,102125,400000,68,0200,0
T1027,M2005,ACCT100275,DST300081,2026-01-01 12:20:00,168104,101153,400000,00,0200,0
T1027,M2010,ACCT100275,DST300164,2026-01-01 12:53:00,162345,102147,400000,00,0200,0
T1027,M2004,ACCT100275,DST300098,2026-01-01 16:43:00,222861,102434,400000,00,0200,0
T1027,M2010,ACCT100275,DST300018,2026-01-01 20:31:00,164672,102545,400000,00,0200,0
T1027,M2017,ACCT100275,DST300141,2026-01-01 22:40:00,254794,103050,400000,00,0200,0
T1027,M2017,ACCT100275,DST300092,2026-01-02 00:50:00,146067,103051,400000,00,0200,0
T1027,M2011,ACCT100275,DST300146,2026-01-02 04:15:00,165630,103158,010000,00,0200,0
T1027,M2012,ACCT100275,DST300186,2026-01-02 05:31:00,171906,103464,400000,00,0200,0
T1027,M2001,ACCT100275,DST300013,2026-01-02 08:58:00,176895,103587,400000,00,0200,0
T1027,M2004,ACCT100275,DST300093,2026-01-02 11:36:00,165757,104130,010000,00,0200,0
T1027,M2016,ACCT100275,DST300060,2026-01-02 12:37:00,180426,104164,010000,00,0200,0
T1027,M2004,ACCT100275,DST300030,2026-01-02 16:16:00,157772,104452,400000,00,0200,0
T1001,M2005,ACCT100276,DST300199,2026-01-01 01:54:00,111429,102467,400000,00,0200,0
T1001,M2002,ACCT100276,DST300074,2026-01-01 03:27:00,125366,100880,010000,00,0200,0
T1001,M2008,ACCT100276,DST300037,2026-01-01 04:29:00,88789,101236,010000,00,0200,0
T1001,M2004,ACCT100276,DST300101,2026-01-01 05:27:00,103280,101827,010000,00,0200,0
T1001,M2009,ACCT100276,DST300127,2026-01-01 05:29:00,131156,102030,010000,00,0200,0
T1001,M2019,ACCT100276,DST300040,2026-01-01 05:35:00,81629,102743,400000,00,0200,0
T1001,M2010,ACCT100276,DST300145,2026-01-01 05:48:00,111117,100585,400000,00,0200,0
T1001,M2017,ACCT100276,DST300126,2026-01-01 08:21:00,74777,102751,400000,51,0200,0
T1001,M2006,ACCT100276,DST300120,2026-01-01 08:26:00,109144,100814,010000,00,0200,0
T1001,M2010,ACCT100276,DST300032,2026-01-01 08:48:00,117312,100856,400000,00,0200,0
T1001,M2011,ACCT100276,DST300123,2026-01-01 11:38:00,112296,102915,400000,00,0200,0
T1001,M2000,ACCT100276,DST300186,2026-01-01 13:59:00,94115,103234,010000,68,0200,0
T1001,M2014,ACCT100276,DST300118,2026-01-01 15:32:00,129827,103415,400000,00,0200,0
T1001,M2006,ACCT100276,DST300122,2026-01-01 18:12:00,105237,103437,010000,00,0200,0
T1001,M2003,ACCT100276,DST300129,2026-01-01 21:45:00,108146,103502,400000,00,0200,0
T1001,M2005,ACCT100276,DST300140,2026-01-02 00:23:00,142547,103574,010000,00,0200,0
T1001,M2012,ACCT100276,DST300120,2026-01-02 04:14:00,95028,104030,400000,00,0200,0
T1001,M2018,ACCT100276,DST300042,2026-01-02 04:16:00,109766,104488,010000,00,0200,0
T1001,M2010,ACCT100276,DST300173,2026-01-02 05:55:00,74560,104513,400000,00,0200,0
T1001,M2014,ACCT100276,DST300090,2026-01-02 07:40:00,98298,104736,010000,00,0200,0
T1018,M2004,ACCT100277,DST300166,2026-01-02 19:59:00,117617,100784,400000,00,0200,0
T1018,M2011,ACCT100277,DST300091,2026-01-02 20:16:00,100367,100813,010000,00,0200,0
T1018,M2003,ACCT100277,DST300193,2026-01-02 20:31:00,90037,100917,400000,00,0200,0
T1018,M2005,ACCT100277,DST300099,2026-01-02 20:34:00,47552,101085,400000,68,0200,0
T1018,M2002,ACCT100277,DST300160,2026-01-02 23:11:00,102987,101241,010000,00,0200,0
T1018,M2006,ACCT100277,DST300031,2026-01-03 01:23:00,93820,101381,010000,00,0200,0
T1018,M2010,ACCT100277,DST300141,2026-01-03 02:34:00,76317,103599,010000,00,0200,0
T1018,M2017,ACCT100277,DST300068,2026-01-03 03:02:00,119521,103757,010000,00,0200,0
T1018,M2010,ACCT100277,DST300166,2026-01-03 04:26:00,93280,101831,010000,00,0200,0
T1018,M2011,ACCT100277,DST300173,2026-01-03 05:01:00,57303,102025,010000,00,0200,0
T1018,M2012,ACCT100277,DST300188,2026-01-03 07:37:00,92500,102131,010000,00,0200,0
T1018,M2010,ACCT100277,DST300103,2026-01-03 07:42:00,561034,102390,010000,00,0200,1
T1018,M2001,ACCT100277,DST300145,2026-01-03 11:31:00,80674,102800,400000,00,0200,0
T1018,M2007,ACCT100277,DST999999,2026-01-03 11:33:00,133934,102931,400000,00,0200,1
T1018,M2016,ACCT100277,DST999999,2026-01-03 11:35:00,101882,102932,400000,00,0200,1
T1018,M2004,ACCT100277,DST999999,2026-01-03 11:37:00,95800,102933,400000,00,0200,1
T1018,M2004,ACCT100277,DST300066,2026-01-03 14:29:00,110824,103140,400000,00,0200,0
T1018,M2018,ACCT100277,DST300015,2026-01-03 14:30:00,103579,103170,400000,00,0200,0
T1018,M2017,ACCT100277,DST300162,2026-01-03 15:40:00,113744,103222,400000,00,0200,0
T1018,M2005,ACCT100277,DST300061,2026-01-03 17:56:00,98103,103247,400000,00,0200,0
T1019,M2004,ACCT100278,DST300074,2026-01-04 20:37:00,226093,100059,400000,51,0200,0
T1019,M2004,ACCT100278,DST300001,2026-01-04 22:19:00,251632,101413,010000,00,0200,0
T1019,M2019,ACCT100278,DST300127,2026-01-05 01:41:00,252338,101766,400000,00,0200,0
T1019,M2000,ACCT100278,DST300131,2026-01-05 02:02:00,231445,101877,010000,00,0200,0
T1022,M2019,ACCT100278,DST300178,2026-01-05 02:05:00,178832,102258,010000,00,0200,1
T1022,M2009,ACCT100278,DST300013,2026-01-05 02:23:00,239307,102692,010000,68,0200,0
T1022,M2010,ACCT100278,DST300159,2026-01-05 02:24:00,283024,102958,400000,00,0200,0
T1022,M2012,ACCT100278,DST300069,2026-01-05 02:30:00,238944,102300,010000,00,0200,0
T1022,M2012,ACCT100278,DST300000,2026-01-05 03:02:00,221897,103384,010000,00,0200,0
T1022,M2003,ACCT100278,DST300132,2026-01-05 04:34:00,203104,103765,010000,00,0200,0
T1022,M2013,ACCT100278,DST300040,2026-01-05 07:35:00,256603,103849,400000,00,0200,0
T1022,M2010,ACCT100278,DST300152,2026-01-05 10:42:00,185036,104129,010000,00,0200,0
T1022,M2006,ACCT100278,DST300018,2026-01-05 12:02:00,220092,104462,400000,00,0200,0
T1009,M2019,ACCT100279,DST300162,2026-01-07 01:17:00,106558,100004,400000,51,0200,0
T1009,M2007,ACCT100279,DST300194,2026-01-07 01:18:00,114239,100168,400000,00,0200,0
T1009,M2010,ACCT100279,DST300063,2026-01-07 01:31:00,176112,100331,010000,68,0200,0
T1009,M2005,ACCT100279,DST300134,2026-01-07 02:31:00,124875,101858,400000,00,0200,0
T1009,M2014,ACCT100279,DST300118,2026-01-07 02:36:00,124798,100526,400000,00,0200,0
T1009,M2011,ACCT100279,DST300042,2026-01-07 03:52:00,140082,100575,010000,00,0200,0
T1009,M2003,ACCT100279,DST300140,2026-01-07 03:53:00,146436,101232,300000,55,0200,1
T1009,M2013,ACCT100279,DST300055,2026-01-07 03:53:00,154654,102596,400000,00,0200,0
T1009,M2014,ACCT100279,DST300196,2026-01-07 03:54:00,139058,101233,300000,55,0200,1
T1009,M2006,ACCT100279,DST300085,2026-01-07 03:57:00,150058,102088,010000,00,0200,0
T1009,M2007,ACCT100279,DST300056,2026-01-07 05:35:00,170447,101855,400000,68,0200,0
T1009,M2010,ACCT100279,DST300188,2026-01-07 07:04:00,117841,102632,400000,00,0200,0
T1009,M2008,ACCT100279,DST300158,2026-01-07 07:40:00,172468,102369,010000,00,0200,0
T1009,M2015,ACCT100279,DST300194,2026-01-07 10:17:00,158796,102687,400000,00,0200,0
T1009,M2006,ACCT100279,DST300137,2026-01-07 13:24:00,144658,103253,400000,00,0200,0
T1009,M2003,ACCT100279,DST300144,2026-01-07 14:37:00,156368,103255,400000,00,0200,0
T1009,M2003,ACCT100279,DST300091,2026-01-07 18:25:00,93899,104245,010000,00,0200,0
T1009,M2000,ACCT100279,DST300154,2026-01-07 20:33:00,174419,104847,400000,00,0200,0
T1009,M2019,ACCT100279,DST300017,2026-01-07 20:34:00,102541,104862,400000,00,0200,0
T1022,M2000,ACCT100280,DST300004,2026-01-19 03:34:00,305215,100041,400000,00,0200,0
T1022,M2004,ACCT100280,DST300043,2026-01-19 05:58:00,365200,100083,400000,00,0200,0
T1022,M2008,ACCT100280,DST999999,2026-01-19 06:00:00,335757,100788,400000,00,0200,1
T1022,M2009,ACCT100280,DST999999,2026-01-19 06:02:00,290091,100789,400000,00,0200,1
T1022,M2013,ACCT100280,DST999999,2026-01-19 06:04:00,307878,100790,400000,00,0200,1
T1022,M2003,ACCT100280,DST300126,2026-01-19 08:27:00,266711,100839,010000,00,0200,0
T1022,M2015,ACCT100280,DST300085,2026-01-19 08:54:00,313572,101548,400000,68,0200,0
T1022,M2005,ACCT100280,DST300079,2026-01-19 09:36:00,313534,101645,010000,00,0200,0
T1022,M2006,ACCT100280,DST300001,2026-01-19 10:07:00,359506,101851,400000,68,0200,0
T1022,M2011,ACCT100280,DST300177,2026-01-19 13:55:00,291533,102194,010000,00,0200,0
T1022,M2010,ACCT100280,DST300005,2026-01-19 15:27:00,296650,102281,010000,00,0200,0
T1022,M2016,ACCT100280,DST300032,2026-01-19 17:53:00,319517,102466,400000,00,0200,0
T1022,M2009,ACCT100280,DST300025,2026-01-19 20:11:00,333146,103221,400000,00,0200,0
T1022,M2005,ACCT100280,DST300054,2026-01-19 20:52:00,301924,103278,010000,00,0200,0
T1022,M2009,ACCT100280,DST300055,2026-01-19 23:34:00,284007,103647,010000,00,0200,0
T1022,M2009,ACCT100280,DST300002,2026-01-20 02:21:00,300898,103835,010000,00,0200,0
T1022,M2013,ACCT100280,DST300184,2026-01-20 03:52:00,288200,104991,010000,68,0200,0
T1015,M2000,ACCT100281,DST300143,2026-01-16 04:06:00,245713,100000,010000,00,0200,0
T1015,M2005,ACCT100281,DST300130,2026-01-16 04:19:00,282556,101771,400000,00,0200,0
T1015,M2004,ACCT100281,DST300053,2026-01-16 06:39:00,252127,100408,400000,00,0200,0
T1015,M2015,ACCT100281,DST300050,2026-01-16 06:54:00,283349,100824,010000,00,0200,0
T1015,M2001,ACCT100281,DST300077,2026-01-16 07:31:00,272022,102146,010000,00,0200,0
T1015,M2008,ACCT100281,DST300139,2026-01-16 07:42:00,249675,100905,400000,00,0200,0
T1015,M2009,ACCT100281,DST300139,2026-01-16 10:04:00,283667,102171,010000,00,0200,0
T1015,M2009,ACCT100281,DST300104,2026-01-16 11:22:00,224441,101337,400000,00,0200,0
T1015,M2005,ACCT100281,DST300152,2026-01-16 11:41:00,269118,102423,400000,00,0200,0
T1015,M2007,ACCT100281,DST300067,2026-01-16 12:45:00,283192,101398,010000,00,0200,0
T1015,M2010,ACCT100281,DST300076,2026-01-16 15:04:00,227880,103046,010000,00,0200,0
T1015,M2002,ACCT100281,DST300096,2026-01-16 15:23:00,217340,101712,400000,68,0200,0
T1015,M2005,ACCT100281,DST300015,2026-01-16 16:35:00,258329,103483,400000,00,0200,0
T1015,M2000,ACCT100281,DST300132,2026-01-16 17:55:00,220004,101729,400000,00,0200,0
T1015,M2007,ACCT100281,DST300007,2026-01-16 18:03:00,234188,103553,010000,00,0200,0
T1015,M2003,ACCT100281,DST300138,2026-01-16 19:22:00,239464,103705,010000,00,0200,0
T1015,M2012,ACCT100281,DST300113,2026-01-16 23:15:00,257024,103816,010000,00,0200,0
T1015,M2015,ACCT100281,DST300044,2026-01-17 02:24:00,225746,103842,010000,00,0200,0
T1015,M2002,ACCT100281,DST300147,2026-01-17 05:30:00,258992,103922,010000,00,0200,0
T1015,M2015,ACCT100281,DST300000,2026-01-17 09:18:00,233414,104867,400000,00,0200,0
T1015,M2015,ACCT100281,DST300162,2026-01-17 12:13:00,212444,104901,400000,00,0200,0
T1015,M2003,ACCT100281,DST300006,2026-01-17 13:17:00,218529,104942,010000,00,0200,0
T1014,M2018,ACCT100282,DST300029,2026-01-05 17:24:00,284180,100020,400000,00,0200,0
T1014,M2002,ACCT100282,DST300066,2026-01-05 20:23:00,309543,100047,400000,00,0200,0
T1014,M2003,ACCT100282,DST300087,2026-01-05 20:42:00,300311,101063,010000,00,0200,0
T1014,M2006,ACCT100282,DST300100,2026-01-05 22:10:00,288000,101119,010000,00,0200,0
T1014,M2000,ACCT100282,DST300010,2026-01-05 23:23:00,289689,101156,010000,51,0200,0
T1014,M2003,ACCT100282,DST300010,2026-01-06 01:16:00,288319,101556,010000,00,0200,0
T1014,M2018,ACCT100282,DST300195,2026-01-06 02:25:00,313846,102327,400000,00,0200,0
T1014,M2010,ACCT100282,DST300149,2026-01-06 03:16:00,309607,102547,400000,00,0200,0
T1014,M2019,ACCT100282,DST300135,2026-01-06 03:22:00,243740,103000,010000,00,0200,0
T1014,M2003,ACCT100282,DST300101,2026-01-06 06:40:00,324008,103497,010000,00,0200,0
T1014,M2009,ACCT100282,DST300013,2026-01-06 10:33:00,322164,103695,010000,00,0200,0
T1014,M2019,ACCT100282,DST300075,2026-01-06 14:03:00,313053,104434,010000,00,0200,0
T1014,M2005,ACCT100282,DST300144,2026-01-06 15:48:00,327609,104630,400000,00,0200,0
T1014,M2016,ACCT100282,DST300120,2026-01-06 19:28:00,306890,104718,400000,00,0200,0
T1014,M2002,ACCT100282,DST300010,2026-01-06 23:03:00,297006,104996,400000,00,0200,0
T1000,M2015,ACCT100283,DST300137,2026-01-09 09:36:00,116423,100029,400000,00,0200,0
T1000,M2012,ACCT100283,DST300102,2026-01-09 10:17:00,69891,100056,010000,00,0200,0
T1000,M2016,ACCT100283,DST300191,2026-01-09 13:50:00,114844,100088,010000,00,0200,0
T1000,M2000,ACCT100283,DST300036,2026-01-09 14:32:00,115186,100330,010000,00,0200,0
T1000,M2013,ACCT100283,DST300108,2026-01-09 15:26:00,131408,100970,010000,00,0200,0
T1000,M2018,ACCT100283,DST300118,2026-01-09 17:58:00,100576,101799,010000,00,0200,0
T1000,M2016,ACCT100283,DST300012,2026-01-09 19:47:00,96460,102217,400000,00,0200,0
T1000,M2011,ACCT100283,DST300138,2026-01-09 23:04:00,126834,102274,010000,00,0200,0
T1000,M2015,ACCT100283,DST300184,2026-01-09 23:07:00,151123,102486,010000,00,0200,0
T1000,M2010,ACCT100283,DST300077,2026-01-09 23:08:00,97101,103002,400000,00,0200,0
T1000,M2015,ACCT100283,DST300074,2026-01-10 01:01:00,107976,103176,400000,00,0200,0
T1000,M2004,ACCT100283,DST300009,2026-01-10 02:27:00,79197,103213,010000,00,0200,0
T1000,M2004,ACCT100283,DST300135,2026-01-10 04:51:00,133891,103919,400000,00,0200,0
T1000,M2009,ACCT100283,DST300108,2026-01-10 05:27:00,147431,104103,010000,00,0200,0
T1000,M2006,ACCT100283,DST300092,2026-01-10 05:49:00,128025,104554,400000,00,0200,0
T1000,M2012,ACCT100283,DST300028,2026-01-10 08:57:00,117033,104945,010000,68,0200,0
T1013,M2010,ACCT100284,DST300145,2026-01-10 19:23:00,287458,100231,400000,00,0200,0
T1013,M2005,ACCT100284,DST300021,2026-01-10 22:52:00,280008,101036,400000,00,0200,0
T1013,M2011,ACCT100284,DST300000,2026-01-11 02:50:00,294276,101115,400000,00,0200,0
T1013,M2014,ACCT100284,DST300065,2026-01-11 04:33:00,321556,102920,010000,00,0200,0
T1013,M2012,ACCT100284,DST300041,2026-01-11 04:52:00,246686,103098,400000,00,0200,0
T1013,M2006,ACCT100284,DST300161,2026-01-11 07:17:00,283350,102995,400000,00,0200,0
T1013,M2011,ACCT100284,DST300160,2026-01-11 07:55:00,276443,103394,400000,00,0200,0
T1013,M2003,ACCT100284,DST300065,2026-01-11 08:22:00,276286,104491,400000,00,0200,0
T1013,M2016,ACCT100284,DST300043,2026-01-11 10:03:00,297898,104780,010000,00,0200,0
T1013,M2006,ACCT100284,DST300158,2026-01-11 11:05:00,296187,103095,010000,00,0200,0
T1005,M2007,ACCT100285,DST300067,2026-01-02 01:21:00,238802,101166,010000,00,0200,0
T1005,M2017,ACCT100285,DST300123,2026-01-02 01:42:00,226962,101403,400000,00,0200,0
T1005,M2016,ACCT100285,DST300007,2026-01-02 04:50:00,247960,101658,010000,00,0200,0
T1005,M2001,ACCT100285,DST300110,2026-01-02 06:28:00,281623,102134,400000,00,0200,0
T1005,M2008,ACCT100285,DST300186,2026-01-02 08:40:00,227594,102453,400000,00,0200,0
T1005,M2013,ACCT100285,DST300124,2026-01-02 09:26:00,209768,102667,010000,00,0200,0
T1005,M2016,ACCT100285,DST300000,2026-01-02 11:13:00,185964,103017,400000,00,0200,0
T1005,M2003,ACCT100285,DST300158,2026-01-02 14:49:00,227946,103168,400000,00,0200,0
T1005,M2018,ACCT100285,DST300075,2026-01-02 15:30:00,224665,103423,400000,00,0200,0
T1005,M2008,ACCT100285,DST300069,2026-01-02 18:30:00,226193,103490,010000,00,0200,0
T1005,M2008,ACCT100285,DST300035,2026-01-02 19:30:00,263745,100070,400000,00,0200,0
T1005,M2006,ACCT100285,DST300011,2026-01-02 20:21:00,252328,100949,400000,68,0200,0
T1005,M2000,ACCT100285,DST300076,2026-01-02 21:24:00,269313,103739,400000,00,0200,0
T1005,M2009,ACCT100285,DST300158,2026-01-02 23:02:00,233363,104364,400000,00,0200,0
T1005,M2012,ACCT100285,DST300123,2026-01-03 01:53:00,241053,104426,010000,00,0200,0
T1005,M2009,ACCT100285,DST300114,2026-01-03 02:36:00,220275,104527,400000,00,0200,0
T1022,M2007,ACCT100286,DST300112,2026-01-12 01:33:00,64860,102816,010000,00,0200,0
T1022,M2017,ACCT100286,DST300085,2026-01-12 04:00:00,48460,103533,400000,00,0200,0
T1022,M2000,ACCT100286,DST300053,2026-01-12 05:01:00,28883,104368,400000,00,0200,0
T1022,M2009,ACCT100286,DST300020,2026-01-12 07:02:00,57937,104711,010000,00,0200,0
T1022,M2017,ACCT100286,DST300075,2026-01-12 07:24:00,47931,100097,010000,00,0200,0
T1022,M2001,ACCT100286,DST300184,2026-01-12 09:44:00,73114,104850,010000,00,0200,0
T1022,M2015,ACCT100286,DST300112,2026-01-12 10:29:00,34661,100524,010000,00,0200,0
T1022,M2001,ACCT100286,DST300009,2026-01-12 12:27:00,56434,100541,400000,00,0200,0
T1022,M2005,ACCT100286,DST300122,2026-01-12 13:30:00,54996,101528,010000,00,0200,0
T1022,M2000,ACCT100286,DST300033,2026-01-12 13:38:00,49620,102534,010000,00,0200,0
T1007,M2012,ACCT100287,DST300130,2026-01-16 01:01:00,102258,100975,010000,00,0200,0
T1007,M2006,ACCT100287,DST300192,2026-01-16 01:03:00,103288,101213,010000,00,0200,0
T1007,M2000,ACCT100287,DST300013,2026-01-16 03:06:00,65123,104249,010000,00,0200,0
T1007,M2011,ACCT100287,DST300163,2026-01-16 03:22:00,54860,104279,010000,00,0200,0
T1007,M2012,ACCT100287,DST300132,2026-01-16 04:29:00,20700,101385,010000,00,0200,0
T1007,M2017,ACCT100287,DST300173,2026-01-16 06:07:00,40441,101927,400000,00,0200,0
T1007,M2007,ACCT100287,DST300165,2026-01-16 06:36:00,36069,104363,400000,00,0200,0
T1007,M2014,ACCT100287,DST300169,2026-01-16 07:53:00,62216,102305,400000,00,0200,0
T1007,M2010,ACCT100287,DST300101,2026-01-16 09:13:00,70089,104735,400000,00,0200,0
T1007,M2019,ACCT100287,DST300169,2026-01-16 09:42:00,87007,102701,010000,00,0200,0
T1007,M2003,ACCT100287,DST300055,2026-01-16 10:26:00,43393,103119,010000,00,0200,0
T1007,M2017,ACCT100287,DST300030,2026-01-16 10:35:00,92710,104838,010000,51,0200,0
T1007,M2018,ACCT100287,DST300082,2026-01-16 10:39:00,60317,100849,010000,51,0200,0
T1007,M2019,ACCT100287,DST300070,2026-01-16 13:10:00,89711,103326,010000,00,0200,0
T1016,M2000,ACCT100288,DST300065,2026-01-17 23:04:00,97440,100363,010000,00,0200,0
T1016,M2003,ACCT100288,DST300195,2026-01-18 02:41:00,106506,100539,400000,00,0200,0
T1016,M2013,ACCT100288,DST300111,2026-01-18 06:39:00,104223,100722,400000,00,0200,0
T1016,M2013,ACCT100288,DST300154,2026-01-18 09:15:00,120778,100861,010000,00,0200,0
T1016,M2007,ACCT100288,DST300114,2026-01-18 09:17:00,107464,100863,010000,00,0200,0
T1016,M2001,ACCT100288,DST300116,2026-01-18 11:49:00,126511,100972,010000,00,0200,0
T1016,M2015,ACCT100288,DST300180,2026-01-18 14:33:00,111623,101438,400000,00,0200,0
T1016,M2015,ACCT100288,DST300002,2026-01-18 14:45:00,147634,101640,010000,00,0200,0
T1016,M2016,ACCT100288,DST300138,2026-01-18 15:13:00,93398,101787,400000,00,0200,0
T1016,M2013,ACCT100288,DST300147,2026-01-18 15:16:00,88373,102180,010000,00,0200,0
T1016,M2013,ACCT100288,DST300059,2026-01-18 15:31:00,110375,103049,010000,00,0200,0
T1016,M2008,ACCT100288,DST300112,2026-01-18 16:49:00,148134,103674,010000,00,0200,0
T1016,M2002,ACCT100288,DST300019,2026-01-18 17:17:00,140878,104655,010000,00,0200,0
T1016,M2006,ACCT100288,DST300142,2026-01-18 18:35:00,70484,104952,010000,00,0200,0
T1000,M2007,ACCT100289,DST300004,2026-01-11 19:44:00,301521,100768,400000,00,0200,0
T1007,M2006,ACCT100289,DST300165,2026-01-11 19:47:00,285196,101246,010000,00,0200,1
T1007,M2007,ACCT100289,DST300072,2026-01-11 22:31:00,298923,101396,400000,00,0200,0
T1007,M2005,ACCT100289,DST300023,2026-01-12 00:05:00,305815,101745,400000,00,0200,0
T1007,M2014,ACCT100289,DST300068,2026-01-12 03:39:00,315501,101850,010000,00,0200,0
T1007,M2017,ACCT100289,DST300122,2026-01-12 04:48:00,329673,102042,400000,00,0200,0
T1007,M2013,ACCT100289,DST300107,2026-01-12 08:28:00,296979,102191,010000,00,0200,0
T1007,M2007,ACCT100289,DST300176,2026-01-12 09:29:00,318895,103120,010000,00,0200,0
T1007,M2006,ACCT100289,DST300133,2026-01-12 11:07:00,369738,103187,400000,00,0200,0
T1007,M2009,ACCT100289,DST300139,2026-01-12 12:13:00,291285,103771,400000,00,0200,0
T1007,M2016,ACCT100289,DST300027,2026-01-12 14:22:00,323046,103896,010000,00,0200,0
T1007,M2006,ACCT100289,DST300026,2026-01-12 17:32:00,317412,104048,010000,00,0200,0
T1007,M2015,ACCT100289,DST300036,2026-01-12 18:00:00,305166,104092,010000,00,0200,0
T1007,M2019,ACCT100289,DST300005,2026-01-12 20:51:00,341816,104204,010000,00,0200,0
T1007,M2015,ACCT100289,DST300132,2026-01-12 22:53:00,272600,104393,010000,00,0200,0
T1029,M2009,ACCT100290,DST300138,2026-01-04 15:29:00,220580,100667,010000,00,0200,0
T1022,M2014,ACCT100290,DST300175,2026-01-04 15:33:00,167589,100877,010000,00,0200,1
T1022,M2017,ACCT100290,DST300087,2026-01-04 18:23:00,166546,101061,400000,00,0200,0
T1022,M2005,ACCT100290,DST300176,2026-01-04 21:15:00,197805,101079,010000,00,0200,0
T1022,M2018,ACCT100290,DST300002,2026-01-04 21:45:00,228233,101167,010000,00,0200,0
T1022,M2000,ACCT100290,DST300118,2026-01-04 22:45:00,190554,101425,400000,00,0200,0
T1022,M2002,ACCT100290,DST300106,2026-01-04 23:50:00,202063,101942,400000,00,0200,0
T1022,M2010,ACCT100290,DST300009,2026-01-05 01:06:00,166326,103102,010000,00,0200,0
T1022,M2009,ACCT100290,DST300100,2026-01-05 01:28:00,233942,102773,400000,00,0200,0
T1022,M2013,ACCT100290,DST300024,2026-01-05 02:07:00,200975,102645,400000,00,0200,0
T1006,M2009,ACCT100291,DST300005,2026-01-11 07:38:00,318707,101214,400000,00,0200,0
T1014,M2007,ACCT100291,DST300183,2026-01-11 07:43:00,347240,101363,010000,00,0200,1
T1014,M2002,ACCT100291,DST300056,2026-01-11 09:40:00,371906,102070,400000,00,0200,0
T1014,M2007,ACCT100291,DST300157,2026-01-11 12:57:00,327033,102237,010000,00,0200,0
T1014,M2013,ACCT100291,DST300005,2026-01-11 13:11:00,337548,102264,400000,00,0200,0
T1014,M2003,ACCT100291,DST300057,2026-01-11 15:40:00,329781,102273,400000,00,0200,0
T1014,M2006,ACCT100291,DST300094,2026-01-11 18:14:00,301248,102469,400000,00,0200,0
T1014,M2005,ACCT100291,DST300093,2026-01-11 20:24:00,293703,102490,010000,00,0200,0
T1014,M2012,ACCT100291,DST300130,2026-01-11 21:37:00,282107,103297,400000,00,0200,0
T1014,M2009,ACCT100291,DST300123,2026-01-12 00:00:00,336045,103481,010000,00,0200,0
T1014,M2016,ACCT100291,DST300162,2026-01-12 02:41:00,349377,103639,400000,00,0200,0
T1014,M2019,ACCT100291,DST300151,2026-01-12 03:44:00,326371,104313,400000,00,0200,0
T1014,M2011,ACCT100291,DST300079,2026-01-12 03:56:00,319408,104737,010000,00,0200,0
T1014,M2017,ACCT100291,DST300193,2026-01-12 04:47:00,335093,103907,010000,00,0200,0
T1014,M2003,ACCT100291,DST300182,2026-01-12 06:09:00,314621,104088,010000,00,0200,0
T1014,M2006,ACCT100291,DST300153,2026-01-12 06:15:00,332412,104184,400000,00,0200,0
T1014,M2012,ACCT100291,DST300017,2026-01-12 06:21:00,349683,104466,010000,00,0200,0
T1014,M2000,ACCT100291,DST300146,2026-01-12 06:54:00,311361,104909,400000,00,0200,0
T1017,M2008,ACCT100292,DST300088,2026-01-13 12:10:00,65699,100106,010000,00,0200,0
T1017,M2013,ACCT100292,DST300155,2026-01-13 13:03:00,72716,100557,010000,00,0200,0
T1017,M2019,ACCT100292,DST300088,2026-01-13 13:58:00,98928,101004,400000,00,0200,0
T1017,M2004,ACCT100292,DST300139,2026-01-13 16:05:00,104736,101190,400000,00,0200,0
T1022,M2019,ACCT100292,DST300054,2026-01-13 16:07:00,84622,101646,010000,00,0200,1
T1022,M2006,ACCT100292,DST300099,2026-01-13 16:57:00,77080,101731,400000,00,0200,0
T1022,M2014,ACCT100292,DST300050,2026-01-13 19:11:00,52347,101761,400000,00,0200,0
T1022,M2007,ACCT100292,DST300057,2026-01-13 22:35:00,97655,101964,400000,00,0200,0
T1022,M2016,ACCT100292,DST300022,2026-01-14 02:33:00,94613,101998,010000,00,0200,0
T1022,M2007,ACCT100292,DST300011,2026-01-14 04:22:00,87983,103646,010000,51,0200,0
T1022,M2009,ACCT100292,DST300018,2026-01-14 04:33:00,59542,103672,010000,00,0200,0
T1022,M2015,ACCT100292,DST300007,2026-01-14 05:09:00,46028,102188,010000,00,0200,0
T1022,M2009,ACCT100292,DST300163,2026-01-14 06:17:00,54728,104038,010000,00,0200,0
T1022,M2019,ACCT100292,DST300159,2026-01-14 06:20:00,44752,104067,400000,00,0200,0
T1022,M2003,ACCT100292,DST300170,2026-01-14 06:51:00,92878,102334,400000,00,0200,0
T1022,M2014,ACCT100292,DST300166,2026-01-14 07:27:00,130577,102374,400000,00,0200,0
T1022,M2013,ACCT100292,DST300148,2026-01-14 07:40:00,92927,102996,010000,00,0200,0
T1022,M2010,ACCT100292,DST999999,2026-01-14 07:42:00,119888,103068,400000,00,0200,1
T1022,M2002,ACCT100292,DST999999,2026-01-14 07:44:00,72666,103069,400000,00,0200,1
T1022,M2004,ACCT100292,DST999999,2026-01-14 07:46:00,110565,103070,400000,00,0200,1
T1022,M2004,ACCT100292,DST300085,2026-01-14 09:40:00,73738,104074,400000,00,0200,0
T1022,M2019,ACCT100292,DST300187,2026-01-14 09:44:00,107530,103169,010000,00,0200,0
T1022,M2005,ACCT100292,DST300038,2026-01-14 11:32:00,52555,104097,400000,00,0200,0
T1022,M2006,ACCT100292,DST300021,2026-01-14 12:40:00,100783,103532,010000,00,0200,0
T1022,M2011,ACCT100292,DST300146,2026-01-14 15:13:00,44147,103546,010000,00,0200,0
T1022,M2011,ACCT100292,DST300108,2026-01-14 15:23:00,65985,104156,010000,00,0200,0
T1022,M2001,ACCT100292,DST300074,2026-01-14 16:09:00,99153,104570,400000,00,0200,0
T1022,M2015,ACCT100293,DST300194,2026-01-03 22:45:00,50955,100038,010000,00,0200,0
T1022,M2011,ACCT100293,DST300155,2026-01-04 01:34:00,46761,102909,010000,00,0200,0
T1022,M2017,ACCT100293,DST300070,2026-01-04 02:00:00,26936,100183,010000,00,0200,0
T1022,M2007,ACCT100293,DST300076,2026-01-04 04:02:00,82038,103024,010000,00,0200,0
T1022,M2000,ACCT100293,DST300109,2026-01-04 04:31:00,59778,101677,400000,00,0200,0
T1022,M2000,ACCT100293,DST300135,2026-01-04 05:20:00,70949,100429,010000,00,0200,0
T1022,M2001,ACCT100293,DST300137,2026-01-04 06:47:00,71877,100655,400000,00,0200,0
T1022,M2019,ACCT100293,DST300113,2026-01-04 07:48:00,40062,103513,400000,00,0200,0
T1022,M2018,ACCT100293,DST300129,2026-01-04 08:00:00,76226,102024,400000,00,0200,0
T1022,M2001,ACCT100293,DST300158,2026-01-04 09:29:00,76398,101088,400000,00,0200,0
T1022,M2002,ACCT100293,DST300065,2026-01-04 09:32:00,69495,101406,010000,00,0200,0
T1022,M2003,ACCT100293,DST300035,2026-01-04 09:54:00,61643,103681,010000,00,0200,0
T1022,M2019,ACCT100293,DST300158,2026-01-04 10:21:00,31656,102674,010000,00,0200,0
T1022,M2018,ACCT100293,DST300080,2026-01-04 12:30:00,95655,103687,400000,51,0200,0
T1022,M2006,ACCT100293,DST300004,2026-01-04 12:50:00,344914,104150,010000,00,0200,1
T1022,M2014,ACCT100293,DST300117,2026-01-04 16:14:00,65872,104701,010000,00,0200,0
T1021,M2012,ACCT100294,DST300125,2026-01-12 15:03:00,97269,100085,400000,00,0200,0
T1021,M2015,ACCT100294,DST300188,2026-01-12 15:08:00,54289,101632,400000,00,0200,0
T1021,M2007,ACCT100294,DST300092,2026-01-12 17:12:00,53665,102737,010000,00,0200,0
T1021,M2008,ACCT100294,DST300097,2026-01-12 18:01:00,64550,103270,010000,00,0200,0
T1021,M2007,ACCT100294,DST300168,2026-01-12 20:06:00,117438,103276,010000,00,0200,0
T1021,M2000,ACCT100294,DST300047,2026-01-12 21:33:00,70154,103652,010000,00,0200,0
T1021,M2019,ACCT100294,DST300128,2026-01-13 01:27:00,59160,104201,400000,00,0200,0
T1021,M2010,ACCT100294,DST300036,2026-01-13 03:01:00,84493,104477,400000,00,0200,0
T1021,M2008,ACCT100294,DST300056,2026-01-13 05:24:00,68409,104914,010000,00,0200,0
T1029,M2002,ACCT100295,DST300165,2026-01-19 01:23:00,20000,100439,010000,00,0200,0
T1029,M2007,ACCT100295,DST300030,2026-01-19 04:41:00,94290,101250,400000,00,0200,0
T1029,M2009,ACCT100295,DST300033,2026-01-19 06:53:00,34318,101328,400000,00,0200,0
T1029,M2015,ACCT100295,DST300193,2026-01-19 09:56:00,20000,101814,400000,68,0200,0
T1029,M2005,ACCT100295,DST300127,2026-01-19 13:18:00,44166,102371,400000,00,0200,0
T1029,M2001,ACCT100295,DST300074,2026-01-19 16:47:00,20000,102551,400000,00,0200,0
T1029,M2001,ACCT100295,DST300073,2026-01-19 16:50:00,30840,103020,400000,51,0200,0
T1029,M2013,ACCT100295,DST300064,2026-01-19 17:10:00,65456,100175,300000,55,0200,1
T1029,M2010,ACCT100295,DST300175,2026-01-19 17:11:00,54299,100176,300000,55,0200,1
T1029,M2005,ACCT100295,DST300197,2026-01-19 17:12:00,20000,100177,300000,55,0200,1
T1029,M2010,ACCT100295,DST300190,2026-01-19 17:39:00,40903,100312,400000,00,0200,0
T1029,M2017,ACCT100295,DST300031,2026-01-19 19:02:00,20400,103369,400000,00,0200,0
T1029,M2000,ACCT100295,DST300052,2026-01-19 20:03:00,60491,103420,010000,00,0200,0
T1029,M2013,ACCT100295,DST300026,2026-01-19 20:30:00,56570,100329,010000,00,0200,0
T1029,M2009,ACCT100295,DST300086,2026-01-19 21:53:00,43672,100378,010000,00,0200,0
T1029,M2012,ACCT100295,DST300087,2026-01-19 23:36:00,55559,103457,010000,00,0200,0
T1029,M2009,ACCT100295,DST300167,2026-01-20 02:47:00,56529,103618,010000,68,0200,0
T1029,M2007,ACCT100295,DST300137,2026-01-20 05:40:00,60659,103895,400000,00,0200,0
T1029,M2011,ACCT100295,DST300058,2026-01-20 09:25:00,69396,104086,010000,00,0200,0
T1024,M2014,ACCT100296,DST300184,2026-01-05 04:49:00,144217,100887,400000,00,0200,0
T1024,M2001,ACCT100296,DST300011,2026-01-05 05:30:00,106648,100957,400000,00,0200,0
T1024,M2006,ACCT100296,DST300011,2026-01-05 08:32:00,126463,101175,400000,00,0200,0
T1024,M2000,ACCT100296,DST300114,2026-01-05 11:20:00,178842,101204,400000,00,0200,0
T1024,M2005,ACCT100296,DST300049,2026-01-05 12:15:00,182547,101523,010000,00,0200,0
T1024,M2003,ACCT100296,DST300077,2026-01-05 14:25:00,129578,102026,400000,00,0200,0
T1024,M2002,ACCT100296,DST300060,2026-01-05 15:27:00,121711,102557,010000,00,0200,0
T1024,M2016,ACCT100296,DST300097,2026-01-05 17:13:00,137422,102566,400000,00,0200,0
T1024,M2014,ACCT100296,DST300171,2026-01-05 20:12:00,153911,100675,010000,68,0200,0
T1024,M2014,ACCT100296,DST300071,2026-01-05 20:22:00,144343,103041,400000,00,0200,0
T1024,M2005,ACCT100296,DST300190,2026-01-05 21:09:00,79832,103137,400000,51,0200,0
T1024,M2010,ACCT100296,DST300086,2026-01-05 22:55:00,120873,103551,400000,00,0200,0
T1024,M2004,ACCT100296,DST300078,2026-01-06 00:31:00,154990,103807,400000,00,0200,0
T1024,M2006,ACCT100296,DST300063,2026-01-06 02:44:00,125059,103975,400000,00,0200,0
T1024,M2007,ACCT100296,DST300168,2026-01-06 02:46:00,116667,104138,010000,00,0200,0
T1024,M2005,ACCT100296,DST300128,2026-01-06 05:07:00,139070,104199,010000,00,0200,0
T1024,M2018,ACCT100296,DST999999,2026-01-06 05:09:00,183526,104686,400000,00,0200,1
T1024,M2012,ACCT100296,DST999999,2026-01-06 05:11:00,126939,104687,400000,00,0200,1
T1024,M2003,ACCT100296,DST999999,2026-01-06 05:13:00,135333,104688,400000,00,0200,1
T1024,M2019,ACCT100296,DST300174,2026-01-06 05:44:00,146430,104964,010000,00,0200,0
T1007,M2005,ACCT100297,DST300158,2026-01-15 14:47:00,80791,100259,400000,00,0200,0
T1007,M2000,ACCT100297,DST300044,2026-01-15 16:38:00,80905,100666,400000,00,0200,0
T1007,M2003,ACCT100297,DST300046,2026-01-15 19:41:00,79773,100753,400000,00,0200,0
T1007,M2007,ACCT100297,DST300148,2026-01-15 22:05:00,103287,101041,400000,00,0200,0
T1007,M2006,ACCT100297,DST300048,2026-01-16 00:21:00,84090,101329,010000,00,0200,0
T1007,M2015,ACCT100297,DST300018,2026-01-16 00:47:00,63272,101431,010000,00,0200,0
T1007,M2010,ACCT100297,DST300044,2026-01-16 02:20:00,26732,102262,400000,00,0200,0
T1007,M2000,ACCT100297,DST300188,2026-01-16 04:08:00,77464,102393,400000,00,0200,0
T1007,M2002,ACCT100297,DST300097,2026-01-16 07:52:00,45289,102416,400000,00,0200,0
T1007,M2013,ACCT100297,DST300147,2026-01-16 11:10:00,63101,102698,400000,00,0200,0
T1007,M2006,ACCT100297,DST300038,2026-01-16 12:46:00,54689,102723,010000,00,0200,0
T1007,M2000,ACCT100297,DST300011,2026-01-16 16:25:00,80528,102754,010000,00,0200,0
T1007,M2014,ACCT100297,DST300025,2026-01-16 18:50:00,54968,102879,400000,00,0200,0
T1007,M2012,ACCT100297,DST300142,2026-01-16 18:51:00,93629,102901,300000,55,0200,1
T1007,M2017,ACCT100297,DST300002,2026-01-16 18:52:00,50048,102902,300000,55,0200,1
T1007,M2019,ACCT100297,DST300161,2026-01-16 22:27:00,50490,102949,400000,00,0200,0
T1007,M2000,ACCT100297,DST300006,2026-01-17 01:07:00,93260,103512,400000,00,0200,0
T1007,M2014,ACCT100297,DST300051,2026-01-17 02:14:00,84728,103900,400000,00,0200,0
T1007,M2013,ACCT100297,DST300002,2026-01-17 04:53:00,72500,104161,400000,00,0200,0
T1016,M2008,ACCT100298,DST300191,2026-01-14 21:42:00,127624,100405,010000,00,0200,0
T1016,M2006,ACCT100298,DST300099,2026-01-14 23:25:00,131014,100478,010000,00,0200,0
T1016,M2015,ACCT100298,DST300147,2026-01-15 00:10:00,116367,100532,400000,00,0200,0
T1016,M2000,ACCT100298,DST300112,2026-01-15 01:25:00,96722,100895,400000,00,0200,0
T1016,M2011,ACCT100298,DST300100,2026-01-15 03:58:00,85717,101031,010000,00,0200,0
T1016,M2004,ACCT100298,DST300103,2026-01-15 05:55:00,103934,101178,010000,00,0200,0
T1016,M2004,ACCT100298,DST300039,2026-01-15 08:58:00,163094,101994,400000,00,0200,0
T1016,M2008,ACCT100298,DST300023,2026-01-15 09:22:00,697587,103734,010000,00,0200,1
T1016,M2001,ACCT100298,DST300130,2026-01-15 09:45:00,108024,103746,010000,00,0200,0
T1016,M2010,ACCT100298,DST300028,2026-01-15 10:12:00,108898,104111,400000,00,0200,0
T1016,M2011,ACCT100298,DST300159,2026-01-15 13:54:00,148026,104116,400000,00,0200,0
T1016,M2011,ACCT100298,DST300035,2026-01-15 15:46:00,137293,104181,400000,00,0200,0
T1016,M2011,ACCT100298,DST300187,2026-01-15 15:47:00,145577,104269,300000,55,0200,1
T1016,M2004,ACCT100298,DST300196,2026-01-15 15:48:00,131080,104270,300000,55,0200,1
T1016,M2009,ACCT100298,DST300195,2026-01-15 15:49:00,151948,104271,300000,55,0200,1
T1016,M2010,ACCT100298,DST300097,2026-01-15 15:50:00,127091,104272,300000,55,0200,1
T1016,M2002,ACCT100298,DST300123,2026-01-15 15:51:00,155900,104574,300000,55,0200,1
T1016,M2009,ACCT100298,DST300145,2026-01-15 15:52:00,135423,104575,300000,55,0200,1
T1016,M2014,ACCT100298,DST300160,2026-01-15 15:53:00,135537,104576,300000,55,0200,1
T1016,M2002,ACCT100298,DST300087,2026-01-15 15:54:00,111917,104577,300000,55,0200,1
T1016,M2014,ACCT100298,DST300047,2026-01-15 18:25:00,145559,104617,400000,51,0200,0
T1016,M2014,ACCT100298,DST300160,2026-01-15 18:49:00,145239,104973,400000,00,0200,0
T1015,M2003,ACCT100299,DST300169,2026-01-02 03:02:00,44431,100128,400000,00,0200,0
T1015,M2003,ACCT100299,DST300102,2026-01-02 05:21:00,68453,100291,010000,00,0200,0
T1015,M2004,ACCT100299,DST300158,2026-01-02 07:02:00,31436,100483,400000,00,0200,0
T1015,M2009,ACCT100299,DST300063,2026-01-02 08:37:00,44097,100586,010000,00,0200,0
T1015,M2019,ACCT100299,DST300118,2026-01-02 11:53:00,21762,100919,010000,00,0200,0
T1015,M2019,ACCT100299,DST300169,2026-01-02 11:54:00,70548,101169,010000,00,0200,0
T1015,M2002,ACCT100299,DST300000,2026-01-02 14:50:00,27294,101200,010000,00,0200,0
T1015,M2003,ACCT100299,DST300172,2026-01-02 18:18:00,25377,101823,400000,00,0200,0
T1015,M2001,ACCT100299,DST300013,2026-01-02 19:31:00,71356,102098,010000,00,0200,0
T1015,M2017,ACCT100299,DST300198,2026-01-02 20:07:00,30900,102473,010000,00,0200,0
T1015,M2009,ACCT100299,DST300196,2026-01-02 22:27:00,64133,103387,400000,00,0200,0
T1015,M2015,ACCT100299,DST300126,2026-01-02 22:29:00,38471,104080,400000,00,0200,0
T1015,M2005,ACCT100299,DST300018,2026-01-03 01:36:00,48445,104662,400000,00,0200,0
T1015,M2015,ACCT100299,DST300147,2026-01-03 01:41:00,53921,104120,010000,00,0200,0
T1015,M2001,ACCT100299,DST300163,2026-01-03 01:53:00,57989,104215,010000,00,0200,0
T1015,M2012,ACCT100299,DST300063,2026-01-03 03:06:00,72870,104927,400000,00,0200,0
T1015,M2005,ACCT100299,DST300196,2026-01-03 04:22:00,45549,104988,010000,00,0200,0
T1015,M2000,ACCT100299,DST300151,2026-01-03 05:01:00,82361,104870,010000,00,0200,0
T1015,M2000,ACCT100299,DST300027,2026-01-03 05:06:00,58307,104277,400000,00,0200,0
T1015,M2002,ACCT100299,DST300184,2026-01-03 05:49:00,77087,104403,010000,00,0200,0
T1015,M2002,ACCT100299,DST300139,2026-01-03 09:24:00,51450,104428,010000,00,0200,0
T1015,M2018,ACCT100299,DST300167,2026-01-03 09:41:00,88394,104587,400000,00,0200,0
T1015,M2008,ACCT100299,DST300156,2026-01-03 12:09:00,20000,104598,400000,00,0200,0
T1013,M2002,ACCT100300,DST300166,2026-01-16 00:40:00,163076,100180,010000,00,0200,0
T1013,M2014,ACCT100300,DST300025,2026-01-16 01:52:00,160681,100732,010000,00,0200,0
T1013,M2011,ACCT100300,DST300019,2026-01-16 05:33:00,184789,100820,010000,00,0200,0
T1013,M2001,ACCT100300,DST300141,2026-01-16 06:48:00,197374,101466,400000,00,0200,0
T1013,M2009,ACCT100300,DST300195,2026-01-16 08:38:00,192249,101806,400000,00,0200,0
T1013,M2010,ACCT100300,DST300128,2026-01-16 08:39:00,169127,101954,300000,55,0200,1
T1013,M2007,ACCT100300,DST300016,2026-01-16 08:40:00,230111,101955,300000,55,0200,1
T1013,M2005,ACCT100300,DST300087,2026-01-16 08:41:00,236075,101956,300000,55,0200,1
T1013,M2010,ACCT100300,DST300109,2026-01-16 08:42:00,181131,101957,300000,55,0200,1
T1013,M2001,ACCT100300,DST999999,2026-01-16 08:44:00,198478,102671,400000,00,0200,1
T1013,M2002,ACCT100300,DST999999,2026-01-16 08:46:00,179825,102672,400000,00,0200,1
T1013,M2016,ACCT100300,DST300055,2026-01-16 10:22:00,191686,102791,010000,00,0200,0
T1013,M2003,ACCT100300,DST300060,2026-01-16 11:54:00,179898,102976,400000,00,0200,0
T1013,M2001,ACCT100300,DST300170,2026-01-16 12:56:00,163826,103286,010000,00,0200,0
T1013,M2003,ACCT100300,DST300061,2026-01-16 14:38:00,203602,103661,010000,00,0200,0
T1013,M2006,ACCT100300,DST300155,2026-01-16 17:52:00,143408,104420,400000,00,0200,0
T1013,M2017,ACCT100300,DST300003,2026-01-16 21:22:00,188682,104514,010000,00,0200,0
T1013,M2016,ACCT100300,DST300024,2026-01-16 23:25:00,177655,104731,400000,00,0200,0
T1013,M2017,ACCT100300,DST300119,2026-01-17 00:29:00,162602,104823,400000,00,0200,0
T1013,M2002,ACCT100300,DST300056,2026-01-17 04:22:00,205744,104849,400000,00,0200,0
T1015,M2019,ACCT100301,DST300077,2026-01-15 01:17:00,216160,100718,010000,00,0200,0
T1015,M2008,ACCT100301,DST300002,2026-01-15 04:43:00,252056,101524,400000,00,0200,0
T1015,M2011,ACCT100301,DST300034,2026-01-15 08:27:00,234372,101529,400000,00,0200,0
T1015,M2002,ACCT100301,DST300143,2026-01-15 08:41:00,222557,102924,400000,68,0200,0
T1015,M2019,ACCT100301,DST300146,2026-01-15 11:41:00,230242,103303,400000,00,0200,0
T1015,M2018,ACCT100301,DST300179,2026-01-15 13:58:00,244369,100108,400000,00,0200,0
T1015,M2011,ACCT100301,DST300121,2026-01-15 15:01:00,226553,103556,010000,00,0200,0
T1015,M2004,ACCT100301,DST300185,2026-01-15 17:02:00,233924,103620,400000,00,0200,0
T1015,M2001,ACCT100301,DST300121,2026-01-15 17:51:00,197645,100622,010000,00,0200,0
T1015,M2007,ACCT100301,DST300149,2026-01-15 18:54:00,197176,103688,400000,00,0200,0
T1015,M2008,ACCT100301,DST300080,2026-01-15 20:30:00,204336,100640,400000,00,0200,0
T1015,M2004,ACCT100301,DST300159,2026-01-15 21:31:00,216396,104105,010000,00,0200,0
T1015,M2002,ACCT100301,DST300055,2026-01-15 22:18:00,240682,100673,010000,00,0200,0
T1015,M2005,ACCT100301,DST300066,2026-01-16 00:00:00,196969,104139,400000,00,0200,0
T1015,M2005,ACCT100301,DST300167,2026-01-16 00:16:00,224520,104248,400000,51,0200,0
T1015,M2001,ACCT100301,DST300054,2026-01-16 03:49:00,242043,104443,010000,00,0200,0
T1015,M2009,ACCT100301,DST300126,2026-01-16 07:00:00,193661,104916,010000,00,0200,0
T1012,M2000,ACCT100302,DST300190,2026-01-15 14:11:00,367997,100009,010000,00,0200,0
T1012,M2015,ACCT100302,DST300172,2026-01-15 17:04:00,313960,100434,010000,00,0200,0
T1012,M2002,ACCT100302,DST300014,2026-01-15 19:24:00,265843,100446,400000,00,0200,0
T1012,M2001,ACCT100302,DST300171,2026-01-15 20:43:00,323311,100458,400000,00,0200,0
T1012,M2004,ACCT100302,DST300104,2026-01-15 21:12:00,318345,100791,010000,00,0200,0
T1012,M2007,ACCT100302,DST300113,2026-01-15 22:59:00,329306,101023,010000,00,0200,0
T1012,M2008,ACCT100302,DST300179,2026-01-16 00:52:00,321990,101068,400000,00,0200,0
T1012,M2004,ACCT100302,DST300182,2026-01-16 03:36:00,299139,102459,010000,00,0200,0
T1012,M2002,ACCT100302,DST300057,2026-01-16 04:03:00,342043,101137,010000,00,0200,0
T1012,M2002,ACCT100302,DST300184,2026-01-16 07:00:00,332622,102513,010000,00,0200,0
T1012,M2012,ACCT100302,DST300072,2026-01-16 07:35:00,319578,101297,400000,00,0200,0
T1012,M2015,ACCT100302,DST300099,2026-01-16 09:46:00,283260,101540,400000,00,0200,0
T1012,M2010,ACCT100302,DST300023,2026-01-16 10:43:00,284467,102594,010000,00,0200,0
T1012,M2015,ACCT100302,DST300181,2026-01-16 12:53:00,329268,102641,400000,00,0200,0
T1012,M2018,ACCT100302,DST300115,2026-01-16 15:26:00,296086,103418,010000,00,0200,0
T1012,M2010,ACCT100302,DST300024,2026-01-16 16:50:00,320183,103552,010000,00,0200,0
T1012,M2002,ACCT100302,DST300164,2026-01-16 19:31:00,313041,103612,010000,00,0200,0
T1012,M2001,ACCT100302,DST300029,2026-01-16 21:35:00,298368,104032,010000,00,0200,0
T1012,M2012,ACCT100302,DST300102,2026-01-16 21:41:00,326644,104635,400000,00,0200,0
T1028,M2003,ACCT100303,DST300193,2026-01-13 18:22:00,164703,100060,400000,00,0200,0
T1028,M2007,ACCT100303,DST300185,2026-01-13 18:31:00,205497,100399,400000,00,0200,0
T1028,M2009,ACCT100303,DST300038,2026-01-13 20:18:00,187713,100783,010000,00,0200,0
T1028,M2000,ACCT100303,DST999999,2026-01-13 20:20:00,196143,100903,400000,00,0200,1
T1028,M2012,ACCT100303,DST999999,2026-01-13 20:22:00,184789,100904,400000,00,0200,1
T1028,M2015,ACCT100303,DST300178,2026-01-13 22:21:00,128720,101076,400000,00,0200,0
T1028,M2004,ACCT100303,DST300095,2026-01-13 22:22:00,147173,101392,400000,00,0200,0
T1028,M2019,ACCT100303,DST999999,2026-01-13 22:24:00,170263,101594,400000,00,0200,1
T1028,M2004,ACCT100303,DST999999,2026-01-13 22:26:00,178014,101595,400000,00,0200,1
T1028,M2014,ACCT100303,DST300008,2026-01-13 23:04:00,131802,102241,010000,00,0200,0
T1028,M2017,ACCT100303,DST300177,2026-01-14 01:25:00,177261,102347,010000,51,0200,0
T1028,M2005,ACCT100303,DST300177,2026-01-14 02:12:00,149540,102404,010000,00,0200,0
T1028,M2014,ACCT100303,DST300106,2026-01-14 05:58:00,148306,102713,010000,00,0200,0
T1010,M2000,ACCT100303,DST300123,2026-01-14 06:03:00,145016,103100,010000,00,0200,1
T1010,M2017,ACCT100303,DST300060,2026-01-14 07:29:00,160606,103373,010000,00,0200,0
T1010,M2001,ACCT100303,DST300090,2026-01-14 07:32:00,177057,104042,010000,00,0200,0
T1010,M2012,ACCT100303,DST300100,2026-01-14 10:01:00,151412,104148,010000,51,0200,0
T1010,M2000,ACCT100303,DST300138,2026-01-14 11:30:00,178165,104258,010000,00,0200,0
T1010,M2009,ACCT100303,DST300071,2026-01-14 14:27:00,123122,104723,400000,00,0200,0
T1018,M2014,ACCT100304,DST300189,2026-01-14 20:11:00,78782,100292,400000,00,0200,0
T1018,M2015,ACCT100304,DST300033,2026-01-14 22:38:00,54126,100659,010000,00,0200,0
T1018,M2017,ACCT100304,DST300121,2026-01-15 01:01:00,91145,100884,010000,00,0200,0
T1018,M2011,ACCT100304,DST300096,2026-01-15 03:56:00,65024,102208,010000,00,0200,0
T1018,M2006,ACCT100304,DST300000,2026-01-15 04:25:00,108789,104391,010000,00,0200,0
T1018,M2008,ACCT100304,DST300130,2026-01-15 05:00:00,66619,102484,400000,00,0200,0
T1018,M2013,ACCT100304,DST300094,2026-01-15 05:45:00,75691,104640,400000,00,0200,0
T1018,M2015,ACCT100304,DST300033,2026-01-15 08:09:00,124686,104664,400000,00,0200,0
T1018,M2006,ACCT100304,DST300099,2026-01-15 08:27:00,67814,102686,010000,00,0200,0
T1018,M2002,ACCT100304,DST300014,2026-01-15 08:29:00,57629,102846,400000,00,0200,0
T1018,M2013,ACCT100304,DST300160,2026-01-15 08:56:00,499316,103927,010000,00,0200,1
T1018,M2010,ACCT100304,DST300172,2026-01-15 10:28:00,90089,104925,400000,00,0200,0
T1018,M2014,ACCT100304,DST300057,2026-01-15 11:49:00,52695,103947,010000,00,0200,0
T1025,M2014,ACCT100305,DST300109,2026-01-18 00:22:00,353533,100309,010000,00,0200,0
T1025,M2001,ACCT100305,DST300079,2026-01-18 01:41:00,258514,100584,010000,00,0200,0
T1025,M2000,ACCT100305,DST300188,2026-01-18 03:47:00,404715,101255,010000,00,0200,0
T1025,M2002,ACCT100305,DST300140,2026-01-18 06:36:00,358609,101469,010000,00,0200,0
T1025,M2005,ACCT100305,DST300132,2026-01-18 09:41:00,314664,102715,010000,00,0200,0
T1025,M2016,ACCT100305,DST300081,2026-01-18 09:42:00,356959,102975,400000,00,0200,0
T1025,M2019,ACCT100305,DST300164,2026-01-18 12:17:00,323346,103032,400000,00,0200,0
T1025,M2019,ACCT100305,DST999999,2026-01-18 12:19:00,325642,104399,400000,00,0200,1
T1025,M2016,ACCT100305,DST999999,2026-01-18 12:21:00,341884,104400,400000,00,0200,1
T1025,M2011,ACCT100305,DST999999,2026-01-18 12:23:00,358538,104401,400000,00,0200,1
T1025,M2001,ACCT100305,DST300093,2026-01-18 14:28:00,350789,104495,010000,68,0200,0
T1025,M2005,ACCT100305,DST300132,2026-01-18 17:40:00,305487,104642,400000,00,0200,0
T1025,M2017,ACCT100305,DST300135,2026-01-18 19:34:00,336429,104832,010000,00,0200,0
T1021,M2008,ACCT100306,DST300076,2026-01-02 14:37:00,285580,100213,010000,51,0200,0
T1021,M2014,ACCT100306,DST300008,2026-01-02 15:38:00,299672,100275,400000,00,0200,0
T1021,M2012,ACCT100306,DST300191,2026-01-02 19:28:00,338025,101177,400000,00,0200,0
T1021,M2003,ACCT100306,DST300184,2026-01-02 22:59:00,305772,101294,010000,00,0200,0
T1021,M2005,ACCT100306,DST300051,2026-01-03 02:36:00,335650,102442,400000,00,0200,0
T1021,M2001,ACCT100306,DST300072,2026-01-03 05:26:00,319817,102760,010000,00,0200,0
T1021,M2008,ACCT100306,DST300073,2026-01-03 07:21:00,347415,102850,010000,00,0200,0
T1021,M2003,ACCT100306,DST300011,2026-01-03 08:19:00,310916,102956,010000,00,0200,0
T1023,M2005,ACCT100306,DST300018,2026-01-03 08:23:00,322101,103359,010000,00,0200,1
T1023,M2014,ACCT100306,DST300168,2026-01-03 11:14:00,318845,103393,400000,00,0200,0
T1023,M2002,ACCT100306,DST300102,2026-01-03 13:04:00,329876,103585,400000,00,0200,0
T1023,M2007,ACCT100306,DST300139,2026-01-03 15:38:00,351428,104232,400000,00,0200,0
T1023,M2018,ACCT100306,DST300072,2026-01-03 17:44:00,302624,104380,010000,00,0200,0
T1023,M2013,ACCT100306,DST300123,2026-01-03 19:03:00,322509,104853,400000,00,0200,0
T1023,M2003,ACCT100306,DST300162,2026-01-03 19:21:00,331955,104919,400000,00,0200,0
T1005,M2005,ACCT100307,DST300036,2026-01-17 18:49:00,202139,100141,010000,00,0200,0
T1005,M2010,ACCT100307,DST999999,2026-01-17 18:51:00,196643,100748,400000,00,0200,1
T1005,M2006,ACCT100307,DST999999,2026-01-17 18:53:00,218796,100749,400000,00,0200,1
T1005,M2008,ACCT100307,DST300062,2026-01-17 18:54:00,225482,101053,010000,00,0200,0
T1005,M2010,ACCT100307,DST300154,2026-01-17 21:57:00,212384,101450,010000,00,0200,0
T1005,M2010,ACCT100307,DST300161,2026-01-18 01:07:00,206119,101759,010000,00,0200,0
T1005,M2007,ACCT100307,DST300164,2026-01-18 05:02:00,181761,102373,010000,00,0200,0
T1005,M2018,ACCT100307,DST300191,2026-01-18 05:47:00,219858,102431,010000,00,0200,0
T1005,M2014,ACCT100307,DST300068,2026-01-18 06:32:00,190870,102946,400000,00,0200,0
T1005,M2000,ACCT100307,DST300103,2026-01-18 08:44:00,222951,103333,010000,00,0200,0
T1005,M2006,ACCT100307,DST300058,2026-01-18 10:34:00,168869,104135,400000,00,0200,0
T1005,M2015,ACCT100307,DST300195,2026-01-18 12:32:00,175014,104319,400000,00,0200,0
T1005,M2018,ACCT100307,DST300155,2026-01-18 12:47:00,180800,104476,400000,00,0200,0
T1005,M2014,ACCT100307,DST300151,2026-01-18 13:29:00,211551,104584,400000,00,0200,0
T1005,M2002,ACCT100307,DST300017,2026-01-18 14:55:00,219033,104603,400000,00,0200,0
T1005,M2017,ACCT100307,DST300057,2026-01-18 16:07:00,222585,104995,400000,00,0200,0
T1016,M2006,ACCT100308,DST300087,2026-01-06 03:29:00,183566,101991,400000,00,0200,0
T1016,M2005,ACCT100308,DST300158,2026-01-06 04:05:00,193767,102456,010000,00,0200,0
T1016,M2007,ACCT100308,DST300153,2026-01-06 07:55:00,223782,102587,010000,00,0200,0
T1016,M2006,ACCT100308,DST300015,2026-01-06 08:09:00,223996,102908,400000,00,0200,0
T1016,M2015,ACCT100308,DST300052,2026-01-06 08:32:00,213300,100023,010000,51,0200,0
T1016,M2013,ACCT100308,DST300157,2026-01-06 10:09:00,155642,103015,010000,68,0200,0
T1016,M2018,ACCT100308,DST300000,2026-01-06 11:33:00,191790,103382,010000,00,0200,0
T1019,M2007,ACCT100308,DST300000,2026-01-06 11:36:00,240152,103909,010000,00,0200,1
T1016,M2010,ACCT100308,DST300164,2026-01-06 11:52:00,243970,100026,010000,00,0200,0
T1016,M2009,ACCT100308,DST300094,2026-01-06 13:58:00,255531,100466,010000,00,0200,0
T1016,M2008,ACCT100308,DST300199,2026-01-06 14:53:00,213202,100517,010000,00,0200,0
T1019,M2007,ACCT100308,DST300172,2026-01-06 15:00:00,184637,103933,400000,00,0200,0
T1016,M2005,ACCT100308,DST300017,2026-01-06 17:12:00,192542,101101,010000,00,0200,0
T1019,M2005,ACCT100308,DST300008,2026-01-06 17:16:00,195680,104061,010000,68,0200,0
T1019,M2012,ACCT100308,DST300088,2026-01-06 18:42:00,212846,104198,010000,00,0200,0
T1016,M2006,ACCT100308,DST300066,2026-01-06 19:33:00,216548,101752,010000,00,0200,0
T1019,M2014,ACCT100308,DST300195,2026-01-06 21:13:00,220783,104425,010000,00,0200,0
T1019,M2002,ACCT100308,DST300087,2026-01-06 23:48:00,185411,104471,010000,00,0200,0
T1006,M2004,ACCT100309,DST300084,2026-01-12 11:44:00,170954,101062,010000,00,0200,0
T1006,M2008,ACCT100309,DST300011,2026-01-12 14:12:00,148154,101414,400000,68,0200,0
T1006,M2010,ACCT100309,DST300190,2026-01-12 14:27:00,196819,101445,400000,00,0200,0
T1006,M2012,ACCT100309,DST300039,2026-01-12 16:14:00,179846,102072,010000,68,0200,0
T1006,M2012,ACCT100309,DST300191,2026-01-12 20:00:00,163672,102259,010000,00,0200,0
T1006,M2018,ACCT100309,DST300131,2026-01-12 21:24:00,169882,102408,400000,00,0200,0
T1006,M2003,ACCT100309,DST300081,2026-01-12 22:44:00,176033,102838,400000,00,0200,0
T1006,M2011,ACCT100309,DST300186,2026-01-13 02:34:00,172641,103781,010000,00,0200,0
T1006,M2008,ACCT100309,DST300046,2026-01-13 05:23:00,192196,103871,010000,00,0200,0
T1006,M2014,ACCT100309,DST300106,2026-01-13 09:04:00,195860,104023,010000,51,0200,0
T1021,M2019,ACCT100310,DST300123,2026-01-19 03:17:00,167387,101344,400000,00,0200,0
T1021,M2000,ACCT100310,DST300168,2026-01-19 04:42:00,156784,104596,400000,00,0200,0
T1021,M2003,ACCT100310,DST300051,2026-01-19 05:01:00,148186,102004,010000,00,0200,0
T1021,M2010,ACCT100310,DST300093,2026-01-19 08:05:00,165576,104987,010000,00,0200,0
T1021,M2005,ACCT100310,DST300195,2026-01-19 08:30:00,154729,102406,010000,00,0200,0
T1021,M2000,ACCT100310,DST300150,2026-01-19 08:31:00,139358,102443,400000,00,0200,0
T1021,M2011,ACCT100310,DST300184,2026-01-19 08:34:00,173239,102934,400000,00,0200,0
T1021,M2009,ACCT100310,DST300122,2026-01-19 11:07:00,111935,103262,400000,00,0200,0
T1021,M2006,ACCT100310,DST300054,2026-01-19 11:10:00,176964,104211,400000,00,0200,0
T1021,M2010,ACCT100310,DST300097,2026-01-19 12:49:00,146632,104422,400000,00,0200,0
T1021,M2003,ACCT100310,DST300027,2026-01-19 12:50:00,132685,100808,400000,00,0200,0
T1021,M2018,ACCT100310,DST300036,2026-01-19 14:03:00,139412,100819,010000,00,0200,0
T1021,M2010,ACCT100310,DST300177,2026-01-19 14:54:00,116666,101018,010000,00,0200,0
T1009,M2008,ACCT100311,DST300185,2026-01-01 01:43:00,286255,104075,400000,00,0200,0
T1009,M2001,ACCT100311,DST300063,2026-01-01 03:20:00,279449,100288,400000,00,0200,0
T1009,M2017,ACCT100311,DST300147,2026-01-01 03:29:00,274966,103096,010000,00,0200,0
T1009,M2012,ACCT100311,DST300044,2026-01-01 03:31:00,297586,100796,010000,00,0200,0
T1009,M2006,ACCT100311,DST300195,2026-01-01 04:36:00,271062,100892,010000,00,0200,0
T1009,M2010,ACCT100311,DST300148,2026-01-01 04:36:00,261527,104283,010000,00,0200,0
T1009,M2017,ACCT100311,DST300092,2026-01-01 05:55:00,270820,103693,400000,00,0200,0
T1009,M2019,ACCT100311,DST300039,2026-01-01 06:13:00,262044,101268,010000,00,0200,0
T1009,M2000,ACCT100311,DST300062,2026-01-01 07:19:00,275073,101520,400000,00,0200,0
T1009,M2017,ACCT100311,DST300155,2026-01-01 08:10:00,266073,104470,400000,00,0200,0
T1009,M2013,ACCT100311,DST300089,2026-01-01 09:06:00,252601,101728,010000,00,0200,0
T1009,M2019,ACCT100311,DST300103,2026-01-01 09:42:00,308661,103735,010000,51,0200,0
T1009,M2002,ACCT100311,DST300069,2026-01-01 10:07:00,242442,102176,400000,00,0200,0
T1009,M2011,ACCT100311,DST300167,2026-01-01 11:26:00,310776,102795,400000,00,0200,0
T1009,M2010,ACCT100311,DST300171,2026-01-01 11:34:00,256616,103832,010000,00,0200,0
T1009,M2005,ACCT100311,DST300141,2026-01-01 15:10:00,282438,103941,400000,00,0200,0
T1009,M2004,ACCT100311,DST300178,2026-01-01 15:23:00,285559,102944,400000,00,0200,0
T1009,M2006,ACCT100311,DST300073,2026-01-01 18:46:00,281393,103984,400000,00,0200,0
T1016,M2004,ACCT100312,DST300172,2026-01-10 01:02:00,302075,100896,010000,00,0200,0
T1016,M2007,ACCT100312,DST300039,2026-01-10 03:52:00,290916,101946,400000,00,0200,0
T1016,M2001,ACCT100312,DST300144,2026-01-10 04:42:00,328142,102130,010000,00,0200,0
T1016,M2011,ACCT100312,DST300111,2026-01-10 07:04:00,306612,102164,400000,51,0200,0
T1016,M2009,ACCT100312,DST300151,2026-01-10 07:50:00,326743,100099,010000,00,0200,0
T1016,M2008,ACCT100312,DST300058,2026-01-10 09:55:00,335910,102257,010000,00,0200,0
T1016,M2014,ACCT100312,DST300133,2026-01-10 11:38:00,311659,100184,400000,00,0200,0
T1016,M2002,ACCT100312,DST300173,2026-01-10 12:57:00,333121,102797,010000,00,0200,0
T1016,M2014,ACCT100312,DST300066,2026-01-10 13:16:00,316327,100693,400000,68,0200,0
T1016,M2013,ACCT100312,DST300142,2026-01-10 14:09:00,360189,102832,010000,00,0200,0
T1016,M2014,ACCT100312,DST300004,2026-01-10 14:33:00,300921,102964,010000,00,0200,0
T1016,M2013,ACCT100312,DST300125,2026-01-10 16:08:00,332562,100871,010000,00,0200,0
T1016,M2000,ACCT100312,DST300112,2026-01-10 18:18:00,355260,103654,400000,00,0200,0
T1016,M2013,ACCT100312,DST300104,2026-01-10 18:21:00,311941,103719,400000,00,0200,0
T1016,M2001,ACCT100312,DST300144,2026-01-10 21:24:00,316095,103817,400000,00,0200,0
T1016,M2013,ACCT100312,DST300051,2026-01-10 21:25:00,360057,103904,300000,55,0200,1
T1016,M2010,ACCT100312,DST300091,2026-01-10 21:26:00,331352,103905,300000,55,0200,1
T1016,M2014,ACCT100312,DST300042,2026-01-10 22:42:00,314745,104079,400000,00,0200,0
T1016,M2009,ACCT100312,DST300130,2026-01-10 23:45:00,274114,104950,400000,00,0200,0
T1016,M2003,ACCT100312,DST300121,2026-01-11 04:08:00,310493,104993,010000,00,0200,0
T1009,M2011,ACCT100313,DST300142,2026-01-20 02:52:00,229217,100050,300000,55,0200,1
T1009,M2001,ACCT100313,DST300021,2026-01-20 02:53:00,230942,100051,300000,55,0200,1
T1009,M2017,ACCT100313,DST300058,2026-01-20 02:54:00,269294,100052,300000,55,0200,1
T1009,M2006,ACCT100313,DST300149,2026-01-20 02:55:00,232803,100053,300000,55,0200,1
T1009,M2013,ACCT100313,DST300129,2026-01-20 06:07:00,244153,100255,010000,00,0200,0
T1009,M2008,ACCT100313,DST300079,2026-01-20 06:25:00,217951,100879,400000,00,0200,0
T1009,M2005,ACCT100313,DST300142,2026-01-20 09:15:00,198302,101441,400000,00,0200,0
T1009,M2013,ACCT100313,DST300182,2026-01-20 13:12:00,249618,101836,400000,00,0200,0
T1009,M2011,ACCT100313,DST300019,2026-01-20 13:19:00,254401,102014,010000,00,0200,0
T1009,M2010,ACCT100313,DST300057,2026-01-20 13:43:00,203512,102332,400000,00,0200,0
T1009,M2006,ACCT100313,DST300123,2026-01-20 16:57:00,275042,103917,010000,51,0200,0
T1009,M2011,ACCT100313,DST300156,2026-01-20 20:13:00,208328,104754,400000,00,0200,0
T1019,M2000,ACCT100314,DST300075,2026-01-18 18:16:00,83488,100043,300000,55,0200,1
T1019,M2015,ACCT100314,DST300040,2026-01-18 18:17:00,55532,100044,300000,55,0200,1
T1019,M2015,ACCT100314,DST300197,2026-01-18 18:18:00,84497,100045,300000,55,0200,1
T1019,M2007,ACCT100314,DST300177,2026-01-18 18:19:00,97584,100046,300000,55,0200,1
T1019,M2013,ACCT100314,DST300048,2026-01-18 20:16:00,71063,100115,010000,00,0200,0
T1019,M2001,ACCT100314,DST300185,2026-01-18 22:06:00,103106,100605,010000,00,0200,0
T1019,M2001,ACCT100314,DST300000,2026-01-18 23:44:00,83278,101765,010000,00,0200,0
T1019,M2009,ACCT100314,DST300050,2026-01-19 01:10:00,76805,101844,400000,00,0200,0
T1019,M2004,ACCT100314,DST300080,2026-01-19 02:34:00,78569,102103,010000,00,0200,0
T1019,M2006,ACCT100314,DST300104,2026-01-19 02:59:00,89655,101978,400000,00,0200,0
T1019,M2010,ACCT100314,DST300131,2026-01-19 05:54:00,64539,102211,010000,00,0200,0
T1019,M2001,ACCT100314,DST300165,2026-01-19 09:00:00,91690,102298,400000,00,0200,0
T1019,M2005,ACCT100314,DST300020,2026-01-19 10:12:00,115899,102471,400000,00,0200,0
T1019,M2018,ACCT100314,DST300145,2026-01-19 10:50:00,50837,102891,400000,00,0200,0
T1019,M2007,ACCT100314,DST300024,2026-01-19 11:47:00,98849,103018,400000,00,0200,0
T1019,M2011,ACCT100314,DST300167,2026-01-19 15:37:00,95519,103112,400000,51,0200,0
T1019,M2014,ACCT100314,DST300168,2026-01-19 16:39:00,93706,103590,400000,00,0200,0
T1019,M2011,ACCT100314,DST300067,2026-01-19 17:13:00,336683,103706,010000,00,0200,1
T1019,M2001,ACCT100314,DST300090,2026-01-19 17:15:00,116460,103809,010000,00,0200,0
T1019,M2008,ACCT100314,DST300056,2026-01-19 17:49:00,42590,103890,400000,00,0200,0
T1019,M2018,ACCT100314,DST300091,2026-01-19 20:37:00,105384,104421,010000,00,0200,0
T1019,M2000,ACCT100314,DST300067,2026-01-19 21:55:00,81411,104860,400000,00,0200,0
T1006,M2017,ACCT100315,DST300143,2026-01-01 01:10:00,340004,100578,400000,00,0200,0
T1006,M2012,ACCT100315,DST300081,2026-01-01 02:12:00,363782,100899,010000,51,0200,0
T1006,M2019,ACCT100315,DST300190,2026-01-01 05:55:00,355134,101459,400000,00,0200,0
T1006,M2011,ACCT100315,DST300111,2026-01-01 07:30:00,334722,101464,010000,00,0200,0
T1006,M2001,ACCT100315,DST300168,2026-01-01 08:52:00,352898,102177,400000,00,0200,0
T1006,M2018,ACCT100315,DST300019,2026-01-01 11:52:00,341491,103150,010000,00,0200,0
T1006,M2019,ACCT100315,DST300163,2026-01-01 12:55:00,325193,103537,010000,00,0200,0
T1006,M2013,ACCT100315,DST300098,2026-01-01 14:44:00,339775,100561,400000,00,0200,0
T1006,M2017,ACCT100315,DST300110,2026-01-01 15:33:00,347630,100573,400000,00,0200,0
T1006,M2017,ACCT100315,DST300166,2026-01-01 15:51:00,369231,103582,400000,00,0200,0
T1006,M2014,ACCT100315,DST300121,2026-01-01 17:50:00,341059,103803,400000,00,0200,0
T1006,M2008,ACCT100315,DST300030,2026-01-01 19:52:00,357530,104034,010000,00,0200,0
T1006,M2019,ACCT100315,DST300052,2026-01-01 21:07:00,336043,104041,010000,00,0200,0
T1006,M2009,ACCT100315,DST300019,2026-01-01 21:28:00,2065584,104342,010000,00,0200,1
T1006,M2015,ACCT100315,DST300014,2026-01-02 00:57:00,365419,104430,400000,00,0200,0
T1006,M2002,ACCT100315,DST300060,2026-01-02 04:39:00,335448,104763,400000,00,0200,0
T1028,M2016,ACCT100316,DST300199,2026-01-17 02:26:00,332429,101181,010000,00,0200,1
T1028,M2006,ACCT100316,DST300119,2026-01-17 02:50:00,201825,101670,010000,00,0200,0
T1028,M2011,ACCT100316,DST300016,2026-01-17 04:43:00,205652,101687,400000,00,0200,0
T1028,M2014,ACCT100316,DST300082,2026-01-17 05:47:00,204114,101772,010000,00,0200,0
T1028,M2001,ACCT100316,DST300094,2026-01-17 07:43:00,277326,102492,400000,51,0200,0
T1028,M2013,ACCT100316,DST300194,2026-01-17 09:12:00,206337,103071,010000,00,0200,0
T1028,M2009,ACCT100316,DST300098,2026-01-17 10:09:00,228559,103704,010000,00,0200,0
T1028,M2010,ACCT100316,DST300194,2026-01-17 10:44:00,257422,104196,010000,00,0200,0
T1028,M2011,ACCT100316,DST300180,2026-01-17 11:32:00,230723,104292,010000,00,0200,0
T1028,M2003,ACCT100316,DST300156,2026-01-17 12:48:00,209928,104528,010000,00,0200,0
T1028,M2008,ACCT100316,DST300061,2026-01-17 16:47:00,238148,104798,400000,00,0200,0
T1028,M2014,ACCT100316,DST300003,2026-01-17 16:52:00,239322,100144,400000,00,0200,0
T1028,M2007,ACCT100316,DST300164,2026-01-17 18:06:00,208534,104933,010000,00,0200,0
T1028,M2016,ACCT100316,DST300186,2026-01-17 20:36:00,202543,100752,400000,00,0200,0
T1028,M2011,ACCT100316,DST300156,2026-01-17 21:12:00,253646,100810,400000,00,0200,0
T1022,M2002,ACCT100317,DST300013,2026-01-10 22:11:00,152119,100441,400000,00,0200,0
T1022,M2017,ACCT100317,DST300070,2026-01-11 00:38:00,142756,100990,400000,00,0200,0
T1022,M2016,ACCT100317,DST300027,2026-01-11 01:11:00,120755,104089,400000,00,0200,0
T1022,M2006,ACCT100317,DST300116,2026-01-11 01:24:00,115602,104065,010000,00,0200,0
T1022,M2002,ACCT100317,DST300111,2026-01-11 03:52:00,137535,101205,010000,00,0200,0
T1022,M2008,ACCT100317,DST300137,2026-01-11 04:09:00,134749,101320,010000,00,0200,0
T1022,M2007,ACCT100317,DST300158,2026-01-11 04:24:00,130323,104983,010000,00,0200,0
T1022,M2004,ACCT100317,DST300161,2026-01-11 04:31:00,126820,103715,010000,00,0200,0
T1022,M2013,ACCT100317,DST300109,2026-01-11 07:17:00,105320,103870,400000,00,0200,0
T1022,M2005,ACCT100317,DST300064,2026-01-11 07:37:00,106788,101407,400000,00,0200,0
T1022,M2002,ACCT100317,DST300027,2026-01-11 09:46:00,141493,101571,010000,00,0200,0
T1022,M2005,ACCT100317,DST300168,2026-01-11 12:21:00,138549,101754,400000,00,0200,0
T1022,M2009,ACCT100317,DST300056,2026-01-11 15:11:00,94270,101995,400000,00,0200,0
T1022,M2018,ACCT100317,DST300029,2026-01-11 15:13:00,159966,102601,400000,68,0200,0
T1007,M2003,ACCT100318,DST300025,2026-01-13 02:08:00,62915,103642,010000,00,0200,0
T1007,M2005,ACCT100318,DST300098,2026-01-13 04:04:00,162415,100234,010000,00,0200,1
T1007,M2016,ACCT100318,DST300147,2026-01-13 05:16:00,88154,104012,400000,00,0200,0
T1007,M2011,ACCT100318,DST300151,2026-01-13 05:58:00,87083,101019,010000,00,0200,0
T1007,M2012,ACCT100318,DST300060,2026-01-13 07:36:00,73896,104451,400000,00,0200,0
T1007,M2012,ACCT100318,DST300070,2026-01-13 07:41:00,103219,101365,010000,00,0200,0
T1007,M2003,ACCT100318,DST300098,2026-01-13 10:15:00,53532,102151,400000,68,0200,0
T1007,M2012,ACCT100318,DST300116,2026-01-13 10:58:00,82898,104848,010000,00,0200,0
T1007,M2009,ACCT100318,DST300148,2026-01-13 14:11:00,103551,103200,400000,00,0200,0
T1007,M2012,ACCT100318,DST300097,2026-01-13 18:11:00,51343,103272,400000,00,0200,0
T1003,M2007,ACCT100319,DST300184,2026-01-18 08:48:00,317101,100012,010000,00,0200,0
T1003,M2009,ACCT100319,DST300142,2026-01-18 09:33:00,345652,100107,400000,00,0200,0
T1003,M2006,ACCT100319,DST300024,2026-01-18 12:23:00,316594,100251,010000,00,0200,0
T1003,M2016,ACCT100319,DST300055,2026-01-18 15:15:00,331578,100530,400000,00,0200,0
T1003,M2019,ACCT100319,DST300117,2026-01-18 17:52:00,340469,100672,400000,00,0200,0
T1003,M2003,ACCT100319,DST300113,2026-01-18 17:54:00,370914,101665,400000,00,0200,0
T1003,M2018,ACCT100319,DST300190,2026-01-18 20:34:00,309999,101773,010000,00,0200,0
T1003,M2013,ACCT100319,DST300042,2026-01-19 00:34:00,333824,102438,400000,00,0200,0
T1003,M2003,ACCT100319,DST300192,2026-01-19 03:55:00,341282,102510,400000,00,0200,0
T1003,M2015,ACCT100319,DST300017,2026-01-19 07:02:00,300017,102992,400000,51,0200,0
T1003,M2015,ACCT100319,DST300007,2026-01-19 09:21:00,343770,103148,010000,00,0200,0
T1003,M2008,ACCT100319,DST300008,2026-01-19 10:05:00,324949,103749,400000,00,0200,0
T1003,M2012,ACCT100319,DST300117,2026-01-19 11:04:00,355138,103782,400000,00,0200,0
