BILL_ID,CUSTOMER_ID,BILL_AMOUNT,PAYMENT_AMOUNT,BILL_DATE,PAYMENT_DATE,CHANNEL,BILL_STATUS,REFUND_FLAG
BILL131840,CUST10139,297574,4277841,2026-02-05 00:00:00,2026-02-07 00:00:00,Web,Paid,0
BILL609730,CUST10426,159926,159926,2026-02-01 00:00:00,2026-02-06 00:00:00,Web,Paid,0
BILL259465,CUST10203,136548,136548,2026-02-08 00:00:00,2026-02-12 00:00:00,Web,Paid,0
BILL663974,CUST10561,128775,128775,2026-02-06 00:00:00,2026-02-08 00:00:00,Web,Paid,0
BILL424439,CUST10613,196407,196407,2026-02-07 00:00:00,2026-02-08 00:00:00,Web,Paid,0
BILL173244,CUST10315,225792,225792,2026-02-01 00:00:00,2026-02-01 00:00:00,Web,Paid,0
BILL374746,CUST10607,252178,252178,2026-02-05 00:00:00,2026-02-07 00:00:00,Web,Paid,0
BILL291703,CUST10142,108800,108800,2026-02-02 00:00:00,2026-02-07 00:00:00,Mobile,Paid,1
BILL750651,CUST10484,198374,198374,2026-01-31 00:00:00,2026-02-05 00:00:00,Mobile,Paid,0
BILL532595,CUST10386,169828,7713,2026-01-31 00:00:00,2026-02-02 00:00:00,Mobile,Paid,0
BILL153047,CUST10168,255470,255470,2026-02-09 00:00:00,2026-02-14 00:00:00,Web,Paid,0
BILL480085,CUST10606,115208,1285550,2026-02-06 00:00:00,2026-02-07 00:00:00,Mobile,Paid,0
BILL628958,CUST10582,110491,110491,2026-02-07 00:00:00,2026-02-10 00:00:00,Web,Paid,0
BILL208990,CUST10492,178349,178349,2026-02-06 00:00:00,2026-02-09 00:00:00,Mobile,Paid,0
BILL522895,CUST10532,306998,306998,2026-02-08 00:00:00,2026-02-10 00:00:00,Web,Paid,0
BILL746229,CUST10197,242482,1243,2026-02-08 00:00:00,2026-02-09 00:00:00,Mobile,Paid,0
BILL348376,CUST10122,286581,286581,2026-02-10 00:00:00,2026-02-10 00:00:00,API,Paid,0
BILL160652,CUST10122,286581,286581,2026-02-10 00:00:00,2026-02-10 00:01:00,API,Paid,0
BILL547531,CUST10122,286581,286581,2026-02-10 00:00:00,2026-02-10 00:02:00,API,Paid,0
BILL577982,CUST10122,286581,286581,2026-02-10 00:00:00,2026-02-10 00:03:00,API,Paid,0
BILL858589,CUST10122,286581,286581,2026-02-10 00:00:00,2026-02-10 00:04:00,API,Paid,0
BILL559898,CUST10028,371934,371934,2026-02-04 00:00:00,2026-02-07 00:00:00,Mobile,Paid,0
BILL661772,CUST10047,307308,307308,2026-01-31 00:00:00,2026-02-01 00:00:00,Mobile,Paid,0
BILL779358,CUST10120,360615,360615,2026-02-01 00:00:00,2026-02-04 00:00:00,Mobile,Paid,0
BILL400183,CUST10128,235413,235413,2026-02-01 00:00:00,2026-02-02 00:00:00,Web,Paid,0
BILL625035,CUST10332,388940,388940,2026-01-31 00:00:00,2026-02-01 00:00:00,Web,Paid,0
BILL959252,CUST10521,311508,311508,2026-02-06 00:00:00,2026-02-11 00:00:00,Mobile,Paid,0
BILL827946,CUST10206,369902,369902,2026-02-09 00:00:00,2026-02-14 00:00:00,Web,Paid,0
BILL666463,CUST10129,185393,185393,2026-02-05 00:00:00,2026-02-06 00:00:00,Web,Paid,0
BILL809009,CUST10570,322635,322635,2026-02-09 00:00:00,2026-02-14 00:00:00,Mobile,Paid,0
BILL280184,CUST10274,392388,392388,2026-02-08 00:00:00,2026-02-10 00:00:00,Web,Paid,0
BILL902187,CUST10118,111521,111521,2026-02-07 00:00:00,2026-02-09 00:00:00,Mobile,Paid,0
BILL694895,CUST10289,182935,182935,2026-02-04 00:00:00,2026-02-06 00:00:00,Mobile,Paid,0
BILL298051,CUST10286,286179,286179,2026-02-04 00:00:00,2026-02-04 00:00:00,Mobile,Paid,0
BILL235181,CUST10412,307721,307721,2026-02-04 00:00:00,2026-02-06 00:00:00,Web,Paid,0
BILL818779,CUST10108,394781,6062,2026-02-05 00:00:00,2026-02-09 00:00:00,Mobile,Paid,0
BILL759351,CUST10347,395153,395153,2026-02-04 00:00:00,2026-02-09 00:00:00,Web,Paid,0
BILL150867,CUST10459,105072,105072,2026-02-01 00:00:00,2026-02-01 00:00:00,Mobile,Paid,0
BILL271912,CUST10549,273984,5257766,2026-02-09 00:00:00,2026-02-10 00:00:00,Web,Paid,0
BILL819752,CUST10198,186203,186203,2026-02-01 00:00:00,2026-02-03 00:00:00,Web,Paid,0
BILL253598,CUST10088,349015,349015,2026-02-01 00:00:00,2026-02-05 00:00:00,Mobile,Paid,0
BILL840956,CUST10530,291947,291947,2026-02-09 00:00:00,2026-02-10 00:00:00,Web,Paid,0
BILL107036,CUST10285,267241,267241,2026-02-05 00:00:00,2026-02-07 00:00:00,Mobile,Paid,0
BILL755413,CUST10203,136548,136548,2026-03-14 00:00:00,2026-03-15 00:00:00,Web,Paid,0
BILL176785,CUST10140,270876,270876,2026-02-02 00:00:00,2026-02-03 00:00:00,Web,Paid,0
BILL978212,CUST10378,339807,339807,2026-02-04 00:00:00,2026-02-07 00:00:00,Mobile,Paid,0
BILL703096,CUST10392,342300,342300,2026-01-31 00:00:00,2026-02-02 00:00:00,Web,Paid,0
BILL109232,CUST10267,211714,211714,2026-01-31 00:00:00,2026-02-04 00:00:00,Mobile,Paid,0
BILL747613,CUST10015,326173,326173,2026-02-07 00:00:00,2026-02-08 00:00:00,Mobile,Paid,0
BILL357057,CUST10206,369902,9200,2026-03-16 00:00:00,2026-03-16 00:00:00,Web,Paid,0
BILL569233,CUST10392,342300,342300,2026-03-04 00:00:00,2026-03-07 00:00:00,Web,Paid,0
BILL512333,CUST10247,237979,237979,2026-02-10 00:00:00,2026-02-10 00:00:00,Web,Paid,0
BILL421249,CUST10218,134040,134040,2026-02-09 00:00:00,2026-02-13 00:00:00,Mobile,Paid,0
BILL953793,CUST10259,355961,355961,2026-02-07 00:00:00,2026-02-07 00:00:00,Web,Paid,0
BILL255542,CUST10108,394781,394781,2026-03-11 00:00:00,2026-03-12 00:00:00,Mobile,Paid,0
BILL163862,CUST10587,189191,189191,2026-02-04 00:00:00,2026-02-08 00:00:00,Web,Paid,0
BILL340644,CUST10435,263580,263580,2026-02-04 00:00:00,2026-02-08 00:00:00,Mobile,Paid,0
BILL545087,CUST10353,244854,244854,2026-02-02 00:00:00,2026-02-06 00:00:00,Web,Paid,0
BILL494062,CUST10062,360981,360981,2026-02-09 00:00:00,2026-02-10 00:00:00,Mobile,Paid,0
BILL241441,CUST10177,219181,219181,2026-01-31 00:00:00,2026-01-31 00:00:00,Web,Paid,0
BILL519473,CUST10129,185393,185393,2026-03-08 00:00:00,2026-03-13 00:00:00,Web,Paid,0
BILL480816,CUST10250,127944,127944,2026-02-01 00:00:00,2026-02-03 00:00:00,Web,Paid,1
BILL621004,CUST10552,200373,2168023,2026-02-10 00:00:00,2026-02-12 00:00:00,Mobile,Paid,0
BILL120724,CUST10117,111971,111971,2026-02-08 00:00:00,2026-02-13 00:00:00,Mobile,Paid,1
BILL364682,CUST10562,312612,312612,2026-01-31 00:00:00,2026-02-01 00:00:00,Web,Paid,0
BILL834209,CUST10193,319992,319992,2026-02-10 00:00:00,2026-02-10 00:00:00,Web,Paid,0
BILL957209,CUST10302,176365,176365,2026-01-31 00:00:00,2026-02-04 00:00:00,Web,Paid,0
BILL297454,CUST10475,304176,304176,2026-02-10 00:00:00,2026-02-10 00:00:00,Web,Paid,0
BILL598115,CUST10366,353826,353826,2026-02-01 00:00:00,2026-02-06 00:00:00,Mobile,Paid,0
BILL361592,CUST10127,350604,350604,2026-02-02 00:00:00,2026-02-03 00:00:00,Mobile,Paid,0
BILL674435,CUST10383,128578,8426,2026-02-02 00:00:00,2026-02-03 00:00:00,Mobile,Paid,0
BILL481786,CUST10442,190454,190454,2026-02-01 00:00:00,2026-02-01 00:00:00,Web,Paid,0
BILL712756,CUST10198,186203,186203,2026-03-05 00:00:00,2026-03-07 00:00:00,Web,Paid,0
BILL714837,CUST10410,350391,350391,2026-02-10 00:00:00,2026-02-10 00:00:00,Mobile,Paid,0
BILL856565,CUST10015,326173,326173,2026-03-10 00:00:00,2026-03-14 00:00:00,Mobile,Paid,0
BILL352067,CUST10594,369782,369782,2026-02-04 00:00:00,2026-02-06 00:00:00,Mobile,Paid,0
BILL249060,CUST10300,333301,7638779,2026-02-02 00:00:00,2026-02-07 00:00:00,Web,Paid,0
BILL448769,CUST10424,178755,178755,2026-02-07 00:00:00,2026-02-09 00:00:00,Mobile,Paid,0
BILL874912,CUST10448,234721,234721,2026-02-09 00:00:00,2026-02-09 00:00:00,Mobile,Paid,0
BILL536200,CUST10290,172758,172758,2026-02-03 00:00:00,2026-02-03 00:00:00,API,Paid,0
BILL180061,CUST10290,172758,172758,2026-02-03 00:00:00,2026-02-03 00:01:00,API,Paid,0
BILL912339,CUST10290,172758,172758,2026-02-03 00:00:00,2026-02-03 00:02:00,API,Paid,0
BILL962095,CUST10290,172758,172758,2026-02-03 00:00:00,2026-02-03 00:03:00,API,Paid,0
BILL452873,CUST10290,172758,172758,2026-02-03 00:00:00,2026-02-03 00:04:00,API,Paid,0
BILL224749,CUST10172,264351,264351,2026-02-08 00:00:00,2026-02-08 00:00:00,Mobile,Paid,0
BILL233935,CUST10227,232936,232936,2026-02-10 00:00:00,2026-02-10 00:00:00,API,Paid,0
BILL453262,CUST10227,232936,232936,2026-02-10 00:00:00,2026-02-10 00:01:00,API,Paid,0
BILL851209,CUST10227,232936,232936,2026-02-10 00:00:00,2026-02-10 00:02:00,API,Paid,0
BILL250282,CUST10227,232936,232936,2026-02-10 00:00:00,2026-02-10 00:03:00,API,Paid,0
BILL286618,CUST10227,232936,232936,2026-02-10 00:00:00,2026-02-10 00:04:00,API,Paid,0
BILL913727,CUST10615,198384,198384,2026-02-09 00:00:00,2026-02-09 00:00:00,Mobile,Paid,1
BILL814613,CUST10200,342570,342570,2026-01-31 00:00:00,2026-02-01 00:00:00,Web,Paid,0
BILL759003,CUST10587,189191,189191,2026-03-10 00:00:00,2026-03-12 00:00:00,Web,Paid,0
BILL417162,CUST10206,369902,369902,2026-04-15 00:00:00,2026-04-20 00:00:00,Web,Paid,0
BILL318270,CUST10428,218349,218349,2026-02-03 00:00:00,2026-02-05 00:00:00,Web,Paid,1
BILL500426,CUST10322,138465,138465,2026-02-07 00:00:00,2026-02-12 00:00:00,Web,Paid,0
BILL444001,CUST10029,196409,196409,2026-02-02 00:00:00,2026-02-06 00:00:00,Mobile,Paid,0
BILL631554,CUST10551,129977,129977,2026-02-01 00:00:00,2026-02-01 00:00:00,Web,Paid,0
BILL839071,CUST10065,379641,379641,2026-02-05 00:00:00,2026-02-10 00:00:00,Mobile,Paid,0
BILL860896,CUST10350,276597,276597,2026-01-31 00:00:00,2026-02-02 00:00:00,Mobile,Paid,0
BILL555426,CUST10176,360613,360613,2026-02-09 00:00:00,2026-02-12 00:00:00,Web,Paid,0
BILL490589,CUST10608,369837,369837,2026-02-03 00:00:00,2026-02-08 00:00:00,Web,Paid,0
BILL993083,CUST10229,340710,340710,2026-02-09 00:00:00,2026-02-09 00:00:00,API,Paid,0
BILL677978,CUST10229,340710,340710,2026-02-09 00:00:00,2026-02-09 00:01:00,API,Paid,0
BILL771442,CUST10229,340710,340710,2026-02-09 00:00:00,2026-02-09 00:02:00,API,Paid,0
BILL392937,CUST10229,340710,340710,2026-02-09 00:00:00,2026-02-09 00:03:00,API,Paid,0
BILL905217,CUST10317,221198,221198,2026-02-07 00:00:00,2026-02-11 00:00:00,Mobile,Paid,0
BILL814987,CUST10152,248075,248075,2026-02-05 00:00:00,2026-02-07 00:00:00,Web,Paid,0
BILL175696,CUST10585,370545,370545,2026-02-05 00:00:00,2026-02-05 00:00:00,Web,Paid,0
BILL331447,CUST10288,256964,2024,2026-02-01 00:00:00,2026-02-06 00:00:00,Mobile,Paid,0
BILL449236,CUST10557,310831,310831,2026-02-01 00:00:00,2026-02-04 00:00:00,Mobile,Paid,1
BILL229996,CUST10148,176194,176194,2026-02-03 00:00:00,2026-02-05 00:00:00,Web,Paid,0
BILL762520,CUST10139,297574,297574,2026-03-09 00:00:00,2026-03-11 00:00:00,Web,Paid,0
BILL442177,CUST10108,394781,394781,2026-04-11 00:00:00,2026-04-14 00:00:00,Mobile,Paid,1
BILL257023,CUST10545,213332,213332,2026-02-01 00:00:00,2026-02-02 00:00:00,Web,Paid,0
BILL643312,CUST10444,372894,372894,2026-02-03 00:00:00,2026-02-08 00:00:00,Mobile,Paid,0
BILL737292,CUST10042,298563,298563,2026-02-03 00:00:00,2026-02-07 00:00:00,Mobile,Paid,0
BILL851752,CUST10147,155440,155440,2026-02-06 00:00:00,2026-02-10 00:00:00,Web,Paid,0
BILL347755,CUST10131,383513,383513,2026-02-08 00:00:00,2026-02-13 00:00:00,Mobile,Paid,0
BILL981208,CUST10616,291905,291905,2026-02-07 00:00:00,2026-02-08 00:00:00,Mobile,Paid,0
BILL678138,CUST10104,265643,265643,2026-02-09 00:00:00,2026-02-09 00:00:00,API,Paid,0
BILL789697,CUST10104,265643,265643,2026-02-09 00:00:00,2026-02-09 00:01:00,API,Paid,0
BILL463748,CUST10104,265643,265643,2026-02-09 00:00:00,2026-02-09 00:02:00,API,Paid,0
BILL396524,CUST10200,342570,342570,2026-03-03 00:00:00,2026-03-04 00:00:00,Web,Paid,0
BILL533758,CUST10417,214064,214064,2026-02-05 00:00:00,2026-02-07 00:00:00,Mobile,Paid,0
BILL739815,CUST10141,136058,2805000,2026-02-05 00:00:00,2026-02-10 00:00:00,Mobile,Paid,0
BILL958217,CUST10243,399795,399795,2026-02-03 00:00:00,2026-02-07 00:00:00,Web,Paid,0
BILL962075,CUST10133,106145,106145,2026-02-10 00:00:00,2026-02-13 00:00:00,Mobile,Paid,1
BILL129155,CUST10319,339704,339704,2026-02-03 00:00:00,2026-02-08 00:00:00,API,Paid,0
BILL786109,CUST10182,162027,162027,2026-02-04 00:00:00,2026-02-05 00:00:00,Mobile,Paid,0
BILL851713,CUST10141,136058,136058,2026-03-12 00:00:00,2026-03-13 00:00:00,Mobile,Paid,0
BILL346647,CUST10515,303653,303653,2026-02-08 00:00:00,2026-02-11 00:00:00,Web,Paid,0
BILL365531,CUST10493,119681,119681,2026-01-31 00:00:00,2026-02-04 00:00:00,Mobile,Paid,0
BILL422459,CUST10531,303613,4905342,2026-02-02 00:00:00,2026-02-06 00:00:00,Mobile,Paid,0
BILL311364,CUST10165,352542,352542,2026-02-08 00:00:00,2026-02-08 00:00:00,API,Paid,0
BILL536529,CUST10165,352542,352542,2026-02-08 00:00:00,2026-02-08 00:01:00,API,Paid,0
BILL378419,CUST10165,352542,352542,2026-02-08 00:00:00,2026-02-08 00:02:00,API,Paid,0
BILL953609,CUST10165,352542,352542,2026-02-08 00:00:00,2026-02-08 00:03:00,API,Paid,0
BILL644802,CUST10165,352542,352542,2026-02-08 00:00:00,2026-02-08 00:04:00,API,Paid,0
BILL582431,CUST10265,230771,2446,2026-02-07 00:00:00,2026-02-11 00:00:00,Mobile,Paid,0
BILL516647,CUST10471,262951,262951,2026-02-08 00:00:00,2026-02-08 00:00:00,Mobile,Paid,0
BILL511954,CUST10513,373858,373858,2026-02-09 00:00:00,2026-02-09 00:00:00,Web,Paid,0
BILL762596,CUST10453,156466,156466,2026-01-31 00:00:00,2026-02-03 00:00:00,Mobile,Paid,0
BILL617473,CUST10331,201073,4563,2026-02-09 00:00:00,2026-02-13 00:00:00,Web,Paid,0
BILL728076,CUST10404,308543,308543,2026-02-02 00:00:00,2026-02-02 00:00:00,Mobile,Paid,0
BILL129840,CUST10150,240703,240703,2026-02-07 00:00:00,2026-02-08 00:00:00,Mobile,Paid,0
BILL391983,CUST10083,266463,266463,2026-02-09 00:00:00,2026-02-11 00:00:00,Mobile,Paid,0
BILL667265,CUST10602,272602,272602,2026-02-09 00:00:00,2026-02-11 00:00:00,Web,Paid,0
BILL548497,CUST10033,312211,312211,2026-02-09 00:00:00,2026-02-13 00:00:00,Web,Paid,0
BILL982365,CUST10583,372597,372597,2026-02-07 00:00:00,2026-02-09 00:00:00,Mobile,Paid,0
BILL748156,CUST10140,270876,270876,2026-03-05 00:00:00,2026-03-05 00:00:00,Web,Paid,0
BILL966210,CUST10383,128578,128578,2026-03-05 00:00:00,2026-03-06 00:00:00,Mobile,Paid,0
BILL288414,CUST10229,340710,340710,2026-03-11 00:04:00,2026-03-15 00:04:00,API,Paid,0
BILL340422,CUST10149,189211,189211,2026-02-10 00:00:00,2026-02-14 00:00:00,Mobile,Paid,0
BILL446226,CUST10304,191508,191508,2026-02-03 00:00:00,2026-02-03 00:00:00,Web,Paid,0
BILL916996,CUST10044,331621,331621,2026-01-31 00:00:00,2026-01-31 00:00:00,Web,Paid,0
BILL511565,CUST10451,211055,211055,2026-02-10 00:00:00,2026-02-11 00:00:00,Mobile,Paid,0
BILL519379,CUST10149,189211,189211,2026-03-16 00:00:00,2026-03-19 00:00:00,Mobile,Paid,0
BILL884721,CUST10217,345563,345563,2026-02-08 00:00:00,2026-02-11 00:00:00,Web,Paid,0
BILL670233,CUST10404,308543,308543,2026-03-04 00:00:00,2026-03-07 00:00:00,Mobile,Paid,0
BILL221995,CUST10325,105485,105485,2026-02-01 00:00:00,2026-02-01 00:00:00,Mobile,Paid,0
BILL825018,CUST10610,316839,316839,2026-02-02 00:00:00,2026-02-07 00:00:00,Web,Paid,0
BILL574476,CUST10323,390691,390691,2026-02-01 00:00:00,2026-02-03 00:00:00,Mobile,Paid,0
BILL430622,CUST10234,145984,145984,2026-01-31 00:00:00,2026-02-03 00:00:00,Mobile,Paid,0
BILL882759,CUST10419,235016,235016,2026-02-04 00:00:00,2026-02-05 00:00:00,Mobile,Paid,0
BILL397959,CUST10192,309961,309961,2026-02-05 00:00:00,2026-02-05 00:00:00,Mobile,Paid,0
BILL190467,CUST10286,286179,286179,2026-03-06 00:00:00,2026-03-06 00:00:00,Mobile,Paid,0
BILL373357,CUST10318,334485,5891392,2026-02-04 00:00:00,2026-02-09 00:00:00,Web,Paid,0
BILL367241,CUST10242,218492,218492,2026-02-01 00:00:00,2026-02-04 00:00:00,Mobile,Paid,0
BILL237964,CUST10520,267781,267781,2026-02-06 00:00:00,2026-02-08 00:00:00,Web,Paid,0
BILL933794,CUST10318,334485,334485,2026-03-11 00:00:00,2026-03-14 00:00:00,API,Paid,0
BILL284605,CUST10430,292307,292307,2026-02-09 00:00:00,2026-02-13 00:00:00,Web,Paid,0
BILL966133,CUST10362,347184,347184,2026-02-02 00:00:00,2026-02-03 00:00:00,Web,Paid,0
BILL320618,CUST10465,314765,314765,2026-02-06 00:00:00,2026-02-09 00:00:00,Web,Paid,0
BILL302174,CUST10035,331809,331809,2026-02-04 00:00:00,2026-02-09 00:00:00,Web,Paid,0
BILL289505,CUST10570,322635,322635,2026-03-16 00:00:00,2026-03-21 00:00:00,Mobile,Paid,0
BILL255561,CUST10161,227877,8936,2026-02-05 00:00:00,2026-02-08 00:00:00,Mobile,Paid,0
BILL344156,CUST10072,339066,339066,2026-02-10 00:00:00,2026-02-10 00:00:00,Web,Paid,0
BILL118101,CUST10390,250230,250230,2026-02-08 00:00:00,2026-02-10 00:00:00,API,Paid,0
BILL961462,CUST10336,385465,5293,2026-02-07 00:00:00,2026-02-10 00:00:00,Web,Paid,0
BILL365616,CUST10342,252882,252882,2026-02-04 00:00:00,2026-02-09 00:00:00,Mobile,Paid,0
BILL780884,CUST10260,358839,358839,2026-02-09 00:00:00,2026-02-11 00:00:00,Web,Paid,0
BILL758758,CUST10264,250592,250592,2026-01-31 00:00:00,2026-01-31 00:00:00,API,Paid,0
BILL684817,CUST10264,250592,250592,2026-01-31 00:00:00,2026-01-31 00:01:00,API,Paid,0
BILL164333,CUST10264,250592,250592,2026-01-31 00:00:00,2026-01-31 00:02:00,API,Paid,0
BILL321742,CUST10264,250592,250592,2026-01-31 00:00:00,2026-01-31 00:03:00,API,Paid,0
BILL173064,CUST10193,319992,319992,2026-03-12 00:00:00,2026-03-13 00:00:00,Web,Paid,0
BILL534382,CUST10522,265752,265752,2026-02-06 00:00:00,2026-02-07 00:00:00,Mobile,Paid,0
BILL593358,CUST10322,138465,138465,2026-03-14 00:00:00,2026-03-17 00:00:00,Web,Paid,0
BILL737315,CUST10312,332915,332915,2026-02-08 00:00:00,2026-02-11 00:00:00,Web,Paid,0
BILL471475,CUST10194,202832,202832,2026-02-01 00:00:00,2026-02-02 00:00:00,Web,Paid,0
BILL324427,CUST10222,245529,245529,2026-02-09 00:00:00,2026-02-09 00:00:00,Web,Paid,0
BILL811156,CUST10142,108800,108800,2026-03-09 00:00:00,2026-03-12 00:00:00,Mobile,Paid,0
BILL561007,CUST10217,345563,345563,2026-03-13 00:00:00,2026-03-17 00:00:00,Web,Paid,0
BILL800015,CUST10410,350391,350391,2026-03-12 00:00:00,2026-03-13 00:00:00,Mobile,Paid,0
BILL648908,CUST10373,276562,276562,2026-02-07 00:00:00,2026-02-07 00:00:00,Web,Paid,0
BILL582045,CUST10098,179960,179960,2026-02-04 00:00:00,2026-02-08 00:00:00,Web,Paid,0
BILL495683,CUST10199,101201,101201,2026-02-04 00:00:00,2026-02-04 00:00:00,Mobile,Paid,0
BILL610477,CUST10375,286870,286870,2026-02-06 00:00:00,2026-02-11 00:00:00,Mobile,Paid,0
BILL229907,CUST10464,265364,265364,2026-02-01 00:00:00,2026-02-04 00:00:00,Mobile,Paid,0
BILL699817,CUST10042,298563,298563,2026-03-09 00:00:00,2026-03-14 00:00:00,Mobile,Paid,0
BILL320865,CUST10598,244837,244837,2026-02-09 00:00:00,2026-02-09 00:00:00,Mobile,Paid,0
BILL634375,CUST10484,198374,198374,2026-03-07 00:00:00,2026-03-10 00:00:00,Mobile,Paid,0
BILL600986,CUST10365,152220,152220,2026-02-07 00:00:00,2026-02-10 00:00:00,Mobile,Paid,0
BILL308184,CUST10338,206150,206150,2026-02-09 00:00:00,2026-02-14 00:00:00,Web,Paid,0
BILL752612,CUST10172,264351,264351,2026-03-10 00:00:00,2026-03-15 00:00:00,Mobile,Paid,0
BILL768574,CUST10596,117486,117486,2026-02-03 00:00:00,2026-02-03 00:00:00,Mobile,Paid,0
BILL822499,CUST10129,185393,185393,2026-04-12 00:00:00,2026-04-13 00:00:00,Web,Paid,0
BILL345059,CUST10332,388940,388940,2026-03-03 00:00:00,2026-03-03 00:00:00,Web,Paid,0
BILL920193,CUST10352,202261,202261,2026-02-08 00:00:00,2026-02-08 00:00:00,API,Paid,0
BILL759120,CUST10352,202261,202261,2026-02-08 00:00:00,2026-02-08 00:01:00,API,Paid,0
BILL444917,CUST10352,202261,202261,2026-02-08 00:00:00,2026-02-08 00:02:00,API,Paid,0
BILL424578,CUST10352,202261,202261,2026-02-08 00:00:00,2026-02-08 00:03:00,API,Paid,0
BILL691207,CUST10575,158907,3636323,2026-02-01 00:00:00,2026-02-02 00:00:00,Web,Paid,0
BILL862371,CUST10500,311731,311731,2026-02-04 00:00:00,2026-02-09 00:00:00,Mobile,Paid,0
BILL719882,CUST10473,133741,133741,2026-02-06 00:00:00,2026-02-06 00:00:00,Mobile,Paid,0
BILL169827,CUST10385,329076,329076,2026-02-06 00:00:00,2026-02-06 00:00:00,Mobile,Paid,0
BILL374817,CUST10156,366745,366745,2026-02-02 00:00:00,2026-02-04 00:00:00,Web,Paid,0
BILL503173,CUST10391,185279,185279,2026-02-05 00:00:00,2026-02-08 00:00:00,Mobile,Paid,0
BILL366587,CUST10237,398916,398916,2026-02-07 00:00:00,2026-02-09 00:00:00,Mobile,Paid,0
BILL455862,CUST10190,169437,169437,2026-02-01 00:00:00,2026-02-04 00:00:00,Mobile,Paid,0
BILL966538,CUST10166,334687,334687,2026-01-31 00:00:00,2026-02-05 00:00:00,Web,Paid,0
BILL243278,CUST10365,152220,152220,2026-03-12 00:00:00,2026-03-15 00:00:00,Mobile,Paid,0
BILL773642,CUST10416,384413,384413,2026-01-31 00:00:00,2026-02-01 00:00:00,Mobile,Paid,0
BILL615536,CUST10540,164504,164504,2026-02-01 00:00:00,2026-02-06 00:00:00,Mobile,Paid,0
BILL111478,CUST10352,202261,9956,2026-03-10 00:04:00,2026-03-11 00:04:00,Mobile,Paid,0
BILL882533,CUST10007,390473,390473,2026-01-31 00:00:00,2026-02-01 00:00:00,Web,Paid,0
BILL831515,CUST10048,200010,200010,2026-02-09 00:00:00,2026-02-12 00:00:00,Mobile,Paid,0
BILL839419,CUST10069,139568,139568,2026-02-09 00:00:00,2026-02-14 00:00:00,Mobile,Paid,0
BILL980152,CUST10213,322614,322614,2026-02-02 00:00:00,2026-02-02 00:00:00,Mobile,Paid,0
BILL675607,CUST10483,272414,272414,2026-02-03 00:00:00,2026-02-05 00:00:00,API,Paid,0
BILL921236,CUST10012,336936,336936,2026-02-09 00:00:00,2026-02-14 00:00:00,Mobile,Paid,0
BILL744517,CUST10520,267781,267781,2026-03-10 00:00:00,2026-03-10 00:00:00,Web,Paid,0
BILL406659,CUST10375,286870,286870,2026-03-13 00:00:00,2026-03-17 00:00:00,Mobile,Paid,0
BILL682919,CUST10233,310354,310354,2026-02-07 00:00:00,2026-02-12 00:00:00,Mobile,Paid,0
BILL962954,CUST10604,241605,241605,2026-02-07 00:00:00,2026-02-09 00:00:00,Mobile,Paid,0
BILL238745,CUST10066,187187,187187,2026-01-31 00:00:00,2026-02-02 00:00:00,Web,Paid,0
BILL957123,CUST10612,324597,324597,2026-02-10 00:00:00,2026-02-10 00:00:00,API,Paid,0
BILL856630,CUST10612,324597,324597,2026-02-10 00:00:00,2026-02-10 00:01:00,API,Paid,0
BILL306642,CUST10612,324597,324597,2026-02-10 00:00:00,2026-02-10 00:02:00,API,Paid,0
BILL253673,CUST10612,324597,324597,2026-02-10 00:00:00,2026-02-10 00:03:00,API,Paid,0
BILL479624,CUST10612,324597,324597,2026-02-10 00:00:00,2026-02-10 00:04:00,API,Paid,0
BILL131416,CUST10048,200010,200010,2026-03-14 00:00:00,2026-03-14 00:00:00,API,Paid,0
BILL704523,CUST10048,200010,200010,2026-03-14 00:00:00,2026-03-14 00:01:00,API,Paid,0
BILL315846,CUST10048,200010,200010,2026-03-14 00:00:00,2026-03-14 00:02:00,API,Paid,0
BILL417503,CUST10326,125135,125135,2026-02-06 00:00:00,2026-02-11 00:00:00,API,Paid,0
BILL123687,CUST10106,281250,281250,2026-02-03 00:00:00,2026-02-07 00:00:00,Web,Paid,0
BILL902346,CUST10216,377209,377209,2026-02-02 00:00:00,2026-02-06 00:00:00,Web,Paid,0
BILL704253,CUST10449,315584,315584,2026-02-09 00:00:00,2026-02-12 00:00:00,Mobile,Paid,0
BILL784268,CUST10472,198317,198317,2026-02-08 00:00:00,2026-02-13 00:00:00,Web,Paid,0
BILL894498,CUST10322,138465,2376085,2026-04-16 00:00:00,2026-04-16 00:00:00,Web,Paid,0
BILL500307,CUST10110,350073,350073,2026-02-08 00:00:00,2026-02-08 00:00:00,API,Paid,0
BILL270564,CUST10110,350073,350073,2026-02-08 00:00:00,2026-02-08 00:01:00,API,Paid,0
BILL218402,CUST10110,350073,350073,2026-02-08 00:00:00,2026-02-08 00:02:00,API,Paid,0
BILL792869,CUST10110,350073,350073,2026-02-08 00:00:00,2026-02-08 00:03:00,API,Paid,0
BILL535255,CUST10376,325746,325746,2026-02-02 00:00:00,2026-02-04 00:00:00,Web,Paid,0
BILL416499,CUST10140,270876,270876,2026-04-04 00:00:00,2026-04-06 00:00:00,Web,Paid,0
BILL671988,CUST10584,359104,359104,2026-02-05 00:00:00,2026-02-06 00:00:00,Mobile,Paid,0
BILL700094,CUST10619,308290,8593,2026-01-31 00:00:00,2026-02-04 00:00:00,Web,Paid,0
BILL589794,CUST10386,169828,8121,2026-03-04 00:00:00,2026-03-04 00:00:00,Mobile,Paid,0
BILL751858,CUST10596,117486,117486,2026-03-05 00:00:00,2026-03-09 00:00:00,Mobile,Paid,0
BILL513414,CUST10120,360615,360615,2026-03-06 00:00:00,2026-03-08 00:00:00,Mobile,Paid,0
BILL843101,CUST10586,360128,360128,2026-02-07 00:00:00,2026-02-11 00:00:00,Mobile,Paid,0
BILL949656,CUST10566,293643,293643,2026-02-08 00:00:00,2026-02-13 00:00:00,Mobile,Paid,1
BILL367502,CUST10485,336972,336972,2026-02-05 00:00:00,2026-02-08 00:00:00,Web,Paid,0
BILL521428,CUST10412,307721,307721,2026-03-08 00:00:00,2026-03-11 00:00:00,Web,Paid,0
BILL272447,CUST10471,262951,262951,2026-03-10 00:00:00,2026-03-12 00:00:00,Mobile,Paid,0
BILL628581,CUST10059,185962,185962,2026-02-02 00:00:00,2026-02-07 00:00:00,API,Paid,0
BILL963192,CUST10360,279054,279054,2026-02-08 00:00:00,2026-02-08 00:00:00,Web,Paid,0
BILL747501,CUST10177,219181,219181,2026-03-02 00:00:00,2026-03-07 00:00:00,Web,Paid,0
BILL101938,CUST10541,286522,286522,2026-01-31 00:00:00,2026-01-31 00:00:00,Mobile,Paid,0
BILL596183,CUST10255,258950,258950,2026-02-05 00:00:00,2026-02-09 00:00:00,Web,Paid,0
BILL714769,CUST10029,196409,2552155,2026-03-08 00:00:00,2026-03-08 00:00:00,Mobile,Paid,0
BILL422549,CUST10145,316592,316592,2026-02-03 00:00:00,2026-02-05 00:00:00,Mobile,Paid,0
BILL465864,CUST10552,200373,200373,2026-03-14 00:00:00,2026-03-16 00:00:00,Mobile,Paid,0
BILL300453,CUST10039,107142,107142,2026-02-09 00:00:00,2026-02-11 00:00:00,Mobile,Paid,0
BILL830206,CUST10130,146870,146870,2026-02-02 00:00:00,2026-02-02 00:00:00,Mobile,Paid,0
BILL338755,CUST10475,304176,304176,2026-03-12 00:00:00,2026-03-15 00:00:00,Web,Paid,0
BILL355488,CUST10103,288564,288564,2026-02-08 00:00:00,2026-02-11 00:00:00,Mobile,Paid,0
BILL891105,CUST10280,176876,176876,2026-02-06 00:00:00,2026-02-06 00:00:00,Web,Paid,0
BILL579104,CUST10359,323180,323180,2026-02-06 00:00:00,2026-02-09 00:00:00,Mobile,Paid,0
BILL269400,CUST10360,279054,279054,2026-03-10 00:00:00,2026-03-14 00:00:00,Web,Paid,0
BILL802770,CUST10438,179102,179102,2026-02-02 00:00:00,2026-02-03 00:00:00,Mobile,Paid,0
BILL486296,CUST10054,176593,176593,2026-01-31 00:00:00,2026-02-03 00:00:00,Web,Paid,0
BILL396669,CUST10407,157295,157295,2026-02-06 00:00:00,2026-02-10 00:00:00,Web,Paid,0
BILL722662,CUST10534,275437,9419,2026-02-08 00:00:00,2026-02-12 00:00:00,Web,Paid,0
BILL680738,CUST10234,145984,145984,2026-03-05 00:00:00,2026-03-05 00:00:00,API,Paid,0
BILL907830,CUST10234,145984,145984,2026-03-05 00:00:00,2026-03-05 00:01:00,API,Paid,0
BILL130307,CUST10234,145984,145984,2026-03-05 00:00:00,2026-03-05 00:02:00,API,Paid,0
BILL940843,CUST10234,145984,145984,2026-03-05 00:00:00,2026-03-05 00:03:00,API,Paid,0
BILL113419,CUST10586,360128,7324958,2026-03-13 00:00:00,2026-03-13 00:00:00,Mobile,Paid,0
BILL236696,CUST10249,299346,299346,2026-02-08 00:00:00,2026-02-11 00:00:00,Mobile,Paid,0
BILL628018,CUST10493,119681,119681,2026-03-06 00:00:00,2026-03-08 00:00:00,Mobile,Paid,1
BILL219191,CUST10187,253468,253468,2026-02-10 00:00:00,2026-02-12 00:00:00,Mobile,Paid,0
BILL229849,CUST10040,106378,106378,2026-02-01 00:00:00,2026-02-02 00:00:00,API,Paid,0
BILL254280,CUST10449,315584,315584,2026-03-14 00:00:00,2026-03-17 00:00:00,API,Paid,0
BILL239088,CUST10144,221904,221904,2026-01-31 00:00:00,2026-02-02 00:00:00,Mobile,Paid,0
BILL830166,CUST10530,291947,291947,2026-03-12 00:00:00,2026-03-13 00:00:00,Web,Paid,0
BILL643185,CUST10429,132962,2024241,2026-02-04 00:00:00,2026-02-09 00:00:00,Web,Paid,0
BILL372370,CUST10244,357946,357946,2026-01-31 00:00:00,2026-02-01 00:00:00,Web,Paid,0
BILL198315,CUST10266,241149,241149,2026-01-31 00:00:00,2026-02-05 00:00:00,Web,Paid,0
BILL824699,CUST10328,260545,260545,2026-02-07 00:00:00,2026-02-11 00:00:00,Mobile,Paid,0
BILL826255,CUST10104,265643,265643,2026-03-11 00:03:00,2026-03-11 00:03:00,Web,Paid,0
BILL966044,CUST10542,256381,256381,2026-02-03 00:00:00,2026-02-03 00:00:00,Mobile,Paid,0
BILL247754,CUST10205,325213,325213,2026-02-05 00:00:00,2026-02-09 00:00:00,Web,Paid,0
BILL804259,CUST10094,356586,356586,2026-02-07 00:00:00,2026-02-10 00:00:00,Mobile,Paid,0
BILL747190,CUST10259,355961,355961,2026-03-09 00:00:00,2026-03-12 00:00:00,Web,Paid,0
BILL513816,CUST10227,232936,232936,2026-03-12 00:05:00,2026-03-16 00:05:00,Mobile,Paid,0
BILL583055,CUST10453,156466,156466,2026-03-05 00:00:00,2026-03-07 00:00:00,Mobile,Paid,0
BILL517620,CUST10537,303726,303726,2026-02-10 00:00:00,2026-02-11 00:00:00,API,Paid,0
BILL268210,CUST10148,176194,176194,2026-03-07 00:00:00,2026-03-11 00:00:00,Web,Paid,0
BILL514386,CUST10098,179960,179960,2026-03-10 00:00:00,2026-03-13 00:00:00,Web,Paid,0
BILL644727,CUST10571,182453,182453,2026-02-07 00:00:00,2026-02-08 00:00:00,Web,Paid,1
BILL328372,CUST10016,140742,140742,2026-02-04 00:00:00,2026-02-05 00:00:00,Mobile,Paid,0
BILL369284,CUST10376,325746,325746,2026-03-06 00:00:00,2026-03-06 00:00:00,Web,Paid,0
BILL604308,CUST10508,118063,118063,2026-02-05 00:00:00,2026-02-09 00:00:00,Web,Paid,0
BILL706161,CUST10350,276597,276597,2026-03-04 00:00:00,2026-03-09 00:00:00,Mobile,Paid,0
BILL814951,CUST10212,371041,2854,2026-02-06 00:00:00,2026-02-11 00:00:00,Mobile,Paid,0
BILL302494,CUST10330,340223,340223,2026-02-08 00:00:00,2026-02-09 00:00:00,API,Paid,0
BILL462553,CUST10256,130374,1275,2026-02-08 00:00:00,2026-02-12 00:00:00,Mobile,Paid,0
BILL652701,CUST10302,176365,176365,2026-03-06 00:00:00,2026-03-08 00:00:00,Web,Paid,0
BILL767266,CUST10138,119001,119001,2026-02-01 00:00:00,2026-02-06 00:00:00,Mobile,Paid,0
BILL669161,CUST10498,286133,286133,2026-02-09 00:00:00,2026-02-10 00:00:00,Web,Paid,0
BILL839006,CUST10406,373225,373225,2026-02-01 00:00:00,2026-02-02 00:00:00,Mobile,Paid,0
BILL918441,CUST10181,358351,358351,2026-01-31 00:00:00,2026-02-02 00:00:00,Mobile,Paid,0
BILL148742,CUST10160,264437,264437,2026-02-09 00:00:00,2026-02-10 00:00:00,Web,Paid,0
BILL444789,CUST10429,132962,132962,2026-03-11 00:00:00,2026-03-13 00:00:00,Web,Paid,0
BILL247869,CUST10221,392103,392103,2026-02-06 00:00:00,2026-02-06 00:00:00,Web,Paid,0
BILL687502,CUST10094,356586,356586,2026-03-12 00:00:00,2026-03-16 00:00:00,Mobile,Paid,0
BILL528237,CUST10518,219705,7407,2026-02-09 00:00:00,2026-02-10 00:00:00,Web,Paid,0
BILL882146,CUST10533,391460,391460,2026-02-02 00:00:00,2026-02-04 00:00:00,Web,Paid,0
BILL736787,CUST10032,135160,135160,2026-02-07 00:00:00,2026-02-08 00:00:00,API,Paid,0
BILL575697,CUST10592,138451,138451,2026-02-08 00:00:00,2026-02-10 00:00:00,Mobile,Paid,0
BILL575160,CUST10550,378589,378589,2026-02-06 00:00:00,2026-02-08 00:00:00,Mobile,Paid,0
BILL256173,CUST10545,213332,213332,2026-03-04 00:00:00,2026-03-06 00:00:00,Web,Paid,0
BILL505503,CUST10507,302841,302841,2026-02-07 00:00:00,2026-02-07 00:00:00,Mobile,Paid,0
BILL906443,CUST10410,350391,350391,2026-04-12 00:00:00,2026-04-15 00:00:00,Mobile,Paid,0
BILL681080,CUST10343,365809,365809,2026-02-06 00:00:00,2026-02-07 00:00:00,Web,Paid,0
BILL140516,CUST10497,131284,131284,2026-02-07 00:00:00,2026-02-10 00:00:00,Web,Paid,0
BILL448101,CUST10592,138451,138451,2026-03-12 00:00:00,2026-03-15 00:00:00,Mobile,Paid,1
BILL513830,CUST10038,391528,391528,2026-02-04 00:00:00,2026-02-04 00:00:00,API,Paid,0
BILL380714,CUST10076,227427,227427,2026-02-02 00:00:00,2026-02-03 00:00:00,Web,Paid,0
BILL626588,CUST10322,138465,138465,2026-05-16 00:00:00,2026-05-17 00:00:00,Web,Paid,0
BILL391796,CUST10140,270876,270876,2026-05-06 00:00:00,2026-05-06 00:00:00,Web,Paid,1
BILL709710,CUST10219,393343,393343,2026-02-10 00:00:00,2026-02-13 00:00:00,Web,Paid,1
BILL637970,CUST10176,360613,360613,2026-03-14 00:00:00,2026-03-19 00:00:00,Web,Paid,0
BILL472777,CUST10527,351832,351832,2026-01-31 00:00:00,2026-02-02 00:00:00,Web,Paid,0
BILL992313,CUST10355,349261,349261,2026-02-08 00:00:00,2026-02-11 00:00:00,Mobile,Paid,0
BILL334552,CUST10460,307788,307788,2026-02-05 00:00:00,2026-02-05 00:00:00,Mobile,Paid,0
BILL763521,CUST10211,276381,276381,2026-02-07 00:00:00,2026-02-08 00:00:00,Web,Paid,1
BILL303555,CUST10207,302476,302476,2026-02-05 00:00:00,2026-02-09 00:00:00,Mobile,Paid,0
BILL148392,CUST10554,178725,178725,2026-02-02 00:00:00,2026-02-02 00:00:00,Web,Paid,0
BILL709174,CUST10162,194990,194990,2026-02-06 00:00:00,2026-02-07 00:00:00,Web,Paid,0
BILL149245,CUST10301,210731,210731,2026-02-02 00:00:00,2026-02-06 00:00:00,Web,Paid,0
BILL276764,CUST10206,369902,369902,2026-05-20 00:00:00,2026-05-21 00:00:00,Web,Paid,0
BILL522615,CUST10426,159926,159926,2026-03-08 00:00:00,2026-03-10 00:00:00,Web,Paid,0
BILL522090,CUST10035,331809,331809,2026-03-11 00:00:00,2026-03-13 00:00:00,Web,Paid,0
BILL336443,CUST10131,383513,383513,2026-03-15 00:00:00,2026-03-15 00:00:00,API,Paid,0
BILL471989,CUST10131,383513,383513,2026-03-15 00:00:00,2026-03-15 00:01:00,API,Paid,0
BILL270561,CUST10131,383513,383513,2026-03-15 00:00:00,2026-03-15 00:02:00,API,Paid,0
BILL385142,CUST10131,383513,383513,2026-03-15 00:00:00,2026-03-15 00:03:00,API,Paid,0
BILL629713,CUST10131,383513,383513,2026-03-15 00:00:00,2026-03-15 00:04:00,API,Paid,0
BILL439779,CUST10357,248320,248320,2026-02-01 00:00:00,2026-02-06 00:00:00,Mobile,Paid,0
BILL772091,CUST10565,368324,368324,2026-02-05 00:00:00,2026-02-05 00:00:00,API,Paid,0
BILL146622,CUST10565,368324,368324,2026-02-05 00:00:00,2026-02-05 00:01:00,API,Paid,0
BILL851177,CUST10565,368324,368324,2026-02-05 00:00:00,2026-02-05 00:02:00,API,Paid,0
BILL564352,CUST10565,368324,368324,2026-02-05 00:00:00,2026-02-05 00:03:00,API,Paid,0
BILL255104,CUST10565,368324,368324,2026-02-05 00:00:00,2026-02-05 00:04:00,API,Paid,0
BILL381717,CUST10312,332915,3540,2026-03-13 00:00:00,2026-03-13 00:00:00,Web,Paid,0
BILL484959,CUST10201,257933,3736737,2026-02-04 00:00:00,2026-02-05 00:00:00,Mobile,Paid,0
BILL979002,CUST10488,128957,128957,2026-02-09 00:00:00,2026-02-10 00:00:00,Web,Paid,0
BILL478986,CUST10408,347868,347868,2026-02-07 00:00:00,2026-02-11 00:00:00,Mobile,Paid,0
BILL129274,CUST10394,219001,219001,2026-02-03 00:00:00,2026-02-03 00:00:00,API,Paid,0
BILL540873,CUST10394,219001,219001,2026-02-03 00:00:00,2026-02-03 00:01:00,API,Paid,0
BILL875501,CUST10394,219001,219001,2026-02-03 00:00:00,2026-02-03 00:02:00,API,Paid,0
BILL566255,CUST10070,359330,359330,2026-02-06 00:00:00,2026-02-09 00:00:00,Web,Paid,0
BILL601484,CUST10538,233082,233082,2026-02-02 00:00:00,2026-02-04 00:00:00,Web,Paid,0
BILL898248,CUST10551,129977,129977,2026-03-03 00:00:00,2026-03-08 00:00:00,Web,Paid,0
BILL820948,CUST10548,276062,276062,2026-02-10 00:00:00,2026-02-14 00:00:00,Web,Paid,0
BILL692712,CUST10122,286581,286581,2026-03-12 00:05:00,2026-03-13 00:05:00,Web,Paid,0
BILL618055,CUST10241,399193,399193,2026-02-07 00:00:00,2026-02-11 00:00:00,Web,Paid,0
BILL514267,CUST10513,373858,373858,2026-03-11 00:00:00,2026-03-12 00:00:00,Web,Paid,0
BILL847084,CUST10068,257954,257954,2026-02-01 00:00:00,2026-02-03 00:00:00,Web,Paid,0
BILL207210,CUST10462,104974,104974,2026-02-01 00:00:00,2026-02-03 00:00:00,Mobile,Paid,0
BILL406532,CUST10536,399661,399661,2026-02-01 00:00:00,2026-02-01 00:00:00,Web,Paid,0
BILL565956,CUST10306,119250,119250,2026-02-09 00:00:00,2026-02-13 00:00:00,Mobile,Paid,0
BILL329480,CUST10601,177234,177234,2026-02-10 00:00:00,2026-02-12 00:00:00,Mobile,Paid,0
BILL740659,CUST10393,386367,386367,2026-02-07 00:00:00,2026-02-08 00:00:00,Mobile,Paid,0
BILL153640,CUST10405,282669,282669,2026-02-03 00:00:00,2026-02-07 00:00:00,Web,Paid,0
BILL141020,CUST10085,364972,364972,2026-02-07 00:00:00,2026-02-07 00:00:00,Mobile,Paid,0
BILL289703,CUST10046,156398,156398,2026-02-06 00:00:00,2026-02-10 00:00:00,Mobile,Paid,0
BILL155682,CUST10041,145257,145257,2026-02-07 00:00:00,2026-02-11 00:00:00,Mobile,Paid,0
BILL702564,CUST10346,359143,359143,2026-02-01 00:00:00,2026-02-01 00:00:00,Mobile,Paid,0
BILL791427,CUST10171,147240,147240,2026-02-07 00:00:00,2026-02-12 00:00:00,Web,Paid,0
BILL749038,CUST10046,156398,156398,2026-03-12 00:00:00,2026-03-16 00:00:00,Mobile,Paid,0
BILL156679,CUST10492,178349,178349,2026-03-11 00:00:00,2026-03-14 00:00:00,Mobile,Paid,0
BILL576233,CUST10589,239931,239931,2026-02-07 00:00:00,2026-02-09 00:00:00,Web,Paid,0
BILL743612,CUST10441,261893,4133731,2026-02-09 00:00:00,2026-02-09 00:00:00,Web,Paid,0
BILL671120,CUST10094,356586,356586,2026-04-15 00:00:00,2026-04-19 00:00:00,Mobile,Paid,0
BILL901778,CUST10323,390691,390691,2026-03-05 00:00:00,2026-03-10 00:00:00,Mobile,Paid,0
BILL509723,CUST10512,323116,323116,2026-02-08 00:00:00,2026-02-09 00:00:00,Web,Paid,0
BILL358060,CUST10175,379067,379067,2026-02-04 00:00:00,2026-02-08 00:00:00,Mobile,Paid,0
BILL790967,CUST10028,371934,371934,2026-03-09 00:00:00,2026-03-11 00:00:00,Mobile,Paid,0
BILL376584,CUST10546,165933,165933,2026-02-10 00:00:00,2026-02-10 00:00:00,Web,Paid,0
BILL683482,CUST10084,164229,164229,2026-02-06 00:00:00,2026-02-11 00:00:00,Mobile,Paid,0
BILL680647,CUST10254,325941,325941,2026-01-31 00:00:00,2026-02-01 00:00:00,Mobile,Paid,1
BILL393928,CUST10502,259966,259966,2026-02-01 00:00:00,2026-02-02 00:00:00,Mobile,Paid,0
BILL973058,CUST10233,310354,310354,2026-03-14 00:00:00,2026-03-18 00:00:00,Mobile,Paid,0
BILL501645,CUST10601,177234,177234,2026-03-14 00:00:00,2026-03-14 00:00:00,Mobile,Paid,0
BILL632617,CUST10251,365840,365840,2026-02-03 00:00:00,2026-02-05 00:00:00,Mobile,Paid,0
BILL264889,CUST10408,347868,347868,2026-03-13 00:00:00,2026-03-18 00:00:00,Mobile,Paid,0
BILL988452,CUST10482,327128,327128,2026-02-09 00:00:00,2026-02-13 00:00:00,Mobile,Paid,0
BILL223357,CUST10527,351832,351832,2026-03-04 00:00:00,2026-03-09 00:00:00,Web,Paid,0
BILL841114,CUST10408,347868,347868,2026-04-17 00:00:00,2026-04-19 00:00:00,Mobile,Paid,0
BILL458315,CUST10588,174867,174867,2026-02-02 00:00:00,2026-02-07 00:00:00,Web,Paid,0
BILL816761,CUST10148,176194,176194,2026-04-10 00:00:00,2026-04-10 00:00:00,Web,Paid,0
BILL992358,CUST10376,325746,325746,2026-04-05 00:00:00,2026-04-09 00:00:00,Web,Paid,0
BILL630790,CUST10315,225792,225792,2026-03-03 00:00:00,2026-03-03 00:00:00,API,Paid,0
BILL968242,CUST10315,225792,225792,2026-03-03 00:00:00,2026-03-03 00:01:00,API,Paid,0
BILL318054,CUST10315,225792,225792,2026-03-03 00:00:00,2026-03-03 00:02:00,API,Paid,0
BILL436735,CUST10241,399193,399193,2026-03-13 00:00:00,2026-03-17 00:00:00,Web,Paid,0
BILL314663,CUST10472,198317,8193,2026-03-15 00:00:00,2026-03-16 00:00:00,Web,Paid,0
BILL991626,CUST10550,378589,378589,2026-03-10 00:00:00,2026-03-13 00:00:00,Mobile,Paid,0
BILL988825,CUST10423,311188,311188,2026-02-07 00:00:00,2026-02-07 00:00:00,Mobile,Paid,0
BILL690113,CUST10044,331621,331621,2026-03-02 00:00:00,2026-03-07 00:00:00,Web,Paid,0
BILL743723,CUST10257,212734,212734,2026-01-31 00:00:00,2026-02-01 00:00:00,Web,Paid,0
BILL195141,CUST10001,349345,349345,2026-02-06 00:00:00,2026-02-10 00:00:00,Web,Paid,0
BILL592863,CUST10077,273915,273915,2026-02-02 00:00:00,2026-02-06 00:00:00,Mobile,Paid,0
BILL568340,CUST10095,169253,169253,2026-01-31 00:00:00,2026-01-31 00:00:00,Mobile,Paid,0
BILL880184,CUST10229,340710,340710,2026-04-14 00:04:00,2026-04-18 00:04:00,Mobile,Paid,0
BILL697904,CUST10282,264469,264469,2026-02-05 00:00:00,2026-02-07 00:00:00,API,Paid,0
BILL462358,CUST10424,178755,178755,2026-03-11 00:00:00,2026-03-15 00:00:00,Mobile,Paid,1
BILL675149,CUST10372,188669,188669,2026-02-01 00:00:00,2026-02-05 00:00:00,Web,Paid,0
BILL769888,CUST10192,309961,309961,2026-03-07 00:00:00,2026-03-09 00:00:00,Mobile,Paid,0
BILL982307,CUST10379,202846,202846,2026-01-31 00:00:00,2026-01-31 00:00:00,Web,Paid,0
BILL523263,CUST10216,377209,377209,2026-03-08 00:00:00,2026-03-10 00:00:00,Web,Paid,0
BILL305859,CUST10443,295547,295547,2026-01-31 00:00:00,2026-02-04 00:00:00,Web,Paid,0
BILL237854,CUST10318,334485,334485,2026-04-13 00:00:00,2026-04-17 00:00:00,Web,Paid,1
BILL908897,CUST10114,219674,219674,2026-02-05 00:00:00,2026-02-05 00:00:00,Web,Paid,0
BILL511928,CUST10498,286133,286133,2026-03-12 00:00:00,2026-03-17 00:00:00,API,Paid,0
BILL171667,CUST10458,297776,297776,2026-01-31 00:00:00,2026-02-02 00:00:00,Mobile,Paid,0
BILL597254,CUST10240,399654,7131,2026-01-31 00:00:00,2026-02-04 00:00:00,Mobile,Paid,0
BILL436903,CUST10119,151100,151100,2026-02-05 00:00:00,2026-02-09 00:00:00,Mobile,Paid,0
BILL130433,CUST10094,356586,356586,2026-05-19 00:00:00,2026-05-20 00:00:00,Mobile,Paid,0
BILL765018,CUST10054,176593,176593,2026-03-05 00:00:00,2026-03-06 00:00:00,Web,Paid,0
BILL655764,CUST10422,298569,298569,2026-02-09 00:00:00,2026-02-12 00:00:00,Mobile,Paid,0
BILL644737,CUST10155,343373,343373,2026-02-01 00:00:00,2026-02-01 00:00:00,Web,Paid,0
BILL255983,CUST10329,186139,186139,2026-01-31 00:00:00,2026-02-05 00:00:00,Mobile,Paid,0
BILL686612,CUST10223,365265,365265,2026-02-09 00:00:00,2026-02-09 00:00:00,Mobile,Paid,0
BILL310352,CUST10317,221198,221198,2026-03-13 00:00:00,2026-03-14 00:00:00,Mobile,Paid,1
BILL842786,CUST10492,178349,3753234,2026-04-13 00:00:00,2026-04-17 00:00:00,Mobile,Paid,0
BILL973556,CUST10310,335952,335952,2026-02-07 00:00:00,2026-02-10 00:00:00,Mobile,Paid,1
BILL234802,CUST10594,369782,369782,2026-03-08 00:00:00,2026-03-09 00:00:00,Mobile,Paid,0
BILL884380,CUST10423,311188,311188,2026-03-09 00:00:00,2026-03-14 00:00:00,Mobile,Paid,0
BILL290047,CUST10119,151100,151100,2026-03-11 00:00:00,2026-03-13 00:00:00,API,Paid,0
BILL319742,CUST10492,178349,178349,2026-05-17 00:00:00,2026-05-20 00:00:00,Mobile,Paid,1
BILL651223,CUST10031,142285,142285,2026-02-03 00:00:00,2026-02-04 00:00:00,Mobile,Paid,0
BILL542909,CUST10217,345563,345563,2026-04-16 00:00:00,2026-04-19 00:00:00,Web,Paid,1
BILL764004,CUST10584,359104,4779,2026-03-08 00:00:00,2026-03-09 00:00:00,Mobile,Paid,0
BILL507658,CUST10348,137719,137719,2026-02-03 00:00:00,2026-02-03 00:00:00,Mobile,Paid,0
BILL997001,CUST10507,302841,302841,2026-03-09 00:00:00,2026-03-11 00:00:00,Mobile,Paid,0
BILL152948,CUST10074,237204,237204,2026-02-06 00:00:00,2026-02-08 00:00:00,Web,Paid,0
BILL322180,CUST10427,150216,150216,2026-02-02 00:00:00,2026-02-03 00:00:00,Mobile,Paid,0
BILL395272,CUST10197,242482,242482,2026-03-11 00:00:00,2026-03-12 00:00:00,Mobile,Paid,1
BILL510965,CUST10400,379084,379084,2026-02-08 00:00:00,2026-02-09 00:00:00,Mobile,Paid,0
BILL539328,CUST10459,105072,105072,2026-03-03 00:00:00,2026-03-03 00:00:00,Mobile,Paid,0
BILL898825,CUST10423,311188,311188,2026-04-13 00:00:00,2026-04-16 00:00:00,Mobile,Paid,0
BILL596181,CUST10468,366366,366366,2026-02-10 00:00:00,2026-02-13 00:00:00,Mobile,Paid,0
BILL829822,CUST10558,339745,339745,2026-02-07 00:00:00,2026-02-08 00:00:00,Web,Paid,0
BILL766853,CUST10150,240703,240703,2026-03-10 00:00:00,2026-03-14 00:00:00,Mobile,Paid,1
BILL304810,CUST10025,336983,336983,2026-02-08 00:00:00,2026-02-11 00:00:00,Mobile,Paid,0
BILL272591,CUST10019,271271,271271,2026-02-05 00:00:00,2026-02-06 00:00:00,Web,Paid,0
BILL764604,CUST10614,322605,322605,2026-02-03 00:00:00,2026-02-05 00:00:00,Mobile,Paid,0
BILL546565,CUST10165,352542,352542,2026-03-10 00:05:00,2026-03-10 00:05:00,Web,Paid,0
BILL158319,CUST10394,219001,219001,2026-03-05 00:03:00,2026-03-08 00:03:00,Web,Paid,0
BILL199268,CUST10502,259966,259966,2026-03-04 00:00:00,2026-03-09 00:00:00,Mobile,Paid,0
BILL979449,CUST10531,303613,303613,2026-03-08 00:00:00,2026-03-08 00:00:00,Mobile,Paid,0
BILL145846,CUST10368,338233,338233,2026-02-05 00:00:00,2026-02-10 00:00:00,Mobile,Paid,0
BILL659623,CUST10523,228291,228291,2026-02-08 00:00:00,2026-02-12 00:00:00,Mobile,Paid,0
BILL890969,CUST10247,237979,237979,2026-03-12 00:00:00,2026-03-12 00:00:00,Web,Paid,0
BILL681409,CUST10173,272090,272090,2026-02-07 00:00:00,2026-02-12 00:00:00,Mobile,Paid,0
BILL242384,CUST10067,236495,236495,2026-02-08 00:00:00,2026-02-12 00:00:00,Web,Paid,0
BILL268333,CUST10595,342484,342484,2026-02-01 00:00:00,2026-02-01 00:00:00,Web,Paid,0
BILL696008,CUST10223,365265,365265,2026-03-11 00:00:00,2026-03-15 00:00:00,Mobile,Paid,0
BILL840793,CUST10571,182453,2787954,2026-03-10 00:00:00,2026-03-15 00:00:00,Web,Paid,0
BILL925877,CUST10505,205177,205177,2026-02-07 00:00:00,2026-02-11 00:00:00,Mobile,Paid,0
BILL494193,CUST10044,331621,331621,2026-04-06 00:00:00,2026-04-06 00:00:00,Web,Paid,0
BILL802848,CUST10050,368862,368862,2026-02-07 00:00:00,2026-02-12 00:00:00,Mobile,Paid,0
BILL968655,CUST10509,245635,245635,2026-02-03 00:00:00,2026-02-06 00:00:00,Mobile,Paid,0
BILL166627,CUST10568,187687,187687,2026-02-10 00:00:00,2026-02-12 00:00:00,Web,Paid,1
BILL862919,CUST10264,250592,250592,2026-03-02 00:04:00,2026-03-04 00:04:00,Mobile,Paid,0
BILL582935,CUST10528,303121,303121,2026-01-31 00:00:00,2026-02-03 00:00:00,Mobile,Paid,0
BILL382460,CUST10509,245635,245635,2026-03-08 00:00:00,2026-03-08 00:00:00,Mobile,Paid,0
BILL501768,CUST10358,348682,348682,2026-02-04 00:00:00,2026-02-05 00:00:00,Mobile,Paid,0
BILL729345,CUST10139,297574,297574,2026-04-10 00:00:00,2026-04-10 00:00:00,Web,Paid,0
BILL458549,CUST10496,389894,389894,2026-02-05 00:00:00,2026-02-09 00:00:00,Web,Paid,1
BILL781373,CUST10140,270876,270876,2026-06-05 00:00:00,2026-06-05 00:00:00,Web,Paid,1
BILL903502,CUST10089,397040,397040,2026-02-04 00:00:00,2026-02-07 00:00:00,Web,Paid,0
BILL943284,CUST10539,282596,282596,2026-02-06 00:00:00,2026-02-09 00:00:00,Mobile,Paid,0
BILL524846,CUST10572,328382,328382,2026-02-10 00:00:00,2026-02-11 00:00:00,Mobile,Paid,1
BILL925627,CUST10090,254823,254823,2026-02-04 00:00:00,2026-02-09 00:00:00,Web,Paid,0
BILL855254,CUST10273,306823,306823,2026-02-04 00:00:00,2026-02-05 00:00:00,Mobile,Paid,0
BILL191695,CUST10475,304176,304176,2026-04-14 00:00:00,2026-04-17 00:00:00,Web,Paid,0
BILL750557,CUST10211,276381,276381,2026-03-10 00:00:00,2026-03-14 00:00:00,Web,Paid,0
BILL356220,CUST10305,108188,108188,2026-02-07 00:00:00,2026-02-11 00:00:00,Web,Paid,0
BILL973272,CUST10463,103583,103583,2026-01-31 00:00:00,2026-02-05 00:00:00,Mobile,Paid,1
BILL682522,CUST10435,263580,263580,2026-03-10 00:00:00,2026-03-15 00:00:00,Mobile,Paid,1
BILL789464,CUST10364,342090,342090,2026-02-02 00:00:00,2026-02-04 00:00:00,Web,Paid,0
BILL747498,CUST10395,284991,284991,2026-02-05 00:00:00,2026-02-06 00:00:00,Web,Paid,0
BILL691639,CUST10099,377420,377420,2026-02-01 00:00:00,2026-02-02 00:00:00,Mobile,Paid,1
BILL684860,CUST10281,309691,309691,2026-01-31 00:00:00,2026-02-04 00:00:00,Mobile,Paid,0
BILL682015,CUST10329,186139,186139,2026-03-07 00:00:00,2026-03-12 00:00:00,Mobile,Paid,0
BILL101503,CUST10100,303145,303145,2026-02-05 00:00:00,2026-02-06 00:00:00,Web,Paid,0
BILL449077,CUST10442,190454,190454,2026-03-03 00:00:00,2026-03-05 00:00:00,API,Paid,0
BILL646827,CUST10172,264351,264351,2026-04-14 00:00:00,2026-04-18 00:00:00,Mobile,Paid,0
BILL567465,CUST10526,104664,104664,2026-02-06 00:00:00,2026-02-06 00:00:00,Mobile,Paid,0
BILL905580,CUST10562,312612,2174,2026-03-03 00:00:00,2026-03-07 00:00:00,Web,Paid,0
BILL286926,CUST10137,117777,117777,2026-02-03 00:00:00,2026-02-06 00:00:00,Mobile,Paid,0
BILL798236,CUST10365,152220,152220,2026-04-14 00:00:00,2026-04-15 00:00:00,Mobile,Paid,0
BILL186460,CUST10244,357946,357946,2026-03-03 00:00:00,2026-03-08 00:00:00,Web,Paid,0
BILL486057,CUST10132,106770,106770,2026-01-31 00:00:00,2026-02-03 00:00:00,Web,Paid,0
BILL984414,CUST10047,307308,307308,2026-03-03 00:00:00,2026-03-06 00:00:00,Mobile,Paid,0
BILL445288,CUST10235,121848,7345,2026-02-05 00:00:00,2026-02-10 00:00:00,Mobile,Paid,0
BILL887292,CUST10013,101024,101024,2026-02-07 00:00:00,2026-02-08 00:00:00,Mobile,Paid,0
BILL648406,CUST10606,115208,115208,2026-03-09 00:00:00,2026-03-11 00:00:00,Mobile,Paid,0
BILL152144,CUST10470,216130,216130,2026-02-08 00:00:00,2026-02-13 00:00:00,Web,Paid,0
BILL195920,CUST10524,221957,221957,2026-02-06 00:00:00,2026-02-09 00:00:00,Web,Paid,0
BILL781081,CUST10615,198384,198384,2026-03-11 00:00:00,2026-03-13 00:00:00,Mobile,Paid,0
BILL570903,CUST10219,393343,393343,2026-03-15 00:00:00,2026-03-15 00:00:00,API,Paid,0
BILL987602,CUST10219,393343,393343,2026-03-15 00:00:00,2026-03-15 00:01:00,API,Paid,0
BILL300525,CUST10219,393343,393343,2026-03-15 00:00:00,2026-03-15 00:02:00,API,Paid,0
BILL896623,CUST10325,105485,105485,2026-03-03 00:00:00,2026-03-06 00:00:00,Mobile,Paid,0
BILL410610,CUST10489,380999,380999,2026-02-07 00:00:00,2026-02-10 00:00:00,Web,Paid,1
BILL181140,CUST10366,353826,353826,2026-03-08 00:00:00,2026-03-09 00:00:00,Mobile,Paid,0
BILL902704,CUST10499,397498,397498,2026-02-04 00:00:00,2026-02-05 00:00:00,Mobile,Paid,0
BILL153680,CUST10164,257164,257164,2026-02-06 00:00:00,2026-02-10 00:00:00,Mobile,Paid,0
BILL955675,CUST10435,263580,263580,2026-04-14 00:00:00,2026-04-18 00:00:00,Mobile,Paid,0
BILL670784,CUST10229,340710,340710,2026-05-18 00:04:00,2026-05-23 00:04:00,Mobile,Paid,0
BILL828804,CUST10023,351268,351268,2026-02-03 00:00:00,2026-02-04 00:00:00,Mobile,Paid,0
BILL345310,CUST10039,107142,107142,2026-03-13 00:00:00,2026-03-16 00:00:00,Mobile,Paid,0
BILL521812,CUST10574,359902,359902,2026-02-05 00:00:00,2026-02-06 00:00:00,Web,Paid,0
BILL343317,CUST10434,123587,123587,2026-02-05 00:00:00,2026-02-05 00:00:00,Mobile,Paid,0
BILL935602,CUST10522,265752,265752,2026-03-09 00:00:00,2026-03-14 00:00:00,Mobile,Paid,0
BILL137997,CUST10020,314612,314612,2026-02-04 00:00:00,2026-02-07 00:00:00,Web,Paid,0
BILL107068,CUST10078,168945,168945,2026-02-08 00:00:00,2026-02-13 00:00:00,Mobile,Paid,0
BILL337231,CUST10398,320042,320042,2026-01-31 00:00:00,2026-02-05 00:00:00,Web,Paid,0
BILL277128,CUST10293,367785,367785,2026-02-10 00:00:00,2026-02-15 00:00:00,Web,Paid,0
BILL146041,CUST10431,155744,155744,2026-01-31 00:00:00,2026-02-02 00:00:00,Mobile,Paid,0
BILL948542,CUST10089,397040,397040,2026-03-09 00:00:00,2026-03-12 00:00:00,Web,Paid,0
BILL924568,CUST10147,155440,155440,2026-03-12 00:00:00,2026-03-16 00:00:00,Web,Paid,0
BILL773911,CUST10391,185279,185279,2026-03-10 00:00:00,2026-03-12 00:00:00,Mobile,Paid,0
BILL689886,CUST10539,282596,282596,2026-03-11 00:00:00,2026-03-16 00:00:00,Mobile,Paid,0
BILL482911,CUST10350,276597,276597,2026-04-08 00:00:00,2026-04-13 00:00:00,Mobile,Paid,0
BILL714835,CUST10496,389894,389894,2026-03-11 00:00:00,2026-03-12 00:00:00,Web,Paid,0
BILL131847,CUST10489,380999,380999,2026-03-12 00:00:00,2026-03-14 00:00:00,Web,Paid,0
BILL213959,CUST10431,155744,155744,2026-03-04 00:00:00,2026-03-05 00:00:00,Mobile,Paid,0
BILL443368,CUST10092,280466,280466,2026-02-07 00:00:00,2026-02-10 00:00:00,Mobile,Paid,1
BILL962832,CUST10117,111971,111971,2026-03-15 00:00:00,2026-03-18 00:00:00,Mobile,Paid,1
BILL883103,CUST10300,333301,7036,2026-03-09 00:00:00,2026-03-12 00:00:00,Web,Paid,0
BILL665625,CUST10384,289730,289730,2026-01-31 00:00:00,2026-02-04 00:00:00,Mobile,Paid,0
BILL289221,CUST10546,165933,165933,2026-03-12 00:00:00,2026-03-15 00:00:00,Web,Paid,0
BILL681823,CUST10605,312652,312652,2026-02-01 00:00:00,2026-02-02 00:00:00,Web,Paid,0
BILL707653,CUST10209,180576,180576,2026-02-08 00:00:00,2026-02-08 00:00:00,Web,Paid,0
BILL620945,CUST10421,123128,123128,2026-02-04 00:00:00,2026-02-09 00:00:00,Web,Paid,0
BILL202808,CUST10389,112319,112319,2026-02-10 00:00:00,2026-02-13 00:00:00,Web,Paid,0
BILL119051,CUST10148,176194,176194,2026-05-10 00:00:00,2026-05-13 00:00:00,Web,Paid,1
BILL513429,CUST10304,191508,191508,2026-03-05 00:00:00,2026-03-08 00:00:00,Web,Paid,0
BILL111269,CUST10530,291947,291947,2026-04-12 00:00:00,2026-04-15 00:00:00,Web,Paid,0
BILL740789,CUST10070,359330,359330,2026-03-11 00:00:00,2026-03-14 00:00:00,Web,Paid,0
BILL522008,CUST10197,242482,242482,2026-04-11 00:00:00,2026-04-15 00:00:00,API,Paid,0
BILL198986,CUST10217,345563,345563,2026-05-19 00:00:00,2026-05-19 00:00:00,API,Paid,0
BILL234756,CUST10404,308543,308543,2026-04-06 00:00:00,2026-04-09 00:00:00,Mobile,Paid,0
BILL297921,CUST10395,284991,284991,2026-03-08 00:00:00,2026-03-11 00:00:00,Web,Paid,0
BILL727445,CUST10064,279670,279670,2026-02-04 00:00:00,2026-02-06 00:00:00,Mobile,Paid,0
BILL400973,CUST10190,169437,7283,2026-03-06 00:00:00,2026-03-09 00:00:00,Mobile,Paid,0
BILL862611,CUST10383,128578,128578,2026-04-05 00:00:00,2026-04-10 00:00:00,Mobile,Paid,0
BILL324790,CUST10008,241795,241795,2026-01-31 00:00:00,2026-01-31 00:00:00,Web,Paid,0
BILL365882,CUST10456,348538,348538,2026-02-04 00:00:00,2026-02-05 00:00:00,Web,Paid,0
BILL883736,CUST10141,136058,136058,2026-04-12 00:00:00,2026-04-14 00:00:00,Mobile,Paid,0
BILL971433,CUST10377,254280,254280,2026-02-09 00:00:00,2026-02-09 00:00:00,Web,Paid,0
BILL781188,CUST10187,253468,253468,2026-03-14 00:00:00,2026-03-16 00:00:00,API,Paid,0
BILL391143,CUST10431,155744,155744,2026-04-04 00:00:00,2026-04-07 00:00:00,Mobile,Paid,0
BILL392315,CUST10151,234106,234106,2026-02-10 00:00:00,2026-02-14 00:00:00,Mobile,Paid,0
BILL995106,CUST10148,176194,176194,2026-06-12 00:00:00,2026-06-16 00:00:00,Web,Paid,0
BILL463538,CUST10167,144117,144117,2026-02-09 00:00:00,2026-02-09 00:00:00,Mobile,Paid,0
BILL601520,CUST10512,323116,2559,2026-03-11 00:00:00,2026-03-14 00:00:00,Web,Paid,0
BILL645064,CUST10553,132281,132281,2026-02-06 00:00:00,2026-02-07 00:00:00,API,Paid,0
BILL919449,CUST10525,309705,4852709,2026-01-31 00:00:00,2026-02-04 00:00:00,Mobile,Paid,0
BILL645386,CUST10078,168945,168945,2026-03-15 00:00:00,2026-03-15 00:00:00,Mobile,Paid,0
BILL763544,CUST10361,329183,329183,2026-02-03 00:00:00,2026-02-05 00:00:00,Web,Paid,0
BILL184795,CUST10278,172976,172976,2026-01-31 00:00:00,2026-02-04 00:00:00,Mobile,Paid,0
BILL551054,CUST10048,200010,9523,2026-04-13 00:03:00,2026-04-14 00:03:00,Mobile,Paid,0
BILL435207,CUST10093,109845,109845,2026-02-06 00:00:00,2026-02-06 00:00:00,API,Paid,0
BILL244599,CUST10093,109845,109845,2026-02-06 00:00:00,2026-02-06 00:01:00,API,Paid,0
BILL114606,CUST10093,109845,109845,2026-02-06 00:00:00,2026-02-06 00:02:00,API,Paid,0
BILL626059,CUST10005,300383,300383,2026-02-08 00:00:00,2026-02-11 00:00:00,API,Paid,0
BILL217792,CUST10179,370177,370177,2026-02-08 00:00:00,2026-02-13 00:00:00,Mobile,Paid,0
BILL675638,CUST10015,326173,326173,2026-04-13 00:00:00,2026-04-14 00:00:00,Mobile,Paid,0
BILL695919,CUST10429,132962,132962,2026-04-12 00:00:00,2026-04-16 00:00:00,Web,Paid,0
BILL882671,CUST10516,143930,143930,2026-02-08 00:00:00,2026-02-13 00:00:00,Mobile,Paid,0
BILL924206,CUST10549,273984,273984,2026-03-12 00:00:00,2026-03-14 00:00:00,Web,Paid,0
BILL745122,CUST10497,131284,131284,2026-03-12 00:00:00,2026-03-15 00:00:00,Web,Paid,0
BILL892803,CUST10438,179102,179102,2026-03-05 00:00:00,2026-03-07 00:00:00,Mobile,Paid,0
BILL271845,CUST10323,390691,7522,2026-04-09 00:00:00,2026-04-09 00:00:00,Mobile,Paid,0
BILL568503,CUST10430,292307,292307,2026-03-15 00:00:00,2026-03-18 00:00:00,Web,Paid,0
BILL246626,CUST10054,176593,176593,2026-04-05 00:00:00,2026-04-09 00:00:00,Web,Paid,0
BILL853279,CUST10481,205868,2392587,2026-02-04 00:00:00,2026-02-06 00:00:00,Mobile,Paid,0
BILL705192,CUST10388,278289,278289,2026-02-07 00:00:00,2026-02-10 00:00:00,Mobile,Paid,0
BILL179359,CUST10303,131090,2246048,2026-02-03 00:00:00,2026-02-08 00:00:00,Web,Paid,0
BILL559080,CUST10321,146266,146266,2026-02-07 00:00:00,2026-02-12 00:00:00,Mobile,Paid,0
BILL126513,CUST10327,345530,7138039,2026-01-31 00:00:00,2026-01-31 00:00:00,Web,Paid,0
BILL644042,CUST10252,378693,378693,2026-02-08 00:00:00,2026-02-13 00:00:00,Web,Paid,0
BILL587531,CUST10188,331635,331635,2026-02-09 00:00:00,2026-02-11 00:00:00,Mobile,Paid,0
BILL588468,CUST10123,343745,6156,2026-02-02 00:00:00,2026-02-02 00:00:00,Mobile,Paid,0
BILL474548,CUST10442,190454,190454,2026-04-04 00:00:00,2026-04-04 00:00:00,Web,Paid,0
BILL781504,CUST10440,300049,300049,2026-02-06 00:00:00,2026-02-11 00:00:00,Web,Paid,0
BILL117824,CUST10331,201073,201073,2026-03-15 00:00:00,2026-03-15 00:00:00,Web,Paid,0
BILL599685,CUST10012,336936,336936,2026-03-16 00:00:00,2026-03-17 00:00:00,Mobile,Paid,0
BILL823012,CUST10004,125948,125948,2026-02-01 00:00:00,2026-02-04 00:00:00,Mobile,Paid,0
BILL582915,CUST10449,315584,315584,2026-04-16 00:00:00,2026-04-17 00:00:00,Mobile,Paid,1
BILL234386,CUST10267,211714,211714,2026-03-06 00:00:00,2026-03-10 00:00:00,Mobile,Paid,0
BILL878718,CUST10091,146080,146080,2026-02-06 00:00:00,2026-02-11 00:00:00,API,Paid,0
BILL149004,CUST10070,359330,6008273,2026-04-13 00:00:00,2026-04-16 00:00:00,Web,Paid,0
BILL831595,CUST10612,324597,324597,2026-03-12 00:05:00,2026-03-12 00:05:00,Web,Paid,0
BILL554924,CUST10048,200010,200010,2026-05-14 00:03:00,2026-05-16 00:03:00,Mobile,Paid,0
BILL660898,CUST10270,215045,215045,2026-01-31 00:00:00,2026-02-02 00:00:00,Mobile,Paid,0
BILL506972,CUST10394,219001,219001,2026-04-07 00:03:00,2026-04-08 00:03:00,Web,Paid,0
BILL629668,CUST10441,261893,5363,2026-03-11 00:00:00,2026-03-14 00:00:00,Web,Paid,0
BILL617813,CUST10466,170776,170776,2026-02-07 00:00:00,2026-02-11 00:00:00,Mobile,Paid,0
BILL864777,CUST10151,234106,234106,2026-03-16 00:00:00,2026-03-17 00:00:00,Mobile,Paid,0
BILL703494,CUST10147,155440,155440,2026-04-15 00:00:00,2026-04-16 00:00:00,Web,Paid,0
BILL433056,CUST10435,263580,263580,2026-05-18 00:00:00,2026-05-18 00:00:00,Mobile,Paid,1
BILL677814,CUST10123,343745,343745,2026-03-04 00:00:00,2026-03-09 00:00:00,Mobile,Paid,0
BILL658630,CUST10533,391460,391460,2026-03-06 00:00:00,2026-03-08 00:00:00,Web,Paid,0
BILL179239,CUST10528,303121,303121,2026-03-05 00:00:00,2026-03-09 00:00:00,API,Paid,0
BILL319843,CUST10386,169828,3196513,2026-04-03 00:00:00,2026-04-04 00:00:00,Mobile,Paid,0
BILL507573,CUST10259,355961,355961,2026-04-11 00:00:00,2026-04-15 00:00:00,Web,Paid,0
BILL117867,CUST10085,364972,364972,2026-03-09 00:00:00,2026-03-12 00:00:00,API,Paid,0
BILL230950,CUST10510,204797,204797,2026-02-08 00:00:00,2026-02-10 00:00:00,Mobile,Paid,0
BILL624819,CUST10147,155440,155440,2026-05-16 00:00:00,2026-05-18 00:00:00,Web,Paid,0
BILL585000,CUST10579,205403,205403,2026-01-31 00:00:00,2026-02-05 00:00:00,Mobile,Paid,0
BILL657450,CUST10227,232936,232936,2026-04-15 00:05:00,2026-04-15 00:05:00,Mobile,Paid,0
BILL365396,CUST10159,294457,294457,2026-02-08 00:00:00,2026-02-08 00:00:00,Mobile,Paid,0
BILL464460,CUST10582,110491,110491,2026-03-12 00:00:00,2026-03-13 00:00:00,API,Paid,0
BILL178687,CUST10127,350604,350604,2026-03-05 00:00:00,2026-03-10 00:00:00,Mobile,Paid,0
BILL878541,CUST10110,350073,350073,2026-03-10 00:04:00,2026-03-14 00:04:00,Web,Paid,0
BILL541819,CUST10132,106770,106770,2026-03-05 00:00:00,2026-03-08 00:00:00,Web,Paid,0
BILL543340,CUST10033,312211,312211,2026-03-15 00:00:00,2026-03-16 00:00:00,Web,Paid,0
BILL396366,CUST10080,208753,208753,2026-02-08 00:00:00,2026-02-09 00:00:00,Web,Paid,0
BILL287644,CUST10468,366366,366366,2026-03-15 00:00:00,2026-03-16 00:00:00,Mobile,Paid,0
BILL989851,CUST10203,136548,136548,2026-04-14 00:00:00,2026-04-18 00:00:00,Web,Paid,0
BILL232333,CUST10499,397498,397498,2026-03-07 00:00:00,2026-03-08 00:00:00,Mobile,Paid,0
BILL961196,CUST10372,188669,188669,2026-03-07 00:00:00,2026-03-10 00:00:00,Web,Paid,0
BILL133048,CUST10123,343745,343745,2026-04-08 00:00:00,2026-04-12 00:00:00,Mobile,Paid,0
BILL956483,CUST10119,151100,151100,2026-04-12 00:00:00,2026-04-16 00:00:00,Mobile,Paid,0
BILL270363,CUST10428,218349,218349,2026-03-07 00:00:00,2026-03-09 00:00:00,Web,Paid,0
BILL249200,CUST10501,151549,151549,2026-02-08 00:00:00,2026-02-13 00:00:00,Mobile,Paid,0
BILL401942,CUST10368,338233,7589,2026-03-12 00:00:00,2026-03-15 00:00:00,Mobile,Paid,0
BILL766173,CUST10614,322605,322605,2026-03-07 00:00:00,2026-03-10 00:00:00,Mobile,Paid,0
BILL908119,CUST10137,117777,117777,2026-03-08 00:00:00,2026-03-11 00:00:00,Mobile,Paid,0
BILL200664,CUST10567,257276,257276,2026-02-01 00:00:00,2026-02-02 00:00:00,Web,Paid,0
BILL745501,CUST10526,104664,9633,2026-03-08 00:00:00,2026-03-12 00:00:00,Mobile,Paid,0
BILL667591,CUST10584,359104,359104,2026-04-08 00:00:00,2026-04-11 00:00:00,Mobile,Paid,0
BILL123748,CUST10392,342300,342300,2026-04-06 00:00:00,2026-04-11 00:00:00,Web,Paid,0
BILL998985,CUST10234,145984,145984,2026-04-04 00:04:00,2026-04-07 00:04:00,Mobile,Paid,0
BILL208499,CUST10464,265364,265364,2026-03-06 00:00:00,2026-03-10 00:00:00,API,Paid,0
BILL455857,CUST10459,105072,105072,2026-04-02 00:00:00,2026-04-02 00:00:00,Mobile,Paid,0
BILL524966,CUST10488,128957,128957,2026-03-12 00:00:00,2026-03-13 00:00:00,Web,Paid,0
BILL608876,CUST10498,286133,286133,2026-04-16 00:00:00,2026-04-16 00:00:00,Web,Paid,0
BILL708163,CUST10090,254823,254823,2026-03-11 00:00:00,2026-03-15 00:00:00,Web,Paid,0
BILL769982,CUST10062,360981,360981,2026-03-12 00:00:00,2026-03-13 00:00:00,Mobile,Paid,0
BILL594153,CUST10298,310450,310450,2026-02-04 00:00:00,2026-02-04 00:00:00,Web,Paid,0
BILL326134,CUST10230,356484,356484,2026-02-03 00:00:00,2026-02-03 00:00:00,Web,Paid,0
BILL806735,CUST10572,328382,328382,2026-03-13 00:00:00,2026-03-18 00:00:00,Mobile,Paid,0
BILL558599,CUST10608,369837,369837,2026-03-10 00:00:00,2026-03-15 00:00:00,Web,Paid,0
BILL151399,CUST10334,153060,153060,2026-02-08 00:00:00,2026-02-11 00:00:00,Web,Paid,0
BILL222694,CUST10414,297390,297390,2026-02-03 00:00:00,2026-02-04 00:00:00,Web,Paid,1
BILL684407,CUST10056,161024,161024,2026-02-10 00:00:00,2026-02-14 00:00:00,Mobile,Paid,0
BILL199761,CUST10360,279054,279054,2026-04-13 00:00:00,2026-04-16 00:00:00,Web,Paid,0
BILL666454,CUST10168,255470,255470,2026-03-16 00:00:00,2026-03-21 00:00:00,Web,Paid,1
BILL862616,CUST10593,360948,360948,2026-02-08 00:00:00,2026-02-10 00:00:00,Web,Paid,0
BILL536544,CUST10542,256381,256381,2026-03-05 00:00:00,2026-03-07 00:00:00,Mobile,Paid,0
BILL919012,CUST10064,279670,279670,2026-03-08 00:00:00,2026-03-11 00:00:00,Mobile,Paid,0
BILL588937,CUST10215,337929,337929,2026-02-10 00:00:00,2026-02-13 00:00:00,Web,Paid,0
BILL743858,CUST10439,221273,221273,2026-02-04 00:00:00,2026-02-06 00:00:00,Web,Paid,0
BILL594017,CUST10378,339807,339807,2026-03-09 00:00:00,2026-03-13 00:00:00,Mobile,Paid,0
BILL556580,CUST10030,120032,120032,2026-02-04 00:00:00,2026-02-09 00:00:00,Web,Paid,0
BILL846935,CUST10063,298648,298648,2026-02-01 00:00:00,2026-02-01 00:00:00,Mobile,Paid,0
BILL693366,CUST10093,109845,109845,2026-03-08 00:03:00,2026-03-10 00:03:00,Mobile,Paid,0
BILL223691,CUST10111,245209,245209,2026-02-05 00:00:00,2026-02-05 00:00:00,Mobile,Paid,0
BILL857827,CUST10078,168945,168945,2026-04-14 00:00:00,2026-04-19 00:00:00,Mobile,Paid,0
BILL427135,CUST10118,111521,111521,2026-03-11 00:00:00,2026-03-11 00:00:00,API,Paid,0
BILL286714,CUST10118,111521,111521,2026-03-11 00:00:00,2026-03-11 00:01:00,API,Paid,0
BILL205642,CUST10118,111521,111521,2026-03-11 00:00:00,2026-03-11 00:02:00,API,Paid,0
BILL945441,CUST10118,111521,111521,2026-03-11 00:00:00,2026-03-11 00:03:00,API,Paid,0
BILL682430,CUST10115,233300,233300,2026-02-05 00:00:00,2026-02-08 00:00:00,Web,Paid,0
BILL996753,CUST10129,185393,185393,2026-05-13 00:00:00,2026-05-18 00:00:00,Web,Paid,0
BILL697393,CUST10161,227877,227877,2026-03-10 00:00:00,2026-03-11 00:00:00,Mobile,Paid,0
BILL967293,CUST10217,345563,345563,2026-06-18 00:00:00,2026-06-22 00:00:00,Web,Paid,0
BILL279564,CUST10595,342484,342484,2026-03-03 00:00:00,2026-03-08 00:00:00,Web,Paid,0
BILL896275,CUST10107,388199,388199,2026-02-06 00:00:00,2026-02-11 00:00:00,Mobile,Paid,0
BILL722484,CUST10439,221273,221273,2026-03-08 00:00:00,2026-03-10 00:00:00,Web,Paid,0
BILL342241,CUST10133,106145,106145,2026-03-15 00:00:00,2026-03-16 00:00:00,Mobile,Paid,0
BILL456480,CUST10497,131284,131284,2026-04-14 00:00:00,2026-04-18 00:00:00,Web,Paid,0
BILL174227,CUST10271,297333,297333,2026-02-03 00:00:00,2026-02-08 00:00:00,Web,Paid,0
BILL587954,CUST10345,214430,214430,2026-02-03 00:00:00,2026-02-06 00:00:00,Web,Paid,0
BILL579585,CUST10319,339704,339704,2026-03-10 00:00:00,2026-03-10 00:00:00,Web,Paid,0
BILL639579,CUST10009,100858,1232749,2026-02-01 00:00:00,2026-02-06 00:00:00,Web,Paid,0
BILL925350,CUST10342,252882,252882,2026-03-11 00:00:00,2026-03-13 00:00:00,API,Paid,0
BILL646198,CUST10495,217295,217295,2026-02-04 00:00:00,2026-02-06 00:00:00,Mobile,Paid,0
BILL140422,CUST10294,299488,5375,2026-02-10 00:00:00,2026-02-11 00:00:00,Mobile,Paid,0
BILL466557,CUST10540,164504,164504,2026-03-08 00:00:00,2026-03-10 00:00:00,Mobile,Paid,0
BILL430196,CUST10432,311818,311818,2026-02-02 00:00:00,2026-02-07 00:00:00,Mobile,Paid,0
BILL235325,CUST10581,380201,380201,2026-02-04 00:00:00,2026-02-08 00:00:00,Mobile,Paid,0
BILL216222,CUST10286,286179,286179,2026-04-05 00:00:00,2026-04-08 00:00:00,Mobile,Paid,0
BILL102022,CUST10178,354757,354757,2026-02-01 00:00:00,2026-02-01 00:00:00,API,Paid,0
BILL300271,CUST10178,354757,354757,2026-02-01 00:00:00,2026-02-01 00:01:00,API,Paid,0
BILL424102,CUST10178,354757,354757,2026-02-01 00:00:00,2026-02-01 00:02:00,API,Paid,0
BILL267788,CUST10178,354757,354757,2026-02-01 00:00:00,2026-02-01 00:03:00,API,Paid,0
BILL701967,CUST10072,339066,339066,2026-03-12 00:00:00,2026-03-12 00:00:00,API,Paid,0
BILL844164,CUST10409,174415,3554031,2026-02-05 00:00:00,2026-02-09 00:00:00,Mobile,Paid,0
BILL514311,CUST10338,206150,206150,2026-03-16 00:00:00,2026-03-16 00:00:00,Web,Paid,0
BILL107783,CUST10152,248075,248075,2026-03-09 00:00:00,2026-03-14 00:00:00,Web,Paid,0
BILL877672,CUST10534,275437,275437,2026-03-14 00:00:00,2026-03-15 00:00:00,Web,Paid,1
BILL465417,CUST10519,273139,273139,2026-02-09 00:00:00,2026-02-11 00:00:00,Mobile,Paid,0
BILL275135,CUST10508,118063,118063,2026-03-11 00:00:00,2026-03-14 00:00:00,Web,Paid,0
BILL264941,CUST10598,244837,244837,2026-03-11 00:00:00,2026-03-16 00:00:00,Mobile,Paid,0
BILL368933,CUST10550,378589,378589,2026-04-12 00:00:00,2026-04-15 00:00:00,Mobile,Paid,0
BILL315521,CUST10290,172758,172758,2026-03-05 00:05:00,2026-03-08 00:05:00,Mobile,Paid,0
BILL446021,CUST10278,172976,172976,2026-03-06 00:00:00,2026-03-07 00:00:00,Mobile,Paid,0
BILL635998,CUST10550,378589,378589,2026-05-15 00:00:00,2026-05-16 00:00:00,Mobile,Paid,0
BILL760665,CUST10583,372597,372597,2026-03-11 00:00:00,2026-03-15 00:00:00,Mobile,Paid,0
BILL812411,CUST10135,226874,226874,2026-01-31 00:00:00,2026-02-01 00:00:00,Web,Paid,0
BILL124958,CUST10367,246080,246080,2026-02-02 00:00:00,2026-02-04 00:00:00,Mobile,Paid,0
BILL124211,CUST10564,158695,158695,2026-02-01 00:00:00,2026-02-02 00:00:00,Mobile,Paid,0
BILL966795,CUST10529,249086,249086,2026-02-05 00:00:00,2026-02-07 00:00:00,API,Paid,0
BILL750633,CUST10223,365265,365265,2026-04-14 00:00:00,2026-04-15 00:00:00,Mobile,Paid,0
BILL810648,CUST10085,364972,364972,2026-04-11 00:00:00,2026-04-15 00:00:00,Mobile,Paid,0
BILL427750,CUST10307,115337,115337,2026-02-05 00:00:00,2026-02-09 00:00:00,Mobile,Paid,0
BILL783999,CUST10414,297390,297390,2026-03-06 00:00:00,2026-03-07 00:00:00,Web,Paid,0
BILL904710,CUST10508,118063,118063,2026-04-13 00:00:00,2026-04-13 00:00:00,Web,Paid,0
BILL504236,CUST10074,237204,237204,2026-03-10 00:00:00,2026-03-10 00:00:00,API,Paid,0
BILL519668,CUST10074,237204,237204,2026-03-10 00:00:00,2026-03-10 00:01:00,API,Paid,0
BILL996270,CUST10074,237204,237204,2026-03-10 00:00:00,2026-03-10 00:02:00,API,Paid,0
BILL577041,CUST10074,237204,237204,2026-03-10 00:00:00,2026-03-10 00:03:00,API,Paid,0
BILL772615,CUST10074,237204,237204,2026-03-10 00:00:00,2026-03-10 00:04:00,API,Paid,0
BILL590256,CUST10356,366114,2391,2026-02-08 00:00:00,2026-02-13 00:00:00,Web,Paid,0
BILL164836,CUST10163,201229,201229,2026-01-31 00:00:00,2026-02-01 00:00:00,Web,Paid,0
BILL349911,CUST10106,281250,281250,2026-03-09 00:00:00,2026-03-10 00:00:00,Web,Paid,0
BILL126454,CUST10039,107142,1162168,2026-04-15 00:00:00,2026-04-18 00:00:00,Mobile,Paid,0
BILL241651,CUST10138,119001,119001,2026-03-08 00:00:00,2026-03-08 00:00:00,Mobile,Paid,0
BILL311000,CUST10354,318261,318261,2026-02-01 00:00:00,2026-02-03 00:00:00,Mobile,Paid,1
BILL253739,CUST10443,295547,295547,2026-03-06 00:00:00,2026-03-09 00:00:00,Web,Paid,0
BILL338404,CUST10018,118406,118406,2026-01-31 00:00:00,2026-02-04 00:00:00,Web,Paid,0
BILL472976,CUST10341,289740,289740,2026-02-01 00:00:00,2026-02-04 00:00:00,Mobile,Paid,0
BILL182892,CUST10581,380201,380201,2026-03-10 00:00:00,2026-03-13 00:00:00,Mobile,Paid,1
BILL546034,CUST10582,110491,110491,2026-04-12 00:00:00,2026-04-13 00:00:00,Web,Paid,0
BILL934538,CUST10408,347868,347868,2026-05-19 00:00:00,2026-05-23 00:00:00,Mobile,Paid,0
BILL636378,CUST10053,207253,4418933,2026-02-08 00:00:00,2026-02-10 00:00:00,Mobile,Paid,0
BILL136869,CUST10148,176194,176194,2026-07-16 00:00:00,2026-07-18 00:00:00,Web,Paid,0
BILL723841,CUST10432,311818,311818,2026-03-09 00:00:00,2026-03-10 00:00:00,Mobile,Paid,0
BILL632433,CUST10000,171786,171786,2026-02-08 00:00:00,2026-02-09 00:00:00,Web,Paid,0
BILL847797,CUST10522,265752,265752,2026-04-13 00:00:00,2026-04-15 00:00:00,Mobile,Paid,0
BILL492456,CUST10408,347868,347868,2026-06-22 00:00:00,2026-06-27 00:00:00,Mobile,Paid,0
BILL997534,CUST10294,299488,299488,2026-03-13 00:00:00,2026-03-18 00:00:00,Mobile,Paid,0
BILL983369,CUST10462,104974,104974,2026-03-05 00:00:00,2026-03-05 00:00:00,Mobile,Paid,0
BILL126882,CUST10618,180862,180862,2026-02-06 00:00:00,2026-02-07 00:00:00,Mobile,Paid,0
BILL538781,CUST10382,102370,102370,2026-02-03 00:00:00,2026-02-06 00:00:00,Web,Paid,0
BILL368226,CUST10049,320646,320646,2026-02-03 00:00:00,2026-02-07 00:00:00,Web,Paid,0
BILL692998,CUST10491,119240,119240,2026-02-02 00:00:00,2026-02-03 00:00:00,Web,Paid,0
BILL210508,CUST10109,112974,112974,2026-01-31 00:00:00,2026-02-04 00:00:00,Mobile,Paid,0
BILL221470,CUST10606,115208,115208,2026-04-10 00:00:00,2026-04-10 00:00:00,Mobile,Paid,0
BILL156290,CUST10064,279670,279670,2026-04-10 00:00:00,2026-04-13 00:00:00,Mobile,Paid,0
BILL381151,CUST10353,244854,244854,2026-03-08 00:00:00,2026-03-10 00:00:00,Web,Paid,0
BILL966174,CUST10383,128578,128578,2026-05-10 00:00:00,2026-05-14 00:00:00,Mobile,Paid,0
BILL617367,CUST10010,184997,184997,2026-02-06 00:00:00,2026-02-06 00:00:00,API,Paid,0
BILL201109,CUST10010,184997,184997,2026-02-06 00:00:00,2026-02-06 00:01:00,API,Paid,0
BILL742716,CUST10010,184997,184997,2026-02-06 00:00:00,2026-02-06 00:02:00,API,Paid,0
BILL419671,CUST10010,184997,184997,2026-02-06 00:00:00,2026-02-06 00:03:00,API,Paid,0
BILL301359,CUST10010,184997,184997,2026-02-06 00:00:00,2026-02-06 00:04:00,API,Paid,0
BILL992845,CUST10180,151733,151733,2026-02-02 00:00:00,2026-02-04 00:00:00,Mobile,Paid,0
BILL666086,CUST10307,115337,115337,2026-03-11 00:00:00,2026-03-13 00:00:00,Mobile,Paid,0
BILL338163,CUST10209,180576,180576,2026-03-10 00:00:00,2026-03-14 00:00:00,Web,Paid,0
BILL769745,CUST10601,177234,177234,2026-04-13 00:00:00,2026-04-17 00:00:00,Mobile,Paid,0
BILL512788,CUST10149,189211,189211,2026-04-18 00:00:00,2026-04-18 00:00:00,API,Paid,0
BILL812991,CUST10149,189211,189211,2026-04-18 00:00:00,2026-04-18 00:01:00,API,Paid,0
BILL777802,CUST10149,189211,189211,2026-04-18 00:00:00,2026-04-18 00:02:00,API,Paid,0
BILL212589,CUST10149,189211,189211,2026-04-18 00:00:00,2026-04-18 00:03:00,API,Paid,0
BILL117689,CUST10149,189211,189211,2026-04-18 00:00:00,2026-04-18 00:04:00,API,Paid,0
BILL665622,CUST10379,202846,202846,2026-03-02 00:00:00,2026-03-03 00:00:00,Web,Paid,0
BILL742415,CUST10137,117777,117777,2026-04-10 00:00:00,2026-04-10 00:00:00,Mobile,Paid,0
BILL531011,CUST10160,264437,264437,2026-03-12 00:00:00,2026-03-13 00:00:00,API,Paid,0
BILL312577,CUST10066,187187,187187,2026-03-04 00:00:00,2026-03-06 00:00:00,Web,Paid,0
BILL180544,CUST10316,260371,260371,2026-02-03 00:00:00,2026-02-07 00:00:00,Mobile,Paid,0
BILL329573,CUST10020,314612,314612,2026-03-09 00:00:00,2026-03-09 00:00:00,Web,Paid,0
BILL516868,CUST10366,353826,353826,2026-04-08 00:00:00,2026-04-09 00:00:00,Mobile,Paid,0
BILL899613,CUST10400,379084,379084,2026-03-11 00:00:00,2026-03-14 00:00:00,Mobile,Paid,0
BILL415926,CUST10122,286581,286581,2026-04-12 00:05:00,2026-04-12 00:05:00,Web,Paid,0
BILL933429,CUST10079,100279,100279,2026-02-03 00:00:00,2026-02-06 00:00:00,Mobile,Paid,0
BILL416887,CUST10139,297574,297574,2026-05-10 00:00:00,2026-05-14 00:00:00,Web,Paid,0
BILL451388,CUST10313,263561,263561,2026-02-06 00:00:00,2026-02-08 00:00:00,Mobile,Paid,1
BILL301600,CUST10225,183503,183503,2026-02-03 00:00:00,2026-02-08 00:00:00,Web,Paid,0
BILL506552,CUST10320,162201,162201,2026-01-31 00:00:00,2026-02-02 00:00:00,Web,Paid,0
BILL219712,CUST10453,156466,156466,2026-04-06 00:00:00,2026-04-06 00:00:00,Mobile,Paid,0
BILL224766,CUST10509,245635,245635,2026-04-07 00:00:00,2026-04-09 00:00:00,Mobile,Paid,0
BILL236207,CUST10195,322155,322155,2026-02-10 00:00:00,2026-02-14 00:00:00,Web,Paid,0
BILL694513,CUST10314,300175,300175,2026-02-05 00:00:00,2026-02-09 00:00:00,Mobile,Paid,0
BILL226929,CUST10274,392388,392388,2026-03-12 00:00:00,2026-03-13 00:00:00,Web,Paid,0
BILL177256,CUST10246,120813,120813,2026-02-03 00:00:00,2026-02-07 00:00:00,Mobile,Paid,0
BILL885772,CUST10201,257933,257933,2026-03-07 00:00:00,2026-03-12 00:00:00,Mobile,Paid,0
BILL167433,CUST10441,261893,261893,2026-04-13 00:00:00,2026-04-13 00:00:00,Web,Paid,0
BILL280837,CUST10348,137719,137719,2026-03-05 00:00:00,2026-03-08 00:00:00,Mobile,Paid,0
BILL898132,CUST10495,217295,217295,2026-03-08 00:00:00,2026-03-09 00:00:00,Mobile,Paid,0
BILL355899,CUST10477,154868,154868,2026-02-09 00:00:00,2026-02-11 00:00:00,Web,Paid,0
BILL951857,CUST10383,128578,128578,2026-06-13 00:00:00,2026-06-17 00:00:00,Mobile,Paid,0
BILL482360,CUST10341,289740,289740,2026-03-06 00:00:00,2026-03-07 00:00:00,Mobile,Paid,0
BILL735375,CUST10252,378693,5883385,2026-03-15 00:00:00,2026-03-20 00:00:00,Web,Paid,0
BILL803562,CUST10494,126676,126676,2026-02-07 00:00:00,2026-02-07 00:00:00,Web,Paid,0
BILL630546,CUST10111,245209,245209,2026-03-07 00:00:00,2026-03-12 00:00:00,Mobile,Paid,0
BILL282922,CUST10003,332757,332757,2026-02-02 00:00:00,2026-02-03 00:00:00,Web,Paid,0
BILL267946,CUST10242,218492,5183209,2026-03-06 00:00:00,2026-03-10 00:00:00,Mobile,Paid,0
BILL739988,CUST10066,187187,187187,2026-04-05 00:00:00,2026-04-10 00:00:00,Web,Paid,0
BILL914095,CUST10294,299488,299488,2026-04-17 00:00:00,2026-04-18 00:00:00,Mobile,Paid,0
BILL819965,CUST10281,309691,309691,2026-03-06 00:00:00,2026-03-09 00:00:00,Mobile,Paid,0
BILL496485,CUST10240,399654,399654,2026-03-06 00:00:00,2026-03-09 00:00:00,Mobile,Paid,0
BILL103650,CUST10430,292307,292307,2026-04-17 00:00:00,2026-04-17 00:00:00,API,Paid,0
BILL656990,CUST10430,292307,292307,2026-04-17 00:00:00,2026-04-17 00:01:00,API,Paid,0
BILL259515,CUST10430,292307,292307,2026-04-17 00:00:00,2026-04-17 00:02:00,API,Paid,0
BILL486423,CUST10430,292307,292307,2026-04-17 00:00:00,2026-04-17 00:03:00,API,Paid,0
BILL416345,CUST10430,292307,292307,2026-04-17 00:00:00,2026-04-17 00:04:00,API,Paid,0
BILL444323,CUST10040,106378,106378,2026-03-04 00:00:00,2026-03-06 00:00:00,API,Paid,0
BILL612711,CUST10009,100858,100858,2026-03-08 00:00:00,2026-03-13 00:00:00,API,Paid,0
BILL613960,CUST10540,164504,164504,2026-04-09 00:00:00,2026-04-12 00:00:00,Mobile,Paid,0
BILL474053,CUST10354,318261,318261,2026-03-05 00:00:00,2026-03-05 00:00:00,Mobile,Paid,0
BILL923952,CUST10331,201073,201073,2026-04-14 00:00:00,2026-04-17 00:00:00,Web,Paid,0
BILL345631,CUST10591,268129,268129,2026-02-02 00:00:00,2026-02-05 00:00:00,Web,Paid,1
BILL587491,CUST10581,380201,380201,2026-04-12 00:00:00,2026-04-16 00:00:00,Mobile,Paid,0
BILL816000,CUST10315,225792,225792,2026-04-02 00:03:00,2026-04-03 00:03:00,Web,Paid,0
BILL429863,CUST10507,302841,302841,2026-04-10 00:00:00,2026-04-15 00:00:00,Mobile,Paid,0
BILL740476,CUST10211,276381,276381,2026-04-13 00:00:00,2026-04-13 00:00:00,Web,Paid,0
BILL689987,CUST10194,202832,6264,2026-03-04 00:00:00,2026-03-04 00:00:00,Web,Paid,0
BILL341011,CUST10420,139871,139871,2026-02-06 00:00:00,2026-02-09 00:00:00,Web,Paid,1
BILL778650,CUST10557,310831,310831,2026-03-06 00:00:00,2026-03-07 00:00:00,Mobile,Paid,0
BILL416089,CUST10101,231609,231609,2026-02-09 00:00:00,2026-02-10 00:00:00,Web,Paid,0
BILL364482,CUST10562,312612,312612,2026-04-06 00:00:00,2026-04-06 00:00:00,Web,Paid,0
BILL529567,CUST10182,162027,162027,2026-03-07 00:00:00,2026-03-08 00:00:00,Mobile,Paid,0
BILL485789,CUST10585,370545,370545,2026-03-07 00:00:00,2026-03-09 00:00:00,Web,Paid,0
BILL767767,CUST10112,353035,353035,2026-02-10 00:00:00,2026-02-14 00:00:00,Mobile,Paid,0
BILL215978,CUST10052,288171,288171,2026-02-06 00:00:00,2026-02-06 00:00:00,Mobile,Paid,0
BILL653873,CUST10030,120032,120032,2026-03-11 00:00:00,2026-03-14 00:00:00,Web,Paid,0
BILL870996,CUST10449,315584,315584,2026-05-17 00:00:00,2026-05-22 00:00:00,Mobile,Paid,0
BILL722855,CUST10102,110740,2248,2026-02-04 00:00:00,2026-02-09 00:00:00,Mobile,Paid,0
BILL506700,CUST10315,225792,225792,2026-05-03 00:03:00,2026-05-04 00:03:00,Web,Paid,0
BILL879838,CUST10349,261596,261596,2026-02-05 00:00:00,2026-02-06 00:00:00,Mobile,Paid,0
BILL681652,CUST10384,289730,289730,2026-03-06 00:00:00,2026-03-10 00:00:00,Mobile,Paid,0
BILL943239,CUST10453,156466,2970929,2026-05-06 00:00:00,2026-05-08 00:00:00,Mobile,Paid,0
BILL355108,CUST10007,390473,390473,2026-03-03 00:00:00,2026-03-03 00:00:00,Web,Paid,0
BILL410161,CUST10562,312612,312612,2026-05-06 00:00:00,2026-05-11 00:00:00,Web,Paid,0
BILL431816,CUST10226,323266,323266,2026-02-02 00:00:00,2026-02-02 00:00:00,API,Paid,0
BILL176827,CUST10226,323266,323266,2026-02-02 00:00:00,2026-02-02 00:01:00,API,Paid,0
BILL498287,CUST10226,323266,323266,2026-02-02 00:00:00,2026-02-02 00:02:00,API,Paid,0
BILL220737,CUST10226,323266,323266,2026-02-02 00:00:00,2026-02-02 00:03:00,API,Paid,0
BILL963602,CUST10226,323266,323266,2026-02-02 00:00:00,2026-02-02 00:04:00,API,Paid,0
BILL241767,CUST10524,221957,221957,2026-03-11 00:00:00,2026-03-16 00:00:00,API,Paid,0
BILL546850,CUST10105,249200,249200,2026-02-02 00:00:00,2026-02-03 00:00:00,Mobile,Paid,0
BILL352326,CUST10572,328382,328382,2026-04-17 00:00:00,2026-04-18 00:00:00,Mobile,Paid,0
BILL260223,CUST10156,366745,366745,2026-03-06 00:00:00,2026-03-11 00:00:00,Web,Paid,0
BILL478182,CUST10240,399654,399654,2026-04-08 00:00:00,2026-04-08 00:00:00,Mobile,Paid,0
BILL889473,CUST10573,358577,358577,2026-02-04 00:00:00,2026-02-05 00:00:00,Web,Paid,0
BILL128060,CUST10522,265752,265752,2026-05-15 00:00:00,2026-05-20 00:00:00,Mobile,Paid,0
BILL874170,CUST10262,132602,132602,2026-02-05 00:00:00,2026-02-10 00:00:00,Web,Paid,0
BILL214489,CUST10131,383513,383513,2026-04-14 00:05:00,2026-04-19 00:05:00,Mobile,Paid,0
BILL799439,CUST10014,228850,228850,2026-02-01 00:00:00,2026-02-03 00:00:00,Web,Paid,0
BILL260796,CUST10544,303681,303681,2026-02-05 00:00:00,2026-02-07 00:00:00,Web,Paid,0
BILL404558,CUST10598,244837,244837,2026-04-15 00:00:00,2026-04-17 00:00:00,Mobile,Paid,1
BILL685408,CUST10294,299488,299488,2026-05-18 00:00:00,2026-05-21 00:00:00,Mobile,Paid,0
BILL573955,CUST10367,246080,246080,2026-03-06 00:00:00,2026-03-06 00:00:00,Mobile,Paid,0
BILL680647,CUST10305,108188,108188,2026-03-13 00:00:00,2026-03-14 00:00:00,Web,Paid,0
BILL633363,CUST10353,244854,244854,2026-04-09 00:00:00,2026-04-09 00:00:00,Web,Paid,0
BILL791233,CUST10353,244854,244854,2026-05-09 00:00:00,2026-05-13 00:00:00,Web,Paid,0
BILL766737,CUST10602,272602,272602,2026-03-13 00:00:00,2026-03-15 00:00:00,Web,Paid,0
BILL173668,CUST10273,306823,306823,2026-03-07 00:00:00,2026-03-10 00:00:00,Mobile,Paid,0
BILL165193,CUST10337,307045,307045,2026-02-03 00:00:00,2026-02-04 00:00:00,Mobile,Paid,0
BILL914441,CUST10304,191508,191508,2026-04-07 00:00:00,2026-04-11 00:00:00,Web,Paid,0
BILL269791,CUST10274,392388,5825,2026-04-12 00:00:00,2026-04-12 00:00:00,Web,Paid,0
BILL819335,CUST10176,360613,360613,2026-04-18 00:00:00,2026-04-18 00:00:00,Web,Paid,0
BILL572503,CUST10393,386367,386367,2026-03-10 00:00:00,2026-03-10 00:00:00,Mobile,Paid,0
BILL460532,CUST10304,191508,191508,2026-05-11 00:00:00,2026-05-16 00:00:00,Web,Paid,0
BILL752769,CUST10288,256964,256964,2026-03-08 00:00:00,2026-03-13 00:00:00,Mobile,Paid,0
BILL812961,CUST10526,104664,104664,2026-04-11 00:00:00,2026-04-11 00:00:00,Mobile,Paid,0
BILL134767,CUST10239,252676,252676,2026-02-04 00:00:00,2026-02-06 00:00:00,Mobile,Paid,0
BILL773744,CUST10184,396902,396902,2026-01-31 00:00:00,2026-02-02 00:00:00,Mobile,Paid,0
BILL309216,CUST10346,359143,359143,2026-03-03 00:00:00,2026-03-06 00:00:00,Mobile,Paid,0
BILL628449,CUST10462,104974,104974,2026-04-04 00:00:00,2026-04-04 00:00:00,Mobile,Paid,0
BILL844951,CUST10107,388199,6791921,2026-03-13 00:00:00,2026-03-13 00:00:00,Mobile,Paid,0
BILL971290,CUST10281,309691,309691,2026-04-08 00:00:00,2026-04-12 00:00:00,Mobile,Paid,0
BILL392951,CUST10576,289194,289194,2026-01-31 00:00:00,2026-02-02 00:00:00,Mobile,Paid,0
BILL301753,CUST10023,351268,351268,2026-03-06 00:00:00,2026-03-08 00:00:00,Mobile,Paid,0
BILL707395,CUST10618,180862,180862,2026-03-09 00:00:00,2026-03-12 00:00:00,Mobile,Paid,0
BILL912055,CUST10260,358839,358839,2026-03-13 00:00:00,2026-03-18 00:00:00,Web,Paid,0
BILL355051,CUST10406,373225,373225,2026-03-04 00:00:00,2026-03-08 00:00:00,Mobile,Paid,0
BILL961512,CUST10495,217295,217295,2026-04-08 00:00:00,2026-04-08 00:00:00,API,Paid,0
BILL502366,CUST10495,217295,217295,2026-04-08 00:00:00,2026-04-08 00:01:00,API,Paid,0
BILL577310,CUST10495,217295,217295,2026-04-08 00:00:00,2026-04-08 00:02:00,API,Paid,0
BILL422531,CUST10495,217295,217295,2026-04-08 00:00:00,2026-04-08 00:03:00,API,Paid,0
BILL388759,CUST10294,299488,299488,2026-06-20 00:00:00,2026-06-23 00:00:00,Mobile,Paid,0
BILL110051,CUST10189,366772,366772,2026-02-01 00:00:00,2026-02-03 00:00:00,Web,Paid,0
BILL310116,CUST10173,272090,272090,2026-03-14 00:00:00,2026-03-16 00:00:00,Mobile,Paid,0
BILL202873,CUST10172,264351,264351,2026-05-18 00:00:00,2026-05-19 00:00:00,Mobile,Paid,0
BILL631043,CUST10471,262951,262951,2026-04-11 00:00:00,2026-04-11 00:00:00,Mobile,Paid,0
BILL442275,CUST10094,356586,356586,2026-06-19 00:00:00,2026-06-22 00:00:00,Mobile,Paid,0
BILL853494,CUST10006,320580,320580,2026-02-03 00:00:00,2026-02-08 00:00:00,Web,Paid,0
BILL303981,CUST10347,395153,7057012,2026-03-11 00:00:00,2026-03-14 00:00:00,Web,Paid,0
BILL400744,CUST10138,119001,119001,2026-04-07 00:00:00,2026-04-11 00:00:00,Mobile,Paid,0
BILL183405,CUST10448,234721,234721,2026-03-11 00:00:00,2026-03-16 00:00:00,Mobile,Paid,0
BILL244230,CUST10377,254280,254280,2026-03-11 00:00:00,2026-03-13 00:00:00,API,Paid,0
BILL346426,CUST10087,256235,5217,2026-02-01 00:00:00,2026-02-05 00:00:00,Mobile,Paid,0
BILL387570,CUST10338,206150,206150,2026-04-15 00:00:00,2026-04-18 00:00:00,Web,Paid,0
BILL594723,CUST10582,110491,110491,2026-05-13 00:00:00,2026-05-17 00:00:00,Web,Paid,0
BILL723806,CUST10179,370177,370177,2026-03-15 00:00:00,2026-03-19 00:00:00,Mobile,Paid,0
BILL949426,CUST10275,243613,243613,2026-02-10 00:00:00,2026-02-11 00:00:00,Mobile,Paid,1
BILL897285,CUST10320,162201,162201,2026-03-04 00:00:00,2026-03-07 00:00:00,Web,Paid,0
BILL641448,CUST10420,139871,139871,2026-03-11 00:00:00,2026-03-14 00:00:00,Web,Paid,0
BILL249296,CUST10424,178755,178755,2026-04-14 00:00:00,2026-04-19 00:00:00,Mobile,Paid,0
BILL540698,CUST10496,389894,389894,2026-04-11 00:00:00,2026-04-12 00:00:00,Web,Paid,0
BILL435590,CUST10475,304176,304176,2026-05-17 00:00:00,2026-05-20 00:00:00,Web,Paid,0
BILL862782,CUST10020,314612,314612,2026-04-08 00:00:00,2026-04-08 00:00:00,API,Paid,0
BILL156137,CUST10020,314612,314612,2026-04-08 00:00:00,2026-04-08 00:01:00,API,Paid,0
BILL613656,CUST10020,314612,314612,2026-04-08 00:00:00,2026-04-08 00:02:00,API,Paid,0
BILL545283,CUST10020,314612,314612,2026-05-08 00:03:00,2026-05-13 00:03:00,Web,Paid,0
BILL161669,CUST10195,322155,322155,2026-03-16 00:00:00,2026-03-20 00:00:00,Web,Paid,0
BILL628028,CUST10585,370545,1218,2026-04-08 00:00:00,2026-04-08 00:00:00,Web,Paid,0
BILL940683,CUST10157,240590,240590,2026-02-04 00:00:00,2026-02-05 00:00:00,Web,Paid,0
BILL408143,CUST10103,288564,288564,2026-03-13 00:00:00,2026-03-14 00:00:00,Mobile,Paid,0
BILL243450,CUST10147,155440,155440,2026-06-17 00:00:00,2026-06-19 00:00:00,Web,Paid,0
BILL762933,CUST10558,339745,339745,2026-03-10 00:00:00,2026-03-15 00:00:00,Web,Paid,0
BILL856592,CUST10579,205403,205403,2026-03-07 00:00:00,2026-03-11 00:00:00,Mobile,Paid,0
BILL433306,CUST10240,399654,399654,2026-05-08 00:00:00,2026-05-09 00:00:00,Mobile,Paid,0
BILL859689,CUST10408,347868,347868,2026-07-27 00:00:00,2026-07-29 00:00:00,Mobile,Paid,0
BILL250489,CUST10326,125135,125135,2026-03-13 00:00:00,2026-03-13 00:00:00,Web,Paid,0
BILL236431,CUST10101,231609,231609,2026-03-12 00:00:00,2026-03-17 00:00:00,Web,Paid,0
BILL466154,CUST10050,368862,1125,2026-03-14 00:00:00,2026-03-18 00:00:00,Mobile,Paid,0
BILL470593,CUST10256,130374,130374,2026-03-14 00:00:00,2026-03-15 00:00:00,Mobile,Paid,0
BILL292858,CUST10551,129977,129977,2026-04-07 00:00:00,2026-04-07 00:00:00,Web,Paid,0
BILL416192,CUST10511,190133,190133,2026-02-10 00:00:00,2026-02-11 00:00:00,Mobile,Paid,0
BILL308629,CUST10259,355961,355961,2026-05-15 00:00:00,2026-05-18 00:00:00,Web,Paid,0
BILL131786,CUST10461,392083,392083,2026-01-31 00:00:00,2026-02-01 00:00:00,Web,Paid,0
BILL964155,CUST10473,133741,133741,2026-03-08 00:00:00,2026-03-08 00:00:00,Mobile,Paid,0
BILL280613,CUST10285,267241,267241,2026-03-09 00:00:00,2026-03-12 00:00:00,Mobile,Paid,0
BILL979866,CUST10270,215045,215045,2026-03-04 00:00:00,2026-03-08 00:00:00,Mobile,Paid,0
BILL360165,CUST10383,128578,128578,2026-07-17 00:00:00,2026-07-20 00:00:00,Mobile,Paid,0
BILL572745,CUST10552,200373,200373,2026-04-15 00:00:00,2026-04-20 00:00:00,Mobile,Paid,0
BILL236043,CUST10085,364972,364972,2026-05-15 00:00:00,2026-05-15 00:00:00,Mobile,Paid,1
BILL907803,CUST10041,145257,145257,2026-03-13 00:00:00,2026-03-15 00:00:00,Mobile,Paid,0
BILL426026,CUST10288,256964,256964,2026-04-12 00:00:00,2026-04-15 00:00:00,Mobile,Paid,0
BILL863232,CUST10176,360613,360613,2026-05-18 00:00:00,2026-05-21 00:00:00,Web,Paid,0
BILL625786,CUST10014,228850,228850,2026-03-05 00:00:00,2026-03-07 00:00:00,Web,Paid,0
BILL481391,CUST10167,144117,144117,2026-03-11 00:00:00,2026-03-11 00:00:00,Mobile,Paid,0
BILL188396,CUST10516,143930,143930,2026-03-15 00:00:00,2026-03-15 00:00:00,Mobile,Paid,0
BILL521480,CUST10421,123128,123128,2026-03-11 00:00:00,2026-03-13 00:00:00,Web,Paid,0
BILL677703,CUST10304,191508,191508,2026-06-15 00:00:00,2026-06-19 00:00:00,Web,Paid,0
BILL450421,CUST10487,396911,396911,2026-02-03 00:00:00,2026-02-06 00:00:00,Web,Paid,0
BILL582529,CUST10499,397498,397498,2026-04-07 00:00:00,2026-04-10 00:00:00,Mobile,Paid,0
BILL944882,CUST10349,261596,261596,2026-03-08 00:00:00,2026-03-12 00:00:00,API,Paid,0
BILL153900,CUST10193,319992,4841150,2026-04-12 00:00:00,2026-04-17 00:00:00,Web,Paid,0
BILL608439,CUST10513,373858,373858,2026-04-11 00:00:00,2026-04-14 00:00:00,Web,Paid,1
BILL377322,CUST10173,272090,272090,2026-04-15 00:00:00,2026-04-18 00:00:00,Mobile,Paid,0
BILL115275,CUST10179,370177,2925,2026-04-18 00:00:00,2026-04-22 00:00:00,Mobile,Paid,0
BILL159917,CUST10282,264469,264469,2026-03-09 00:00:00,2026-03-12 00:00:00,Mobile,Paid,0
BILL336755,CUST10582,110491,110491,2026-06-16 00:00:00,2026-06-18 00:00:00,Web,Paid,0
BILL266526,CUST10364,342090,342090,2026-03-06 00:00:00,2026-03-07 00:00:00,Web,Paid,0
BILL650206,CUST10346,359143,4057,2026-04-05 00:00:00,2026-04-09 00:00:00,Mobile,Paid,0
BILL718901,CUST10338,206150,206150,2026-05-18 00:00:00,2026-05-23 00:00:00,Web,Paid,0
BILL491073,CUST10193,319992,319992,2026-05-17 00:00:00,2026-05-19 00:00:00,Web,Paid,0
BILL521582,CUST10094,356586,356586,2026-07-22 00:00:00,2026-07-25 00:00:00,Mobile,Paid,0
BILL319027,CUST10529,249086,249086,2026-03-09 00:00:00,2026-03-10 00:00:00,Web,Paid,0
BILL488923,CUST10544,303681,303681,2026-03-09 00:00:00,2026-03-12 00:00:00,Web,Paid,0
BILL673499,CUST10614,322605,322605,2026-04-09 00:00:00,2026-04-14 00:00:00,Mobile,Paid,0
BILL833619,CUST10577,213700,213700,2026-02-07 00:00:00,2026-02-11 00:00:00,Web,Paid,0
BILL514239,CUST10278,172976,172976,2026-04-06 00:00:00,2026-04-06 00:00:00,Mobile,Paid,0
BILL278517,CUST10469,147965,147965,2026-01-31 00:00:00,2026-02-01 00:00:00,Mobile,Paid,0
BILL630523,CUST10228,322058,322058,2026-02-03 00:00:00,2026-02-06 00:00:00,API,Paid,0
BILL137060,CUST10405,282669,282669,2026-03-09 00:00:00,2026-03-09 00:00:00,Web,Paid,0
BILL852870,CUST10587,189191,189191,2026-04-11 00:00:00,2026-04-11 00:00:00,Web,Paid,0
BILL595374,CUST10321,146266,146266,2026-03-14 00:00:00,2026-03-15 00:00:00,Mobile,Paid,0
BILL689131,CUST10282,264469,264469,2026-04-11 00:00:00,2026-04-11 00:00:00,Mobile,Paid,0
BILL386591,CUST10232,326760,326760,2026-02-10 00:00:00,2026-02-11 00:00:00,Web,Paid,0
BILL408015,CUST10324,373794,373794,2026-02-09 00:00:00,2026-02-13 00:00:00,API,Paid,0
BILL484082,CUST10576,289194,289194,2026-03-04 00:00:00,2026-03-05 00:00:00,Mobile,Paid,0
BILL696126,CUST10510,204797,204797,2026-03-12 00:00:00,2026-03-17 00:00:00,Mobile,Paid,0
BILL772027,CUST10542,256381,256381,2026-04-06 00:00:00,2026-04-08 00:00:00,Mobile,Paid,0
BILL303830,CUST10450,386457,386457,2026-02-10 00:00:00,2026-02-10 00:00:00,Web,Paid,0
BILL466788,CUST10421,123128,123128,2026-04-12 00:00:00,2026-04-17 00:00:00,Web,Paid,0
BILL591515,CUST10293,367785,367785,2026-03-17 00:00:00,2026-03-20 00:00:00,Web,Paid,0
BILL979464,CUST10581,380201,380201,2026-05-16 00:00:00,2026-05-20 00:00:00,Mobile,Paid,0
BILL623753,CUST10170,270711,270711,2026-02-01 00:00:00,2026-02-04 00:00:00,Mobile,Paid,0
BILL631627,CUST10458,297776,297776,2026-03-04 00:00:00,2026-03-04 00:00:00,Mobile,Paid,0
BILL991827,CUST10122,286581,286581,2026-05-12 00:05:00,2026-05-16 00:05:00,Web,Paid,0
BILL411300,CUST10454,247525,247525,2026-02-10 00:00:00,2026-02-10 00:00:00,API,Paid,0
BILL628364,CUST10454,247525,247525,2026-02-10 00:00:00,2026-02-10 00:01:00,API,Paid,0
BILL809786,CUST10454,247525,247525,2026-02-10 00:00:00,2026-02-10 00:02:00,API,Paid,0
BILL558396,CUST10264,250592,250592,2026-04-03 00:04:00,2026-04-07 00:04:00,Mobile,Paid,0
BILL523729,CUST10360,279054,279054,2026-05-16 00:00:00,2026-05-17 00:00:00,Web,Paid,0
BILL244419,CUST10214,325175,325175,2026-02-10 00:00:00,2026-02-10 00:00:00,Web,Paid,0
BILL916088,CUST10276,382395,5172114,2026-02-08 00:00:00,2026-02-11 00:00:00,Mobile,Paid,0
BILL237740,CUST10228,322058,322058,2026-03-08 00:00:00,2026-03-13 00:00:00,Web,Paid,1
BILL207776,CUST10531,303613,5489231,2026-04-07 00:00:00,2026-04-07 00:00:00,Mobile,Paid,0
BILL746991,CUST10061,293618,293618,2026-02-08 00:00:00,2026-02-09 00:00:00,Web,Paid,0
BILL955077,CUST10373,276562,276562,2026-03-09 00:00:00,2026-03-14 00:00:00,Web,Paid,0
BILL276240,CUST10313,263561,263561,2026-03-10 00:00:00,2026-03-11 00:00:00,Mobile,Paid,0
BILL752347,CUST10144,221904,221904,2026-03-04 00:00:00,2026-03-07 00:00:00,Mobile,Paid,0
BILL889671,CUST10090,254823,254823,2026-04-14 00:00:00,2026-04-14 00:00:00,Web,Paid,0
BILL912425,CUST10113,327947,327947,2026-02-09 00:00:00,2026-02-14 00:00:00,Mobile,Paid,0
BILL888799,CUST10581,380201,380201,2026-06-19 00:00:00,2026-06-22 00:00:00,Mobile,Paid,0
BILL491722,CUST10425,364397,364397,2026-02-04 00:00:00,2026-02-07 00:00:00,Web,Paid,0
BILL711288,CUST10356,366114,366114,2026-03-15 00:00:00,2026-03-18 00:00:00,Web,Paid,0
BILL683264,CUST10238,166413,166413,2026-02-08 00:00:00,2026-02-11 00:00:00,Web,Paid,0
BILL908366,CUST10412,307721,307721,2026-04-10 00:00:00,2026-04-14 00:00:00,Web,Paid,0
BILL735128,CUST10194,202832,202832,2026-04-03 00:00:00,2026-04-03 00:00:00,Web,Paid,0
BILL302403,CUST10379,202846,202846,2026-04-02 00:00:00,2026-04-07 00:00:00,Web,Paid,0
BILL845848,CUST10419,235016,235016,2026-03-07 00:00:00,2026-03-10 00:00:00,Mobile,Paid,0
BILL753484,CUST10042,298563,298563,2026-04-13 00:00:00,2026-04-18 00:00:00,Mobile,Paid,0
BILL729010,CUST10201,257933,257933,2026-04-11 00:00:00,2026-04-13 00:00:00,Mobile,Paid,0
BILL992775,CUST10549,273984,273984,2026-04-13 00:00:00,2026-04-13 00:00:00,Web,Paid,0
BILL696592,CUST10177,219181,219181,2026-04-06 00:00:00,2026-04-06 00:00:00,Web,Paid,0
BILL676794,CUST10344,395635,395635,2026-02-05 00:00:00,2026-02-07 00:00:00,Mobile,Paid,0
BILL339683,CUST10241,399193,399193,2026-04-16 00:00:00,2026-04-16 00:00:00,Web,Paid,0
BILL616353,CUST10202,309622,309622,2026-01-31 00:00:00,2026-02-02 00:00:00,Mobile,Paid,0
BILL501687,CUST10573,358577,358577,2026-03-07 00:00:00,2026-03-07 00:00:00,API,Paid,0
BILL475035,CUST10573,358577,358577,2026-03-07 00:00:00,2026-03-07 00:01:00,API,Paid,0
BILL870052,CUST10573,358577,358577,2026-03-07 00:00:00,2026-03-07 00:02:00,API,Paid,0
BILL775046,CUST10573,358577,358577,2026-03-07 00:00:00,2026-03-07 00:03:00,API,Paid,0
BILL400532,CUST10573,358577,358577,2026-03-07 00:00:00,2026-03-07 00:04:00,API,Paid,0
BILL493715,CUST10118,111521,111521,2026-04-10 00:04:00,2026-04-15 00:04:00,Mobile,Paid,0
BILL521976,CUST10266,241149,2548081,2026-03-07 00:00:00,2026-03-11 00:00:00,Web,Paid,0
BILL840263,CUST10466,170776,170776,2026-03-13 00:00:00,2026-03-13 00:00:00,Mobile,Paid,0
BILL586377,CUST10381,391812,391812,2026-02-04 00:00:00,2026-02-09 00:00:00,Mobile,Paid,0
BILL858759,CUST10092,280466,2022,2026-03-12 00:00:00,2026-03-12 00:00:00,Mobile,Paid,0
BILL282389,CUST10428,218349,218349,2026-04-08 00:00:00,2026-04-08 00:00:00,API,Paid,0
BILL147392,CUST10428,218349,218349,2026-04-08 00:00:00,2026-04-08 00:01:00,API,Paid,0
BILL739673,CUST10428,218349,218349,2026-04-08 00:00:00,2026-04-08 00:02:00,API,Paid,0
BILL964741,CUST10428,218349,218349,2026-04-08 00:00:00,2026-04-08 00:03:00,API,Paid,0
BILL106358,CUST10254,325941,325941,2026-03-03 00:00:00,2026-03-03 00:00:00,Mobile,Paid,0
BILL749873,CUST10029,196409,196409,2026-04-07 00:00:00,2026-04-07 00:00:00,Mobile,Paid,0
BILL701057,CUST10459,105072,105072,2026-05-02 00:00:00,2026-05-03 00:00:00,Mobile,Paid,0
BILL750828,CUST10202,309622,309622,2026-03-04 00:00:00,2026-03-04 00:00:00,Mobile,Paid,0
BILL568259,CUST10208,274066,274066,2026-01-31 00:00:00,2026-02-01 00:00:00,Web,Paid,0
BILL914569,CUST10245,246432,246432,2026-02-07 00:00:00,2026-02-08 00:00:00,Web,Paid,0
BILL561454,CUST10488,128957,128957,2026-04-12 00:00:00,2026-04-12 00:00:00,Web,Paid,0
BILL596928,CUST10329,186139,3190920,2026-04-11 00:00:00,2026-04-16 00:00:00,Mobile,Paid,0
BILL109419,CUST10204,189116,189116,2026-02-03 00:00:00,2026-02-08 00:00:00,Web,Paid,0
BILL463761,CUST10367,246080,246080,2026-04-05 00:00:00,2026-04-05 00:00:00,API,Paid,0
BILL261931,CUST10367,246080,246080,2026-04-05 00:00:00,2026-04-05 00:01:00,API,Paid,0
BILL713935,CUST10367,246080,246080,2026-04-05 00:00:00,2026-04-05 00:02:00,API,Paid,0
BILL156769,CUST10367,246080,246080,2026-04-05 00:00:00,2026-04-05 00:03:00,API,Paid,0
BILL781692,CUST10367,246080,246080,2026-04-05 00:00:00,2026-04-05 00:04:00,API,Paid,0
BILL508388,CUST10251,365840,365840,2026-03-07 00:00:00,2026-03-07 00:00:00,API,Paid,0
BILL618123,CUST10251,365840,365840,2026-03-07 00:00:00,2026-03-07 00:01:00,API,Paid,0
BILL371723,CUST10251,365840,365840,2026-03-07 00:00:00,2026-03-07 00:02:00,API,Paid,0
BILL606450,CUST10251,365840,365840,2026-03-07 00:00:00,2026-03-07 00:03:00,API,Paid,0
BILL175576,CUST10251,365840,365840,2026-03-07 00:00:00,2026-03-07 00:04:00,API,Paid,0
BILL638145,CUST10138,119001,119001,2026-05-11 00:00:00,2026-05-16 00:00:00,Mobile,Paid,0
BILL875566,CUST10297,315997,315997,2026-01-31 00:00:00,2026-02-01 00:00:00,Mobile,Paid,0
BILL217121,CUST10586,360128,360128,2026-04-12 00:00:00,2026-04-14 00:00:00,Mobile,Paid,0
BILL216510,CUST10153,123159,123159,2026-02-02 00:00:00,2026-02-02 00:00:00,Web,Paid,0
BILL108908,CUST10525,309705,309705,2026-03-06 00:00:00,2026-03-09 00:00:00,Mobile,Paid,1
BILL229495,CUST10372,188669,188669,2026-04-09 00:00:00,2026-04-09 00:00:00,Web,Paid,0
BILL702944,CUST10090,254823,254823,2026-05-14 00:00:00,2026-05-16 00:00:00,Web,Paid,0
BILL963729,CUST10233,310354,310354,2026-04-17 00:00:00,2026-04-17 00:00:00,Mobile,Paid,0
BILL237000,CUST10454,247525,247525,2026-03-12 00:03:00,2026-03-12 00:03:00,Mobile,Paid,0
BILL373812,CUST10294,299488,299488,2026-07-23 00:00:00,2026-07-24 00:00:00,API,Paid,0
BILL943632,CUST10416,384413,384413,2026-03-03 00:00:00,2026-03-05 00:00:00,Mobile,Paid,0
BILL295432,CUST10501,151549,151549,2026-03-15 00:00:00,2026-03-15 00:00:00,API,Paid,0
BILL978893,CUST10501,151549,151549,2026-03-15 00:00:00,2026-03-15 00:01:00,API,Paid,0
BILL469092,CUST10501,151549,151549,2026-03-15 00:00:00,2026-03-15 00:02:00,API,Paid,0
BILL577198,CUST10501,151549,151549,2026-03-15 00:00:00,2026-03-15 00:03:00,API,Paid,0
BILL286838,CUST10136,266443,266443,2026-02-08 00:00:00,2026-02-10 00:00:00,Mobile,Paid,0
BILL678013,CUST10071,269076,269076,2026-02-07 00:00:00,2026-02-07 00:00:00,Web,Paid,0
BILL158344,CUST10054,176593,176593,2026-05-09 00:00:00,2026-05-12 00:00:00,Web,Paid,0
BILL213882,CUST10124,147590,147590,2026-02-06 00:00:00,2026-02-06 00:00:00,Web,Paid,0
BILL549675,CUST10213,322614,322614,2026-03-04 00:00:00,2026-03-07 00:00:00,API,Paid,0
BILL587018,CUST10253,174527,174527,2026-02-05 00:00:00,2026-02-08 00:00:00,API,Paid,0
BILL386522,CUST10085,364972,364972,2026-06-14 00:00:00,2026-06-14 00:00:00,Mobile,Paid,0
BILL888627,CUST10577,213700,4753505,2026-03-13 00:00:00,2026-03-15 00:00:00,Web,Paid,0
BILL299272,CUST10110,350073,350073,2026-04-13 00:04:00,2026-04-16 00:04:00,Web,Paid,1
BILL738705,CUST10045,116178,116178,2026-02-07 00:00:00,2026-02-10 00:00:00,Mobile,Paid,0
BILL800482,CUST10573,358577,358577,2026-04-06 00:05:00,2026-04-08 00:05:00,Web,Paid,0
BILL390648,CUST10179,370177,370177,2026-05-22 00:00:00,2026-05-23 00:00:00,Mobile,Paid,0
BILL108009,CUST10174,167908,167908,2026-02-01 00:00:00,2026-02-03 00:00:00,Web,Paid,0
BILL518426,CUST10219,393343,393343,2026-04-14 00:03:00,2026-04-15 00:03:00,Web,Paid,0
BILL518285,CUST10342,252882,252882,2026-04-12 00:00:00,2026-04-12 00:00:00,Mobile,Paid,0
BILL709489,CUST10129,185393,185393,2026-06-17 00:00:00,2026-06-20 00:00:00,Web,Paid,0
BILL148388,CUST10034,310747,310747,2026-02-09 00:00:00,2026-02-12 00:00:00,Mobile,Paid,0
BILL335585,CUST10353,244854,244854,2026-06-12 00:00:00,2026-06-16 00:00:00,API,Paid,0
BILL684619,CUST10594,369782,369782,2026-04-08 00:00:00,2026-04-12 00:00:00,Mobile,Paid,0
BILL198498,CUST10160,264437,264437,2026-04-12 00:00:00,2026-04-17 00:00:00,Web,Paid,0
BILL181079,CUST10107,388199,388199,2026-04-12 00:00:00,2026-04-12 00:00:00,API,Paid,0
BILL692356,CUST10107,388199,388199,2026-04-12 00:00:00,2026-04-12 00:01:00,API,Paid,0
BILL439395,CUST10107,388199,388199,2026-04-12 00:00:00,2026-04-12 00:02:00,API,Paid,0
BILL143776,CUST10107,388199,388199,2026-04-12 00:00:00,2026-04-12 00:03:00,API,Paid,0
BILL208650,CUST10107,388199,388199,2026-04-12 00:00:00,2026-04-12 00:04:00,API,Paid,0
BILL931770,CUST10018,118406,118406,2026-03-06 00:00:00,2026-03-10 00:00:00,API,Paid,0
BILL704799,CUST10482,327128,327128,2026-03-15 00:00:00,2026-03-19 00:00:00,Mobile,Paid,0
BILL935644,CUST10034,310747,310747,2026-03-14 00:00:00,2026-03-14 00:00:00,Mobile,Paid,0
BILL293286,CUST10487,396911,6962613,2026-03-08 00:00:00,2026-03-09 00:00:00,Web,Paid,0
BILL536500,CUST10060,344438,344438,2026-02-10 00:00:00,2026-02-13 00:00:00,Mobile,Paid,0
BILL291356,CUST10051,125386,2807286,2026-02-01 00:00:00,2026-02-04 00:00:00,Web,Paid,0
BILL153957,CUST10285,267241,267241,2026-04-11 00:00:00,2026-04-16 00:00:00,Mobile,Paid,0
BILL946441,CUST10427,150216,2896622,2026-03-05 00:00:00,2026-03-05 00:00:00,Mobile,Paid,0
BILL482491,CUST10094,356586,356586,2026-08-24 00:00:00,2026-08-27 00:00:00,Mobile,Paid,0
BILL847261,CUST10477,154868,154868,2026-03-13 00:00:00,2026-03-18 00:00:00,Web,Paid,0
BILL943102,CUST10085,364972,364972,2026-07-14 00:00:00,2026-07-17 00:00:00,Mobile,Paid,0
BILL594408,CUST10584,359104,359104,2026-05-11 00:00:00,2026-05-11 00:00:00,API,Paid,0
BILL297734,CUST10584,359104,359104,2026-05-11 00:00:00,2026-05-11 00:01:00,API,Paid,0
BILL511155,CUST10584,359104,359104,2026-05-11 00:00:00,2026-05-11 00:02:00,API,Paid,0
BILL961335,CUST10584,359104,359104,2026-05-11 00:00:00,2026-05-11 00:03:00,API,Paid,0
BILL358345,CUST10584,359104,359104,2026-05-11 00:00:00,2026-05-11 00:04:00,API,Paid,0
BILL958031,CUST10049,320646,320646,2026-03-09 00:00:00,2026-03-14 00:00:00,Web,Paid,0
BILL804690,CUST10579,205403,205403,2026-04-10 00:00:00,2026-04-14 00:00:00,Mobile,Paid,0
BILL754521,CUST10287,326490,326490,2026-02-02 00:00:00,2026-02-02 00:00:00,Web,Paid,0
BILL169146,CUST10076,227427,227427,2026-03-05 00:00:00,2026-03-07 00:00:00,Web,Paid,0
BILL452212,CUST10471,262951,262951,2026-05-11 00:00:00,2026-05-15 00:00:00,Mobile,Paid,1
BILL442136,CUST10590,153033,2446725,2026-02-07 00:00:00,2026-02-07 00:00:00,Web,Paid,0
BILL858401,CUST10503,162493,162493,2026-02-02 00:00:00,2026-02-07 00:00:00,Mobile,Paid,0
BILL612183,CUST10379,202846,202846,2026-05-07 00:00:00,2026-05-09 00:00:00,Web,Paid,1
BILL107381,CUST10398,320042,320042,2026-03-07 00:00:00,2026-03-10 00:00:00,API,Paid,0
BILL702900,CUST10114,219674,219674,2026-03-07 00:00:00,2026-03-09 00:00:00,Web,Paid,0
BILL312673,CUST10320,162201,162201,2026-04-06 00:00:00,2026-04-07 00:00:00,Web,Paid,0
BILL709619,CUST10320,162201,162201,2026-05-07 00:00:00,2026-05-10 00:00:00,Web,Paid,0
BILL102896,CUST10219,393343,393343,2026-05-15 00:03:00,2026-05-19 00:03:00,Web,Paid,0
BILL310579,CUST10160,264437,264437,2026-05-17 00:00:00,2026-05-20 00:00:00,Web,Paid,0
BILL552451,CUST10266,241149,241149,2026-04-10 00:00:00,2026-04-15 00:00:00,Web,Paid,1
BILL388854,CUST10159,294457,294457,2026-03-10 00:00:00,2026-03-13 00:00:00,Mobile,Paid,0
BILL213178,CUST10531,303613,303613,2026-05-07 00:00:00,2026-05-12 00:00:00,Mobile,Paid,1
BILL723299,CUST10198,186203,186203,2026-04-06 00:00:00,2026-04-09 00:00:00,Web,Paid,0
BILL603572,CUST10186,125905,125905,2026-02-01 00:00:00,2026-02-05 00:00:00,Web,Paid,0
BILL838843,CUST10138,119001,119001,2026-06-15 00:00:00,2026-06-19 00:00:00,Mobile,Paid,0
BILL550123,CUST10019,271271,271271,2026-03-08 00:00:00,2026-03-13 00:00:00,Web,Paid,0
BILL309169,CUST10154,331986,331986,2026-02-09 00:00:00,2026-02-12 00:00:00,Web,Paid,0
BILL365942,CUST10399,320221,320221,2026-02-05 00:00:00,2026-02-05 00:00:00,Web,Paid,0
BILL199008,CUST10597,282876,5667479,2026-02-10 00:00:00,2026-02-15 00:00:00,Web,Paid,0
BILL244914,CUST10058,272649,272649,2026-02-03 00:00:00,2026-02-06 00:00:00,API,Paid,0
BILL885994,CUST10061,293618,293618,2026-03-11 00:00:00,2026-03-16 00:00:00,Web,Paid,0
BILL648214,CUST10068,257954,257954,2026-03-05 00:00:00,2026-03-08 00:00:00,Web,Paid,0
BILL666920,CUST10223,365265,365265,2026-05-15 00:00:00,2026-05-18 00:00:00,Mobile,Paid,0
BILL586170,CUST10619,308290,308290,2026-03-06 00:00:00,2026-03-09 00:00:00,Web,Paid,0
BILL465029,CUST10467,188709,188709,2026-02-05 00:00:00,2026-02-06 00:00:00,Web,Paid,0
BILL820389,CUST10178,354757,354757,2026-03-03 00:04:00,2026-03-07 00:04:00,API,Paid,0
BILL621292,CUST10233,310354,310354,2026-05-17 00:00:00,2026-05-18 00:00:00,Mobile,Paid,0
BILL424137,CUST10582,110491,9158,2026-07-18 00:00:00,2026-07-21 00:00:00,Web,Paid,0
BILL257706,CUST10428,218349,218349,2026-05-08 00:04:00,2026-05-08 00:04:00,Web,Paid,0
BILL417757,CUST10372,188669,3914723,2026-05-09 00:00:00,2026-05-14 00:00:00,Web,Paid,0
BILL786781,CUST10598,244837,244837,2026-05-17 00:00:00,2026-05-19 00:00:00,Mobile,Paid,0
BILL852302,CUST10493,119681,119681,2026-04-07 00:00:00,2026-04-09 00:00:00,Mobile,Paid,0
BILL191554,CUST10282,264469,264469,2026-05-11 00:00:00,2026-05-16 00:00:00,Mobile,Paid,0
BILL670241,CUST10100,303145,303145,2026-03-08 00:00:00,2026-03-10 00:00:00,Web,Paid,0
BILL408257,CUST10399,320221,320221,2026-03-07 00:00:00,2026-03-09 00:00:00,Web,Paid,0
BILL139240,CUST10424,178755,178755,2026-05-19 00:00:00,2026-05-21 00:00:00,Mobile,Paid,1
BILL481153,CUST10048,200010,200010,2026-06-15 00:03:00,2026-06-16 00:03:00,Mobile,Paid,0
BILL218561,CUST10252,378693,378693,2026-04-19 00:00:00,2026-04-21 00:00:00,Web,Paid,1
BILL556020,CUST10298,310450,310450,2026-03-06 00:00:00,2026-03-07 00:00:00,Web,Paid,0
BILL745726,CUST10574,359902,359902,2026-03-08 00:00:00,2026-03-10 00:00:00,Web,Paid,0
BILL535439,CUST10230,356484,356484,2026-03-05 00:00:00,2026-03-08 00:00:00,Web,Paid,0
BILL339248,CUST10269,364634,364634,2026-01-31 00:00:00,2026-02-01 00:00:00,Web,Paid,0
BILL998925,CUST10239,252676,252676,2026-03-08 00:00:00,2026-03-13 00:00:00,Mobile,Paid,0
BILL659396,CUST10605,312652,312652,2026-03-04 00:00:00,2026-03-04 00:00:00,Web,Paid,0
BILL406342,CUST10117,111971,1634,2026-04-17 00:00:00,2026-04-19 00:00:00,Mobile,Paid,0
BILL871838,CUST10397,259316,259316,2026-02-02 00:00:00,2026-02-02 00:00:00,Web,Paid,0
BILL312295,CUST10449,315584,315584,2026-06-21 00:00:00,2026-06-25 00:00:00,Mobile,Paid,0
BILL893725,CUST10130,146870,146870,2026-03-04 00:00:00,2026-03-08 00:00:00,Mobile,Paid,0
BILL480072,CUST10583,372597,372597,2026-04-14 00:00:00,2026-04-18 00:00:00,Mobile,Paid,0
BILL154646,CUST10271,297333,297333,2026-03-10 00:00:00,2026-03-12 00:00:00,Web,Paid,0
BILL935475,CUST10206,369902,369902,2026-06-20 00:00:00,2026-06-23 00:00:00,Web,Paid,0
BILL370078,CUST10032,135160,2896769,2026-03-10 00:00:00,2026-03-12 00:00:00,Mobile,Paid,0
BILL995261,CUST10330,340223,8887,2026-03-11 00:00:00,2026-03-15 00:00:00,Mobile,Paid,0
BILL176215,CUST10449,315584,315584,2026-07-25 00:00:00,2026-07-25 00:00:00,Mobile,Paid,0
BILL445341,CUST10041,145257,145257,2026-04-14 00:00:00,2026-04-19 00:00:00,Mobile,Paid,0
BILL236398,CUST10014,228850,228850,2026-04-06 00:00:00,2026-04-09 00:00:00,Web,Paid,0
BILL782232,CUST10357,248320,248320,2026-03-08 00:00:00,2026-03-13 00:00:00,Mobile,Paid,0
BILL960690,CUST10361,329183,329183,2026-03-07 00:00:00,2026-03-12 00:00:00,Web,Paid,1
BILL394067,CUST10237,398916,398916,2026-03-11 00:00:00,2026-03-16 00:00:00,Mobile,Paid,0
BILL440435,CUST10198,186203,186203,2026-05-09 00:00:00,2026-05-13 00:00:00,Web,Paid,0
BILL479101,CUST10511,190133,190133,2026-03-13 00:00:00,2026-03-18 00:00:00,Mobile,Paid,0
BILL830535,CUST10148,176194,176194,2026-08-17 00:00:00,2026-08-17 00:00:00,Web,Paid,0
BILL523341,CUST10067,236495,236495,2026-03-14 00:00:00,2026-03-17 00:00:00,Web,Paid,0
BILL731295,CUST10316,260371,260371,2026-03-09 00:00:00,2026-03-14 00:00:00,Mobile,Paid,0
BILL279230,CUST10035,331809,331809,2026-04-12 00:00:00,2026-04-13 00:00:00,Web,Paid,0
BILL768610,CUST10569,215229,215229,2026-02-02 00:00:00,2026-02-02 00:00:00,API,Paid,0
BILL413318,CUST10511,190133,190133,2026-04-17 00:00:00,2026-04-17 00:00:00,Mobile,Paid,0
BILL348536,CUST10446,388986,7545,2026-02-08 00:00:00,2026-02-11 00:00:00,Mobile,Paid,0
BILL725439,CUST10310,335952,335952,2026-03-12 00:00:00,2026-03-15 00:00:00,Mobile,Paid,0
BILL826906,CUST10350,276597,276597,2026-05-13 00:00:00,2026-05-13 00:00:00,Mobile,Paid,0
BILL412688,CUST10087,256235,256235,2026-03-07 00:00:00,2026-03-09 00:00:00,Mobile,Paid,0
BILL925161,CUST10328,260545,260545,2026-03-13 00:00:00,2026-03-16 00:00:00,Mobile,Paid,0
BILL810112,CUST10058,272649,272649,2026-03-08 00:00:00,2026-03-08 00:00:00,Mobile,Paid,0
BILL654626,CUST10194,202832,202832,2026-05-03 00:00:00,2026-05-07 00:00:00,Web,Paid,0
BILL630670,CUST10596,117486,117486,2026-04-08 00:00:00,2026-04-08 00:00:00,Mobile,Paid,0
BILL749626,CUST10318,334485,9352,2026-05-17 00:00:00,2026-05-21 00:00:00,Web,Paid,0
BILL549111,CUST10570,322635,322635,2026-04-20 00:00:00,2026-04-24 00:00:00,Mobile,Paid,0
BILL483932,CUST10410,350391,350391,2026-05-15 00:00:00,2026-05-17 00:00:00,Mobile,Paid,0
BILL461163,CUST10226,323266,323266,2026-03-04 00:05:00,2026-03-05 00:05:00,Mobile,Paid,0
BILL895233,CUST10454,247525,247525,2026-04-11 00:03:00,2026-04-11 00:03:00,Mobile,Paid,0
BILL742694,CUST10510,204797,204797,2026-04-16 00:00:00,2026-04-16 00:00:00,API,Paid,0
BILL702622,CUST10510,204797,204797,2026-04-16 00:00:00,2026-04-16 00:01:00,API,Paid,0
BILL811925,CUST10510,204797,204797,2026-04-16 00:00:00,2026-04-16 00:02:00,API,Paid,0
BILL819576,CUST10510,204797,204797,2026-04-16 00:00:00,2026-04-16 00:03:00,API,Paid,0
BILL549163,CUST10510,204797,204797,2026-04-16 00:00:00,2026-04-16 00:04:00,API,Paid,0
BILL421464,CUST10026,212036,212036,2026-02-05 00:00:00,2026-02-08 00:00:00,Mobile,Paid,0
BILL574200,CUST10491,119240,9317,2026-03-05 00:00:00,2026-03-08 00:00:00,Web,Paid,0
BILL458931,CUST10595,342484,342484,2026-04-07 00:00:00,2026-04-10 00:00:00,Web,Paid,0
BILL940610,CUST10118,111521,111521,2026-05-15 00:04:00,2026-05-17 00:04:00,Mobile,Paid,0
BILL160556,CUST10134,167349,167349,2026-02-06 00:00:00,2026-02-06 00:00:00,API,Paid,0
BILL442994,CUST10134,167349,167349,2026-02-06 00:00:00,2026-02-06 00:01:00,API,Paid,0
BILL789664,CUST10134,167349,167349,2026-02-06 00:00:00,2026-02-06 00:02:00,API,Paid,0
BILL954876,CUST10513,373858,373858,2026-05-14 00:00:00,2026-05-14 00:00:00,Web,Paid,0
BILL915063,CUST10423,311188,311188,2026-05-16 00:00:00,2026-05-19 00:00:00,Mobile,Paid,0
BILL929715,CUST10208,274066,274066,2026-03-03 00:00:00,2026-03-06 00:00:00,Web,Paid,0
BILL948656,CUST10596,117486,117486,2026-05-08 00:00:00,2026-05-12 00:00:00,Mobile,Paid,0
BILL603864,CUST10244,357946,357946,2026-04-07 00:00:00,2026-04-07 00:00:00,API,Paid,0
BILL906689,CUST10244,357946,357946,2026-04-07 00:00:00,2026-04-07 00:01:00,API,Paid,0
BILL134930,CUST10244,357946,357946,2026-04-07 00:00:00,2026-04-07 00:02:00,API,Paid,0
BILL691133,CUST10537,303726,303726,2026-03-13 00:00:00,2026-03-18 00:00:00,Web,Paid,0
BILL836603,CUST10122,286581,286581,2026-06-15 00:05:00,2026-06-19 00:05:00,Web,Paid,0
BILL344714,CUST10408,347868,347868,2026-08-28 00:00:00,2026-09-02 00:00:00,Mobile,Paid,0
BILL606955,CUST10519,273139,5636,2026-03-13 00:00:00,2026-03-13 00:00:00,Mobile,Paid,0
BILL962706,CUST10244,357946,357946,2026-05-07 00:03:00,2026-05-10 00:03:00,Web,Paid,0
BILL390116,CUST10177,219181,219181,2026-05-06 00:00:00,2026-05-06 00:00:00,Web,Paid,0
BILL928452,CUST10334,153060,153060,2026-03-13 00:00:00,2026-03-16 00:00:00,Web,Paid,0
BILL132560,CUST10488,128957,128957,2026-05-12 00:00:00,2026-05-12 00:00:00,API,Paid,0
BILL951035,CUST10488,128957,128957,2026-05-12 00:00:00,2026-05-12 00:01:00,API,Paid,0
BILL521745,CUST10488,128957,128957,2026-05-12 00:00:00,2026-05-12 00:02:00,API,Paid,0
BILL196651,CUST10488,128957,128957,2026-05-12 00:00:00,2026-05-12 00:03:00,API,Paid,0
BILL670737,CUST10581,380201,380201,2026-07-22 00:00:00,2026-07-23 00:00:00,Mobile,Paid,0
BILL185577,CUST10302,176365,176365,2026-04-07 00:00:00,2026-04-10 00:00:00,Web,Paid,0
BILL881469,CUST10036,365195,365195,2026-02-08 00:00:00,2026-02-12 00:00:00,Web,Paid,0
BILL258621,CUST10362,347184,347184,2026-03-05 00:00:00,2026-03-05 00:00:00,API,Paid,0
BILL949032,CUST10362,347184,347184,2026-03-05 00:00:00,2026-03-05 00:01:00,API,Paid,0
BILL622381,CUST10362,347184,347184,2026-03-05 00:00:00,2026-03-05 00:02:00,API,Paid,0
BILL714960,CUST10362,347184,347184,2026-03-05 00:00:00,2026-03-05 00:03:00,API,Paid,0
BILL710550,CUST10130,146870,9490,2026-04-07 00:00:00,2026-04-09 00:00:00,Mobile,Paid,0
BILL384008,CUST10273,306823,306823,2026-04-09 00:00:00,2026-04-13 00:00:00,Mobile,Paid,0
BILL850183,CUST10284,398508,398508,2026-02-08 00:00:00,2026-02-13 00:00:00,Mobile,Paid,0
BILL156440,CUST10511,190133,190133,2026-05-17 00:00:00,2026-05-19 00:00:00,API,Paid,0
BILL362659,CUST10245,246432,246432,2026-03-10 00:00:00,2026-03-15 00:00:00,Web,Paid,0
BILL152786,CUST10332,388940,388940,2026-04-02 00:00:00,2026-04-05 00:00:00,Web,Paid,1
BILL950870,CUST10058,272649,272649,2026-04-07 00:00:00,2026-04-12 00:00:00,Mobile,Paid,0
BILL225745,CUST10118,111521,111521,2026-06-16 00:04:00,2026-06-21 00:04:00,Mobile,Paid,0
BILL696044,CUST10160,264437,264437,2026-06-19 00:00:00,2026-06-19 00:00:00,API,Paid,0
BILL323935,CUST10160,264437,264437,2026-06-19 00:00:00,2026-06-19 00:01:00,API,Paid,0
BILL232714,CUST10160,264437,264437,2026-06-19 00:00:00,2026-06-19 00:02:00,API,Paid,0
BILL627820,CUST10373,276562,276562,2026-04-13 00:00:00,2026-04-14 00:00:00,Web,Paid,1
BILL339444,CUST10311,288022,288022,2026-02-10 00:00:00,2026-02-15 00:00:00,Mobile,Paid,0
BILL865856,CUST10082,287913,287913,2026-02-02 00:00:00,2026-02-05 00:00:00,Mobile,Paid,0
BILL526650,CUST10270,215045,215045,2026-04-07 00:00:00,2026-04-08 00:00:00,Mobile,Paid,0
BILL483922,CUST10365,152220,152220,2026-05-15 00:00:00,2026-05-16 00:00:00,Mobile,Paid,1
BILL421740,CUST10502,259966,259966,2026-04-08 00:00:00,2026-04-13 00:00:00,Mobile,Paid,0
BILL223944,CUST10314,300175,300175,2026-03-11 00:00:00,2026-03-15 00:00:00,Mobile,Paid,0
BILL121697,CUST10272,274743,274743,2026-02-04 00:00:00,2026-02-07 00:00:00,Web,Paid,0
BILL753583,CUST10333,343339,343339,2026-02-09 00:00:00,2026-02-09 00:00:00,API,Paid,0
BILL521256,CUST10333,343339,343339,2026-02-09 00:00:00,2026-02-09 00:01:00,API,Paid,0
BILL785123,CUST10333,343339,343339,2026-02-09 00:00:00,2026-02-09 00:02:00,API,Paid,0
BILL127455,CUST10474,287169,287169,2026-02-05 00:00:00,2026-02-09 00:00:00,Web,Paid,0
BILL936989,CUST10574,359902,359902,2026-04-09 00:00:00,2026-04-11 00:00:00,Web,Paid,0
BILL908080,CUST10489,380999,380999,2026-04-13 00:00:00,2026-04-16 00:00:00,Web,Paid,0
BILL316592,CUST10487,396911,396911,2026-04-08 00:00:00,2026-04-10 00:00:00,Web,Paid,0
BILL959760,CUST10380,314140,314140,2026-02-02 00:00:00,2026-02-02 00:00:00,Mobile,Paid,0
BILL141283,CUST10270,215045,215045,2026-05-08 00:00:00,2026-05-11 00:00:00,Mobile,Paid,0
BILL393890,CUST10274,392388,392388,2026-05-12 00:00:00,2026-05-15 00:00:00,Web,Paid,0
BILL329806,CUST10468,366366,366366,2026-04-15 00:00:00,2026-04-18 00:00:00,Mobile,Paid,0
BILL648234,CUST10338,206150,206150,2026-06-22 00:00:00,2026-06-26 00:00:00,Web,Paid,0
BILL850334,CUST10506,277420,277420,2026-02-03 00:00:00,2026-02-05 00:00:00,Mobile,Paid,0
BILL507394,CUST10128,235413,235413,2026-03-04 00:00:00,2026-03-07 00:00:00,Web,Paid,0
BILL374943,CUST10036,365195,365195,2026-03-14 00:00:00,2026-03-14 00:00:00,Web,Paid,0
BILL503979,CUST10498,286133,286133,2026-05-16 00:00:00,2026-05-19 00:00:00,Web,Paid,0
BILL217988,CUST10450,386457,386457,2026-03-12 00:00:00,2026-03-13 00:00:00,API,Paid,0
BILL198968,CUST10365,152220,152220,2026-06-15 00:00:00,2026-06-16 00:00:00,Mobile,Paid,0
BILL237949,CUST10226,323266,323266,2026-04-04 00:05:00,2026-04-07 00:05:00,Mobile,Paid,0
BILL910122,CUST10433,387895,387895,2026-02-09 00:00:00,2026-02-11 00:00:00,Web,Paid,1
BILL911637,CUST10247,237979,237979,2026-04-11 00:00:00,2026-04-13 00:00:00,Web,Paid,0
BILL782026,CUST10528,303121,303121,2026-04-08 00:00:00,2026-04-12 00:00:00,Mobile,Paid,0
BILL634643,CUST10447,134024,134024,2026-02-04 00:00:00,2026-02-09 00:00:00,Mobile,Paid,0
BILL600075,CUST10242,218492,218492,2026-04-09 00:00:00,2026-04-10 00:00:00,Mobile,Paid,0
BILL699286,CUST10302,176365,176365,2026-05-10 00:00:00,2026-05-11 00:00:00,Web,Paid,0
BILL927976,CUST10449,315584,315584,2026-08-24 00:00:00,2026-08-24 00:00:00,Mobile,Paid,0
BILL298657,CUST10501,151549,1986908,2026-04-14 00:04:00,2026-04-16 00:04:00,Mobile,Paid,0
BILL425795,CUST10261,300918,300918,2026-02-03 00:00:00,2026-02-03 00:00:00,Web,Paid,0
BILL550269,CUST10397,259316,259316,2026-03-04 00:00:00,2026-03-04 00:00:00,Web,Paid,0
BILL783342,CUST10035,331809,331809,2026-05-13 00:00:00,2026-05-15 00:00:00,Web,Paid,0
BILL829815,CUST10330,340223,340223,2026-04-14 00:00:00,2026-04-19 00:00:00,Mobile,Paid,0
BILL847809,CUST10157,240590,2806463,2026-03-07 00:00:00,2026-03-09 00:00:00,Web,Paid,0
BILL684551,CUST10021,181897,181897,2026-02-07 00:00:00,2026-02-12 00:00:00,Mobile,Paid,0
BILL581122,CUST10598,244837,244837,2026-06-18 00:00:00,2026-06-19 00:00:00,Mobile,Paid,0
BILL498156,CUST10274,392388,392388,2026-06-14 00:00:00,2026-06-14 00:00:00,API,Paid,0
BILL336991,CUST10274,392388,392388,2026-06-14 00:00:00,2026-06-14 00:01:00,API,Paid,0
BILL111495,CUST10274,392388,392388,2026-06-14 00:00:00,2026-06-14 00:02:00,API,Paid,0
BILL971458,CUST10453,156466,156466,2026-06-07 00:00:00,2026-06-10 00:00:00,Mobile,Paid,0
BILL403983,CUST10065,379641,379641,2026-03-12 00:00:00,2026-03-13 00:00:00,Mobile,Paid,0
BILL717045,CUST10059,185962,185962,2026-03-09 00:00:00,2026-03-13 00:00:00,Web,Paid,0
BILL689627,CUST10032,135160,135160,2026-04-11 00:00:00,2026-04-11 00:00:00,API,Paid,0
BILL536598,CUST10032,135160,135160,2026-04-11 00:00:00,2026-04-11 00:01:00,API,Paid,0
BILL951540,CUST10032,135160,135160,2026-04-11 00:00:00,2026-04-11 00:02:00,API,Paid,0
BILL350684,CUST10032,135160,135160,2026-04-11 00:00:00,2026-04-11 00:03:00,API,Paid,0
BILL983745,CUST10054,176593,176593,2026-06-11 00:00:00,2026-06-13 00:00:00,Web,Paid,0
BILL552660,CUST10106,281250,281250,2026-04-09 00:00:00,2026-04-11 00:00:00,Web,Paid,0
BILL541320,CUST10368,338233,8314,2026-04-14 00:00:00,2026-04-14 00:00:00,Mobile,Paid,0
BILL367346,CUST10515,303653,9417,2026-03-13 00:00:00,2026-03-13 00:00:00,Web,Paid,0
BILL751945,CUST10577,213700,213700,2026-04-14 00:00:00,2026-04-17 00:00:00,Web,Paid,0
BILL652360,CUST10484,198374,198374,2026-04-09 00:00:00,2026-04-10 00:00:00,Mobile,Paid,0
BILL530865,CUST10000,171786,171786,2026-03-11 00:00:00,2026-03-11 00:00:00,Web,Paid,0
BILL864821,CUST10119,151100,151100,2026-05-16 00:00:00,2026-05-16 00:00:00,Mobile,Paid,0
BILL301699,CUST10303,131090,131090,2026-03-10 00:00:00,2026-03-13 00:00:00,Web,Paid,0
BILL802637,CUST10187,253468,253468,2026-04-15 00:00:00,2026-04-16 00:00:00,Mobile,Paid,0
BILL195256,CUST10175,379067,379067,2026-03-10 00:00:00,2026-03-10 00:00:00,API,Paid,0
BILL582074,CUST10175,379067,379067,2026-03-10 00:00:00,2026-03-10 00:01:00,API,Paid,0
BILL138631,CUST10175,379067,379067,2026-03-10 00:00:00,2026-03-10 00:02:00,API,Paid,0
BILL749435,CUST10175,379067,379067,2026-03-10 00:00:00,2026-03-10 00:03:00,API,Paid,0
BILL135343,CUST10040,106378,106378,2026-04-05 00:00:00,2026-04-09 00:00:00,Web,Paid,0
BILL167908,CUST10522,265752,265752,2026-06-19 00:00:00,2026-06-21 00:00:00,Mobile,Paid,0
BILL780150,CUST10218,134040,134040,2026-03-15 00:00:00,2026-03-18 00:00:00,Mobile,Paid,0
BILL693664,CUST10619,308290,308290,2026-04-08 00:00:00,2026-04-08 00:00:00,Web,Paid,0
BILL601958,CUST10416,384413,384413,2026-04-04 00:00:00,2026-04-07 00:00:00,Mobile,Paid,0
BILL871932,CUST10505,205177,205177,2026-03-13 00:00:00,2026-03-17 00:00:00,Mobile,Paid,0
BILL383007,CUST10435,263580,263580,2026-06-17 00:00:00,2026-06-21 00:00:00,Mobile,Paid,0
BILL944813,CUST10245,246432,246432,2026-04-14 00:00:00,2026-04-19 00:00:00,Web,Paid,0
BILL491557,CUST10208,274066,274066,2026-04-05 00:00:00,2026-04-07 00:00:00,Web,Paid,0
BILL458322,CUST10360,279054,279054,2026-06-16 00:00:00,2026-06-19 00:00:00,Web,Paid,0
BILL457913,CUST10345,214430,214430,2026-03-08 00:00:00,2026-03-08 00:00:00,Web,Paid,0
BILL727196,CUST10377,254280,2862033,2026-04-12 00:00:00,2026-04-12 00:00:00,Web,Paid,0
BILL445528,CUST10417,214064,214064,2026-03-09 00:00:00,2026-03-10 00:00:00,Mobile,Paid,0
BILL104312,CUST10460,307788,307788,2026-03-07 00:00:00,2026-03-12 00:00:00,Mobile,Paid,0
BILL355531,CUST10108,394781,394781,2026-05-14 00:00:00,2026-05-16 00:00:00,Mobile,Paid,0
BILL931318,CUST10030,120032,120032,2026-04-13 00:00:00,2026-04-15 00:00:00,Web,Paid,0
BILL720005,CUST10315,225792,225792,2026-06-03 00:03:00,2026-06-07 00:03:00,Web,Paid,0
BILL957497,CUST10250,127944,127944,2026-03-05 00:00:00,2026-03-05 00:00:00,Web,Paid,0
BILL287238,CUST10190,169437,169437,2026-04-08 00:00:00,2026-04-13 00:00:00,Mobile,Paid,0
BILL189373,CUST10216,377209,377209,2026-04-09 00:00:00,2026-04-09 00:00:00,Web,Paid,0
BILL205621,CUST10390,250230,250230,2026-03-12 00:00:00,2026-03-12 00:00:00,Mobile,Paid,0
BILL110613,CUST10443,295547,295547,2026-04-08 00:00:00,2026-04-10 00:00:00,Web,Paid,0
BILL757236,CUST10029,196409,3684215,2026-05-07 00:00:00,2026-05-07 00:00:00,Mobile,Paid,0
BILL761939,CUST10387,199554,199554,2026-02-09 00:00:00,2026-02-09 00:00:00,API,Paid,0
BILL140499,CUST10387,199554,199554,2026-02-09 00:00:00,2026-02-09 00:01:00,API,Paid,0
BILL709345,CUST10387,199554,199554,2026-02-09 00:00:00,2026-02-09 00:02:00,API,Paid,0
BILL569805,CUST10380,314140,314140,2026-03-04 00:00:00,2026-03-04 00:00:00,Mobile,Paid,0
BILL683026,CUST10497,131284,131284,2026-05-18 00:00:00,2026-05-22 00:00:00,Web,Paid,0
BILL534847,CUST10493,119681,119681,2026-05-09 00:00:00,2026-05-13 00:00:00,Mobile,Paid,0
BILL411962,CUST10202,309622,309622,2026-04-03 00:00:00,2026-04-03 00:00:00,Mobile,Paid,0
BILL815124,CUST10102,110740,110740,2026-03-11 00:00:00,2026-03-14 00:00:00,Mobile,Paid,0
BILL968597,CUST10241,399193,399193,2026-05-16 00:00:00,2026-05-21 00:00:00,Web,Paid,0
BILL504538,CUST10357,248320,248320,2026-04-12 00:00:00,2026-04-17 00:00:00,Mobile,Paid,0
BILL599441,CUST10445,207054,207054,2026-02-07 00:00:00,2026-02-10 00:00:00,Web,Paid,0
BILL737106,CUST10183,335841,335841,2026-02-10 00:00:00,2026-02-10 00:00:00,Mobile,Paid,0
BILL793876,CUST10240,399654,399654,2026-06-08 00:00:00,2026-06-09 00:00:00,Mobile,Paid,0
BILL768144,CUST10448,234721,234721,2026-04-15 00:00:00,2026-04-20 00:00:00,Mobile,Paid,0
BILL742799,CUST10159,294457,294457,2026-04-12 00:00:00,2026-04-13 00:00:00,Mobile,Paid,0
BILL289584,CUST10280,176876,176876,2026-03-08 00:00:00,2026-03-10 00:00:00,Web,Paid,0
BILL789712,CUST10539,282596,282596,2026-04-15 00:00:00,2026-04-17 00:00:00,Mobile,Paid,0
BILL274211,CUST10453,156466,156466,2026-07-10 00:00:00,2026-07-15 00:00:00,Mobile,Paid,1
BILL855514,CUST10569,215229,215229,2026-03-04 00:00:00,2026-03-08 00:00:00,Mobile,Paid,0
BILL183795,CUST10084,164229,2397482,2026-03-13 00:00:00,2026-03-15 00:00:00,Mobile,Paid,0
BILL356429,CUST10314,300175,300175,2026-04-14 00:00:00,2026-04-18 00:00:00,Mobile,Paid,0
BILL361251,CUST10092,280466,280466,2026-04-11 00:00:00,2026-04-14 00:00:00,Mobile,Paid,0
BILL734883,CUST10385,329076,4480127,2026-03-08 00:00:00,2026-03-08 00:00:00,Mobile,Paid,0
BILL705467,CUST10387,199554,3664873,2026-03-11 00:03:00,2026-03-16 00:03:00,Mobile,Paid,0
BILL641445,CUST10569,215229,215229,2026-04-07 00:00:00,2026-04-11 00:00:00,Mobile,Paid,0
BILL673591,CUST10346,359143,359143,2026-05-09 00:00:00,2026-05-09 00:00:00,Mobile,Paid,0
BILL670290,CUST10454,247525,247525,2026-05-11 00:03:00,2026-05-13 00:03:00,Mobile,Paid,0
BILL664519,CUST10177,219181,219181,2026-06-05 00:00:00,2026-06-07 00:00:00,Web,Paid,0
BILL308232,CUST10427,150216,150216,2026-04-04 00:00:00,2026-04-09 00:00:00,Mobile,Paid,0
BILL724081,CUST10245,246432,3742245,2026-05-19 00:00:00,2026-05-21 00:00:00,Web,Paid,0
BILL121851,CUST10010,184997,184997,2026-03-08 00:05:00,2026-03-11 00:05:00,Mobile,Paid,0
BILL959529,CUST10211,276381,276381,2026-05-13 00:00:00,2026-05-14 00:00:00,Web,Paid,0
BILL997698,CUST10009,100858,100858,2026-04-12 00:00:00,2026-04-16 00:00:00,Web,Paid,0
BILL360089,CUST10460,307788,307788,2026-04-11 00:00:00,2026-04-11 00:00:00,Mobile,Paid,0
BILL381326,CUST10210,219614,219614,2026-01-31 00:00:00,2026-02-01 00:00:00,API,Paid,0
BILL878874,CUST10086,384255,384255,2026-02-08 00:00:00,2026-02-12 00:00:00,Mobile,Paid,0
BILL545902,CUST10380,314140,314140,2026-04-03 00:00:00,2026-04-04 00:00:00,Mobile,Paid,0
BILL963482,CUST10086,384255,384255,2026-03-14 00:00:00,2026-03-14 00:00:00,Mobile,Paid,1
BILL146721,CUST10272,274743,274743,2026-03-09 00:00:00,2026-03-12 00:00:00,Web,Paid,0
BILL891108,CUST10322,138465,138465,2026-06-16 00:00:00,2026-06-19 00:00:00,Web,Paid,0
BILL372911,CUST10285,267241,267241,2026-05-16 00:00:00,2026-05-16 00:00:00,Mobile,Paid,0
BILL936662,CUST10051,125386,125386,2026-03-06 00:00:00,2026-03-06 00:00:00,Web,Paid,0
BILL864785,CUST10271,297333,297333,2026-04-11 00:00:00,2026-04-15 00:00:00,Web,Paid,0
BILL338390,CUST10081,134971,134971,2026-02-09 00:00:00,2026-02-10 00:00:00,Web,Paid,0
BILL124800,CUST10004,125948,125948,2026-03-06 00:00:00,2026-03-06 00:00:00,API,Paid,0
BILL672773,CUST10004,125948,125948,2026-03-06 00:00:00,2026-03-06 00:01:00,API,Paid,0
BILL423705,CUST10004,125948,125948,2026-03-06 00:00:00,2026-03-06 00:02:00,API,Paid,0
BILL964524,CUST10004,125948,125948,2026-03-06 00:00:00,2026-03-06 00:03:00,API,Paid,0
BILL991227,CUST10004,125948,125948,2026-03-06 00:00:00,2026-03-06 00:04:00,API,Paid,0
BILL889366,CUST10335,187463,187463,2026-02-05 00:00:00,2026-02-09 00:00:00,Mobile,Paid,0
BILL324869,CUST10165,352542,352542,2026-04-09 00:05:00,2026-04-11 00:05:00,Web,Paid,0
BILL817107,CUST10462,104974,104974,2026-05-04 00:00:00,2026-05-09 00:00:00,Mobile,Paid,0
BILL925397,CUST10333,343339,343339,2026-03-11 00:03:00,2026-03-12 00:03:00,Mobile,Paid,0
BILL871579,CUST10477,154868,154868,2026-04-17 00:00:00,2026-04-18 00:00:00,Web,Paid,0
BILL919112,CUST10055,137750,137750,2026-01-31 00:00:00,2026-02-03 00:00:00,API,Paid,0
BILL306830,CUST10303,131090,2336876,2026-04-12 00:00:00,2026-04-16 00:00:00,Web,Paid,0
BILL365259,CUST10183,335841,4878421,2026-03-12 00:00:00,2026-03-16 00:00:00,Mobile,Paid,0
BILL568969,CUST10200,342570,342570,2026-04-03 00:00:00,2026-04-07 00:00:00,API,Paid,0
BILL468720,CUST10008,241795,4888322,2026-03-02 00:00:00,2026-03-05 00:00:00,Web,Paid,0
BILL408558,CUST10616,291905,291905,2026-03-10 00:00:00,2026-03-10 00:00:00,API,Paid,0
BILL604700,CUST10616,291905,291905,2026-03-10 00:00:00,2026-03-10 00:01:00,API,Paid,0
BILL620606,CUST10616,291905,291905,2026-03-10 00:00:00,2026-03-10 00:02:00,API,Paid,0
BILL329115,CUST10616,291905,291905,2026-03-10 00:00:00,2026-03-10 00:03:00,API,Paid,0
BILL867730,CUST10343,365809,365809,2026-03-09 00:00:00,2026-03-11 00:00:00,Web,Paid,0
BILL128962,CUST10574,359902,359902,2026-05-11 00:00:00,2026-05-16 00:00:00,Web,Paid,0
BILL547279,CUST10139,297574,3664499,2026-06-13 00:00:00,2026-06-18 00:00:00,Web,Paid,0
BILL798896,CUST10008,241795,241795,2026-04-04 00:00:00,2026-04-06 00:00:00,Web,Paid,0
BILL615001,CUST10343,365809,365809,2026-04-10 00:00:00,2026-04-12 00:00:00,Web,Paid,0
BILL215289,CUST10511,190133,5168,2026-06-18 00:00:00,2026-06-23 00:00:00,Mobile,Paid,0
BILL370254,CUST10519,273139,273139,2026-04-12 00:00:00,2026-04-13 00:00:00,Mobile,Paid,0
BILL199033,CUST10573,358577,358577,2026-05-08 00:05:00,2026-05-12 00:05:00,Web,Paid,0
BILL495414,CUST10270,215045,215045,2026-06-10 00:00:00,2026-06-10 00:00:00,Mobile,Paid,0
BILL404876,CUST10255,258950,258950,2026-03-11 00:00:00,2026-03-11 00:00:00,API,Paid,0
BILL314516,CUST10255,258950,258950,2026-03-11 00:00:00,2026-03-11 00:01:00,API,Paid,0
BILL688934,CUST10255,258950,258950,2026-03-11 00:00:00,2026-03-11 00:02:00,API,Paid,0
BILL218329,CUST10296,201587,201587,2026-02-05 00:00:00,2026-02-08 00:00:00,Mobile,Paid,0
BILL173542,CUST10376,325746,325746,2026-05-09 00:00:00,2026-05-14 00:00:00,Web,Paid,0
BILL102559,CUST10525,309705,309705,2026-04-08 00:00:00,2026-04-12 00:00:00,Mobile,Paid,0
BILL608493,CUST10122,286581,286581,2026-07-19 00:05:00,2026-07-23 00:05:00,Web,Paid,0
BILL732594,CUST10381,391812,391812,2026-03-11 00:00:00,2026-03-14 00:00:00,Mobile,Paid,0
BILL544878,CUST10005,300383,300383,2026-03-13 00:00:00,2026-03-13 00:00:00,Mobile,Paid,0
BILL595846,CUST10310,335952,335952,2026-04-14 00:00:00,2026-04-14 00:00:00,Mobile,Paid,0
BILL906832,CUST10581,380201,380201,2026-08-22 00:00:00,2026-08-25 00:00:00,Mobile,Paid,0
BILL602723,CUST10105,249200,249200,2026-03-05 00:00:00,2026-03-06 00:00:00,API,Paid,0
BILL631984,CUST10116,381875,381875,2026-02-09 00:00:00,2026-02-13 00:00:00,Mobile,Paid,0
BILL728376,CUST10136,266443,266443,2026-03-12 00:00:00,2026-03-14 00:00:00,Mobile,Paid,0
BILL696391,CUST10280,176876,176876,2026-04-09 00:00:00,2026-04-09 00:00:00,Web,Paid,0
BILL975891,CUST10484,198374,198374,2026-05-10 00:00:00,2026-05-14 00:00:00,Mobile,Paid,0
BILL571633,CUST10188,331635,331635,2026-03-13 00:00:00,2026-03-13 00:00:00,API,Paid,0
BILL181031,CUST10188,331635,331635,2026-03-13 00:00:00,2026-03-13 00:01:00,API,Paid,0
BILL610596,CUST10188,331635,331635,2026-03-13 00:00:00,2026-03-13 00:02:00,API,Paid,0
BILL136814,CUST10188,331635,331635,2026-03-13 00:00:00,2026-03-13 00:03:00,API,Paid,0
BILL288604,CUST10611,385997,385997,2026-02-07 00:00:00,2026-02-08 00:00:00,Mobile,Paid,0
BILL370886,CUST10370,282443,282443,2026-02-04 00:00:00,2026-02-08 00:00:00,Mobile,Paid,0
BILL871903,CUST10546,165933,165933,2026-04-14 00:00:00,2026-04-14 00:00:00,Web,Paid,0
BILL842388,CUST10608,369837,369837,2026-04-14 00:00:00,2026-04-18 00:00:00,Web,Paid,0
BILL993877,CUST10574,359902,359902,2026-06-15 00:00:00,2026-06-19 00:00:00,Web,Paid,0
BILL766714,CUST10590,153033,153033,2026-03-09 00:00:00,2026-03-11 00:00:00,Web,Paid,0
BILL167015,CUST10189,366772,366772,2026-03-05 00:00:00,2026-03-05 00:00:00,Web,Paid,0
BILL516614,CUST10029,196409,196409,2026-06-06 00:00:00,2026-06-10 00:00:00,Mobile,Paid,0
BILL443359,CUST10219,393343,393343,2026-06-18 00:03:00,2026-06-19 00:03:00,Web,Paid,0
BILL134139,CUST10175,379067,379067,2026-04-09 00:04:00,2026-04-09 00:04:00,Mobile,Paid,0
BILL472723,CUST10097,277027,277027,2026-02-02 00:00:00,2026-02-03 00:00:00,Web,Paid,0
BILL674581,CUST10001,349345,1317,2026-03-12 00:00:00,2026-03-17 00:00:00,Web,Paid,0
BILL405335,CUST10305,108188,108188,2026-04-13 00:00:00,2026-04-14 00:00:00,Web,Paid,0
BILL774348,CUST10198,186203,186203,2026-06-12 00:00:00,2026-06-13 00:00:00,Web,Paid,0
BILL760932,CUST10325,105485,105485,2026-04-05 00:00:00,2026-04-10 00:00:00,Mobile,Paid,0
BILL793191,CUST10080,208753,208753,2026-03-11 00:00:00,2026-03-13 00:00:00,Web,Paid,0
BILL601895,CUST10272,274743,274743,2026-04-11 00:00:00,2026-04-13 00:00:00,Web,Paid,0
BILL176457,CUST10021,181897,181897,2026-03-14 00:00:00,2026-03-16 00:00:00,Mobile,Paid,0
BILL557284,CUST10475,304176,304176,2026-06-19 00:00:00,2026-06-23 00:00:00,Web,Paid,0
BILL860644,CUST10243,399795,399795,2026-03-09 00:00:00,2026-03-09 00:00:00,Web,Paid,0
BILL647150,CUST10116,381875,381875,2026-03-15 00:00:00,2026-03-15 00:00:00,Mobile,Paid,0
BILL396280,CUST10481,205868,205868,2026-03-08 00:00:00,2026-03-09 00:00:00,Mobile,Paid,0
BILL118720,CUST10143,377651,377651,2026-02-08 00:00:00,2026-02-09 00:00:00,Mobile,Paid,0
BILL377027,CUST10376,325746,325746,2026-06-13 00:00:00,2026-06-18 00:00:00,Web,Paid,0
BILL120179,CUST10238,166413,166413,2026-03-13 00:00:00,2026-03-17 00:00:00,Web,Paid,0
BILL232045,CUST10544,303681,303681,2026-04-11 00:00:00,2026-04-13 00:00:00,API,Paid,0
BILL149245,CUST10615,198384,198384,2026-04-12 00:00:00,2026-04-14 00:00:00,Mobile,Paid,0
BILL495177,CUST10473,133741,133741,2026-04-07 00:00:00,2026-04-09 00:00:00,Mobile,Paid,0
BILL641203,CUST10003,332757,332757,2026-03-05 00:00:00,2026-03-08 00:00:00,Web,Paid,0
BILL366885,CUST10268,217442,1879,2026-02-07 00:00:00,2026-02-08 00:00:00,Web,Paid,0
BILL442098,CUST10046,156398,156398,2026-04-15 00:00:00,2026-04-20 00:00:00,Mobile,Paid,0
BILL533226,CUST10183,335841,335841,2026-04-15 00:00:00,2026-04-19 00:00:00,Mobile,Paid,0
BILL676616,CUST10479,371828,371828,2026-02-07 00:00:00,2026-02-12 00:00:00,Web,Paid,0
BILL837225,CUST10447,134024,134024,2026-03-11 00:00:00,2026-03-11 00:00:00,Mobile,Paid,0
BILL833146,CUST10112,353035,353035,2026-03-16 00:00:00,2026-03-21 00:00:00,Mobile,Paid,0
BILL230643,CUST10247,237979,237979,2026-05-13 00:00:00,2026-05-17 00:00:00,Web,Paid,0
BILL162061,CUST10081,134971,134971,2026-03-12 00:00:00,2026-03-17 00:00:00,Web,Paid,0
BILL611291,CUST10607,252178,252178,2026-03-09 00:00:00,2026-03-13 00:00:00,Web,Paid,0
BILL640305,CUST10160,264437,264437,2026-07-19 00:03:00,2026-07-24 00:03:00,Web,Paid,0
BILL219700,CUST10168,255470,255470,2026-04-20 00:00:00,2026-04-25 00:00:00,API,Paid,0
BILL673468,CUST10569,215229,215229,2026-05-11 00:00:00,2026-05-14 00:00:00,Mobile,Paid,0
BILL614223,CUST10221,392103,392103,2026-03-08 00:00:00,2026-03-10 00:00:00,Web,Paid,0
BILL160670,CUST10234,145984,145984,2026-05-07 00:04:00,2026-05-12 00:04:00,Mobile,Paid,0
BILL548940,CUST10216,377209,377209,2026-05-09 00:00:00,2026-05-14 00:00:00,Web,Paid,0
BILL855028,CUST10565,368324,368324,2026-03-07 00:05:00,2026-03-11 00:05:00,Web,Paid,1
BILL495470,CUST10197,242482,242482,2026-05-15 00:00:00,2026-05-16 00:00:00,Mobile,Paid,0
BILL633467,CUST10067,236495,236495,2026-04-16 00:00:00,2026-04-17 00:00:00,Web,Paid,0
BILL750873,CUST10238,166413,166413,2026-04-16 00:00:00,2026-04-17 00:00:00,API,Paid,0
BILL260005,CUST10163,201229,201229,2026-03-03 00:00:00,2026-03-06 00:00:00,Web,Paid,0
BILL424947,CUST10290,172758,172758,2026-04-07 00:05:00,2026-04-07 00:05:00,API,Paid,0
BILL710820,CUST10042,298563,298563,2026-05-18 00:00:00,2026-05-22 00:00:00,Mobile,Paid,0
BILL661090,CUST10096,178255,178255,2026-02-07 00:00:00,2026-02-07 00:00:00,Web,Paid,0
BILL818073,CUST10568,187687,187687,2026-03-14 00:00:00,2026-03-19 00:00:00,Web,Paid,0
BILL304966,CUST10226,323266,9017,2026-05-07 00:05:00,2026-05-10 00:05:00,Mobile,Paid,0
BILL287312,CUST10271,297333,297333,2026-05-15 00:00:00,2026-05-15 00:00:00,API,Paid,0
BILL597070,CUST10271,297333,297333,2026-05-15 00:00:00,2026-05-15 00:01:00,API,Paid,0
BILL338927,CUST10271,297333,297333,2026-05-15 00:00:00,2026-05-15 00:02:00,API,Paid,0
BILL222727,CUST10271,297333,297333,2026-05-15 00:00:00,2026-05-15 00:03:00,API,Paid,0
BILL797830,CUST10152,248075,248075,2026-04-13 00:00:00,2026-04-16 00:00:00,Web,Paid,0
BILL934359,CUST10577,213700,213700,2026-05-17 00:00:00,2026-05-17 00:00:00,API,Paid,0
BILL202930,CUST10577,213700,213700,2026-05-17 00:00:00,2026-05-17 00:01:00,API,Paid,0
BILL235835,CUST10577,213700,213700,2026-05-17 00:00:00,2026-05-17 00:02:00,API,Paid,0
BILL743006,CUST10577,213700,213700,2026-05-17 00:00:00,2026-05-17 00:03:00,API,Paid,0
BILL758614,CUST10399,320221,320221,2026-04-08 00:00:00,2026-04-09 00:00:00,Web,Paid,0
BILL522882,CUST10392,342300,342300,2026-05-11 00:00:00,2026-05-16 00:00:00,Web,Paid,0
BILL111723,CUST10610,316839,316839,2026-03-09 00:00:00,2026-03-10 00:00:00,Web,Paid,0
BILL524153,CUST10133,106145,106145,2026-04-15 00:00:00,2026-04-17 00:00:00,Mobile,Paid,0
BILL765568,CUST10391,185279,185279,2026-04-11 00:00:00,2026-04-14 00:00:00,Mobile,Paid,0
BILL414323,CUST10307,115337,115337,2026-04-12 00:00:00,2026-04-12 00:00:00,Mobile,Paid,0
BILL159884,CUST10540,164504,164504,2026-05-12 00:00:00,2026-05-12 00:00:00,Mobile,Paid,0
BILL876790,CUST10058,272649,3991248,2026-05-12 00:00:00,2026-05-14 00:00:00,Mobile,Paid,0
BILL752606,CUST10429,132962,132962,2026-05-16 00:00:00,2026-05-18 00:00:00,Web,Paid,0
BILL262451,CUST10499,397498,397498,2026-05-10 00:00:00,2026-05-14 00:00:00,Mobile,Paid,0
BILL176572,CUST10604,241605,241605,2026-03-11 00:00:00,2026-03-11 00:00:00,Mobile,Paid,0
BILL498434,CUST10274,392388,392388,2026-07-14 00:03:00,2026-07-14 00:03:00,Web,Paid,0
BILL213422,CUST10011,299689,299689,2026-02-08 00:00:00,2026-02-11 00:00:00,Web,Paid,0
BILL826530,CUST10059,185962,185962,2026-04-12 00:00:00,2026-04-12 00:00:00,Web,Paid,0
BILL810639,CUST10004,125948,125948,2026-04-05 00:05:00,2026-04-08 00:05:00,Mobile,Paid,0
BILL127612,CUST10432,311818,311818,2026-04-09 00:00:00,2026-04-11 00:00:00,Mobile,Paid,0
BILL626115,CUST10362,347184,1702,2026-04-04 00:04:00,2026-04-09 00:04:00,Web,Paid,0
BILL894926,CUST10056,161024,161024,2026-03-16 00:00:00,2026-03-18 00:00:00,Mobile,Paid,0
BILL304251,CUST10282,264469,264469,2026-06-15 00:00:00,2026-06-15 00:00:00,API,Paid,0
BILL481429,CUST10282,264469,264469,2026-06-15 00:00:00,2026-06-15 00:01:00,API,Paid,0
BILL668272,CUST10282,264469,264469,2026-06-15 00:00:00,2026-06-15 00:02:00,API,Paid,0
BILL148233,CUST10282,264469,264469,2026-06-15 00:00:00,2026-06-15 00:03:00,API,Paid,0
BILL830955,CUST10270,215045,215045,2026-07-10 00:00:00,2026-07-11 00:00:00,Mobile,Paid,0
BILL951038,CUST10595,342484,342484,2026-05-10 00:00:00,2026-05-10 00:00:00,Web,Paid,0
BILL547094,CUST10299,330805,330805,2026-02-07 00:00:00,2026-02-07 00:00:00,Mobile,Paid,0
BILL599967,CUST10090,254823,254823,2026-06-15 00:00:00,2026-06-16 00:00:00,Web,Paid,0
BILL864816,CUST10058,272649,272649,2026-06-13 00:00:00,2026-06-18 00:00:00,Mobile,Paid,0
BILL885773,CUST10523,228291,228291,2026-03-14 00:00:00,2026-03-17 00:00:00,Mobile,Paid,0
BILL187521,CUST10020,314612,314612,2026-06-12 00:03:00,2026-06-17 00:03:00,Web,Paid,0
BILL632326,CUST10321,146266,146266,2026-04-14 00:00:00,2026-04-18 00:00:00,Mobile,Paid,0
BILL666726,CUST10188,331635,331635,2026-04-12 00:04:00,2026-04-13 00:04:00,Mobile,Paid,0
BILL134577,CUST10014,228850,228850,2026-05-09 00:00:00,2026-05-12 00:00:00,Web,Paid,0
BILL293159,CUST10543,207612,207612,2026-02-09 00:00:00,2026-02-10 00:00:00,Web,Paid,0
BILL471831,CUST10074,237204,237204,2026-04-09 00:05:00,2026-04-14 00:05:00,Web,Paid,0
BILL371560,CUST10312,332915,332915,2026-04-12 00:00:00,2026-04-12 00:00:00,Web,Paid,0
BILL642931,CUST10105,249200,249200,2026-04-05 00:00:00,2026-04-08 00:00:00,Mobile,Paid,0
BILL899096,CUST10486,114630,114630,2026-02-05 00:00:00,2026-02-07 00:00:00,Web,Paid,0
BILL218518,CUST10527,351832,351832,2026-04-08 00:00:00,2026-04-09 00:00:00,API,Paid,0
BILL695061,CUST10061,293618,293618,2026-04-15 00:00:00,2026-04-16 00:00:00,Web,Paid,0
BILL361498,CUST10549,273984,273984,2026-05-13 00:00:00,2026-05-17 00:00:00,Web,Paid,0
BILL966753,CUST10301,210731,210731,2026-03-08 00:00:00,2026-03-11 00:00:00,Web,Paid,0
BILL207980,CUST10073,386343,386343,2026-02-04 00:00:00,2026-02-05 00:00:00,Mobile,Paid,0
BILL493000,CUST10469,147965,147965,2026-03-03 00:00:00,2026-03-05 00:00:00,Mobile,Paid,0
BILL161487,CUST10601,177234,177234,2026-05-17 00:00:00,2026-05-18 00:00:00,Mobile,Paid,0
BILL575991,CUST10129,185393,185393,2026-07-20 00:00:00,2026-07-23 00:00:00,Web,Paid,0
BILL538456,CUST10385,329076,329076,2026-04-07 00:00:00,2026-04-09 00:00:00,API,Paid,0
BILL137844,CUST10206,369902,6345551,2026-07-23 00:00:00,2026-07-26 00:00:00,Web,Paid,0
BILL279105,CUST10129,185393,185393,2026-08-22 00:00:00,2026-08-27 00:00:00,Web,Paid,0
BILL734474,CUST10401,120647,120647,2026-02-08 00:00:00,2026-02-13 00:00:00,Web,Paid,0
BILL838785,CUST10027,224025,224025,2026-02-02 00:00:00,2026-02-07 00:00:00,Mobile,Paid,0
BILL990915,CUST10501,151549,151549,2026-05-16 00:04:00,2026-05-18 00:04:00,Mobile,Paid,0
BILL985783,CUST10254,325941,325941,2026-04-02 00:00:00,2026-04-07 00:00:00,Mobile,Paid,0
BILL639217,CUST10255,258950,258950,2026-04-10 00:03:00,2026-04-13 00:03:00,Web,Paid,1
BILL487989,CUST10414,297390,297390,2026-04-06 00:00:00,2026-04-10 00:00:00,Web,Paid,0
BILL949650,CUST10375,286870,286870,2026-04-16 00:00:00,2026-04-17 00:00:00,Mobile,Paid,0
BILL117889,CUST10139,297574,297574,2026-07-18 00:00:00,2026-07-21 00:00:00,Web,Paid,0
BILL520045,CUST10097,277027,1068,2026-03-05 00:00:00,2026-03-08 00:00:00,Web,Paid,0
BILL652703,CUST10341,289740,289740,2026-04-06 00:00:00,2026-04-07 00:00:00,Mobile,Paid,0
BILL322404,CUST10091,146080,146080,2026-03-13 00:00:00,2026-03-13 00:00:00,Web,Paid,0
BILL121545,CUST10124,147590,147590,2026-03-08 00:00:00,2026-03-08 00:00:00,Web,Paid,0
BILL432794,CUST10336,385465,385465,2026-03-12 00:00:00,2026-03-15 00:00:00,Web,Paid,0
BILL735274,CUST10282,264469,264469,2026-07-15 00:04:00,2026-07-15 00:04:00,Mobile,Paid,0
BILL539304,CUST10237,398916,398916,2026-04-15 00:00:00,2026-04-18 00:00:00,Mobile,Paid,1
BILL524155,CUST10049,320646,320646,2026-04-13 00:00:00,2026-04-14 00:00:00,Web,Paid,0
BILL756495,CUST10615,198384,198384,2026-05-14 00:00:00,2026-05-17 00:00:00,Mobile,Paid,0
BILL206714,CUST10484,198374,198374,2026-06-13 00:00:00,2026-06-13 00:00:00,Mobile,Paid,0
BILL871347,CUST10395,284991,284991,2026-04-10 00:00:00,2026-04-11 00:00:00,Web,Paid,0
BILL482210,CUST10289,182935,4054722,2026-03-08 00:00:00,2026-03-13 00:00:00,Mobile,Paid,0
BILL803229,CUST10350,276597,276597,2026-06-12 00:00:00,2026-06-17 00:00:00,Mobile,Paid,0
BILL235467,CUST10007,390473,390473,2026-04-02 00:00:00,2026-04-06 00:00:00,Web,Paid,0
BILL426110,CUST10491,119240,119240,2026-04-07 00:00:00,2026-04-07 00:00:00,Web,Paid,0
BILL487394,CUST10304,191508,191508,2026-07-19 00:00:00,2026-07-22 00:00:00,API,Paid,0
BILL731663,CUST10251,365840,365840,2026-04-06 00:05:00,2026-04-10 00:05:00,Mobile,Paid,0
BILL271163,CUST10253,174527,9970,2026-03-10 00:00:00,2026-03-14 00:00:00,Mobile,Paid,0
BILL460275,CUST10369,225493,225493,2026-02-01 00:00:00,2026-02-02 00:00:00,Web,Paid,1
BILL395941,CUST10574,359902,359902,2026-07-19 00:00:00,2026-07-19 00:00:00,Web,Paid,0
BILL944924,CUST10357,248320,7278,2026-05-17 00:00:00,2026-05-22 00:00:00,Mobile,Paid,0
BILL526137,CUST10612,324597,324597,2026-04-11 00:05:00,2026-04-15 00:05:00,Web,Paid,0
BILL633882,CUST10385,329076,5159,2026-05-09 00:00:00,2026-05-14 00:00:00,Mobile,Paid,0
BILL860013,CUST10538,233082,233082,2026-03-06 00:00:00,2026-03-07 00:00:00,Web,Paid,0
BILL135387,CUST10305,108188,108188,2026-05-14 00:00:00,2026-05-17 00:00:00,Web,Paid,0
BILL247517,CUST10603,234477,234477,2026-02-03 00:00:00,2026-02-06 00:00:00,Web,Paid,0
BILL155644,CUST10344,395635,395635,2026-03-09 00:00:00,2026-03-09 00:00:00,Mobile,Paid,0
BILL159905,CUST10164,257164,257164,2026-03-12 00:00:00,2026-03-14 00:00:00,Mobile,Paid,0
BILL758494,CUST10508,118063,118063,2026-05-13 00:00:00,2026-05-18 00:00:00,Web,Paid,0
BILL512657,CUST10044,331621,331621,2026-05-06 00:00:00,2026-05-07 00:00:00,Web,Paid,0
BILL764887,CUST10016,140742,140742,2026-03-07 00:00:00,2026-03-12 00:00:00,Mobile,Paid,0
BILL247094,CUST10510,204797,204797,2026-05-16 00:05:00,2026-05-18 00:05:00,Mobile,Paid,0
BILL536815,CUST10212,371041,371041,2026-03-13 00:00:00,2026-03-13 00:00:00,Mobile,Paid,0
BILL567422,CUST10524,221957,221957,2026-04-15 00:00:00,2026-04-20 00:00:00,Web,Paid,0
BILL573814,CUST10125,104899,104899,2026-02-04 00:00:00,2026-02-05 00:00:00,Web,Paid,0
BILL420903,CUST10353,244854,244854,2026-07-16 00:00:00,2026-07-17 00:00:00,Web,Paid,0
BILL511910,CUST10368,338233,338233,2026-05-14 00:00:00,2026-05-17 00:00:00,Mobile,Paid,0
BILL917470,CUST10381,391812,391812,2026-04-13 00:00:00,2026-04-15 00:00:00,Mobile,Paid,0
BILL952726,CUST10171,147240,147240,2026-03-14 00:00:00,2026-03-18 00:00:00,Web,Paid,0
BILL757042,CUST10416,384413,384413,2026-05-07 00:00:00,2026-05-08 00:00:00,Mobile,Paid,0
BILL880353,CUST10608,369837,369837,2026-05-18 00:00:00,2026-05-22 00:00:00,Web,Paid,0
BILL779867,CUST10304,191508,2482,2026-08-21 00:00:00,2026-08-25 00:00:00,Web,Paid,0
BILL391347,CUST10039,107142,6654,2026-05-18 00:00:00,2026-05-23 00:00:00,Mobile,Paid,0
BILL853607,CUST10008,241795,241795,2026-05-06 00:00:00,2026-05-10 00:00:00,Web,Paid,0
BILL398303,CUST10342,252882,252882,2026-05-12 00:00:00,2026-05-15 00:00:00,Mobile,Paid,0
BILL278195,CUST10261,300918,300918,2026-03-05 00:00:00,2026-03-06 00:00:00,Web,Paid,0
BILL323323,CUST10600,178062,178062,2026-02-06 00:00:00,2026-02-06 00:00:00,API,Paid,0
BILL863668,CUST10600,178062,178062,2026-02-06 00:00:00,2026-02-06 00:01:00,API,Paid,0
BILL777372,CUST10600,178062,178062,2026-02-06 00:00:00,2026-02-06 00:02:00,API,Paid,0
BILL964023,CUST10600,178062,178062,2026-02-06 00:00:00,2026-02-06 00:03:00,API,Paid,0
BILL901937,CUST10600,178062,178062,2026-02-06 00:00:00,2026-02-06 00:04:00,API,Paid,0
BILL698455,CUST10310,335952,335952,2026-05-14 00:00:00,2026-05-18 00:00:00,Mobile,Paid,0
BILL240692,CUST10342,252882,252882,2026-06-14 00:00:00,2026-06-16 00:00:00,Mobile,Paid,0
BILL565109,CUST10420,139871,139871,2026-04-13 00:00:00,2026-04-17 00:00:00,Web,Paid,0
BILL151595,CUST10588,174867,174867,2026-03-09 00:00:00,2026-03-09 00:00:00,Web,Paid,0
BILL560509,CUST10609,112399,112399,2026-02-05 00:00:00,2026-02-06 00:00:00,Mobile,Paid,0
BILL674726,CUST10234,145984,145984,2026-06-11 00:04:00,2026-06-11 00:04:00,Mobile,Paid,1
BILL251914,CUST10575,158907,158907,2026-03-04 00:00:00,2026-03-04 00:00:00,Web,Paid,0
BILL988477,CUST10096,178255,178255,2026-03-09 00:00:00,2026-03-13 00:00:00,Web,Paid,0
BILL928386,CUST10498,286133,286133,2026-06-18 00:00:00,2026-06-19 00:00:00,Web,Paid,0
BILL781636,CUST10109,112974,112974,2026-03-06 00:00:00,2026-03-11 00:00:00,Mobile,Paid,0
BILL725842,CUST10259,355961,355961,2026-06-17 00:00:00,2026-06-19 00:00:00,Web,Paid,0
BILL729818,CUST10141,136058,3253,2026-05-14 00:00:00,2026-05-14 00:00:00,Mobile,Paid,0
BILL360334,CUST10219,393343,393343,2026-07-19 00:03:00,2026-07-21 00:03:00,Web,Paid,0
BILL182733,CUST10295,276630,276630,2026-02-09 00:00:00,2026-02-13 00:00:00,Mobile,Paid,0
BILL632425,CUST10178,354757,354757,2026-04-06 00:04:00,2026-04-06 00:04:00,API,Paid,0
BILL520085,CUST10350,276597,276597,2026-07-17 00:00:00,2026-07-21 00:00:00,Mobile,Paid,0
BILL232960,CUST10016,140742,140742,2026-04-11 00:00:00,2026-04-14 00:00:00,Mobile,Paid,0
BILL833883,CUST10191,117685,117685,2026-02-08 00:00:00,2026-02-08 00:00:00,Mobile,Paid,0
BILL455643,CUST10609,112399,112399,2026-03-08 00:00:00,2026-03-11 00:00:00,Mobile,Paid,0
BILL877154,CUST10458,297776,297776,2026-04-03 00:00:00,2026-04-07 00:00:00,API,Paid,0
BILL613975,CUST10538,233082,233082,2026-04-06 00:00:00,2026-04-11 00:00:00,Web,Paid,0
BILL381865,CUST10459,105072,105072,2026-06-02 00:00:00,2026-06-02 00:00:00,Mobile,Paid,0
BILL764455,CUST10121,275470,275470,2026-02-07 00:00:00,2026-02-09 00:00:00,API,Paid,0
BILL481276,CUST10018,118406,118406,2026-04-09 00:00:00,2026-04-13 00:00:00,Web,Paid,0
BILL481642,CUST10112,353035,353035,2026-04-20 00:00:00,2026-04-25 00:00:00,Mobile,Paid,0
BILL867410,CUST10280,176876,176876,2026-05-09 00:00:00,2026-05-09 00:00:00,Web,Paid,0
BILL718170,CUST10096,178255,178255,2026-04-12 00:00:00,2026-04-17 00:00:00,Web,Paid,0
BILL295978,CUST10250,127944,127944,2026-04-04 00:00:00,2026-04-06 00:00:00,Web,Paid,0
BILL727869,CUST10177,219181,219181,2026-07-07 00:00:00,2026-07-10 00:00:00,Web,Paid,0
BILL779896,CUST10026,212036,212036,2026-03-10 00:00:00,2026-03-13 00:00:00,Mobile,Paid,0
BILL117872,CUST10605,312652,312652,2026-04-03 00:00:00,2026-04-08 00:00:00,Web,Paid,0
BILL218173,CUST10458,297776,297776,2026-05-07 00:00:00,2026-05-07 00:00:00,Mobile,Paid,0
BILL287758,CUST10028,371934,371934,2026-04-10 00:00:00,2026-04-10 00:00:00,Mobile,Paid,0
BILL117660,CUST10003,332757,332757,2026-04-07 00:00:00,2026-04-12 00:00:00,Web,Paid,0
BILL376616,CUST10505,205177,205177,2026-04-16 00:00:00,2026-04-17 00:00:00,Mobile,Paid,0
BILL804422,CUST10606,115208,115208,2026-05-10 00:00:00,2026-05-14 00:00:00,API,Paid,0
BILL159274,CUST10546,165933,165933,2026-05-14 00:00:00,2026-05-17 00:00:00,Web,Paid,0
BILL322788,CUST10226,323266,323266,2026-06-09 00:05:00,2026-06-11 00:05:00,Mobile,Paid,0
BILL659964,CUST10001,349345,349345,2026-04-16 00:00:00,2026-04-16 00:00:00,Web,Paid,0
BILL733758,CUST10219,393343,393343,2026-08-20 00:03:00,2026-08-21 00:03:00,Web,Paid,0
BILL153606,CUST10299,330805,330805,2026-03-09 00:00:00,2026-03-13 00:00:00,Mobile,Paid,0
BILL780027,CUST10248,279819,279819,2026-02-05 00:00:00,2026-02-07 00:00:00,Mobile,Paid,0
BILL372603,CUST10482,327128,327128,2026-04-18 00:00:00,2026-04-20 00:00:00,Mobile,Paid,0
BILL125962,CUST10185,106845,106845,2026-02-03 00:00:00,2026-02-07 00:00:00,Mobile,Paid,0
BILL865146,CUST10011,299689,5110329,2026-03-13 00:00:00,2026-03-16 00:00:00,Web,Paid,0
BILL223517,CUST10231,111028,111028,2026-02-04 00:00:00,2026-02-08 00:00:00,Mobile,Paid,0
BILL678733,CUST10542,256381,256381,2026-05-08 00:00:00,2026-05-11 00:00:00,Mobile,Paid,0
BILL704902,CUST10274,392388,392388,2026-08-13 00:03:00,2026-08-17 00:03:00,Web,Paid,0
BILL785588,CUST10256,130374,3087683,2026-04-14 00:00:00,2026-04-19 00:00:00,Mobile,Paid,0
BILL671442,CUST10174,167908,167908,2026-03-05 00:00:00,2026-03-08 00:00:00,Web,Paid,0
BILL908442,CUST10149,189211,189211,2026-05-18 00:05:00,2026-05-23 00:05:00,Mobile,Paid,0
BILL228102,CUST10172,264351,264351,2026-06-18 00:00:00,2026-06-21 00:00:00,Mobile,Paid,0
BILL708479,CUST10003,332757,332757,2026-05-12 00:00:00,2026-05-15 00:00:00,Web,Paid,0
BILL618058,CUST10358,348682,348682,2026-03-07 00:00:00,2026-03-08 00:00:00,API,Paid,0
BILL430019,CUST10584,359104,359104,2026-06-10 00:05:00,2026-06-15 00:05:00,Mobile,Paid,0
BILL228224,CUST10142,108800,108800,2026-04-11 00:00:00,2026-04-12 00:00:00,Mobile,Paid,1
BILL448464,CUST10436,207905,207905,2026-02-07 00:00:00,2026-02-08 00:00:00,Mobile,Paid,0
BILL346030,CUST10532,306998,306998,2026-03-12 00:00:00,2026-03-14 00:00:00,Web,Paid,1
BILL759751,CUST10090,254823,254823,2026-07-16 00:00:00,2026-07-17 00:00:00,Web,Paid,0
BILL474859,CUST10052,288171,288171,2026-03-08 00:00:00,2026-03-11 00:00:00,Mobile,Paid,0
BILL382307,CUST10337,307045,307045,2026-03-06 00:00:00,2026-03-06 00:00:00,Mobile,Paid,0
BILL285754,CUST10255,258950,258950,2026-05-13 00:03:00,2026-05-15 00:03:00,Web,Paid,0
BILL600171,CUST10452,114174,114174,2026-02-04 00:00:00,2026-02-08 00:00:00,Mobile,Paid,0
BILL528476,CUST10562,312612,312612,2026-06-10 00:00:00,2026-06-11 00:00:00,Web,Paid,0
BILL989623,CUST10453,156466,156466,2026-08-14 00:00:00,2026-08-16 00:00:00,Mobile,Paid,0
BILL585582,CUST10080,208753,208753,2026-04-12 00:00:00,2026-04-16 00:00:00,Web,Paid,0
BILL495012,CUST10125,104899,104899,2026-03-07 00:00:00,2026-03-08 00:00:00,Web,Paid,0
BILL493455,CUST10220,118667,1852367,2026-02-07 00:00:00,2026-02-09 00:00:00,Web,Paid,0
BILL227998,CUST10588,174867,174867,2026-04-08 00:00:00,2026-04-08 00:00:00,API,Paid,0
BILL828354,CUST10588,174867,174867,2026-04-08 00:00:00,2026-04-08 00:01:00,API,Paid,0
BILL243276,CUST10588,174867,174867,2026-04-08 00:00:00,2026-04-08 00:02:00,API,Paid,0
BILL685595,CUST10588,174867,174867,2026-04-08 00:00:00,2026-04-08 00:03:00,API,Paid,0
BILL297621,CUST10545,213332,213332,2026-04-05 00:00:00,2026-04-07 00:00:00,Web,Paid,0
BILL545950,CUST10434,123587,123587,2026-03-07 00:00:00,2026-03-12 00:00:00,Mobile,Paid,0
BILL966243,CUST10457,153106,153106,2026-01-31 00:00:00,2026-02-02 00:00:00,Web,Paid,0
BILL884530,CUST10548,276062,276062,2026-03-16 00:00:00,2026-03-21 00:00:00,Web,Paid,1
BILL265726,CUST10223,365265,365265,2026-06-17 00:00:00,2026-06-19 00:00:00,Mobile,Paid,0
BILL512846,CUST10503,162493,162493,2026-03-09 00:00:00,2026-03-09 00:00:00,Mobile,Paid,0
BILL400895,CUST10572,328382,328382,2026-05-18 00:00:00,2026-05-21 00:00:00,Mobile,Paid,0
BILL182605,CUST10547,318664,318664,2026-02-07 00:00:00,2026-02-10 00:00:00,Web,Paid,0
BILL475134,CUST10332,388940,3128,2026-05-05 00:00:00,2026-05-05 00:00:00,Web,Paid,0
BILL385442,CUST10008,241795,241795,2026-06-09 00:00:00,2026-06-12 00:00:00,Web,Paid,0
BILL738823,CUST10198,186203,186203,2026-07-13 00:00:00,2026-07-15 00:00:00,Web,Paid,0
BILL434626,CUST10357,248320,248320,2026-06-21 00:00:00,2026-06-21 00:00:00,Mobile,Paid,0
BILL159334,CUST10384,289730,289730,2026-04-09 00:00:00,2026-04-09 00:00:00,Mobile,Paid,0
BILL395523,CUST10329,186139,186139,2026-05-16 00:00:00,2026-05-17 00:00:00,Mobile,Paid,1
BILL273742,CUST10136,266443,266443,2026-04-13 00:00:00,2026-04-18 00:00:00,Mobile,Paid,0
BILL124651,CUST10055,137750,137750,2026-03-05 00:00:00,2026-03-07 00:00:00,Web,Paid,0
BILL988779,CUST10504,278446,278446,2026-02-07 00:00:00,2026-02-09 00:00:00,Web,Paid,0
BILL517907,CUST10534,275437,275437,2026-04-14 00:00:00,2026-04-15 00:00:00,Web,Paid,0
BILL315841,CUST10174,167908,9016,2026-04-07 00:00:00,2026-04-08 00:00:00,Web,Paid,0
BILL293636,CUST10054,176593,176593,2026-07-13 00:00:00,2026-07-15 00:00:00,Web,Paid,0
BILL374673,CUST10166,334687,334687,2026-03-07 00:00:00,2026-03-09 00:00:00,Web,Paid,0
BILL189613,CUST10220,118667,5952,2026-03-11 00:00:00,2026-03-16 00:00:00,Web,Paid,0
BILL386354,CUST10230,356484,356484,2026-04-07 00:00:00,2026-04-09 00:00:00,Web,Paid,0
BILL351500,CUST10407,157295,6954,2026-03-12 00:00:00,2026-03-12 00:00:00,Web,Paid,0
BILL918913,CUST10592,138451,138451,2026-04-14 00:00:00,2026-04-17 00:00:00,Mobile,Paid,0
BILL258298,CUST10408,347868,7248,2026-10-02 00:00:00,2026-10-06 00:00:00,Mobile,Paid,0
BILL221618,CUST10034,310747,310747,2026-04-13 00:00:00,2026-04-15 00:00:00,Mobile,Paid,0
BILL529430,CUST10046,156398,156398,2026-05-20 00:00:00,2026-05-21 00:00:00,Mobile,Paid,0
BILL464036,CUST10137,117777,9878,2026-05-10 00:00:00,2026-05-15 00:00:00,Mobile,Paid,0
BILL299792,CUST10360,279054,279054,2026-07-19 00:00:00,2026-07-21 00:00:00,Web,Paid,0
BILL261574,CUST10563,343334,8973,2026-02-06 00:00:00,2026-02-09 00:00:00,Mobile,Paid,0
BILL974719,CUST10024,228784,228784,2026-02-02 00:00:00,2026-02-04 00:00:00,Mobile,Paid,0
BILL383999,CUST10210,219614,219614,2026-03-03 00:00:00,2026-03-08 00:00:00,Mobile,Paid,0
BILL585265,CUST10424,178755,178755,2026-06-20 00:00:00,2026-06-22 00:00:00,Mobile,Paid,0
BILL118708,CUST10521,311508,311508,2026-03-13 00:00:00,2026-03-13 00:00:00,Mobile,Paid,0
BILL417059,CUST10024,228784,3459259,2026-03-06 00:00:00,2026-03-07 00:00:00,Mobile,Paid,0
BILL930162,CUST10159,294457,294457,2026-05-13 00:00:00,2026-05-17 00:00:00,Mobile,Paid,0
BILL547766,CUST10417,214064,214064,2026-04-09 00:00:00,2026-04-09 00:00:00,Mobile,Paid,0
BILL367504,CUST10530,291947,291947,2026-05-15 00:00:00,2026-05-18 00:00:00,Web,Paid,0
BILL988338,CUST10569,215229,215229,2026-06-13 00:00:00,2026-06-15 00:00:00,Mobile,Paid,0
BILL207582,CUST10102,110740,5242,2026-04-13 00:00:00,2026-04-14 00:00:00,Mobile,Paid,0
BILL265242,CUST10014,228850,228850,2026-06-11 00:00:00,2026-06-16 00:00:00,Web,Paid,1
BILL336650,CUST10528,303121,303121,2026-05-12 00:00:00,2026-05-15 00:00:00,Mobile,Paid,0
BILL831364,CUST10205,325213,325213,2026-03-11 00:00:00,2026-03-14 00:00:00,Web,Paid,0
BILL805175,CUST10423,311188,311188,2026-06-18 00:00:00,2026-06-23 00:00:00,Mobile,Paid,0
BILL840409,CUST10093,109845,109845,2026-04-09 00:03:00,2026-04-11 00:03:00,Mobile,Paid,0
BILL714378,CUST10104,265643,265643,2026-04-10 00:03:00,2026-04-10 00:03:00,API,Paid,0
BILL904624,CUST10366,353826,353826,2026-05-09 00:00:00,2026-05-13 00:00:00,Mobile,Paid,0
BILL698330,CUST10391,185279,185279,2026-05-14 00:00:00,2026-05-19 00:00:00,Mobile,Paid,0
BILL405324,CUST10404,308543,308543,2026-05-09 00:00:00,2026-05-14 00:00:00,Mobile,Paid,0
BILL425191,CUST10365,152220,152220,2026-07-16 00:00:00,2026-07-20 00:00:00,Mobile,Paid,0
BILL193065,CUST10460,307788,6063,2026-05-11 00:00:00,2026-05-16 00:00:00,Mobile,Paid,0
BILL276217,CUST10434,123587,123587,2026-04-11 00:00:00,2026-04-16 00:00:00,Mobile,Paid,0
BILL677609,CUST10345,214430,214430,2026-04-07 00:00:00,2026-04-11 00:00:00,Web,Paid,0
BILL270000,CUST10181,358351,358351,2026-03-04 00:00:00,2026-03-06 00:00:00,Mobile,Paid,1
BILL616017,CUST10312,332915,332915,2026-05-12 00:00:00,2026-05-12 00:00:00,Web,Paid,0
BILL529039,CUST10104,265643,265643,2026-05-10 00:03:00,2026-05-11 00:03:00,Web,Paid,0
BILL137764,CUST10257,212734,212734,2026-03-03 00:00:00,2026-03-03 00:00:00,Web,Paid,0
BILL244917,CUST10571,182453,182453,2026-04-14 00:00:00,2026-04-14 00:00:00,Web,Paid,0
BILL786471,CUST10208,274066,7262,2026-05-07 00:00:00,2026-05-09 00:00:00,Web,Paid,0
BILL347514,CUST10319,339704,339704,2026-04-09 00:00:00,2026-04-10 00:00:00,Web,Paid,0
BILL996915,CUST10450,386457,386457,2026-04-12 00:00:00,2026-04-15 00:00:00,Web,Paid,1
BILL551108,CUST10233,310354,310354,2026-06-17 00:00:00,2026-06-22 00:00:00,Mobile,Paid,0
BILL918949,CUST10124,147590,147590,2026-04-07 00:00:00,2026-04-12 00:00:00,Web,Paid,0
BILL348973,CUST10241,399193,399193,2026-06-20 00:00:00,2026-06-25 00:00:00,Web,Paid,0
BILL233881,CUST10530,291947,291947,2026-06-17 00:00:00,2026-06-19 00:00:00,Web,Paid,0
BILL945104,CUST10380,314140,314140,2026-05-04 00:00:00,2026-05-07 00:00:00,Mobile,Paid,0
BILL776236,CUST10123,343745,343745,2026-05-12 00:00:00,2026-05-16 00:00:00,API,Paid,0
BILL157575,CUST10080,208753,208753,2026-05-16 00:00:00,2026-05-21 00:00:00,Web,Paid,0
BILL452631,CUST10389,112319,112319,2026-03-15 00:00:00,2026-03-15 00:00:00,Web,Paid,0
BILL450135,CUST10564,158695,158695,2026-03-04 00:00:00,2026-03-08 00:00:00,Mobile,Paid,0
BILL800254,CUST10193,319992,319992,2026-06-18 00:00:00,2026-06-20 00:00:00,Web,Paid,0
BILL175568,CUST10575,158907,158907,2026-04-03 00:00:00,2026-04-04 00:00:00,Web,Paid,0
BILL811376,CUST10008,241795,241795,2026-07-12 00:00:00,2026-07-16 00:00:00,Web,Paid,0
BILL697031,CUST10257,212734,212734,2026-04-02 00:00:00,2026-04-02 00:00:00,Web,Paid,0
BILL498284,CUST10405,282669,282669,2026-04-08 00:00:00,2026-04-11 00:00:00,Web,Paid,0
BILL623522,CUST10034,310747,310747,2026-05-15 00:00:00,2026-05-17 00:00:00,API,Paid,0
BILL830862,CUST10578,373338,373338,2026-02-02 00:00:00,2026-02-02 00:00:00,Web,Paid,0
BILL124562,CUST10217,345563,345563,2026-07-22 00:00:00,2026-07-24 00:00:00,Web,Paid,0
BILL715377,CUST10173,272090,4069322,2026-05-18 00:00:00,2026-05-18 00:00:00,Mobile,Paid,0
BILL312270,CUST10193,319992,319992,2026-07-20 00:00:00,2026-07-24 00:00:00,Web,Paid,1
BILL908520,CUST10091,146080,2206123,2026-04-12 00:00:00,2026-04-17 00:00:00,Web,Paid,0
BILL952757,CUST10237,398916,398916,2026-05-18 00:00:00,2026-05-21 00:00:00,Mobile,Paid,0
BILL126225,CUST10037,219888,219888,2026-01-31 00:00:00,2026-01-31 00:00:00,Mobile,Paid,0
BILL526576,CUST10081,134971,134971,2026-04-16 00:00:00,2026-04-17 00:00:00,Web,Paid,0
BILL196849,CUST10219,393343,393343,2026-09-20 00:03:00,2026-09-21 00:03:00,Web,Paid,1
BILL993794,CUST10554,178725,178725,2026-03-04 00:00:00,2026-03-07 00:00:00,Web,Paid,1
BILL603266,CUST10115,233300,233300,2026-03-10 00:00:00,2026-03-10 00:00:00,Web,Paid,0
BILL765502,CUST10098,179960,179960,2026-04-12 00:00:00,2026-04-12 00:00:00,Web,Paid,0
BILL377509,CUST10167,144117,144117,2026-04-10 00:00:00,2026-04-10 00:00:00,API,Paid,0
BILL607175,CUST10167,144117,144117,2026-04-10 00:00:00,2026-04-10 00:01:00,API,Paid,0
BILL758531,CUST10167,144117,144117,2026-04-10 00:00:00,2026-04-10 00:02:00,API,Paid,0
BILL202399,CUST10167,144117,144117,2026-04-10 00:00:00,2026-04-10 00:03:00,API,Paid,0
BILL981440,CUST10167,144117,144117,2026-04-10 00:00:00,2026-04-10 00:04:00,API,Paid,0
BILL770380,CUST10313,263561,263561,2026-04-10 00:00:00,2026-04-15 00:00:00,Mobile,Paid,0
BILL483053,CUST10036,365195,365195,2026-04-13 00:00:00,2026-04-15 00:00:00,Web,Paid,0
BILL585501,CUST10465,314765,4386585,2026-03-11 00:00:00,2026-03-15 00:00:00,Web,Paid,0
BILL433766,CUST10573,358577,358577,2026-06-11 00:05:00,2026-06-15 00:05:00,Web,Paid,0
BILL799724,CUST10271,297333,297333,2026-06-14 00:04:00,2026-06-18 00:04:00,Web,Paid,0
BILL605768,CUST10368,338233,338233,2026-06-16 00:00:00,2026-06-20 00:00:00,Mobile,Paid,0
BILL545537,CUST10442,190454,190454,2026-05-04 00:00:00,2026-05-05 00:00:00,Web,Paid,0
BILL656133,CUST10129,185393,185393,2026-09-26 00:00:00,2026-09-28 00:00:00,Web,Paid,0
BILL828976,CUST10138,119001,119001,2026-07-19 00:00:00,2026-07-24 00:00:00,Mobile,Paid,0
BILL498343,CUST10219,393343,393343,2026-10-21 00:03:00,2026-10-25 00:03:00,Web,Paid,0
BILL236906,CUST10169,248775,248775,2026-01-31 00:00:00,2026-02-01 00:00:00,Mobile,Paid,0
BILL140672,CUST10150,240703,240703,2026-04-13 00:00:00,2026-04-18 00:00:00,Mobile,Paid,0
BILL429446,CUST10332,388940,388940,2026-06-04 00:00:00,2026-06-04 00:00:00,Web,Paid,0
BILL719523,CUST10450,386457,386457,2026-05-15 00:00:00,2026-05-19 00:00:00,Web,Paid,0
BILL498026,CUST10333,343339,343339,2026-04-11 00:03:00,2026-04-13 00:03:00,Mobile,Paid,0
BILL980337,CUST10407,157295,157295,2026-04-11 00:00:00,2026-04-13 00:00:00,Web,Paid,0
BILL588958,CUST10534,275437,275437,2026-05-15 00:00:00,2026-05-18 00:00:00,Web,Paid,0
BILL269523,CUST10525,309705,309705,2026-05-12 00:00:00,2026-05-15 00:00:00,Mobile,Paid,0
BILL150733,CUST10430,292307,292307,2026-05-17 00:05:00,2026-05-22 00:05:00,Web,Paid,0
BILL111367,CUST10352,202261,202261,2026-04-10 00:04:00,2026-04-13 00:04:00,Mobile,Paid,0
BILL777854,CUST10538,233082,5750,2026-05-11 00:00:00,2026-05-12 00:00:00,Web,Paid,0
BILL863351,CUST10336,385465,385465,2026-04-14 00:00:00,2026-04-16 00:00:00,Web,Paid,0
BILL825282,CUST10503,162493,162493,2026-04-08 00:00:00,2026-04-10 00:00:00,Mobile,Paid,0
BILL786957,CUST10061,293618,293618,2026-05-16 00:00:00,2026-05-16 00:00:00,Web,Paid,0
BILL494108,CUST10228,322058,322058,2026-04-12 00:00:00,2026-04-15 00:00:00,Web,Paid,0
BILL924315,CUST10614,322605,322605,2026-05-14 00:00:00,2026-05-17 00:00:00,Mobile,Paid,0
BILL742370,CUST10240,399654,399654,2026-07-09 00:00:00,2026-07-14 00:00:00,Mobile,Paid,0
BILL234419,CUST10302,176365,3677732,2026-06-10 00:00:00,2026-06-10 00:00:00,Web,Paid,0
BILL879021,CUST10032,135160,135160,2026-05-11 00:04:00,2026-05-12 00:04:00,Mobile,Paid,0
BILL901315,CUST10498,286133,4122281,2026-07-19 00:00:00,2026-07-19 00:00:00,Web,Paid,0
BILL551211,CUST10474,287169,287169,2026-03-11 00:00:00,2026-03-15 00:00:00,Web,Paid,0
BILL686629,CUST10552,200373,200373,2026-05-20 00:00:00,2026-05-24 00:00:00,Mobile,Paid,0
BILL238819,CUST10184,396902,396902,2026-03-04 00:00:00,2026-03-07 00:00:00,Mobile,Paid,0
BILL131034,CUST10068,257954,257954,2026-04-07 00:00:00,2026-04-10 00:00:00,Web,Paid,0
BILL162276,CUST10011,299689,299689,2026-04-15 00:00:00,2026-04-18 00:00:00,Web,Paid,0
BILL539182,CUST10389,112319,112319,2026-04-14 00:00:00,2026-04-14 00:00:00,Web,Paid,0
BILL618646,CUST10275,243613,6219,2026-03-13 00:00:00,2026-03-16 00:00:00,Mobile,Paid,0
BILL174805,CUST10369,225493,225493,2026-03-04 00:00:00,2026-03-07 00:00:00,Web,Paid,0
BILL814110,CUST10580,254454,254454,2026-01-31 00:00:00,2026-02-04 00:00:00,Web,Paid,0
BILL320519,CUST10595,342484,342484,2026-06-09 00:00:00,2026-06-14 00:00:00,Web,Paid,0
BILL295388,CUST10222,245529,245529,2026-03-11 00:00:00,2026-03-16 00:00:00,Web,Paid,0
BILL717316,CUST10134,167349,167349,2026-03-08 00:03:00,2026-03-12 00:03:00,Mobile,Paid,0
BILL656789,CUST10096,178255,178255,2026-05-17 00:00:00,2026-05-17 00:00:00,Web,Paid,0
BILL196199,CUST10071,269076,269076,2026-03-09 00:00:00,2026-03-12 00:00:00,Web,Paid,0
BILL535141,CUST10466,170776,170776,2026-04-12 00:00:00,2026-04-12 00:00:00,Mobile,Paid,0
BILL243190,CUST10502,259966,259966,2026-05-13 00:00:00,2026-05-14 00:00:00,Mobile,Paid,1
BILL134564,CUST10219,393343,393343,2026-11-24 00:03:00,2026-11-26 00:03:00,Web,Paid,0
BILL392258,CUST10130,146870,146870,2026-05-09 00:00:00,2026-05-10 00:00:00,Mobile,Paid,0
BILL808780,CUST10568,187687,187687,2026-04-18 00:00:00,2026-04-23 00:00:00,Web,Paid,1
BILL523400,CUST10358,348682,348682,2026-04-07 00:00:00,2026-04-10 00:00:00,Mobile,Paid,0
BILL248921,CUST10511,190133,190133,2026-07-23 00:00:00,2026-07-27 00:00:00,Mobile,Paid,0
BILL846088,CUST10379,202846,202846,2026-06-08 00:00:00,2026-06-09 00:00:00,Web,Paid,0
BILL593954,CUST10054,176593,176593,2026-08-14 00:00:00,2026-08-16 00:00:00,Web,Paid,0
BILL679625,CUST10278,172976,172976,2026-05-06 00:00:00,2026-05-06 00:00:00,Mobile,Paid,0
BILL896875,CUST10009,100858,100858,2026-05-16 00:00:00,2026-05-20 00:00:00,Web,Paid,0
BILL176304,CUST10130,146870,146870,2026-06-09 00:00:00,2026-06-13 00:00:00,Mobile,Paid,0
BILL766239,CUST10065,379641,379641,2026-04-12 00:00:00,2026-04-13 00:00:00,Mobile,Paid,0
BILL519682,CUST10340,279388,279388,2026-02-03 00:00:00,2026-02-07 00:00:00,Mobile,Paid,0
BILL337583,CUST10090,254823,254823,2026-08-16 00:00:00,2026-08-21 00:00:00,Web,Paid,0
BILL928112,CUST10602,272602,272602,2026-04-14 00:00:00,2026-04-16 00:00:00,API,Paid,0
BILL530970,CUST10423,311188,311188,2026-07-23 00:00:00,2026-07-26 00:00:00,Mobile,Paid,0
BILL927721,CUST10300,333301,333301,2026-04-11 00:00:00,2026-04-13 00:00:00,Web,Paid,0
BILL152116,CUST10320,162201,162201,2026-06-09 00:00:00,2026-06-09 00:00:00,Web,Paid,0
BILL245940,CUST10034,310747,310747,2026-06-16 00:00:00,2026-06-21 00:00:00,Mobile,Paid,0
BILL114286,CUST10030,120032,120032,2026-05-15 00:00:00,2026-05-15 00:00:00,Web,Paid,0
BILL882757,CUST10321,146266,146266,2026-05-18 00:00:00,2026-05-23 00:00:00,Mobile,Paid,0
BILL189845,CUST10363,382129,382129,2026-02-04 00:00:00,2026-02-04 00:00:00,Web,Paid,0
BILL529416,CUST10294,299488,299488,2026-08-23 00:00:00,2026-08-23 00:00:00,Mobile,Paid,0
BILL535468,CUST10204,189116,189116,2026-03-10 00:00:00,2026-03-11 00:00:00,Web,Paid,0
BILL872050,CUST10229,340710,340710,2026-06-22 00:04:00,2026-06-24 00:04:00,Mobile,Paid,0
BILL754765,CUST10615,198384,198384,2026-06-16 00:00:00,2026-06-17 00:00:00,Mobile,Paid,0
BILL618572,CUST10458,297776,297776,2026-06-06 00:00:00,2026-06-06 00:00:00,Mobile,Paid,0
BILL935944,CUST10026,212036,212036,2026-04-12 00:00:00,2026-04-14 00:00:00,Mobile,Paid,0
BILL593531,CUST10402,372130,372130,2026-02-05 00:00:00,2026-02-05 00:00:00,Mobile,Paid,0
BILL574944,CUST10091,146080,146080,2026-05-17 00:00:00,2026-05-17 00:00:00,Web,Paid,0
BILL101502,CUST10428,218349,218349,2026-06-07 00:04:00,2026-06-10 00:04:00,Web,Paid,0
BILL476290,CUST10355,349261,349261,2026-03-13 00:00:00,2026-03-15 00:00:00,Mobile,Paid,0
BILL687513,CUST10096,178255,178255,2026-06-16 00:00:00,2026-06-21 00:00:00,Web,Paid,0
BILL824608,CUST10090,254823,254823,2026-09-20 00:00:00,2026-09-21 00:00:00,Web,Paid,0
BILL305934,CUST10599,103052,103052,2026-02-09 00:00:00,2026-02-09 00:00:00,Mobile,Paid,0
BILL195308,CUST10554,178725,178725,2026-04-06 00:00:00,2026-04-07 00:00:00,Web,Paid,0
BILL523717,CUST10516,143930,143930,2026-04-14 00:00:00,2026-04-19 00:00:00,Mobile,Paid,0
BILL342273,CUST10284,398508,398508,2026-03-15 00:00:00,2026-03-19 00:00:00,Mobile,Paid,0
BILL490909,CUST10213,322614,322614,2026-04-06 00:00:00,2026-04-07 00:00:00,Mobile,Paid,0
BILL615872,CUST10438,179102,179102,2026-04-06 00:00:00,2026-04-08 00:00:00,Mobile,Paid,0
BILL483438,CUST10530,291947,291947,2026-07-19 00:00:00,2026-07-21 00:00:00,Web,Paid,0
BILL289755,CUST10499,397498,397498,2026-06-13 00:00:00,2026-06-17 00:00:00,Mobile,Paid,0
BILL754301,CUST10500,311731,311731,2026-03-11 00:00:00,2026-03-16 00:00:00,Mobile,Paid,0
BILL716838,CUST10098,179960,179960,2026-05-12 00:00:00,2026-05-17 00:00:00,Web,Paid,0
BILL321593,CUST10322,138465,138465,2026-07-19 00:00:00,2026-07-19 00:00:00,Web,Paid,0
BILL694168,CUST10220,118667,118667,2026-04-15 00:00:00,2026-04-15 00:00:00,Web,Paid,0
BILL368522,CUST10070,359330,359330,2026-05-16 00:00:00,2026-05-20 00:00:00,Web,Paid,0
BILL371923,CUST10549,273984,6437,2026-06-16 00:00:00,2026-06-16 00:00:00,Web,Paid,0
BILL566498,CUST10185,106845,106845,2026-03-09 00:00:00,2026-03-13 00:00:00,Mobile,Paid,0
BILL615183,CUST10315,225792,225792,2026-07-07 00:03:00,2026-07-12 00:03:00,Web,Paid,0
BILL591079,CUST10556,276618,276618,2026-02-01 00:00:00,2026-02-02 00:00:00,Mobile,Paid,0
BILL909508,CUST10286,286179,286179,2026-05-08 00:00:00,2026-05-12 00:00:00,Mobile,Paid,0
BILL909533,CUST10394,219001,219001,2026-05-08 00:03:00,2026-05-11 00:03:00,Web,Paid,0
BILL886802,CUST10088,349015,349015,2026-03-07 00:00:00,2026-03-07 00:00:00,Mobile,Paid,0
BILL768497,CUST10151,234106,234106,2026-04-16 00:00:00,2026-04-19 00:00:00,Mobile,Paid,0
BILL620866,CUST10484,198374,198374,2026-07-13 00:00:00,2026-07-16 00:00:00,Mobile,Paid,0
BILL235609,CUST10209,180576,3548207,2026-04-13 00:00:00,2026-04-16 00:00:00,Web,Paid,0
BILL152948,CUST10269,364634,364634,2026-03-03 00:00:00,2026-03-08 00:00:00,Web,Paid,0
BILL826506,CUST10271,297333,297333,2026-07-18 00:04:00,2026-07-18 00:04:00,Web,Paid,0
BILL925836,CUST10062,360981,360981,2026-04-12 00:00:00,2026-04-17 00:00:00,API,Paid,0
BILL968374,CUST10407,157295,157295,2026-05-13 00:00:00,2026-05-15 00:00:00,Web,Paid,0
BILL651711,CUST10411,173679,173679,2026-02-02 00:00:00,2026-02-04 00:00:00,Web,Paid,0
BILL807168,CUST10193,319992,319992,2026-08-23 00:00:00,2026-08-24 00:00:00,Web,Paid,0
BILL423902,CUST10369,225493,2856,2026-04-06 00:00:00,2026-04-11 00:00:00,Web,Paid,0
BILL432468,CUST10612,324597,324597,2026-05-15 00:05:00,2026-05-16 00:05:00,Web,Paid,0
BILL620471,CUST10383,128578,128578,2026-08-19 00:00:00,2026-08-20 00:00:00,Mobile,Paid,0
BILL384417,CUST10294,299488,299488,2026-09-22 00:00:00,2026-09-25 00:00:00,Mobile,Paid,0
BILL361479,CUST10348,137719,137719,2026-04-07 00:00:00,2026-04-07 00:00:00,API,Paid,0
BILL789950,CUST10015,326173,326173,2026-05-14 00:00:00,2026-05-14 00:00:00,Mobile,Paid,0
BILL389417,CUST10269,364634,364634,2026-04-07 00:00:00,2026-04-10 00:00:00,Web,Paid,0
BILL637345,CUST10058,272649,272649,2026-07-18 00:00:00,2026-07-21 00:00:00,API,Paid,0
BILL562811,CUST10397,259316,259316,2026-04-03 00:00:00,2026-04-05 00:00:00,Web,Paid,0
BILL165126,CUST10489,380999,380999,2026-05-16 00:00:00,2026-05-16 00:00:00,API,Paid,0
BILL550418,CUST10489,380999,380999,2026-05-16 00:00:00,2026-05-16 00:01:00,API,Paid,0
BILL919145,CUST10489,380999,380999,2026-05-16 00:00:00,2026-05-16 00:02:00,API,Paid,0
BILL795469,CUST10427,150216,150216,2026-05-09 00:00:00,2026-05-14 00:00:00,Mobile,Paid,0
BILL835377,CUST10545,213332,213332,2026-05-07 00:00:00,2026-05-07 00:00:00,Web,Paid,1
BILL372172,CUST10184,396902,396902,2026-04-06 00:00:00,2026-04-06 00:00:00,Mobile,Paid,0
BILL595215,CUST10334,153060,153060,2026-04-15 00:00:00,2026-04-19 00:00:00,Web,Paid,0
BILL783493,CUST10189,366772,366772,2026-04-04 00:00:00,2026-04-05 00:00:00,Web,Paid,0
BILL383704,CUST10423,311188,311188,2026-08-25 00:00:00,2026-08-28 00:00:00,Mobile,Paid,1
BILL371747,CUST10401,120647,120647,2026-03-15 00:00:00,2026-03-18 00:00:00,Web,Paid,0
BILL896586,CUST10523,228291,228291,2026-04-16 00:00:00,2026-04-20 00:00:00,Mobile,Paid,0
BILL348486,CUST10545,213332,213332,2026-06-06 00:00:00,2026-06-10 00:00:00,Web,Paid,0
BILL579367,CUST10024,228784,228784,2026-04-06 00:00:00,2026-04-09 00:00:00,Mobile,Paid,0
BILL435438,CUST10233,310354,310354,2026-07-22 00:00:00,2026-07-24 00:00:00,Mobile,Paid,0
BILL410572,CUST10307,115337,115337,2026-05-12 00:00:00,2026-05-17 00:00:00,Mobile,Paid,0
BILL356100,CUST10610,316839,2835,2026-04-09 00:00:00,2026-04-14 00:00:00,Web,Paid,0
BILL795100,CUST10498,286133,286133,2026-08-18 00:00:00,2026-08-18 00:00:00,Web,Paid,0
BILL825993,CUST10064,279670,279670,2026-05-13 00:00:00,2026-05-17 00:00:00,Mobile,Paid,0
BILL195448,CUST10356,366114,366114,2026-04-17 00:00:00,2026-04-17 00:00:00,Web,Paid,0
BILL919494,CUST10403,334181,334181,2026-02-08 00:00:00,2026-02-08 00:00:00,Mobile,Paid,0
BILL383611,CUST10460,307788,307788,2026-06-15 00:00:00,2026-06-17 00:00:00,Mobile,Paid,0
BILL824060,CUST10506,277420,277420,2026-03-07 00:00:00,2026-03-12 00:00:00,API,Paid,0
BILL172352,CUST10369,225493,225493,2026-05-11 00:00:00,2026-05-13 00:00:00,Web,Paid,0
BILL747506,CUST10321,146266,146266,2026-06-22 00:00:00,2026-06-25 00:00:00,Mobile,Paid,0
BILL897252,CUST10404,308543,308543,2026-06-13 00:00:00,2026-06-18 00:00:00,Mobile,Paid,0
BILL560310,CUST10186,125905,125905,2026-03-07 00:00:00,2026-03-10 00:00:00,Web,Paid,0
BILL560295,CUST10321,146266,146266,2026-07-25 00:00:00,2026-07-27 00:00:00,API,Paid,0
BILL316571,CUST10439,221273,221273,2026-04-09 00:00:00,2026-04-09 00:00:00,Web,Paid,0
BILL853045,CUST10185,106845,106845,2026-04-12 00:00:00,2026-04-12 00:00:00,Mobile,Paid,0
BILL983676,CUST10519,273139,273139,2026-05-13 00:00:00,2026-05-14 00:00:00,Mobile,Paid,0
BILL296606,CUST10172,264351,264351,2026-07-21 00:00:00,2026-07-24 00:00:00,Mobile,Paid,0
BILL796654,CUST10503,162493,1381,2026-05-10 00:00:00,2026-05-13 00:00:00,Mobile,Paid,0
BILL102352,CUST10387,199554,199554,2026-04-15 00:03:00,2026-04-16 00:03:00,Mobile,Paid,0
BILL611982,CUST10431,155744,155744,2026-05-07 00:00:00,2026-05-12 00:00:00,Mobile,Paid,0
BILL404393,CUST10282,264469,264469,2026-08-14 00:04:00,2026-08-19 00:04:00,Mobile,Paid,0
BILL320961,CUST10083,266463,266463,2026-03-13 00:00:00,2026-03-14 00:00:00,Mobile,Paid,0
BILL299607,CUST10215,337929,337929,2026-03-15 00:00:00,2026-03-20 00:00:00,Web,Paid,0
BILL266876,CUST10292,114116,114116,2026-02-01 00:00:00,2026-02-05 00:00:00,Web,Paid,0
BILL832004,CUST10428,218349,218349,2026-07-10 00:04:00,2026-07-15 00:04:00,API,Paid,0
BILL990529,CUST10573,358577,358577,2026-07-15 00:05:00,2026-07-15 00:05:00,API,Paid,0
BILL451960,CUST10294,299488,299488,2026-10-25 00:00:00,2026-10-26 00:00:00,Mobile,Paid,0
BILL713422,CUST10224,163385,163385,2026-02-09 00:00:00,2026-02-09 00:00:00,Web,Paid,0
BILL454991,CUST10233,310354,310354,2026-08-23 00:00:00,2026-08-24 00:00:00,Mobile,Paid,0
BILL274764,CUST10213,322614,322614,2026-05-07 00:00:00,2026-05-10 00:00:00,Mobile,Paid,0
BILL142770,CUST10214,325175,325175,2026-03-12 00:00:00,2026-03-13 00:00:00,Web,Paid,0
BILL326636,CUST10349,261596,261596,2026-04-11 00:00:00,2026-04-16 00:00:00,Mobile,Paid,0
BILL431092,CUST10317,221198,3893,2026-04-13 00:00:00,2026-04-14 00:00:00,Mobile,Paid,0
BILL282712,CUST10603,234477,234477,2026-03-08 00:00:00,2026-03-12 00:00:00,Web,Paid,0
BILL692460,CUST10518,219705,219705,2026-03-12 00:00:00,2026-03-13 00:00:00,Web,Paid,0
BILL791704,CUST10522,265752,265752,2026-07-21 00:00:00,2026-07-21 00:00:00,Mobile,Paid,0
BILL362930,CUST10534,275437,275437,2026-06-17 00:00:00,2026-06-17 00:00:00,Web,Paid,0
BILL595653,CUST10604,241605,6276,2026-04-10 00:00:00,2026-04-11 00:00:00,Mobile,Paid,0
BILL132009,CUST10587,189191,2528071,2026-05-11 00:00:00,2026-05-12 00:00:00,Web,Paid,0
BILL912504,CUST10293,367785,367785,2026-04-19 00:00:00,2026-04-24 00:00:00,Web,Paid,0
BILL623860,CUST10442,190454,190454,2026-06-04 00:00:00,2026-06-04 00:00:00,Web,Paid,0
BILL180070,CUST10588,174867,174867,2026-05-08 00:04:00,2026-05-12 00:04:00,Web,Paid,0
BILL731311,CUST10078,168945,168945,2026-05-19 00:00:00,2026-05-20 00:00:00,Mobile,Paid,0
BILL932170,CUST10151,234106,234106,2026-05-19 00:00:00,2026-05-23 00:00:00,Mobile,Paid,0
BILL554061,CUST10500,311731,311731,2026-04-15 00:00:00,2026-04-19 00:00:00,API,Paid,0
BILL896892,CUST10253,174527,174527,2026-04-13 00:00:00,2026-04-16 00:00:00,Mobile,Paid,0
BILL851706,CUST10589,239931,239931,2026-03-11 00:00:00,2026-03-14 00:00:00,API,Paid,0
BILL488029,CUST10409,174415,174415,2026-03-11 00:00:00,2026-03-16 00:00:00,Mobile,Paid,0
BILL323891,CUST10079,100279,8831,2026-03-08 00:00:00,2026-03-08 00:00:00,Mobile,Paid,0
BILL450888,CUST10144,221904,221904,2026-04-06 00:00:00,2026-04-06 00:00:00,Mobile,Paid,0
BILL586013,CUST10333,343339,343339,2026-05-13 00:03:00,2026-05-15 00:03:00,Mobile,Paid,0
BILL885051,CUST10258,375829,375829,2026-02-03 00:00:00,2026-02-06 00:00:00,Mobile,Paid,0
BILL185778,CUST10524,221957,221957,2026-05-20 00:00:00,2026-05-25 00:00:00,Web,Paid,0
BILL445788,CUST10429,132962,3145977,2026-06-17 00:00:00,2026-06-18 00:00:00,Web,Paid,0
BILL173276,CUST10530,291947,291947,2026-08-20 00:00:00,2026-08-22 00:00:00,Web,Paid,1
BILL937539,CUST10186,125905,125905,2026-04-09 00:00:00,2026-04-10 00:00:00,Web,Paid,0
BILL854293,CUST10116,381875,381875,2026-04-14 00:00:00,2026-04-19 00:00:00,Mobile,Paid,0
BILL809045,CUST10404,308543,308543,2026-07-18 00:00:00,2026-07-20 00:00:00,Mobile,Paid,0
BILL414352,CUST10315,225792,225792,2026-08-11 00:03:00,2026-08-15 00:03:00,Web,Paid,0
BILL355980,CUST10396,133377,133377,2026-02-09 00:00:00,2026-02-09 00:00:00,Mobile,Paid,0
BILL269343,CUST10382,102370,102370,2026-03-08 00:00:00,2026-03-13 00:00:00,Web,Paid,0
BILL863472,CUST10353,244854,244854,2026-08-16 00:00:00,2026-08-19 00:00:00,Web,Paid,0
BILL954844,CUST10453,156466,156466,2026-09-15 00:00:00,2026-09-15 00:00:00,Mobile,Paid,0
BILL619155,CUST10093,109845,109845,2026-05-11 00:03:00,2026-05-13 00:03:00,API,Paid,0
BILL664319,CUST10109,112974,112974,2026-04-10 00:00:00,2026-04-15 00:00:00,API,Paid,0
BILL740912,CUST10550,378589,378589,2026-06-15 00:00:00,2026-06-20 00:00:00,Mobile,Paid,0
BILL957317,CUST10268,217442,217442,2026-03-10 00:00:00,2026-03-14 00:00:00,Web,Paid,0
BILL716914,CUST10085,364972,1179,2026-08-16 00:00:00,2026-08-20 00:00:00,Mobile,Paid,0
BILL564215,CUST10241,399193,399193,2026-07-25 00:00:00,2026-07-25 00:00:00,API,Paid,0
BILL825951,CUST10241,399193,399193,2026-07-25 00:00:00,2026-07-25 00:01:00,API,Paid,0
BILL164405,CUST10241,399193,399193,2026-07-25 00:00:00,2026-07-25 00:02:00,API,Paid,0
BILL531830,CUST10349,261596,261596,2026-05-16 00:00:00,2026-05-20 00:00:00,Mobile,Paid,0
BILL101480,CUST10497,131284,131284,2026-06-21 00:00:00,2026-06-23 00:00:00,Web,Paid,0
BILL811479,CUST10028,371934,371934,2026-05-10 00:00:00,2026-05-14 00:00:00,Mobile,Paid,0
BILL400379,CUST10301,210731,210731,2026-04-10 00:00:00,2026-04-10 00:00:00,API,Paid,0
BILL547972,CUST10301,210731,210731,2026-04-10 00:00:00,2026-04-10 00:01:00,API,Paid,0
BILL115945,CUST10301,210731,210731,2026-04-10 00:00:00,2026-04-10 00:02:00,API,Paid,0
BILL656203,CUST10301,210731,210731,2026-04-10 00:00:00,2026-04-10 00:03:00,API,Paid,0
BILL117217,CUST10586,360128,360128,2026-05-14 00:00:00,2026-05-17 00:00:00,Mobile,Paid,0
BILL773768,CUST10561,128775,128775,2026-03-10 00:00:00,2026-03-10 00:00:00,API,Paid,0
BILL851817,CUST10561,128775,128775,2026-03-10 00:00:00,2026-03-10 00:01:00,API,Paid,0
BILL377442,CUST10561,128775,128775,2026-03-10 00:00:00,2026-03-10 00:02:00,API,Paid,0
BILL612784,CUST10561,128775,128775,2026-03-10 00:00:00,2026-03-10 00:03:00,API,Paid,0
BILL217645,CUST10077,273915,273915,2026-03-08 00:00:00,2026-03-12 00:00:00,Mobile,Paid,0
BILL867075,CUST10521,311508,311508,2026-04-12 00:00:00,2026-04-16 00:00:00,Mobile,Paid,0
BILL725019,CUST10526,104664,104664,2026-05-11 00:00:00,2026-05-11 00:00:00,Mobile,Paid,0
BILL406123,CUST10230,356484,356484,2026-05-09 00:00:00,2026-05-13 00:00:00,Web,Paid,0
BILL231584,CUST10161,227877,227877,2026-04-10 00:00:00,2026-04-11 00:00:00,Mobile,Paid,0
BILL636359,CUST10426,159926,159926,2026-04-09 00:00:00,2026-04-13 00:00:00,Web,Paid,0
BILL115104,CUST10136,266443,266443,2026-05-18 00:00:00,2026-05-23 00:00:00,Mobile,Paid,0
BILL398563,CUST10550,378589,378589,2026-07-20 00:00:00,2026-07-24 00:00:00,Mobile,Paid,0
BILL905186,CUST10569,215229,215229,2026-07-15 00:00:00,2026-07-16 00:00:00,Mobile,Paid,0
BILL895845,CUST10305,108188,108188,2026-06-16 00:00:00,2026-06-16 00:00:00,API,Paid,0
BILL567483,CUST10305,108188,108188,2026-06-16 00:00:00,2026-06-16 00:01:00,API,Paid,0
BILL778398,CUST10305,108188,108188,2026-06-16 00:00:00,2026-06-16 00:02:00,API,Paid,0
BILL516691,CUST10228,322058,322058,2026-05-15 00:00:00,2026-05-19 00:00:00,Web,Paid,0
BILL517405,CUST10403,334181,334181,2026-03-10 00:00:00,2026-03-14 00:00:00,Mobile,Paid,1
BILL405363,CUST10199,101201,101201,2026-03-06 00:00:00,2026-03-09 00:00:00,Mobile,Paid,0
BILL167135,CUST10496,389894,389894,2026-05-12 00:00:00,2026-05-17 00:00:00,Web,Paid,0
BILL476575,CUST10532,306998,306998,2026-04-13 00:00:00,2026-04-15 00:00:00,Web,Paid,0
BILL127936,CUST10444,372894,372894,2026-03-10 00:00:00,2026-03-13 00:00:00,Mobile,Paid,0
BILL771087,CUST10602,272602,272602,2026-05-16 00:00:00,2026-05-17 00:00:00,Web,Paid,0
BILL977152,CUST10242,218492,2350394,2026-05-10 00:00:00,2026-05-13 00:00:00,Mobile,Paid,0
BILL589607,CUST10359,323180,323180,2026-03-11 00:00:00,2026-03-12 00:00:00,Mobile,Paid,1
BILL481677,CUST10125,104899,104899,2026-04-07 00:00:00,2026-04-07 00:00:00,Web,Paid,0
BILL978495,CUST10030,120032,120032,2026-06-14 00:00:00,2026-06-19 00:00:00,Web,Paid,1
BILL205086,CUST10247,237979,237979,2026-06-16 00:00:00,2026-06-16 00:00:00,API,Paid,0
BILL702320,CUST10156,366745,366745,2026-04-10 00:00:00,2026-04-15 00:00:00,Web,Paid,0
BILL865973,CUST10220,118667,2349200,2026-05-15 00:00:00,2026-05-17 00:00:00,Web,Paid,0
BILL493002,CUST10409,174415,174415,2026-04-15 00:00:00,2026-04-20 00:00:00,Mobile,Paid,1
BILL397470,CUST10262,132602,2222044,2026-03-12 00:00:00,2026-03-15 00:00:00,Web,Paid,0
BILL400968,CUST10088,349015,9275,2026-04-06 00:00:00,2026-04-07 00:00:00,Mobile,Paid,0
BILL762586,CUST10544,303681,5225031,2026-05-13 00:00:00,2026-05-15 00:00:00,Web,Paid,0
BILL514915,CUST10488,128957,128957,2026-06-11 00:04:00,2026-06-13 00:04:00,Web,Paid,0
BILL672628,CUST10329,186139,2313617,2026-06-16 00:00:00,2026-06-16 00:00:00,Mobile,Paid,0
BILL743935,CUST10025,336983,336983,2026-03-13 00:00:00,2026-03-17 00:00:00,Mobile,Paid,0
BILL998588,CUST10004,125948,125948,2026-05-08 00:05:00,2026-05-09 00:05:00,API,Paid,0
BILL537157,CUST10184,396902,396902,2026-05-06 00:00:00,2026-05-08 00:00:00,Mobile,Paid,0
BILL772503,CUST10274,392388,392388,2026-09-16 00:03:00,2026-09-17 00:03:00,Web,Paid,0
BILL815599,CUST10328,260545,4214759,2026-04-15 00:00:00,2026-04-17 00:00:00,Mobile,Paid,0
BILL139159,CUST10422,298569,298569,2026-03-14 00:00:00,2026-03-19 00:00:00,Mobile,Paid,1
BILL276949,CUST10506,277420,277420,2026-04-11 00:00:00,2026-04-15 00:00:00,Mobile,Paid,0
BILL522622,CUST10418,362045,5019267,2026-02-07 00:00:00,2026-02-08 00:00:00,Mobile,Paid,0
BILL564224,CUST10221,392103,392103,2026-04-09 00:00:00,2026-04-11 00:00:00,Web,Paid,0
BILL118502,CUST10564,158695,158695,2026-04-07 00:00:00,2026-04-09 00:00:00,Mobile,Paid,0
BILL104508,CUST10101,231609,231609,2026-04-16 00:00:00,2026-04-19 00:00:00,Web,Paid,0
BILL146569,CUST10415,187299,187299,2026-02-06 00:00:00,2026-02-08 00:00:00,Mobile,Paid,0
BILL818881,CUST10011,299689,299689,2026-05-18 00:00:00,2026-05-21 00:00:00,Web,Paid,0
BILL902843,CUST10472,198317,198317,2026-04-15 00:00:00,2026-04-15 00:00:00,Web,Paid,0
BILL826226,CUST10362,347184,347184,2026-05-09 00:04:00,2026-05-13 00:04:00,Web,Paid,0
BILL402083,CUST10110,350073,350073,2026-05-16 00:04:00,2026-05-19 00:04:00,Web,Paid,1
BILL235496,CUST10006,320580,320580,2026-03-10 00:00:00,2026-03-11 00:00:00,Web,Paid,0
BILL462989,CUST10244,357946,357946,2026-06-09 00:03:00,2026-06-12 00:03:00,Web,Paid,0
BILL349692,CUST10241,399193,399193,2026-08-24 00:03:00,2026-08-29 00:03:00,Web,Paid,0
BILL875958,CUST10085,364972,364972,2026-09-19 00:00:00,2026-09-21 00:00:00,Mobile,Paid,0
BILL878693,CUST10193,319992,319992,2026-09-23 00:00:00,2026-09-27 00:00:00,Web,Paid,0
BILL347859,CUST10446,388986,388986,2026-03-13 00:00:00,2026-03-17 00:00:00,Mobile,Paid,1
BILL430995,CUST10564,158695,158695,2026-05-09 00:00:00,2026-05-11 00:00:00,Mobile,Paid,0
BILL186156,CUST10307,115337,115337,2026-06-16 00:00:00,2026-06-18 00:00:00,Mobile,Paid,0
BILL204007,CUST10274,392388,392388,2026-10-17 00:03:00,2026-10-21 00:03:00,Web,Paid,0
BILL529423,CUST10436,207905,207905,2026-03-10 00:00:00,2026-03-10 00:00:00,Mobile,Paid,0
BILL116826,CUST10400,379084,379084,2026-04-13 00:00:00,2026-04-18 00:00:00,Mobile,Paid,0
BILL847426,CUST10228,322058,322058,2026-06-18 00:00:00,2026-06-20 00:00:00,Web,Paid,0
BILL726265,CUST10011,299689,299689,2026-06-20 00:00:00,2026-06-23 00:00:00,API,Paid,0
BILL101656,CUST10311,288022,288022,2026-03-17 00:00:00,2026-03-22 00:00:00,Mobile,Paid,0
BILL569917,CUST10412,307721,9070,2026-05-14 00:00:00,2026-05-18 00:00:00,Web,Paid,0
BILL616129,CUST10283,175295,175295,2026-02-10 00:00:00,2026-02-13 00:00:00,Mobile,Paid,0
BILL754810,CUST10568,187687,187687,2026-05-23 00:00:00,2026-05-26 00:00:00,Web,Paid,0
BILL885176,CUST10119,151100,151100,2026-06-15 00:00:00,2026-06-15 00:00:00,API,Paid,0
BILL958890,CUST10261,300918,5811728,2026-04-05 00:00:00,2026-04-08 00:00:00,Web,Paid,0
BILL357921,CUST10015,326173,326173,2026-06-13 00:00:00,2026-06-13 00:00:00,Mobile,Paid,0
BILL737845,CUST10374,342743,4244186,2026-02-06 00:00:00,2026-02-09 00:00:00,Web,Paid,0
BILL611486,CUST10177,219181,219181,2026-08-09 00:00:00,2026-08-12 00:00:00,Web,Paid,0
BILL221304,CUST10012,336936,5315,2026-04-16 00:00:00,2026-04-18 00:00:00,Mobile,Paid,0
BILL977611,CUST10445,207054,207054,2026-03-12 00:00:00,2026-03-16 00:00:00,Web,Paid,0
BILL625240,CUST10125,104899,104899,2026-05-07 00:00:00,2026-05-12 00:00:00,Web,Paid,1
BILL519042,CUST10165,352542,352542,2026-05-11 00:05:00,2026-05-12 00:05:00,Web,Paid,0
BILL819377,CUST10460,307788,307788,2026-07-17 00:00:00,2026-07-19 00:00:00,Mobile,Paid,0
BILL205969,CUST10276,382395,382395,2026-03-13 00:00:00,2026-03-13 00:00:00,Mobile,Paid,0
BILL335845,CUST10317,221198,221198,2026-05-14 00:00:00,2026-05-19 00:00:00,Mobile,Paid,0
BILL489069,CUST10415,187299,187299,2026-03-10 00:00:00,2026-03-10 00:00:00,Mobile,Paid,0
BILL944210,CUST10056,161024,161024,2026-04-17 00:00:00,2026-04-17 00:00:00,Mobile,Paid,0
BILL462236,CUST10202,309622,309622,2026-05-03 00:00:00,2026-05-03 00:00:00,Mobile,Paid,0
BILL299887,CUST10555,214312,214312,2026-02-08 00:00:00,2026-02-08 00:00:00,Mobile,Paid,0
BILL440211,CUST10388,278289,6635737,2026-03-12 00:00:00,2026-03-16 00:00:00,Mobile,Paid,0
BILL555509,CUST10169,248775,248775,2026-03-03 00:00:00,2026-03-05 00:00:00,Mobile,Paid,0
BILL544898,CUST10059,185962,185962,2026-05-12 00:00:00,2026-05-16 00:00:00,Web,Paid,0
BILL273046,CUST10243,399795,399795,2026-04-08 00:00:00,2026-04-08 00:00:00,Web,Paid,0
BILL439230,CUST10078,168945,168945,2026-06-19 00:00:00,2026-06-23 00:00:00,Mobile,Paid,0
BILL393677,CUST10141,136058,136058,2026-06-13 00:00:00,2026-06-15 00:00:00,Mobile,Paid,0
BILL417643,CUST10205,325213,325213,2026-04-13 00:00:00,2026-04-15 00:00:00,Web,Paid,0
BILL701326,CUST10123,343745,343745,2026-06-15 00:00:00,2026-06-15 00:00:00,Mobile,Paid,0
BILL175591,CUST10187,253468,253468,2026-05-16 00:00:00,2026-05-20 00:00:00,Mobile,Paid,0
BILL882390,CUST10186,125905,125905,2026-05-10 00:00:00,2026-05-10 00:00:00,Web,Paid,0
BILL475011,CUST10098,179960,3555208,2026-06-16 00:00:00,2026-06-21 00:00:00,Web,Paid,0
BILL738888,CUST10230,356484,356484,2026-06-12 00:00:00,2026-06-16 00:00:00,Web,Paid,0
BILL241876,CUST10062,360981,360981,2026-05-17 00:00:00,2026-05-17 00:00:00,Mobile,Paid,1
BILL100656,CUST10521,311508,311508,2026-05-16 00:00:00,2026-05-21 00:00:00,Mobile,Paid,0
BILL521871,CUST10194,202832,202832,2026-06-06 00:00:00,2026-06-11 00:00:00,Web,Paid,0
BILL393318,CUST10567,257276,257276,2026-03-04 00:00:00,2026-03-06 00:00:00,Web,Paid,0
BILL848601,CUST10168,255470,255470,2026-05-25 00:00:00,2026-05-25 00:00:00,Web,Paid,0
BILL392004,CUST10291,363852,363852,2026-02-05 00:00:00,2026-02-09 00:00:00,Web,Paid,0
BILL965482,CUST10339,349645,349645,2026-02-01 00:00:00,2026-02-05 00:00:00,Mobile,Paid,0
BILL252737,CUST10417,214064,214064,2026-05-09 00:00:00,2026-05-14 00:00:00,Mobile,Paid,0
BILL510489,CUST10570,322635,322635,2026-05-24 00:00:00,2026-05-28 00:00:00,Mobile,Paid,0
BILL617223,CUST10304,191508,191508,2026-09-24 00:00:00,2026-09-28 00:00:00,API,Paid,0
BILL645108,CUST10460,307788,307788,2026-08-18 00:00:00,2026-08-18 00:00:00,Mobile,Paid,0
BILL477470,CUST10357,248320,248320,2026-07-21 00:00:00,2026-07-23 00:00:00,Mobile,Paid,0
BILL241184,CUST10491,119240,119240,2026-05-07 00:00:00,2026-05-09 00:00:00,Web,Paid,0
BILL265064,CUST10593,360948,360948,2026-03-12 00:00:00,2026-03-16 00:00:00,Web,Paid,1
BILL415883,CUST10348,137719,137719,2026-05-07 00:00:00,2026-05-11 00:00:00,Mobile,Paid,0
BILL644988,CUST10009,100858,2718,2026-06-19 00:00:00,2026-06-23 00:00:00,Web,Paid,0
BILL925408,CUST10605,312652,312652,2026-05-08 00:00:00,2026-05-13 00:00:00,Web,Paid,0
BILL369505,CUST10387,199554,199554,2026-05-16 00:03:00,2026-05-17 00:03:00,Mobile,Paid,1
BILL409332,CUST10042,298563,298563,2026-06-21 00:00:00,2026-06-25 00:00:00,Mobile,Paid,0
BILL170476,CUST10075,121846,121846,2026-02-10 00:00:00,2026-02-12 00:00:00,Web,Paid,0
BILL344321,CUST10619,308290,308290,2026-05-08 00:00:00,2026-05-13 00:00:00,Web,Paid,0
BILL898754,CUST10400,379084,379084,2026-05-18 00:00:00,2026-05-22 00:00:00,Mobile,Paid,0
BILL589816,CUST10086,384255,384255,2026-04-13 00:00:00,2026-04-13 00:00:00,Mobile,Paid,0
BILL816477,CUST10252,378693,8768,2026-05-21 00:00:00,2026-05-25 00:00:00,Web,Paid,0
BILL603206,CUST10138,119001,119001,2026-08-23 00:00:00,2026-08-23 00:00:00,Mobile,Paid,0
BILL835259,CUST10481,205868,205868,2026-04-08 00:00:00,2026-04-11 00:00:00,Mobile,Paid,0
BILL702337,CUST10083,266463,266463,2026-04-13 00:00:00,2026-04-16 00:00:00,Mobile,Paid,0
BILL286813,CUST10294,299488,299488,2026-11-25 00:00:00,2026-11-26 00:00:00,Mobile,Paid,0
BILL452660,CUST10170,270711,270711,2026-03-06 00:00:00,2026-03-08 00:00:00,Mobile,Paid,0
BILL504039,CUST10149,189211,189211,2026-06-22 00:05:00,2026-06-25 00:05:00,Mobile,Paid,0
BILL126677,CUST10101,231609,231609,2026-05-19 00:00:00,2026-05-23 00:00:00,Web,Paid,0
BILL551790,CUST10142,108800,108800,2026-05-12 00:00:00,2026-05-16 00:00:00,Mobile,Paid,0
BILL878114,CUST10083,266463,266463,2026-05-16 00:00:00,2026-05-19 00:00:00,Mobile,Paid,0
BILL512208,CUST10264,250592,250592,2026-05-07 00:04:00,2026-05-12 00:04:00,Mobile,Paid,0
BILL238719,CUST10323,390691,390691,2026-05-09 00:00:00,2026-05-14 00:00:00,Mobile,Paid,0
BILL832830,CUST10337,307045,307045,2026-04-05 00:00:00,2026-04-08 00:00:00,Mobile,Paid,0
BILL408619,CUST10050,368862,368862,2026-04-17 00:00:00,2026-04-17 00:00:00,API,Paid,0
BILL435877,CUST10050,368862,368862,2026-04-17 00:00:00,2026-04-17 00:01:00,API,Paid,0
BILL879831,CUST10050,368862,368862,2026-04-17 00:00:00,2026-04-17 00:02:00,API,Paid,0
BILL458138,CUST10050,368862,368862,2026-04-17 00:00:00,2026-04-17 00:03:00,API,Paid,0
BILL701231,CUST10579,205403,205403,2026-05-14 00:00:00,2026-05-14 00:00:00,Mobile,Paid,0
BILL511791,CUST10092,280466,280466,2026-05-14 00:00:00,2026-05-18 00:00:00,Mobile,Paid,0
BILL935718,CUST10074,237204,5174333,2026-05-14 00:05:00,2026-05-15 00:05:00,Web,Paid,0
BILL277687,CUST10138,119001,119001,2026-09-22 00:00:00,2026-09-27 00:00:00,Mobile,Paid,0
BILL547089,CUST10330,340223,340223,2026-05-19 00:00:00,2026-05-20 00:00:00,Mobile,Paid,0
BILL199500,CUST10245,246432,246432,2026-06-20 00:00:00,2026-06-23 00:00:00,Web,Paid,0
BILL442319,CUST10200,342570,342570,2026-05-07 00:00:00,2026-05-10 00:00:00,Web,Paid,0
BILL857703,CUST10044,331621,331621,2026-06-06 00:00:00,2026-06-10 00:00:00,Web,Paid,0
BILL975052,CUST10065,379641,379641,2026-05-13 00:00:00,2026-05-14 00:00:00,Mobile,Paid,1
BILL149107,CUST10562,312612,312612,2026-07-11 00:00:00,2026-07-11 00:00:00,API,Paid,0
BILL497507,CUST10268,217442,217442,2026-04-13 00:00:00,2026-04-18 00:00:00,Web,Paid,0
BILL649206,CUST10392,342300,342300,2026-06-15 00:00:00,2026-06-19 00:00:00,API,Paid,0
BILL907188,CUST10486,114630,114630,2026-03-09 00:00:00,2026-03-09 00:00:00,API,Paid,0
BILL839443,CUST10177,219181,219181,2026-09-11 00:00:00,2026-09-11 00:00:00,API,Paid,0
BILL368995,CUST10177,219181,219181,2026-09-11 00:00:00,2026-09-11 00:01:00,API,Paid,0
BILL855132,CUST10177,219181,219181,2026-09-11 00:00:00,2026-09-11 00:02:00,API,Paid,0
BILL835286,CUST10177,219181,219181,2026-09-11 00:00:00,2026-09-11 00:03:00,API,Paid,0
BILL485033,CUST10177,219181,219181,2026-09-11 00:00:00,2026-09-11 00:04:00,API,Paid,0
BILL333813,CUST10022,302204,302204,2026-01-31 00:00:00,2026-02-02 00:00:00,Web,Paid,0
BILL923299,CUST10410,350391,7140807,2026-06-16 00:00:00,2026-06-21 00:00:00,Mobile,Paid,0
BILL326965,CUST10462,104974,104974,2026-06-08 00:00:00,2026-06-12 00:00:00,Mobile,Paid,1
BILL384188,CUST10510,204797,7914,2026-06-17 00:05:00,2026-06-18 00:05:00,Mobile,Paid,0
BILL936887,CUST10468,366366,366366,2026-05-18 00:00:00,2026-05-18 00:00:00,Mobile,Paid,0
BILL727926,CUST10432,311818,311818,2026-05-11 00:00:00,2026-05-15 00:00:00,Mobile,Paid,0
BILL434494,CUST10458,297776,297776,2026-07-06 00:00:00,2026-07-11 00:00:00,Mobile,Paid,0
BILL385648,CUST10097,277027,277027,2026-04-07 00:00:00,2026-04-10 00:00:00,Web,Paid,0
BILL441762,CUST10485,336972,336972,2026-03-10 00:00:00,2026-03-12 00:00:00,Web,Paid,0
BILL384743,CUST10079,100279,2308160,2026-04-07 00:00:00,2026-04-10 00:00:00,Mobile,Paid,0
BILL599116,CUST10478,177027,177027,2026-02-01 00:00:00,2026-02-01 00:00:00,API,Paid,0
BILL769363,CUST10478,177027,177027,2026-02-01 00:00:00,2026-02-01 00:01:00,API,Paid,0
BILL216724,CUST10478,177027,177027,2026-02-01 00:00:00,2026-02-01 00:02:00,API,Paid,0
BILL216040,CUST10478,177027,177027,2026-02-01 00:00:00,2026-02-01 00:03:00,API,Paid,0
BILL658785,CUST10374,342743,342743,2026-03-11 00:00:00,2026-03-13 00:00:00,Web,Paid,0
BILL807398,CUST10610,316839,316839,2026-05-14 00:00:00,2026-05-14 00:00:00,API,Paid,0
BILL730466,CUST10610,316839,316839,2026-05-14 00:00:00,2026-05-14 00:01:00,API,Paid,0
BILL585331,CUST10610,316839,316839,2026-05-14 00:00:00,2026-05-14 00:02:00,API,Paid,0
BILL500194,CUST10610,316839,316839,2026-05-14 00:00:00,2026-05-14 00:03:00,API,Paid,0
BILL558790,CUST10610,316839,316839,2026-05-14 00:00:00,2026-05-14 00:04:00,API,Paid,0
BILL639151,CUST10554,178725,178725,2026-05-07 00:00:00,2026-05-09 00:00:00,Web,Paid,0
BILL130871,CUST10047,307308,307308,2026-04-05 00:00:00,2026-04-05 00:00:00,Mobile,Paid,0
BILL199109,CUST10319,339704,339704,2026-05-10 00:00:00,2026-05-10 00:00:00,API,Paid,0
BILL774166,CUST10319,339704,339704,2026-05-10 00:00:00,2026-05-10 00:01:00,API,Paid,0
BILL593509,CUST10319,339704,339704,2026-05-10 00:00:00,2026-05-10 00:02:00,API,Paid,0
BILL985878,CUST10319,339704,339704,2026-05-10 00:00:00,2026-05-10 00:03:00,API,Paid,0
BILL755688,CUST10198,186203,186203,2026-08-14 00:00:00,2026-08-16 00:00:00,Web,Paid,0
BILL629172,CUST10056,161024,161024,2026-05-17 00:00:00,2026-05-19 00:00:00,Mobile,Paid,0
BILL442991,CUST10464,265364,265364,2026-04-09 00:00:00,2026-04-13 00:00:00,Mobile,Paid,0
BILL306031,CUST10283,175295,175295,2026-03-15 00:00:00,2026-03-15 00:00:00,Mobile,Paid,1
BILL749445,CUST10110,350073,350073,2026-06-18 00:04:00,2026-06-18 00:04:00,Web,Paid,0
BILL429915,CUST10459,105072,105072,2026-07-02 00:00:00,2026-07-04 00:00:00,Mobile,Paid,0
BILL787296,CUST10006,320580,320580,2026-04-10 00:00:00,2026-04-12 00:00:00,Web,Paid,0
BILL195292,CUST10119,151100,151100,2026-07-15 00:00:00,2026-07-19 00:00:00,Mobile,Paid,0
BILL631580,CUST10131,383513,383513,2026-05-19 00:05:00,2026-05-20 00:05:00,Mobile,Paid,0
BILL538979,CUST10385,329076,329076,2026-06-13 00:00:00,2026-06-14 00:00:00,Mobile,Paid,0
BILL541259,CUST10414,297390,297390,2026-05-10 00:00:00,2026-05-10 00:00:00,Web,Paid,0
BILL954795,CUST10270,215045,215045,2026-08-10 00:00:00,2026-08-14 00:00:00,Mobile,Paid,0
BILL337320,CUST10384,289730,289730,2026-05-09 00:00:00,2026-05-14 00:00:00,Mobile,Paid,0
BILL174565,CUST10282,264469,264469,2026-09-18 00:04:00,2026-09-23 00:04:00,Mobile,Paid,0
BILL514669,CUST10123,343745,343745,2026-07-15 00:00:00,2026-07-19 00:00:00,Mobile,Paid,0
BILL275337,CUST10279,356207,356207,2026-02-02 00:00:00,2026-02-02 00:00:00,API,Paid,0
BILL807553,CUST10279,356207,356207,2026-02-02 00:00:00,2026-02-02 00:01:00,API,Paid,0
BILL428923,CUST10279,356207,356207,2026-02-02 00:00:00,2026-02-02 00:02:00,API,Paid,0
BILL445536,CUST10023,351268,351268,2026-04-07 00:00:00,2026-04-09 00:00:00,API,Paid,0
BILL533945,CUST10611,385997,385997,2026-03-10 00:00:00,2026-03-10 00:00:00,Mobile,Paid,0
BILL197512,CUST10478,177027,177027,2026-03-03 00:04:00,2026-03-08 00:04:00,Mobile,Paid,0
BILL273502,CUST10240,399654,399654,2026-08-13 00:00:00,2026-08-18 00:00:00,Mobile,Paid,0
BILL172616,CUST10345,214430,214430,2026-05-11 00:00:00,2026-05-11 00:00:00,Web,Paid,0
BILL733207,CUST10217,345563,345563,2026-08-23 00:00:00,2026-08-25 00:00:00,Web,Paid,0
BILL263765,CUST10008,241795,241795,2026-08-15 00:00:00,2026-08-20 00:00:00,Web,Paid,0
BILL924968,CUST10038,391528,391528,2026-03-06 00:00:00,2026-03-10 00:00:00,Web,Paid,0
BILL868680,CUST10560,371356,371356,2026-02-01 00:00:00,2026-02-01 00:00:00,Web,Paid,0
BILL882176,CUST10377,254280,254280,2026-05-12 00:00:00,2026-05-17 00:00:00,Web,Paid,0
BILL447820,CUST10067,236495,236495,2026-05-17 00:00:00,2026-05-22 00:00:00,Web,Paid,0
BILL269801,CUST10041,145257,145257,2026-05-19 00:00:00,2026-05-19 00:00:00,Mobile,Paid,0
BILL790740,CUST10293,367785,367785,2026-05-24 00:00:00,2026-05-27 00:00:00,API,Paid,0
BILL244108,CUST10151,234106,234106,2026-06-22 00:00:00,2026-06-26 00:00:00,Mobile,Paid,0
BILL421693,CUST10216,377209,377209,2026-06-13 00:00:00,2026-06-18 00:00:00,Web,Paid,0
BILL478826,CUST10398,320042,320042,2026-04-09 00:00:00,2026-04-13 00:00:00,Web,Paid,0
BILL917872,CUST10184,396902,396902,2026-06-07 00:00:00,2026-06-09 00:00:00,Mobile,Paid,0
BILL377075,CUST10495,217295,217295,2026-05-08 00:04:00,2026-05-13 00:04:00,Mobile,Paid,0
BILL322254,CUST10380,314140,314140,2026-06-06 00:00:00,2026-06-10 00:00:00,Mobile,Paid,0
BILL669154,CUST10337,307045,307045,2026-05-08 00:00:00,2026-05-12 00:00:00,Mobile,Paid,1
BILL474349,CUST10278,172976,172976,2026-06-05 00:00:00,2026-06-10 00:00:00,Mobile,Paid,0
BILL688550,CUST10153,123159,123159,2026-03-04 00:00:00,2026-03-07 00:00:00,Web,Paid,0
BILL724546,CUST10479,371828,8296933,2026-03-14 00:00:00,2026-03-17 00:00:00,Web,Paid,0
BILL957818,CUST10390,250230,250230,2026-04-11 00:00:00,2026-04-12 00:00:00,Mobile,Paid,0
BILL973206,CUST10265,230771,230771,2026-03-13 00:00:00,2026-03-13 00:00:00,Mobile,Paid,0
BILL336499,CUST10291,363852,363852,2026-03-11 00:00:00,2026-03-14 00:00:00,Web,Paid,1
BILL232676,CUST10356,366114,366114,2026-05-17 00:00:00,2026-05-18 00:00:00,API,Paid,0
BILL887809,CUST10232,326760,326760,2026-03-13 00:00:00,2026-03-13 00:00:00,API,Paid,0
BILL875866,CUST10232,326760,326760,2026-03-13 00:00:00,2026-03-13 00:01:00,API,Paid,0
BILL524273,CUST10232,326760,326760,2026-03-13 00:00:00,2026-03-13 00:02:00,API,Paid,0
BILL247973,CUST10440,300049,300049,2026-03-13 00:00:00,2026-03-15 00:00:00,Web,Paid,0
BILL893412,CUST10000,171786,171786,2026-04-10 00:00:00,2026-04-11 00:00:00,Web,Paid,0
BILL202635,CUST10220,118667,118667,2026-06-16 00:00:00,2026-06-17 00:00:00,Web,Paid,0
BILL703207,CUST10482,327128,327128,2026-05-20 00:00:00,2026-05-25 00:00:00,Mobile,Paid,0
BILL430190,CUST10022,302204,9836,2026-03-04 00:00:00,2026-03-09 00:00:00,Web,Paid,0
BILL739284,CUST10604,241605,241605,2026-05-11 00:00:00,2026-05-13 00:00:00,Mobile,Paid,0
BILL896444,CUST10576,289194,289194,2026-04-04 00:00:00,2026-04-09 00:00:00,Mobile,Paid,0
BILL300324,CUST10125,104899,104899,2026-06-11 00:00:00,2026-06-14 00:00:00,Web,Paid,0
BILL480981,CUST10240,399654,399654,2026-09-17 00:00:00,2026-09-19 00:00:00,Mobile,Paid,0
BILL184387,CUST10341,289740,3089672,2026-05-07 00:00:00,2026-05-07 00:00:00,Mobile,Paid,0
BILL709483,CUST10114,219674,219674,2026-04-08 00:00:00,2026-04-12 00:00:00,Web,Paid,0
BILL217746,CUST10015,326173,326173,2026-07-13 00:00:00,2026-07-16 00:00:00,Mobile,Paid,1
BILL719005,CUST10450,386457,386457,2026-06-18 00:00:00,2026-06-21 00:00:00,Web,Paid,0
BILL895662,CUST10402,372130,372130,2026-03-07 00:00:00,2026-03-12 00:00:00,Mobile,Paid,0
BILL963842,CUST10469,147965,147965,2026-04-04 00:00:00,2026-04-05 00:00:00,Mobile,Paid,0
BILL724967,CUST10076,227427,227427,2026-04-06 00:00:00,2026-04-09 00:00:00,Web,Paid,0
BILL564635,CUST10262,132602,132602,2026-04-14 00:00:00,2026-04-14 00:00:00,Web,Paid,0
BILL377148,CUST10595,342484,342484,2026-07-14 00:00:00,2026-07-18 00:00:00,Web,Paid,0
BILL175031,CUST10079,100279,100279,2026-05-10 00:00:00,2026-05-14 00:00:00,Mobile,Paid,0
BILL236221,CUST10189,366772,366772,2026-05-05 00:00:00,2026-05-09 00:00:00,Web,Paid,0
BILL290508,CUST10136,266443,6641,2026-06-22 00:00:00,2026-06-24 00:00:00,Mobile,Paid,0
BILL501933,CUST10516,143930,143930,2026-05-19 00:00:00,2026-05-19 00:00:00,API,Paid,0
BILL625804,CUST10516,143930,143930,2026-05-19 00:00:00,2026-05-19 00:01:00,API,Paid,0
BILL725352,CUST10516,143930,143930,2026-05-19 00:00:00,2026-05-19 00:02:00,API,Paid,0
BILL247288,CUST10516,143930,143930,2026-05-19 00:00:00,2026-05-19 00:03:00,API,Paid,0
BILL528138,CUST10245,246432,246432,2026-07-23 00:00:00,2026-07-27 00:00:00,Web,Paid,0
BILL841104,CUST10110,350073,350073,2026-07-18 00:04:00,2026-07-20 00:04:00,Web,Paid,0
BILL538877,CUST10450,386457,386457,2026-07-21 00:00:00,2026-07-23 00:00:00,Web,Paid,0
BILL318609,CUST10497,131284,131284,2026-07-23 00:00:00,2026-07-23 00:00:00,Web,Paid,0
BILL560262,CUST10335,187463,187463,2026-03-11 00:00:00,2026-03-14 00:00:00,Mobile,Paid,0
BILL496921,CUST10492,178349,178349,2026-06-19 00:00:00,2026-06-21 00:00:00,Mobile,Paid,0
BILL722770,CUST10546,165933,165933,2026-06-16 00:00:00,2026-06-17 00:00:00,Web,Paid,0
BILL953649,CUST10039,107142,107142,2026-06-22 00:00:00,2026-06-23 00:00:00,Mobile,Paid,0
BILL538499,CUST10449,315584,315584,2026-09-23 00:00:00,2026-09-23 00:00:00,API,Paid,0
BILL423378,CUST10449,315584,315584,2026-09-23 00:00:00,2026-09-23 00:01:00,API,Paid,0
BILL218850,CUST10449,315584,315584,2026-09-23 00:00:00,2026-09-23 00:02:00,API,Paid,0
BILL798290,CUST10589,239931,4148,2026-04-13 00:00:00,2026-04-16 00:00:00,Web,Paid,0
BILL850634,CUST10277,261985,261985,2026-01-31 00:00:00,2026-01-31 00:00:00,Web,Paid,0
BILL252957,CUST10479,371828,371828,2026-04-16 00:00:00,2026-04-16 00:00:00,API,Paid,0
BILL346082,CUST10479,371828,371828,2026-04-16 00:00:00,2026-04-16 00:01:00,API,Paid,0
BILL417348,CUST10479,371828,371828,2026-04-16 00:00:00,2026-04-16 00:02:00,API,Paid,0
BILL521186,CUST10479,371828,371828,2026-04-16 00:00:00,2026-04-16 00:03:00,API,Paid,0
BILL849781,CUST10479,371828,371828,2026-04-16 00:00:00,2026-04-16 00:04:00,API,Paid,0
BILL671824,CUST10058,272649,272649,2026-08-20 00:00:00,2026-08-21 00:00:00,Mobile,Paid,0
BILL904461,CUST10233,310354,310354,2026-09-23 00:00:00,2026-09-23 00:00:00,API,Paid,0
BILL392834,CUST10233,310354,310354,2026-09-23 00:00:00,2026-09-23 00:01:00,API,Paid,0
BILL911436,CUST10233,310354,310354,2026-09-23 00:00:00,2026-09-23 00:02:00,API,Paid,0
BILL778485,CUST10072,339066,339066,2026-04-11 00:00:00,2026-04-12 00:00:00,Web,Paid,0
BILL598778,CUST10130,146870,146870,2026-07-13 00:00:00,2026-07-15 00:00:00,Mobile,Paid,0
BILL191817,CUST10070,359330,359330,2026-06-19 00:00:00,2026-06-23 00:00:00,Web,Paid,0
BILL694785,CUST10255,258950,258950,2026-06-14 00:03:00,2026-06-19 00:03:00,Web,Paid,0
BILL467626,CUST10042,298563,298563,2026-07-25 00:00:00,2026-07-28 00:00:00,Mobile,Paid,0
BILL942699,CUST10418,362045,6474,2026-03-10 00:00:00,2026-03-13 00:00:00,Mobile,Paid,0
BILL416389,CUST10037,219888,219888,2026-03-02 00:00:00,2026-03-06 00:00:00,Mobile,Paid,0
BILL128762,CUST10030,120032,120032,2026-07-19 00:00:00,2026-07-23 00:00:00,Web,Paid,0
BILL496723,CUST10020,314612,314612,2026-07-17 00:03:00,2026-07-18 00:03:00,Web,Paid,0
BILL662480,CUST10221,392103,392103,2026-05-11 00:00:00,2026-05-11 00:00:00,Web,Paid,0
BILL844802,CUST10115,233300,233300,2026-04-09 00:00:00,2026-04-10 00:00:00,Web,Paid,0
BILL390446,CUST10364,342090,342090,2026-04-06 00:00:00,2026-04-08 00:00:00,Web,Paid,0
BILL535581,CUST10536,399661,399661,2026-03-03 00:00:00,2026-03-04 00:00:00,Web,Paid,0
BILL836635,CUST10482,327128,327128,2026-06-24 00:00:00,2026-06-27 00:00:00,Mobile,Paid,0
BILL890237,CUST10601,177234,177234,2026-06-17 00:00:00,2026-06-17 00:00:00,API,Paid,0
BILL569784,CUST10601,177234,177234,2026-06-17 00:00:00,2026-06-17 00:01:00,API,Paid,0
BILL958220,CUST10601,177234,177234,2026-06-17 00:00:00,2026-06-17 00:02:00,API,Paid,0
BILL539176,CUST10601,177234,177234,2026-06-17 00:00:00,2026-06-17 00:03:00,API,Paid,0
BILL547634,CUST10013,101024,101024,2026-03-10 00:00:00,2026-03-12 00:00:00,Mobile,Paid,0
BILL666253,CUST10117,111971,111971,2026-05-19 00:00:00,2026-05-20 00:00:00,Mobile,Paid,0
BILL466920,CUST10015,326173,326173,2026-08-15 00:00:00,2026-08-15 00:00:00,API,Paid,0
BILL934112,CUST10015,326173,326173,2026-08-15 00:00:00,2026-08-15 00:01:00,API,Paid,0
BILL101474,CUST10015,326173,326173,2026-08-15 00:00:00,2026-08-15 00:02:00,API,Paid,0
BILL527941,CUST10567,257276,257276,2026-04-05 00:00:00,2026-04-07 00:00:00,Web,Paid,0
BILL140379,CUST10530,291947,291947,2026-09-21 00:00:00,2026-09-22 00:00:00,Web,Paid,0
BILL711148,CUST10295,276630,276630,2026-03-15 00:00:00,2026-03-18 00:00:00,Mobile,Paid,0
BILL748114,CUST10498,286133,3880349,2026-09-17 00:00:00,2026-09-19 00:00:00,Web,Paid,0
BILL219339,CUST10423,311188,311188,2026-09-27 00:00:00,2026-09-28 00:00:00,Mobile,Paid,1
BILL130669,CUST10569,215229,4245828,2026-08-15 00:00:00,2026-08-16 00:00:00,Mobile,Paid,0
BILL768799,CUST10018,118406,118406,2026-05-13 00:00:00,2026-05-15 00:00:00,Web,Paid,0
BILL820527,CUST10194,202832,202832,2026-07-11 00:00:00,2026-07-13 00:00:00,Web,Paid,0
BILL670444,CUST10586,360128,360128,2026-06-16 00:00:00,2026-06-16 00:00:00,Mobile,Paid,0
BILL807168,CUST10117,111971,2263,2026-06-19 00:00:00,2026-06-24 00:00:00,Mobile,Paid,0
BILL330578,CUST10589,239931,239931,2026-05-16 00:00:00,2026-05-18 00:00:00,Web,Paid,0
BILL230841,CUST10052,288171,288171,2026-04-10 00:00:00,2026-04-12 00:00:00,Mobile,Paid,0
BILL848226,CUST10518,219705,3510148,2026-04-12 00:00:00,2026-04-14 00:00:00,Web,Paid,0
BILL728550,CUST10362,347184,347184,2026-06-12 00:04:00,2026-06-14 00:04:00,Web,Paid,0
BILL666432,CUST10094,356586,356586,2026-09-26 00:00:00,2026-09-30 00:00:00,Mobile,Paid,0
BILL665178,CUST10062,360981,360981,2026-06-16 00:00:00,2026-06-17 00:00:00,Mobile,Paid,0
BILL413567,CUST10554,178725,178725,2026-06-08 00:00:00,2026-06-10 00:00:00,Web,Paid,0
BILL560944,CUST10453,156466,156466,2026-10-15 00:00:00,2026-10-16 00:00:00,Mobile,Paid,0
BILL287102,CUST10585,370545,370545,2026-05-08 00:00:00,2026-05-12 00:00:00,Web,Paid,0
BILL539025,CUST10019,271271,271271,2026-04-12 00:00:00,2026-04-14 00:00:00,Web,Paid,0
BILL779916,CUST10349,261596,261596,2026-06-19 00:00:00,2026-06-20 00:00:00,Mobile,Paid,1
BILL585635,CUST10085,364972,364972,2026-10-21 00:00:00,2026-10-23 00:00:00,Mobile,Paid,0
BILL174771,CUST10311,288022,288022,2026-04-21 00:00:00,2026-04-22 00:00:00,Mobile,Paid,0
BILL640597,CUST10082,287913,287913,2026-03-07 00:00:00,2026-03-12 00:00:00,Mobile,Paid,0
BILL137612,CUST10509,245635,245635,2026-05-09 00:00:00,2026-05-14 00:00:00,Mobile,Paid,0
BILL116254,CUST10082,287913,287913,2026-04-11 00:00:00,2026-04-11 00:00:00,Mobile,Paid,0
BILL583192,CUST10348,137719,137719,2026-06-10 00:00:00,2026-06-15 00:00:00,Mobile,Paid,1
BILL282923,CUST10185,106845,106845,2026-05-12 00:00:00,2026-05-15 00:00:00,Mobile,Paid,0
BILL791828,CUST10137,117777,2712264,2026-06-14 00:00:00,2026-06-16 00:00:00,Mobile,Paid,0
BILL875441,CUST10130,146870,146870,2026-08-14 00:00:00,2026-08-16 00:00:00,Mobile,Paid,0
BILL538373,CUST10567,257276,257276,2026-05-07 00:00:00,2026-05-11 00:00:00,Web,Paid,0
BILL698868,CUST10402,372130,372130,2026-04-11 00:00:00,2026-04-12 00:00:00,Mobile,Paid,0
BILL247609,CUST10060,344438,344438,2026-03-15 00:00:00,2026-03-20 00:00:00,API,Paid,0
BILL499083,CUST10200,342570,342570,2026-06-09 00:00:00,2026-06-13 00:00:00,Web,Paid,0
BILL304738,CUST10602,272602,272602,2026-06-16 00:00:00,2026-06-20 00:00:00,Web,Paid,0
BILL997100,CUST10282,264469,264469,2026-10-23 00:04:00,2026-10-24 00:04:00,Mobile,Paid,0
BILL502023,CUST10311,288022,288022,2026-05-22 00:00:00,2026-05-27 00:00:00,Mobile,Paid,0
BILL234413,CUST10224,163385,163385,2026-03-11 00:00:00,2026-03-16 00:00:00,Web,Paid,1
BILL570558,CUST10510,204797,204797,2026-07-18 00:05:00,2026-07-20 00:05:00,Mobile,Paid,0
BILL813790,CUST10294,299488,299488,2026-12-26 00:00:00,2026-12-28 00:00:00,Mobile,Paid,0
BILL201254,CUST10177,219181,219181,2026-10-11 00:05:00,2026-10-15 00:05:00,Web,Paid,0
BILL587178,CUST10370,282443,6619263,2026-03-10 00:00:00,2026-03-13 00:00:00,Mobile,Paid,0
BILL726189,CUST10573,358577,358577,2026-08-14 00:05:00,2026-08-16 00:05:00,Web,Paid,0
BILL560917,CUST10494,126676,126676,2026-03-09 00:00:00,2026-03-14 00:00:00,Web,Paid,0
BILL271905,CUST10494,126676,126676,2026-04-13 00:00:00,2026-04-14 00:00:00,Web,Paid,0
BILL369097,CUST10535,275713,275713,2026-02-07 00:00:00,2026-02-11 00:00:00,Web,Paid,0
BILL641595,CUST10048,200010,3647,2026-07-16 00:03:00,2026-07-20 00:03:00,Mobile,Paid,0
BILL301085,CUST10595,342484,342484,2026-08-17 00:00:00,2026-08-22 00:00:00,Web,Paid,0
BILL864927,CUST10290,172758,172758,2026-05-07 00:05:00,2026-05-10 00:05:00,Mobile,Paid,0
BILL643964,CUST10441,261893,261893,2026-05-13 00:00:00,2026-05-16 00:00:00,Web,Paid,0
BILL252867,CUST10542,256381,256381,2026-06-10 00:00:00,2026-06-12 00:00:00,Mobile,Paid,0
BILL290860,CUST10509,245635,245635,2026-06-13 00:00:00,2026-06-16 00:00:00,Mobile,Paid,0
BILL235377,CUST10445,207054,207054,2026-04-15 00:00:00,2026-04-15 00:00:00,API,Paid,0
BILL266939,CUST10445,207054,207054,2026-04-15 00:00:00,2026-04-15 00:01:00,API,Paid,0
BILL554114,CUST10445,207054,207054,2026-04-15 00:00:00,2026-04-15 00:02:00,API,Paid,0
BILL276881,CUST10445,207054,207054,2026-04-15 00:00:00,2026-04-15 00:03:00,API,Paid,0
BILL684581,CUST10082,287913,287913,2026-05-11 00:00:00,2026-05-15 00:00:00,Mobile,Paid,0
BILL405912,CUST10127,350604,350604,2026-04-09 00:00:00,2026-04-13 00:00:00,Mobile,Paid,0
BILL808568,CUST10279,356207,356207,2026-03-04 00:03:00,2026-03-07 00:03:00,Web,Paid,0
BILL723921,CUST10208,274066,274066,2026-06-08 00:00:00,2026-06-12 00:00:00,Web,Paid,0
BILL749963,CUST10232,326760,326760,2026-04-12 00:03:00,2026-04-13 00:03:00,Web,Paid,0
BILL421939,CUST10499,397498,397498,2026-07-17 00:00:00,2026-07-17 00:00:00,API,Paid,0
BILL700372,CUST10499,397498,397498,2026-07-17 00:00:00,2026-07-17 00:01:00,API,Paid,0
BILL290579,CUST10499,397498,397498,2026-07-17 00:00:00,2026-07-17 00:02:00,API,Paid,0
BILL197154,CUST10359,323180,323180,2026-04-11 00:00:00,2026-04-11 00:00:00,Mobile,Paid,0
BILL689402,CUST10599,103052,103052,2026-03-11 00:00:00,2026-03-14 00:00:00,Mobile,Paid,1
BILL607811,CUST10519,273139,273139,2026-06-13 00:00:00,2026-06-15 00:00:00,Mobile,Paid,0
BILL397583,CUST10314,300175,300175,2026-05-18 00:00:00,2026-05-18 00:00:00,API,Paid,0
BILL111952,CUST10314,300175,300175,2026-05-18 00:00:00,2026-05-18 00:01:00,API,Paid,0
BILL526244,CUST10314,300175,300175,2026-05-18 00:00:00,2026-05-18 00:02:00,API,Paid,0
BILL537658,CUST10314,300175,300175,2026-05-18 00:00:00,2026-05-18 00:03:00,API,Paid,0
BILL334971,CUST10314,300175,300175,2026-05-18 00:00:00,2026-05-18 00:04:00,API,Paid,0
BILL603455,CUST10446,388986,9418,2026-04-16 00:00:00,2026-04-19 00:00:00,Mobile,Paid,0
BILL835123,CUST10193,319992,319992,2026-10-27 00:00:00,2026-10-28 00:00:00,Web,Paid,0
BILL768948,CUST10537,303726,303726,2026-04-17 00:00:00,2026-04-19 00:00:00,Web,Paid,0
BILL497012,CUST10545,213332,213332,2026-07-10 00:00:00,2026-07-15 00:00:00,Web,Paid,0
BILL588555,CUST10077,273915,273915,2026-04-11 00:00:00,2026-04-12 00:00:00,Mobile,Paid,0
BILL627368,CUST10442,190454,190454,2026-07-04 00:00:00,2026-07-08 00:00:00,Web,Paid,0
BILL355059,CUST10038,391528,391528,2026-04-09 00:00:00,2026-04-09 00:00:00,Web,Paid,0
BILL627450,CUST10543,207612,207612,2026-03-12 00:00:00,2026-03-15 00:00:00,Web,Paid,0
BILL497288,CUST10545,213332,213332,2026-08-14 00:00:00,2026-08-14 00:00:00,API,Paid,0
BILL340393,CUST10545,213332,213332,2026-08-14 00:00:00,2026-08-14 00:01:00,API,Paid,0
BILL197928,CUST10545,213332,213332,2026-08-14 00:00:00,2026-08-14 00:02:00,API,Paid,0
BILL286531,CUST10024,228784,228784,2026-05-09 00:00:00,2026-05-10 00:00:00,Mobile,Paid,0
BILL700043,CUST10422,298569,298569,2026-04-18 00:00:00,2026-04-21 00:00:00,Mobile,Paid,0
BILL399500,CUST10579,205403,205403,2026-06-13 00:00:00,2026-06-14 00:00:00,Mobile,Paid,0
BILL692857,CUST10057,250829,250829,2026-02-06 00:00:00,2026-02-08 00:00:00,Mobile,Paid,0
BILL424101,CUST10113,327947,327947,2026-03-16 00:00:00,2026-03-17 00:00:00,Mobile,Paid,0
BILL899333,CUST10493,119681,1537331,2026-06-12 00:00:00,2026-06-16 00:00:00,Mobile,Paid,0
BILL248498,CUST10098,179960,179960,2026-07-21 00:00:00,2026-07-22 00:00:00,Web,Paid,0
BILL860595,CUST10435,263580,263580,2026-07-21 00:00:00,2026-07-22 00:00:00,Mobile,Paid,0
BILL586509,CUST10123,343745,343745,2026-08-18 00:00:00,2026-08-21 00:00:00,Mobile,Paid,0
BILL891073,CUST10224,163385,163385,2026-04-15 00:00:00,2026-04-15 00:00:00,Web,Paid,0
BILL828391,CUST10516,143930,143930,2026-06-18 00:04:00,2026-06-18 00:04:00,Mobile,Paid,0
BILL454354,CUST10025,336983,336983,2026-04-16 00:00:00,2026-04-20 00:00:00,Mobile,Paid,0
BILL516632,CUST10220,118667,3625,2026-07-17 00:00:00,2026-07-20 00:00:00,Web,Paid,0
BILL145823,CUST10206,369902,369902,2026-08-25 00:00:00,2026-08-29 00:00:00,Web,Paid,0
BILL806420,CUST10519,273139,273139,2026-07-15 00:00:00,2026-07-16 00:00:00,API,Paid,0
BILL697281,CUST10160,264437,264437,2026-08-23 00:03:00,2026-08-23 00:03:00,API,Paid,0
BILL668291,CUST10160,264437,264437,2026-08-23 00:03:00,2026-08-23 00:04:00,API,Paid,0
BILL225003,CUST10160,264437,264437,2026-08-23 00:03:00,2026-08-23 00:05:00,API,Paid,0
BILL703146,CUST10160,264437,264437,2026-08-23 00:03:00,2026-08-23 00:06:00,API,Paid,0
BILL748727,CUST10160,264437,264437,2026-08-23 00:03:00,2026-08-23 00:07:00,API,Paid,0
BILL473310,CUST10344,395635,395635,2026-04-08 00:00:00,2026-04-09 00:00:00,API,Paid,0
BILL491216,CUST10508,118063,2528520,2026-06-17 00:00:00,2026-06-21 00:00:00,Web,Paid,0
BILL570691,CUST10544,303681,303681,2026-06-14 00:00:00,2026-06-19 00:00:00,Web,Paid,0
BILL362140,CUST10161,227877,227877,2026-05-11 00:00:00,2026-05-14 00:00:00,Mobile,Paid,0
BILL574703,CUST10083,266463,3391517,2026-06-18 00:00:00,2026-06-20 00:00:00,Mobile,Paid,0
BILL698731,CUST10263,398952,398952,2026-02-07 00:00:00,2026-02-09 00:00:00,Mobile,Paid,0
BILL263103,CUST10544,303681,303681,2026-07-19 00:00:00,2026-07-20 00:00:00,Web,Paid,1
BILL575869,CUST10433,387895,387895,2026-03-13 00:00:00,2026-03-15 00:00:00,Web,Paid,0
BILL142312,CUST10346,359143,359143,2026-06-08 00:00:00,2026-06-10 00:00:00,Mobile,Paid,0
BILL679139,CUST10013,101024,101024,2026-04-11 00:00:00,2026-04-14 00:00:00,Mobile,Paid,0
BILL180870,CUST10376,325746,325746,2026-07-18 00:00:00,2026-07-23 00:00:00,Web,Paid,0
BILL771799,CUST10346,359143,359143,2026-07-10 00:00:00,2026-07-14 00:00:00,API,Paid,0
BILL378262,CUST10364,342090,342090,2026-05-08 00:00:00,2026-05-10 00:00:00,Web,Paid,0
BILL705282,CUST10056,161024,161024,2026-06-18 00:00:00,2026-06-18 00:00:00,Mobile,Paid,0
BILL639509,CUST10142,108800,108800,2026-06-15 00:00:00,2026-06-18 00:00:00,Mobile,Paid,0
BILL662066,CUST10414,297390,297390,2026-06-09 00:00:00,2026-06-09 00:00:00,Web,Paid,1
BILL766104,CUST10559,370300,370300,2026-01-31 00:00:00,2026-02-01 00:00:00,Web,Paid,0
BILL479016,CUST10238,166413,166413,2026-05-17 00:00:00,2026-05-20 00:00:00,Web,Paid,0
BILL929854,CUST10171,147240,147240,2026-04-17 00:00:00,2026-04-17 00:00:00,Web,Paid,0
BILL533496,CUST10606,115208,115208,2026-06-13 00:00:00,2026-06-15 00:00:00,Mobile,Paid,0
BILL629672,CUST10388,278289,278289,2026-04-15 00:00:00,2026-04-19 00:00:00,Mobile,Paid,0
BILL129057,CUST10321,146266,146266,2026-08-26 00:00:00,2026-08-30 00:00:00,Mobile,Paid,0
BILL600188,CUST10261,300918,300918,2026-05-08 00:00:00,2026-05-12 00:00:00,Web,Paid,0
BILL594414,CUST10547,318664,318664,2026-03-12 00:00:00,2026-03-12 00:00:00,API,Paid,0
BILL307320,CUST10547,318664,318664,2026-03-12 00:00:00,2026-03-12 00:01:00,API,Paid,0
BILL722361,CUST10547,318664,318664,2026-03-12 00:00:00,2026-03-12 00:02:00,API,Paid,0
BILL494655,CUST10498,286133,286133,2026-10-19 00:00:00,2026-10-23 00:00:00,Web,Paid,1
BILL988743,CUST10028,371934,371934,2026-06-13 00:00:00,2026-06-13 00:00:00,Mobile,Paid,0
BILL615855,CUST10095,169253,169253,2026-03-02 00:00:00,2026-03-03 00:00:00,Mobile,Paid,0
BILL246664,CUST10555,214312,2583565,2026-03-10 00:00:00,2026-03-14 00:00:00,Mobile,Paid,0
BILL570433,CUST10098,179960,179960,2026-08-21 00:00:00,2026-08-22 00:00:00,Web,Paid,1
BILL617930,CUST10477,154868,154868,2026-05-18 00:00:00,2026-05-20 00:00:00,Web,Paid,0
BILL516671,CUST10070,359330,359330,2026-07-23 00:00:00,2026-07-23 00:00:00,Web,Paid,0
BILL813318,CUST10349,261596,261596,2026-07-20 00:00:00,2026-07-22 00:00:00,Mobile,Paid,0
BILL923862,CUST10600,178062,178062,2026-03-08 00:05:00,2026-03-09 00:05:00,Mobile,Paid,0
BILL969919,CUST10093,109845,109845,2026-06-12 00:03:00,2026-06-16 00:03:00,Mobile,Paid,0
BILL496986,CUST10591,268129,268129,2026-03-07 00:00:00,2026-03-07 00:00:00,Web,Paid,0
BILL309795,CUST10497,131284,131284,2026-08-22 00:00:00,2026-08-24 00:00:00,Web,Paid,0
BILL502064,CUST10215,337929,7062,2026-04-19 00:00:00,2026-04-21 00:00:00,Web,Paid,0
BILL995383,CUST10617,391485,391485,2026-01-31 00:00:00,2026-02-02 00:00:00,Web,Paid,0
BILL469704,CUST10210,219614,219614,2026-04-07 00:00:00,2026-04-11 00:00:00,API,Paid,0
BILL569389,CUST10350,276597,276597,2026-08-20 00:00:00,2026-08-25 00:00:00,Mobile,Paid,0
BILL150329,CUST10117,111971,111971,2026-07-24 00:00:00,2026-07-29 00:00:00,Mobile,Paid,0
BILL640802,CUST10077,273915,273915,2026-05-12 00:00:00,2026-05-12 00:00:00,Mobile,Paid,0
BILL867418,CUST10084,164229,164229,2026-04-14 00:00:00,2026-04-18 00:00:00,Mobile,Paid,0
BILL420209,CUST10619,308290,308290,2026-06-12 00:00:00,2026-06-17 00:00:00,Web,Paid,0
BILL598355,CUST10036,365195,365195,2026-05-15 00:00:00,2026-05-19 00:00:00,Web,Paid,0
BILL986051,CUST10132,106770,106770,2026-04-07 00:00:00,2026-04-07 00:00:00,Web,Paid,0
BILL626630,CUST10393,386367,386367,2026-04-09 00:00:00,2026-04-12 00:00:00,Mobile,Paid,0
BILL285826,CUST10495,217295,217295,2026-06-12 00:04:00,2026-06-14 00:04:00,Mobile,Paid,0
BILL168351,CUST10068,257954,257954,2026-05-10 00:00:00,2026-05-12 00:00:00,Web,Paid,0
BILL634814,CUST10469,147965,147965,2026-05-05 00:00:00,2026-05-09 00:00:00,Mobile,Paid,0
BILL372234,CUST10556,276618,276618,2026-03-04 00:00:00,2026-03-06 00:00:00,Mobile,Paid,0
BILL553181,CUST10351,288849,288849,2026-02-03 00:00:00,2026-02-03 00:00:00,Mobile,Paid,0
BILL515114,CUST10594,369782,369782,2026-05-12 00:00:00,2026-05-14 00:00:00,Mobile,Paid,0
BILL295341,CUST10608,369837,369837,2026-06-21 00:00:00,2026-06-22 00:00:00,Web,Paid,0
BILL478285,CUST10042,298563,9280,2026-08-27 00:00:00,2026-08-30 00:00:00,Mobile,Paid,0
BILL493652,CUST10017,131984,131984,2026-02-03 00:00:00,2026-02-06 00:00:00,Mobile,Paid,0
BILL733484,CUST10384,289730,289730,2026-06-13 00:00:00,2026-06-14 00:00:00,Mobile,Paid,0
BILL707574,CUST10311,288022,288022,2026-06-26 00:00:00,2026-06-26 00:00:00,Mobile,Paid,0
BILL188028,CUST10209,180576,180576,2026-05-16 00:00:00,2026-05-21 00:00:00,Web,Paid,1
BILL589399,CUST10100,303145,303145,2026-04-09 00:00:00,2026-04-13 00:00:00,Web,Paid,0
BILL932100,CUST10213,322614,4787375,2026-06-09 00:00:00,2026-06-11 00:00:00,Mobile,Paid,0
BILL171806,CUST10260,358839,358839,2026-04-17 00:00:00,2026-04-20 00:00:00,Web,Paid,0
BILL288856,CUST10131,383513,383513,2026-06-19 00:05:00,2026-06-19 00:05:00,Mobile,Paid,0
BILL580525,CUST10039,107142,107142,2026-07-23 00:00:00,2026-07-23 00:00:00,Mobile,Paid,0
BILL317059,CUST10240,399654,8254810,2026-10-19 00:00:00,2026-10-23 00:00:00,Mobile,Paid,0
BILL173178,CUST10599,103052,103052,2026-04-13 00:00:00,2026-04-15 00:00:00,API,Paid,0
BILL162799,CUST10016,140742,140742,2026-05-14 00:00:00,2026-05-14 00:00:00,Mobile,Paid,0
BILL557641,CUST10153,123159,123159,2026-04-06 00:00:00,2026-04-06 00:00:00,Web,Paid,0
BILL604292,CUST10587,189191,189191,2026-06-11 00:00:00,2026-06-15 00:00:00,API,Paid,0
BILL796796,CUST10020,314612,4998,2026-08-17 00:03:00,2026-08-21 00:03:00,Web,Paid,0
BILL111318,CUST10285,267241,267241,2026-06-15 00:00:00,2026-06-19 00:00:00,Mobile,Paid,0
BILL924484,CUST10025,336983,336983,2026-05-20 00:00:00,2026-05-20 00:00:00,API,Paid,0
BILL574043,CUST10025,336983,336983,2026-05-20 00:00:00,2026-05-20 00:01:00,API,Paid,0
BILL502870,CUST10025,336983,336983,2026-05-20 00:00:00,2026-05-20 00:02:00,API,Paid,0
BILL419703,CUST10480,113117,113117,2026-02-03 00:00:00,2026-02-03 00:00:00,Web,Paid,0
BILL680536,CUST10400,379084,379084,2026-06-21 00:00:00,2026-06-22 00:00:00,Mobile,Paid,0
BILL744354,CUST10036,365195,5688577,2026-06-18 00:00:00,2026-06-18 00:00:00,Web,Paid,0
BILL193842,CUST10297,315997,315997,2026-03-03 00:00:00,2026-03-04 00:00:00,Mobile,Paid,0
BILL826907,CUST10531,303613,303613,2026-06-11 00:00:00,2026-06-15 00:00:00,Mobile,Paid,0
BILL661247,CUST10277,261985,261985,2026-03-02 00:00:00,2026-03-02 00:00:00,Web,Paid,0
BILL877833,CUST10147,155440,155440,2026-07-19 00:00:00,2026-07-22 00:00:00,Web,Paid,0
BILL986893,CUST10400,379084,379084,2026-07-22 00:00:00,2026-07-24 00:00:00,Mobile,Paid,0
BILL643279,CUST10558,339745,339745,2026-04-14 00:00:00,2026-04-18 00:00:00,Web,Paid,0
BILL248717,CUST10356,366114,366114,2026-06-17 00:00:00,2026-06-17 00:00:00,Web,Paid,0
BILL806530,CUST10232,326760,326760,2026-05-13 00:03:00,2026-05-16 00:03:00,Web,Paid,0
BILL523086,CUST10365,152220,152220,2026-08-19 00:00:00,2026-08-21 00:00:00,Mobile,Paid,0
BILL948384,CUST10617,391485,391485,2026-03-04 00:00:00,2026-03-05 00:00:00,Web,Paid,0
BILL700782,CUST10326,125135,125135,2026-04-12 00:00:00,2026-04-12 00:00:00,API,Paid,0
BILL403015,CUST10326,125135,125135,2026-04-12 00:00:00,2026-04-12 00:01:00,API,Paid,0
BILL918368,CUST10326,125135,125135,2026-04-12 00:00:00,2026-04-12 00:02:00,API,Paid,0
BILL504000,CUST10326,125135,125135,2026-04-12 00:00:00,2026-04-12 00:03:00,API,Paid,0
BILL323505,CUST10082,287913,287913,2026-06-14 00:00:00,2026-06-14 00:00:00,Mobile,Paid,0
BILL265047,CUST10190,169437,169437,2026-05-13 00:00:00,2026-05-15 00:00:00,Mobile,Paid,0
BILL178289,CUST10092,280466,280466,2026-06-17 00:00:00,2026-06-21 00:00:00,Mobile,Paid,0
BILL553254,CUST10351,288849,288849,2026-03-05 00:00:00,2026-03-07 00:00:00,Mobile,Paid,0
BILL214492,CUST10462,104974,104974,2026-07-12 00:00:00,2026-07-14 00:00:00,Mobile,Paid,0
BILL142737,CUST10522,265752,265752,2026-08-20 00:00:00,2026-08-21 00:00:00,Mobile,Paid,0
BILL291747,CUST10361,329183,329183,2026-04-11 00:00:00,2026-04-11 00:00:00,API,Paid,0
BILL765194,CUST10361,329183,329183,2026-04-11 00:00:00,2026-04-11 00:01:00,API,Paid,0
BILL563033,CUST10361,329183,329183,2026-04-11 00:00:00,2026-04-11 00:02:00,API,Paid,0
BILL325073,CUST10361,329183,329183,2026-04-11 00:00:00,2026-04-11 00:03:00,API,Paid,0
BILL849003,CUST10566,293643,293643,2026-03-15 00:00:00,2026-03-18 00:00:00,Mobile,Paid,0
BILL288491,CUST10221,392103,392103,2026-06-10 00:00:00,2026-06-10 00:00:00,Web,Paid,1
BILL821333,CUST10240,399654,399654,2026-11-22 00:00:00,2026-11-22 00:00:00,API,Paid,0
BILL761251,CUST10240,399654,399654,2026-11-22 00:00:00,2026-11-22 00:01:00,API,Paid,0
BILL533258,CUST10240,399654,399654,2026-11-22 00:00:00,2026-11-22 00:02:00,API,Paid,0
BILL351963,CUST10240,399654,399654,2026-11-22 00:00:00,2026-11-22 00:03:00,API,Paid,0
BILL888857,CUST10240,399654,399654,2026-11-22 00:00:00,2026-11-22 00:04:00,API,Paid,0
BILL897256,CUST10388,278289,278289,2026-05-19 00:00:00,2026-05-21 00:00:00,Mobile,Paid,0
BILL907649,CUST10492,178349,178349,2026-07-21 00:00:00,2026-07-23 00:00:00,Mobile,Paid,0
BILL301104,CUST10336,385465,385465,2026-05-16 00:00:00,2026-05-20 00:00:00,Web,Paid,0
BILL854241,CUST10229,340710,340710,2026-07-24 00:04:00,2026-07-25 00:04:00,Mobile,Paid,0
BILL357694,CUST10221,392103,392103,2026-07-10 00:00:00,2026-07-14 00:00:00,Web,Paid,0
BILL273467,CUST10428,218349,218349,2026-08-14 00:04:00,2026-08-17 00:04:00,Web,Paid,0
BILL678871,CUST10167,144117,144117,2026-05-10 00:05:00,2026-05-12 00:05:00,Mobile,Paid,0
BILL318907,CUST10438,179102,179102,2026-05-08 00:00:00,2026-05-13 00:00:00,Mobile,Paid,0
BILL802360,CUST10269,364634,364634,2026-05-10 00:00:00,2026-05-14 00:00:00,Web,Paid,0
BILL774932,CUST10499,397498,397498,2026-08-16 00:03:00,2026-08-18 00:03:00,API,Paid,0
BILL225453,CUST10343,365809,365809,2026-05-12 00:00:00,2026-05-14 00:00:00,Web,Paid,0
BILL651295,CUST10501,151549,151549,2026-06-17 00:04:00,2026-06-17 00:04:00,Mobile,Paid,0
BILL453264,CUST10060,344438,344438,2026-04-19 00:00:00,2026-04-24 00:00:00,Mobile,Paid,0
BILL641574,CUST10153,123159,123159,2026-05-06 00:00:00,2026-05-09 00:00:00,Web,Paid,0
BILL345919,CUST10346,359143,359143,2026-08-13 00:00:00,2026-08-18 00:00:00,Mobile,Paid,0
BILL804163,CUST10383,128578,128578,2026-09-19 00:00:00,2026-09-22 00:00:00,Mobile,Paid,0
BILL884641,CUST10134,167349,167349,2026-04-11 00:03:00,2026-04-16 00:03:00,Mobile,Paid,0
BILL392613,CUST10614,322605,322605,2026-06-16 00:00:00,2026-06-18 00:00:00,Mobile,Paid,0
BILL198194,CUST10572,328382,328382,2026-06-20 00:00:00,2026-06-21 00:00:00,API,Paid,0
BILL928597,CUST10610,316839,316839,2026-06-13 00:05:00,2026-06-18 00:05:00,Web,Paid,1
BILL753867,CUST10043,105943,105943,2026-02-08 00:00:00,2026-02-12 00:00:00,Mobile,Paid,0
BILL505466,CUST10599,103052,103052,2026-05-15 00:00:00,2026-05-18 00:00:00,Mobile,Paid,0
BILL285242,CUST10382,102370,102370,2026-04-12 00:00:00,2026-04-17 00:00:00,Web,Paid,0
BILL179985,CUST10181,358351,358351,2026-04-05 00:00:00,2026-04-05 00:00:00,Mobile,Paid,0
BILL853415,CUST10267,211714,211714,2026-04-09 00:00:00,2026-04-13 00:00:00,Mobile,Paid,0
BILL235245,CUST10565,368324,368324,2026-04-10 00:05:00,2026-04-14 00:05:00,Web,Paid,0
BILL912309,CUST10137,117777,117777,2026-07-16 00:00:00,2026-07-16 00:00:00,API,Paid,0
BILL222574,CUST10137,117777,117777,2026-07-16 00:00:00,2026-07-16 00:01:00,API,Paid,0
BILL121088,CUST10137,117777,117777,2026-07-16 00:00:00,2026-07-16 00:02:00,API,Paid,0
BILL872378,CUST10137,117777,117777,2026-07-16 00:00:00,2026-07-16 00:03:00,API,Paid,0
BILL654260,CUST10355,349261,349261,2026-04-14 00:00:00,2026-04-15 00:00:00,Mobile,Paid,0
BILL607498,CUST10050,368862,368862,2026-05-17 00:04:00,2026-05-22 00:04:00,Mobile,Paid,0
BILL473637,CUST10481,205868,205868,2026-05-11 00:00:00,2026-05-13 00:00:00,Mobile,Paid,0
BILL109565,CUST10246,120813,120813,2026-03-09 00:00:00,2026-03-13 00:00:00,Mobile,Paid,0
BILL994057,CUST10388,278289,5503922,2026-06-20 00:00:00,2026-06-21 00:00:00,Mobile,Paid,0
BILL694226,CUST10322,138465,138465,2026-08-18 00:00:00,2026-08-21 00:00:00,Web,Paid,0
BILL114577,CUST10407,157295,157295,2026-06-14 00:00:00,2026-06-17 00:00:00,Web,Paid,0
BILL714272,CUST10612,324597,324597,2026-06-15 00:05:00,2026-06-16 00:05:00,API,Paid,0
BILL554518,CUST10422,298569,298569,2026-05-21 00:00:00,2026-05-26 00:00:00,Mobile,Paid,0
BILL288064,CUST10597,282876,282876,2026-03-17 00:00:00,2026-03-21 00:00:00,API,Paid,0
BILL970113,CUST10593,360948,360948,2026-04-15 00:00:00,2026-04-18 00:00:00,Web,Paid,0
BILL794451,CUST10146,222206,4611,2026-02-09 00:00:00,2026-02-14 00:00:00,Mobile,Paid,0
BILL667542,CUST10051,125386,125386,2026-04-05 00:00:00,2026-04-06 00:00:00,Web,Paid,0
BILL584499,CUST10000,171786,171786,2026-05-11 00:00:00,2026-05-13 00:00:00,Web,Paid,0
BILL679391,CUST10556,276618,276618,2026-04-05 00:00:00,2026-04-07 00:00:00,Mobile,Paid,0
BILL895731,CUST10449,315584,315584,2026-10-23 00:03:00,2026-10-23 00:03:00,Mobile,Paid,0
BILL668507,CUST10618,180862,180862,2026-04-11 00:00:00,2026-04-16 00:00:00,Mobile,Paid,0
BILL338759,CUST10585,370545,370545,2026-06-11 00:00:00,2026-06-15 00:00:00,Web,Paid,0
BILL181719,CUST10290,172758,172758,2026-06-09 00:05:00,2026-06-13 00:05:00,Mobile,Paid,0
BILL915573,CUST10078,168945,168945,2026-07-23 00:00:00,2026-07-27 00:00:00,Mobile,Paid,0
BILL101482,CUST10342,252882,252882,2026-07-16 00:00:00,2026-07-19 00:00:00,Mobile,Paid,0
BILL918007,CUST10364,342090,342090,2026-06-09 00:00:00,2026-06-12 00:00:00,Web,Paid,0
BILL101566,CUST10519,273139,273139,2026-08-15 00:00:00,2026-08-16 00:00:00,Mobile,Paid,0
BILL167843,CUST10062,360981,360981,2026-07-17 00:00:00,2026-07-22 00:00:00,Mobile,Paid,0
BILL251429,CUST10218,134040,134040,2026-04-17 00:00:00,2026-04-19 00:00:00,Mobile,Paid,0
BILL393716,CUST10395,284991,284991,2026-05-11 00:00:00,2026-05-11 00:00:00,Web,Paid,1
BILL660001,CUST10492,178349,178349,2026-08-22 00:00:00,2026-08-27 00:00:00,Mobile,Paid,0
BILL942157,CUST10312,332915,332915,2026-06-11 00:00:00,2026-06-15 00:00:00,Web,Paid,0
BILL263806,CUST10058,272649,272649,2026-09-20 00:00:00,2026-09-20 00:00:00,API,Paid,0
BILL411829,CUST10058,272649,272649,2026-09-20 00:00:00,2026-09-20 00:01:00,API,Paid,0
BILL558802,CUST10058,272649,272649,2026-09-20 00:00:00,2026-09-20 00:02:00,API,Paid,0
BILL584060,CUST10215,337929,337929,2026-05-21 00:00:00,2026-05-25 00:00:00,Web,Paid,0
BILL832356,CUST10072,339066,339066,2026-05-12 00:00:00,2026-05-13 00:00:00,API,Paid,0
BILL697602,CUST10278,172976,172976,2026-07-10 00:00:00,2026-07-13 00:00:00,Mobile,Paid,0
BILL618492,CUST10070,359330,359330,2026-08-22 00:00:00,2026-08-24 00:00:00,Web,Paid,0
BILL386614,CUST10401,120647,120647,2026-04-17 00:00:00,2026-04-22 00:00:00,Web,Paid,0
BILL649390,CUST10478,177027,177027,2026-04-07 00:04:00,2026-04-12 00:04:00,Mobile,Paid,0
BILL752716,CUST10334,153060,153060,2026-05-19 00:00:00,2026-05-20 00:00:00,Web,Paid,0
BILL807267,CUST10434,123587,2730268,2026-05-16 00:00:00,2026-05-16 00:00:00,Mobile,Paid,0
BILL403145,CUST10285,267241,267241,2026-07-19 00:00:00,2026-07-23 00:00:00,Mobile,Paid,0
BILL767064,CUST10596,117486,117486,2026-06-11 00:00:00,2026-06-14 00:00:00,Mobile,Paid,1
BILL858435,CUST10569,215229,9761,2026-09-15 00:00:00,2026-09-19 00:00:00,Mobile,Paid,0
BILL430578,CUST10613,196407,196407,2026-03-10 00:00:00,2026-03-11 00:00:00,Web,Paid,0
BILL361025,CUST10559,370300,370300,2026-03-03 00:00:00,2026-03-06 00:00:00,Web,Paid,0
BILL920714,CUST10371,280968,280968,2026-02-07 00:00:00,2026-02-11 00:00:00,Web,Paid,0
BILL121118,CUST10475,304176,304176,2026-07-23 00:00:00,2026-07-26 00:00:00,Web,Paid,0
BILL853532,CUST10418,362045,362045,2026-04-12 00:00:00,2026-04-16 00:00:00,Mobile,Paid,0
BILL127702,CUST10401,120647,120647,2026-05-22 00:00:00,2026-05-23 00:00:00,Web,Paid,0
BILL793685,CUST10427,150216,150216,2026-06-13 00:00:00,2026-06-17 00:00:00,Mobile,Paid,0
BILL730369,CUST10452,114174,114174,2026-03-10 00:00:00,2026-03-10 00:00:00,Mobile,Paid,0
BILL165066,CUST10603,234477,234477,2026-04-11 00:00:00,2026-04-14 00:00:00,Web,Paid,0
BILL334409,CUST10547,318664,318664,2026-04-11 00:03:00,2026-04-15 00:03:00,Web,Paid,0
BILL833022,CUST10240,399654,399654,2026-12-22 00:05:00,2026-12-27 00:05:00,Mobile,Paid,0
BILL352454,CUST10588,174867,174867,2026-06-11 00:04:00,2026-06-11 00:04:00,Web,Paid,1
BILL787934,CUST10583,372597,372597,2026-05-18 00:00:00,2026-05-23 00:00:00,Mobile,Paid,0
BILL181482,CUST10087,256235,5329,2026-04-08 00:00:00,2026-04-13 00:00:00,Mobile,Paid,0
BILL419777,CUST10432,311818,311818,2026-06-14 00:00:00,2026-06-14 00:00:00,Mobile,Paid,0
BILL490906,CUST10612,324597,324597,2026-07-16 00:05:00,2026-07-21 00:05:00,Web,Paid,0
BILL116235,CUST10083,266463,266463,2026-07-20 00:00:00,2026-07-20 00:00:00,Mobile,Paid,0
BILL520530,CUST10345,214430,214430,2026-06-10 00:00:00,2026-06-14 00:00:00,Web,Paid,0
BILL883801,CUST10289,182935,182935,2026-04-12 00:00:00,2026-04-15 00:00:00,Mobile,Paid,0
BILL475286,CUST10505,205177,205177,2026-05-17 00:00:00,2026-05-22 00:00:00,Mobile,Paid,0
BILL191428,CUST10274,392388,392388,2026-11-20 00:03:00,2026-11-22 00:03:00,Web,Paid,0
BILL639240,CUST10025,336983,336983,2026-06-19 00:03:00,2026-06-21 00:03:00,Mobile,Paid,0
BILL406096,CUST10059,185962,185962,2026-06-15 00:00:00,2026-06-18 00:00:00,Web,Paid,0
BILL329776,CUST10554,178725,178725,2026-07-10 00:00:00,2026-07-12 00:00:00,Web,Paid,0
BILL303221,CUST10596,117486,117486,2026-07-14 00:00:00,2026-07-16 00:00:00,Mobile,Paid,0
BILL790502,CUST10586,360128,360128,2026-07-16 00:00:00,2026-07-16 00:00:00,Mobile,Paid,0
BILL226059,CUST10157,240590,240590,2026-04-08 00:00:00,2026-04-09 00:00:00,Web,Paid,0
BILL587875,CUST10055,137750,137750,2026-04-06 00:00:00,2026-04-08 00:00:00,Web,Paid,0
BILL914142,CUST10141,136058,136058,2026-07-15 00:00:00,2026-07-20 00:00:00,Mobile,Paid,0
BILL257759,CUST10307,115337,115337,2026-07-18 00:00:00,2026-07-20 00:00:00,Mobile,Paid,0
BILL980695,CUST10294,299488,299488,2027-01-27 00:00:00,2027-01-30 00:00:00,Mobile,Paid,0
BILL700286,CUST10243,399795,399795,2026-05-08 00:00:00,2026-05-09 00:00:00,Web,Paid,0
BILL753915,CUST10403,334181,334181,2026-04-13 00:00:00,2026-04-17 00:00:00,Mobile,Paid,0
BILL832577,CUST10133,106145,106145,2026-05-17 00:00:00,2026-05-17 00:00:00,API,Paid,0
BILL916594,CUST10133,106145,106145,2026-05-17 00:00:00,2026-05-17 00:01:00,API,Paid,0
BILL873382,CUST10133,106145,106145,2026-05-17 00:00:00,2026-05-17 00:02:00,API,Paid,0
BILL668185,CUST10133,106145,106145,2026-05-17 00:00:00,2026-05-17 00:03:00,API,Paid,0
BILL892365,CUST10472,198317,198317,2026-05-15 00:00:00,2026-05-17 00:00:00,Web,Paid,0
BILL784890,CUST10348,137719,137719,2026-07-15 00:00:00,2026-07-15 00:00:00,Mobile,Paid,0
BILL419506,CUST10402,372130,372130,2026-05-12 00:00:00,2026-05-15 00:00:00,Mobile,Paid,0
BILL524980,CUST10301,210731,210731,2026-05-10 00:04:00,2026-05-11 00:04:00,Web,Paid,0
BILL591842,CUST10085,364972,364972,2026-11-22 00:00:00,2026-11-25 00:00:00,Mobile,Paid,0
BILL309919,CUST10135,226874,226874,2026-03-03 00:00:00,2026-03-03 00:00:00,Web,Paid,0
BILL114505,CUST10538,233082,233082,2026-06-11 00:00:00,2026-06-14 00:00:00,Web,Paid,0
BILL534339,CUST10521,311508,311508,2026-06-20 00:00:00,2026-06-25 00:00:00,Mobile,Paid,0
BILL329198,CUST10135,226874,226874,2026-04-02 00:00:00,2026-04-04 00:00:00,Web,Paid,0
BILL885695,CUST10393,386367,386367,2026-05-12 00:00:00,2026-05-14 00:00:00,Mobile,Paid,0
BILL390702,CUST10560,371356,371356,2026-03-03 00:00:00,2026-03-08 00:00:00,Web,Paid,0
BILL375589,CUST10241,399193,399193,2026-09-28 00:03:00,2026-09-28 00:03:00,Web,Paid,0
BILL690916,CUST10357,248320,248320,2026-08-22 00:00:00,2026-08-23 00:00:00,Mobile,Paid,0
BILL971095,CUST10199,101201,101201,2026-04-08 00:00:00,2026-04-08 00:00:00,Mobile,Paid,0
BILL584332,CUST10523,228291,228291,2026-05-20 00:00:00,2026-05-24 00:00:00,Mobile,Paid,0
BILL784051,CUST10337,307045,307045,2026-06-11 00:00:00,2026-06-11 00:00:00,Mobile,Paid,0
BILL298919,CUST10048,200010,200010,2026-08-19 00:03:00,2026-08-21 00:03:00,Mobile,Paid,0
BILL273281,CUST10111,245209,245209,2026-04-11 00:00:00,2026-04-12 00:00:00,Mobile,Paid,0
BILL967721,CUST10329,186139,186139,2026-07-16 00:00:00,2026-07-16 00:00:00,API,Paid,0
BILL108010,CUST10329,186139,186139,2026-07-16 00:00:00,2026-07-16 00:01:00,API,Paid,0
BILL342764,CUST10329,186139,186139,2026-07-16 00:00:00,2026-07-16 00:02:00,API,Paid,0
BILL488870,CUST10329,186139,186139,2026-07-16 00:00:00,2026-07-16 00:03:00,API,Paid,0
BILL611296,CUST10329,186139,186139,2026-07-16 00:00:00,2026-07-16 00:04:00,API,Paid,0
BILL663233,CUST10180,151733,151733,2026-03-06 00:00:00,2026-03-11 00:00:00,Mobile,Paid,0
BILL163626,CUST10306,119250,119250,2026-03-15 00:00:00,2026-03-19 00:00:00,Mobile,Paid,0
BILL376069,CUST10200,342570,342570,2026-07-13 00:00:00,2026-07-17 00:00:00,Web,Paid,1
BILL668147,CUST10160,264437,264437,2026-09-22 00:08:00,2026-09-27 00:08:00,Web,Paid,0
BILL516039,CUST10081,134971,134971,2026-05-17 00:00:00,2026-05-18 00:00:00,Web,Paid,0
BILL591277,CUST10517,297101,297101,2026-02-04 00:00:00,2026-02-07 00:00:00,Mobile,Paid,0
BILL683332,CUST10199,101201,101201,2026-05-08 00:00:00,2026-05-10 00:00:00,Mobile,Paid,0
BILL397919,CUST10530,291947,291947,2026-10-22 00:00:00,2026-10-26 00:00:00,Web,Paid,0
BILL222606,CUST10566,293643,293643,2026-04-17 00:00:00,2026-04-19 00:00:00,Mobile,Paid,0
BILL385154,CUST10570,322635,322635,2026-06-27 00:00:00,2026-07-02 00:00:00,Mobile,Paid,0
BILL790069,CUST10511,190133,190133,2026-08-26 00:00:00,2026-08-26 00:00:00,Mobile,Paid,0
BILL593385,CUST10162,194990,194990,2026-03-09 00:00:00,2026-03-13 00:00:00,Web,Paid,0
BILL544454,CUST10007,390473,390473,2026-05-06 00:00:00,2026-05-08 00:00:00,Web,Paid,0
BILL957777,CUST10204,189116,189116,2026-04-10 00:00:00,2026-04-10 00:00:00,API,Paid,0
BILL287075,CUST10204,189116,189116,2026-04-10 00:00:00,2026-04-10 00:01:00,API,Paid,0
BILL482594,CUST10204,189116,189116,2026-04-10 00:00:00,2026-04-10 00:02:00,API,Paid,0
BILL488644,CUST10204,189116,189116,2026-04-10 00:00:00,2026-04-10 00:03:00,API,Paid,0
BILL666427,CUST10204,189116,189116,2026-04-10 00:00:00,2026-04-10 00:04:00,API,Paid,0
BILL116846,CUST10369,225493,225493,2026-06-12 00:00:00,2026-06-12 00:00:00,Web,Paid,0
BILL106031,CUST10063,298648,298648,2026-03-03 00:00:00,2026-03-05 00:00:00,Mobile,Paid,0
BILL356205,CUST10530,291947,291947,2026-11-25 00:00:00,2026-11-26 00:00:00,Web,Paid,0
BILL670314,CUST10095,169253,169253,2026-04-02 00:00:00,2026-04-04 00:00:00,Mobile,Paid,0
BILL425676,CUST10538,233082,233082,2026-07-14 00:00:00,2026-07-17 00:00:00,Web,Paid,0
BILL769698,CUST10233,310354,310354,2026-10-23 00:03:00,2026-10-26 00:03:00,Mobile,Paid,0
BILL695889,CUST10068,257954,257954,2026-06-11 00:00:00,2026-06-14 00:00:00,Web,Paid,0
BILL703191,CUST10339,349645,349645,2026-03-07 00:00:00,2026-03-09 00:00:00,Mobile,Paid,0
BILL338055,CUST10493,119681,119681,2026-07-16 00:00:00,2026-07-17 00:00:00,Mobile,Paid,0
BILL130777,CUST10232,326760,326760,2026-06-15 00:03:00,2026-06-20 00:03:00,Web,Paid,0
BILL899356,CUST10181,358351,358351,2026-05-05 00:00:00,2026-05-09 00:00:00,Mobile,Paid,0
BILL900028,CUST10391,185279,185279,2026-06-18 00:00:00,2026-06-22 00:00:00,Mobile,Paid,0
BILL273129,CUST10452,114174,114174,2026-04-09 00:00:00,2026-04-13 00:00:00,Mobile,Paid,1
BILL707185,CUST10555,214312,4406,2026-04-13 00:00:00,2026-04-18 00:00:00,Mobile,Paid,0
BILL707911,CUST10136,266443,266443,2026-07-24 00:00:00,2026-07-27 00:00:00,API,Paid,0
BILL368964,CUST10350,276597,276597,2026-09-24 00:00:00,2026-09-25 00:00:00,Mobile,Paid,0
BILL204436,CUST10534,275437,275437,2026-07-17 00:00:00,2026-07-20 00:00:00,Web,Paid,0
BILL704123,CUST10132,106770,1912666,2026-05-07 00:00:00,2026-05-10 00:00:00,Web,Paid,0
BILL839307,CUST10518,219705,219705,2026-05-14 00:00:00,2026-05-15 00:00:00,Web,Paid,0
BILL393296,CUST10152,248075,248075,2026-05-16 00:00:00,2026-05-18 00:00:00,Web,Paid,0
BILL602837,CUST10456,348538,348538,2026-03-07 00:00:00,2026-03-10 00:00:00,API,Paid,0
BILL507727,CUST10358,348682,348682,2026-05-10 00:00:00,2026-05-13 00:00:00,Mobile,Paid,0
BILL579950,CUST10574,359902,359902,2026-08-18 00:00:00,2026-08-23 00:00:00,Web,Paid,0
BILL827090,CUST10507,302841,302841,2026-05-15 00:00:00,2026-05-15 00:00:00,Mobile,Paid,0
BILL522309,CUST10089,397040,397040,2026-04-11 00:00:00,2026-04-11 00:00:00,Web,Paid,0
BILL604613,CUST10132,106770,1444829,2026-06-09 00:00:00,2026-06-12 00:00:00,Web,Paid,0
BILL909743,CUST10016,140742,140742,2026-06-13 00:00:00,2026-06-18 00:00:00,Mobile,Paid,0
BILL108419,CUST10216,377209,377209,2026-07-18 00:00:00,2026-07-19 00:00:00,Web,Paid,0
BILL451154,CUST10463,103583,103583,2026-03-07 00:00:00,2026-03-12 00:00:00,Mobile,Paid,0
BILL520302,CUST10066,187187,187187,2026-05-10 00:00:00,2026-05-12 00:00:00,Web,Paid,0
BILL647456,CUST10104,265643,265643,2026-06-10 00:03:00,2026-06-13 00:03:00,Web,Paid,0
BILL998852,CUST10298,310450,310450,2026-04-06 00:00:00,2026-04-11 00:00:00,Web,Paid,0
BILL955733,CUST10612,324597,324597,2026-08-20 00:05:00,2026-08-24 00:05:00,Web,Paid,0
BILL387906,CUST10563,343334,343334,2026-03-11 00:00:00,2026-03-14 00:00:00,Mobile,Paid,0
BILL724172,CUST10274,392388,392388,2026-12-22 00:03:00,2026-12-23 00:03:00,Web,Paid,0
BILL735399,CUST10338,206150,206150,2026-07-26 00:00:00,2026-07-27 00:00:00,API,Paid,0
BILL687746,CUST10328,260545,260545,2026-05-17 00:00:00,2026-05-18 00:00:00,Mobile,Paid,0
BILL862426,CUST10170,270711,270711,2026-04-07 00:00:00,2026-04-09 00:00:00,Mobile,Paid,0
BILL471505,CUST10002,360456,360456,2026-02-06 00:00:00,2026-02-11 00:00:00,Web,Paid,0
BILL728381,CUST10494,126676,126676,2026-05-14 00:00:00,2026-05-17 00:00:00,Web,Paid,0
BILL980036,CUST10579,205403,205403,2026-07-14 00:00:00,2026-07-18 00:00:00,Mobile,Paid,0
BILL287403,CUST10192,309961,309961,2026-04-08 00:00:00,2026-04-09 00:00:00,Mobile,Paid,0
BILL691192,CUST10045,116178,116178,2026-03-12 00:00:00,2026-03-15 00:00:00,Mobile,Paid,0
BILL811956,CUST10298,310450,310450,2026-05-11 00:00:00,2026-05-13 00:00:00,Web,Paid,0
BILL218372,CUST10466,170776,170776,2026-05-12 00:00:00,2026-05-12 00:00:00,Mobile,Paid,0
BILL449763,CUST10340,279388,279388,2026-03-09 00:00:00,2026-03-14 00:00:00,Mobile,Paid,0
BILL951634,CUST10351,288849,288849,2026-04-06 00:00:00,2026-04-08 00:00:00,Mobile,Paid,0
BILL353669,CUST10126,344492,344492,2026-02-06 00:00:00,2026-02-09 00:00:00,Mobile,Paid,0
BILL785844,CUST10505,205177,205177,2026-06-21 00:00:00,2026-06-23 00:00:00,Mobile,Paid,1
BILL572842,CUST10451,211055,4451,2026-03-13 00:00:00,2026-03-13 00:00:00,Mobile,Paid,0
BILL451870,CUST10190,169437,169437,2026-06-14 00:00:00,2026-06-16 00:00:00,Mobile,Paid,0
BILL957861,CUST10329,186139,186139,2026-08-15 00:05:00,2026-08-20 00:05:00,Mobile,Paid,0
BILL683250,CUST10470,216130,216130,2026-03-15 00:00:00,2026-03-17 00:00:00,Web,Paid,0
BILL762078,CUST10258,375829,375829,2026-03-08 00:00:00,2026-03-13 00:00:00,Mobile,Paid,0
BILL882035,CUST10070,359330,359330,2026-09-23 00:00:00,2026-09-27 00:00:00,API,Paid,0
BILL595352,CUST10549,273984,273984,2026-07-16 00:00:00,2026-07-19 00:00:00,Web,Paid,0
BILL447093,CUST10008,241795,241795,2026-09-19 00:00:00,2026-09-24 00:00:00,Web,Paid,0
BILL516117,CUST10584,359104,359104,2026-07-15 00:05:00,2026-07-18 00:05:00,Mobile,Paid,0
BILL447240,CUST10074,237204,237204,2026-06-14 00:05:00,2026-06-15 00:05:00,Web,Paid,0
BILL429313,CUST10225,183503,2657877,2026-03-10 00:00:00,2026-03-10 00:00:00,Web,Paid,0
BILL567410,CUST10162,194990,194990,2026-04-12 00:00:00,2026-04-12 00:00:00,Web,Paid,0
BILL597849,CUST10398,320042,320042,2026-05-13 00:00:00,2026-05-14 00:00:00,Web,Paid,0
BILL945782,CUST10196,104708,104708,2026-02-01 00:00:00,2026-02-04 00:00:00,API,Paid,0
BILL820348,CUST10274,392388,392388,2027-01-22 00:03:00,2027-01-25 00:03:00,API,Paid,0
BILL270366,CUST10298,310450,3180879,2026-06-12 00:00:00,2026-06-15 00:00:00,Web,Paid,0
BILL208028,CUST10407,157295,157295,2026-07-17 00:00:00,2026-07-22 00:00:00,Web,Paid,0
BILL874412,CUST10289,182935,182935,2026-05-15 00:00:00,2026-05-16 00:00:00,Mobile,Paid,0
BILL196754,CUST10322,138465,1596282,2026-09-20 00:00:00,2026-09-23 00:00:00,Web,Paid,0
BILL249780,CUST10404,308543,308543,2026-08-19 00:00:00,2026-08-22 00:00:00,Mobile,Paid,0
BILL914443,CUST10196,104708,104708,2026-03-06 00:00:00,2026-03-07 00:00:00,Web,Paid,0
BILL193906,CUST10420,139871,3061,2026-05-17 00:00:00,2026-05-21 00:00:00,Web,Paid,0
BILL780931,CUST10399,320221,320221,2026-05-09 00:00:00,2026-05-11 00:00:00,Web,Paid,0
BILL538089,CUST10203,136548,3888,2026-05-18 00:00:00,2026-05-18 00:00:00,Web,Paid,0
BILL108513,CUST10501,151549,151549,2026-07-17 00:04:00,2026-07-22 00:04:00,Mobile,Paid,0
BILL641625,CUST10325,105485,105485,2026-05-10 00:00:00,2026-05-11 00:00:00,Mobile,Paid,0
BILL206375,CUST10095,169253,169253,2026-05-04 00:00:00,2026-05-04 00:00:00,Mobile,Paid,0
BILL261717,CUST10579,205403,1451,2026-08-17 00:00:00,2026-08-21 00:00:00,Mobile,Paid,0
BILL277113,CUST10143,377651,377651,2026-03-11 00:00:00,2026-03-13 00:00:00,Mobile,Paid,0
BILL910803,CUST10290,172758,172758,2026-07-13 00:05:00,2026-07-14 00:05:00,Mobile,Paid,0
BILL576012,CUST10129,185393,185393,2026-10-28 00:00:00,2026-10-29 00:00:00,Web,Paid,0
BILL659608,CUST10317,221198,221198,2026-06-18 00:00:00,2026-06-22 00:00:00,Mobile,Paid,0
BILL483011,CUST10160,264437,264437,2026-10-27 00:08:00,2026-10-31 00:08:00,Web,Paid,0
BILL199896,CUST10171,147240,147240,2026-05-17 00:00:00,2026-05-17 00:00:00,Web,Paid,1
BILL892143,CUST10158,310083,310083,2026-02-06 00:00:00,2026-02-09 00:00:00,Mobile,Paid,1
BILL583430,CUST10459,105072,105072,2026-08-03 00:00:00,2026-08-04 00:00:00,Mobile,Paid,0
BILL513917,CUST10416,384413,384413,2026-06-07 00:00:00,2026-06-09 00:00:00,Mobile,Paid,0
BILL425554,CUST10276,382395,382395,2026-04-12 00:00:00,2026-04-15 00:00:00,Mobile,Paid,0
BILL367861,CUST10478,177027,177027,2026-05-12 00:04:00,2026-05-12 00:04:00,API,Paid,0
BILL612487,CUST10531,303613,303613,2026-07-15 00:00:00,2026-07-15 00:00:00,Mobile,Paid,0
BILL433363,CUST10557,310831,310831,2026-04-06 00:00:00,2026-04-11 00:00:00,Mobile,Paid,0
BILL197912,CUST10331,201073,201073,2026-05-17 00:00:00,2026-05-17 00:00:00,API,Paid,0
BILL172453,CUST10331,201073,201073,2026-05-17 00:00:00,2026-05-17 00:01:00,API,Paid,0
BILL635090,CUST10331,201073,201073,2026-05-17 00:00:00,2026-05-17 00:02:00,API,Paid,0
BILL172028,CUST10331,201073,201073,2026-05-17 00:00:00,2026-05-17 00:03:00,API,Paid,0
BILL854427,CUST10334,153060,153060,2026-06-19 00:00:00,2026-06-19 00:00:00,API,Paid,0
BILL417721,CUST10196,104708,104708,2026-04-06 00:00:00,2026-04-06 00:00:00,Web,Paid,0
BILL678032,CUST10406,373225,373225,2026-04-07 00:00:00,2026-04-08 00:00:00,Mobile,Paid,0
BILL296781,CUST10499,397498,397498,2026-09-17 00:03:00,2026-09-20 00:03:00,Mobile,Paid,0
BILL208339,CUST10103,288564,288564,2026-04-13 00:00:00,2026-04-14 00:00:00,Mobile,Paid,0
BILL115146,CUST10057,250829,250829,2026-03-10 00:00:00,2026-03-13 00:00:00,Mobile,Paid,0
BILL612906,CUST10186,125905,125905,2026-06-09 00:00:00,2026-06-09 00:00:00,Web,Paid,0
BILL316713,CUST10423,311188,311188,2026-10-28 00:00:00,2026-11-02 00:00:00,Mobile,Paid,0
BILL810574,CUST10006,320580,320580,2026-05-12 00:00:00,2026-05-12 00:00:00,Web,Paid,0
BILL975607,CUST10287,326490,326490,2026-03-04 00:00:00,2026-03-04 00:00:00,Web,Paid,0
BILL971826,CUST10591,268129,268129,2026-04-06 00:00:00,2026-04-06 00:00:00,API,Paid,0
BILL311006,CUST10591,268129,268129,2026-04-06 00:00:00,2026-04-06 00:01:00,API,Paid,0
BILL389304,CUST10591,268129,268129,2026-04-06 00:00:00,2026-04-06 00:02:00,API,Paid,0
BILL124889,CUST10591,268129,268129,2026-04-06 00:00:00,2026-04-06 00:03:00,API,Paid,0
BILL402327,CUST10520,267781,5831,2026-04-09 00:00:00,2026-04-12 00:00:00,Web,Paid,0
BILL189598,CUST10062,360981,360981,2026-08-21 00:00:00,2026-08-26 00:00:00,Mobile,Paid,0
BILL314484,CUST10598,244837,244837,2026-07-19 00:00:00,2026-07-24 00:00:00,Mobile,Paid,0
BILL181535,CUST10365,152220,152220,2026-09-20 00:00:00,2026-09-25 00:00:00,Mobile,Paid,0
BILL610511,CUST10480,113117,113117,2026-03-05 00:00:00,2026-03-09 00:00:00,Web,Paid,0
BILL798361,CUST10323,390691,390691,2026-06-13 00:00:00,2026-06-14 00:00:00,Mobile,Paid,0
BILL858774,CUST10577,213700,213700,2026-06-16 00:04:00,2026-06-21 00:04:00,Web,Paid,0
BILL883212,CUST10567,257276,257276,2026-06-10 00:00:00,2026-06-13 00:00:00,Web,Paid,0
BILL588620,CUST10134,167349,167349,2026-05-16 00:03:00,2026-05-16 00:03:00,Mobile,Paid,0
BILL967068,CUST10480,113117,113117,2026-04-08 00:00:00,2026-04-12 00:00:00,Web,Paid,0
BILL312597,CUST10323,390691,390691,2026-07-14 00:00:00,2026-07-15 00:00:00,Mobile,Paid,0
BILL856248,CUST10071,269076,269076,2026-04-11 00:00:00,2026-04-13 00:00:00,Web,Paid,1
BILL541166,CUST10481,205868,205868,2026-06-12 00:00:00,2026-06-15 00:00:00,Mobile,Paid,0
BILL869828,CUST10104,265643,265643,2026-07-13 00:03:00,2026-07-18 00:03:00,Web,Paid,0
BILL271497,CUST10566,293643,293643,2026-05-19 00:00:00,2026-05-20 00:00:00,Mobile,Paid,0
BILL328333,CUST10223,365265,365265,2026-07-19 00:00:00,2026-07-22 00:00:00,Mobile,Paid,0
BILL303936,CUST10347,395153,395153,2026-04-13 00:00:00,2026-04-15 00:00:00,Web,Paid,0
BILL836073,CUST10422,298569,298569,2026-06-25 00:00:00,2026-06-27 00:00:00,Mobile,Paid,0
BILL407108,CUST10243,399795,399795,2026-06-08 00:00:00,2026-06-10 00:00:00,Web,Paid,0
BILL913461,CUST10452,114174,114174,2026-05-13 00:00:00,2026-05-16 00:00:00,Mobile,Paid,0
BILL256147,CUST10225,183503,183503,2026-04-09 00:00:00,2026-04-11 00:00:00,Web,Paid,0
BILL127930,CUST10438,179102,179102,2026-06-12 00:00:00,2026-06-12 00:00:00,Mobile,Paid,0
BILL933750,CUST10542,256381,256381,2026-07-12 00:00:00,2026-07-16 00:00:00,Mobile,Paid,0
BILL472043,CUST10442,190454,190454,2026-08-07 00:00:00,2026-08-11 00:00:00,Web,Paid,0
BILL609080,CUST10235,121848,121848,2026-03-12 00:00:00,2026-03-14 00:00:00,Mobile,Paid,0
BILL767625,CUST10059,185962,185962,2026-07-18 00:00:00,2026-07-20 00:00:00,API,Paid,0
BILL636644,CUST10587,189191,189191,2026-07-15 00:00:00,2026-07-17 00:00:00,Web,Paid,0
BILL635588,CUST10537,303726,303726,2026-05-19 00:00:00,2026-05-24 00:00:00,Web,Paid,0
BILL602907,CUST10144,221904,221904,2026-05-06 00:00:00,2026-05-08 00:00:00,Mobile,Paid,0
BILL505724,CUST10281,309691,309691,2026-05-12 00:00:00,2026-05-17 00:00:00,Mobile,Paid,0
BILL769286,CUST10501,151549,151549,2026-08-21 00:04:00,2026-08-25 00:04:00,Mobile,Paid,0
BILL574145,CUST10095,169253,3548499,2026-06-03 00:00:00,2026-06-04 00:00:00,Mobile,Paid,0
BILL533303,CUST10253,174527,174527,2026-05-16 00:00:00,2026-05-21 00:00:00,Mobile,Paid,0
BILL245100,CUST10303,131090,131090,2026-05-16 00:00:00,2026-05-16 00:00:00,Web,Paid,0
BILL390397,CUST10033,312211,312211,2026-04-15 00:00:00,2026-04-16 00:00:00,Web,Paid,0
BILL151953,CUST10149,189211,189211,2026-07-25 00:05:00,2026-07-26 00:05:00,Mobile,Paid,0
BILL265040,CUST10215,337929,337929,2026-06-24 00:00:00,2026-06-29 00:00:00,API,Paid,0
BILL569701,CUST10120,360615,360615,2026-04-07 00:00:00,2026-04-09 00:00:00,Mobile,Paid,0
BILL744703,CUST10355,349261,349261,2026-05-15 00:00:00,2026-05-15 00:00:00,Mobile,Paid,0
BILL415679,CUST10149,189211,189211,2026-08-25 00:05:00,2026-08-30 00:05:00,API,Paid,0
BILL596083,CUST10041,145257,145257,2026-06-18 00:00:00,2026-06-22 00:00:00,Mobile,Paid,0
BILL383297,CUST10583,372597,372597,2026-06-22 00:00:00,2026-06-24 00:00:00,Mobile,Paid,0
BILL752968,CUST10126,344492,344492,2026-03-11 00:00:00,2026-03-16 00:00:00,Mobile,Paid,0
BILL518918,CUST10044,331621,331621,2026-07-10 00:00:00,2026-07-13 00:00:00,Web,Paid,0
BILL235575,CUST10221,392103,392103,2026-08-13 00:00:00,2026-08-18 00:00:00,Web,Paid,0
BILL315010,CUST10383,128578,128578,2026-10-22 00:00:00,2026-10-27 00:00:00,Mobile,Paid,0
BILL826849,CUST10548,276062,276062,2026-04-20 00:00:00,2026-04-24 00:00:00,Web,Paid,0
BILL395899,CUST10487,396911,396911,2026-05-10 00:00:00,2026-05-10 00:00:00,API,Paid,0
BILL337967,CUST10487,396911,396911,2026-05-10 00:00:00,2026-05-10 00:01:00,API,Paid,0
BILL909010,CUST10487,396911,396911,2026-05-10 00:00:00,2026-05-10 00:02:00,API,Paid,0
BILL827480,CUST10487,396911,396911,2026-05-10 00:00:00,2026-05-10 00:03:00,API,Paid,0
BILL652583,CUST10487,396911,396911,2026-05-10 00:00:00,2026-05-10 00:04:00,API,Paid,0
BILL389768,CUST10499,397498,397498,2026-10-20 00:03:00,2026-10-22 00:03:00,Mobile,Paid,0
BILL521734,CUST10544,303681,303681,2026-08-19 00:00:00,2026-08-20 00:00:00,Web,Paid,0
BILL149823,CUST10504,278446,7254,2026-03-11 00:00:00,2026-03-11 00:00:00,Web,Paid,0
BILL187851,CUST10421,123128,123128,2026-05-17 00:00:00,2026-05-22 00:00:00,Web,Paid,0
BILL423605,CUST10457,153106,153106,2026-03-04 00:00:00,2026-03-04 00:00:00,Web,Paid,0
BILL178841,CUST10354,318261,318261,2026-04-04 00:00:00,2026-04-06 00:00:00,Mobile,Paid,0
BILL204441,CUST10341,289740,289740,2026-06-06 00:00:00,2026-06-09 00:00:00,Mobile,Paid,0
BILL339674,CUST10061,293618,293618,2026-06-15 00:00:00,2026-06-18 00:00:00,Web,Paid,0
BILL434175,CUST10440,300049,300049,2026-04-14 00:00:00,2026-04-19 00:00:00,Web,Paid,0
BILL174764,CUST10236,256721,256721,2026-02-07 00:00:00,2026-02-11 00:00:00,Mobile,Paid,0
BILL668273,CUST10589,239931,239931,2026-06-17 00:00:00,2026-06-18 00:00:00,Web,Paid,0
BILL704950,CUST10120,360615,7573694,2026-05-09 00:00:00,2026-05-09 00:00:00,Mobile,Paid,0
BILL422945,CUST10230,356484,356484,2026-07-16 00:00:00,2026-07-17 00:00:00,Web,Paid,0
BILL981665,CUST10281,309691,309691,2026-06-16 00:00:00,2026-06-20 00:00:00,Mobile,Paid,0
BILL688677,CUST10065,379641,6612748,2026-06-13 00:00:00,2026-06-18 00:00:00,Mobile,Paid,0
BILL578781,CUST10213,322614,322614,2026-07-11 00:00:00,2026-07-14 00:00:00,Mobile,Paid,0
BILL657956,CUST10381,391812,391812,2026-05-15 00:00:00,2026-05-15 00:00:00,API,Paid,0
BILL178002,CUST10016,140742,140742,2026-07-18 00:00:00,2026-07-19 00:00:00,Mobile,Paid,0
BILL158933,CUST10397,259316,259316,2026-05-05 00:00:00,2026-05-10 00:00:00,Web,Paid,0
BILL521870,CUST10206,369902,369902,2026-09-28 00:00:00,2026-10-01 00:00:00,Web,Paid,0
BILL185960,CUST10185,106845,106845,2026-06-14 00:00:00,2026-06-14 00:00:00,Mobile,Paid,0
BILL684958,CUST10465,314765,314765,2026-04-14 00:00:00,2026-04-18 00:00:00,Web,Paid,0
BILL815622,CUST10297,315997,315997,2026-04-03 00:00:00,2026-04-08 00:00:00,Mobile,Paid,0
BILL545129,CUST10271,297333,297333,2026-08-17 00:04:00,2026-08-21 00:04:00,Web,Paid,0
BILL475850,CUST10470,216130,216130,2026-04-16 00:00:00,2026-04-21 00:00:00,Web,Paid,0
BILL702153,CUST10140,270876,270876,2026-07-05 00:00:00,2026-07-05 00:00:00,Web,Paid,0
BILL680660,CUST10592,138451,138451,2026-05-17 00:00:00,2026-05-19 00:00:00,Mobile,Paid,0
BILL982176,CUST10244,357946,357946,2026-07-12 00:03:00,2026-07-16 00:03:00,Web,Paid,0
BILL207163,CUST10358,348682,4814,2026-06-12 00:00:00,2026-06-17 00:00:00,Mobile,Paid,0
BILL407253,CUST10006,320580,320580,2026-06-11 00:00:00,2026-06-15 00:00:00,Web,Paid,0
BILL914768,CUST10053,207253,207253,2026-03-12 00:00:00,2026-03-14 00:00:00,Mobile,Paid,0
BILL481190,CUST10260,358839,358839,2026-05-20 00:00:00,2026-05-24 00:00:00,Web,Paid,0
BILL605949,CUST10149,189211,3045475,2026-09-29 00:05:00,2026-10-02 00:05:00,Mobile,Paid,0
BILL917480,CUST10263,398952,398952,2026-03-11 00:00:00,2026-03-13 00:00:00,Mobile,Paid,0
BILL400979,CUST10569,215229,215229,2026-10-19 00:00:00,2026-10-24 00:00:00,Mobile,Paid,0
BILL694618,CUST10006,320580,320580,2026-07-15 00:00:00,2026-07-19 00:00:00,Web,Paid,0
BILL253613,CUST10062,360981,360981,2026-09-25 00:00:00,2026-09-26 00:00:00,Mobile,Paid,0
BILL285486,CUST10272,274743,274743,2026-05-13 00:00:00,2026-05-13 00:00:00,Web,Paid,0
BILL801933,CUST10555,214312,214312,2026-05-18 00:00:00,2026-05-20 00:00:00,API,Paid,0
BILL300711,CUST10110,350073,4824406,2026-08-19 00:04:00,2026-08-24 00:04:00,Web,Paid,0
BILL233625,CUST10248,279819,6271111,2026-03-09 00:00:00,2026-03-14 00:00:00,Mobile,Paid,0
BILL576411,CUST10091,146080,146080,2026-06-16 00:00:00,2026-06-21 00:00:00,Web,Paid,0
BILL298038,CUST10281,309691,309691,2026-07-20 00:00:00,2026-07-21 00:00:00,API,Paid,0
BILL908459,CUST10090,254823,254823,2026-10-21 00:00:00,2026-10-23 00:00:00,Web,Paid,0
BILL171807,CUST10043,105943,105943,2026-03-14 00:00:00,2026-03-15 00:00:00,Mobile,Paid,0
BILL645719,CUST10066,187187,187187,2026-06-11 00:00:00,2026-06-16 00:00:00,Web,Paid,0
BILL955930,CUST10170,270711,270711,2026-05-09 00:00:00,2026-05-09 00:00:00,Mobile,Paid,0
BILL877832,CUST10004,125948,125948,2026-06-08 00:05:00,2026-06-11 00:05:00,Mobile,Paid,0
BILL581549,CUST10105,249200,249200,2026-05-08 00:00:00,2026-05-09 00:00:00,Mobile,Paid,0
BILL238583,CUST10420,139871,139871,2026-06-20 00:00:00,2026-06-20 00:00:00,API,Paid,0
BILL637408,CUST10420,139871,139871,2026-06-20 00:00:00,2026-06-20 00:01:00,API,Paid,0
BILL985680,CUST10420,139871,139871,2026-06-20 00:00:00,2026-06-20 00:02:00,API,Paid,0
BILL522320,CUST10090,254823,254823,2026-11-22 00:00:00,2026-11-22 00:00:00,Web,Paid,0
BILL653815,CUST10271,297333,4737097,2026-09-20 00:04:00,2026-09-24 00:04:00,Web,Paid,0
BILL186479,CUST10026,212036,212036,2026-05-14 00:00:00,2026-05-15 00:00:00,Mobile,Paid,0
BILL485195,CUST10587,189191,189191,2026-08-16 00:00:00,2026-08-17 00:00:00,Web,Paid,0
BILL193379,CUST10543,207612,207612,2026-04-14 00:00:00,2026-04-19 00:00:00,Web,Paid,0
BILL408454,CUST10355,349261,349261,2026-06-14 00:00:00,2026-06-16 00:00:00,Mobile,Paid,0
BILL606161,CUST10499,397498,397498,2026-11-21 00:03:00,2026-11-25 00:03:00,Mobile,Paid,0
BILL762555,CUST10251,365840,365840,2026-05-10 00:05:00,2026-05-10 00:05:00,Mobile,Paid,0
BILL144848,CUST10473,133741,133741,2026-05-09 00:00:00,2026-05-09 00:00:00,API,Paid,0
BILL153036,CUST10473,133741,133741,2026-05-09 00:00:00,2026-05-09 00:01:00,API,Paid,0
BILL199567,CUST10473,133741,133741,2026-05-09 00:00:00,2026-05-09 00:02:00,API,Paid,0
BILL651237,CUST10473,133741,133741,2026-05-09 00:00:00,2026-05-09 00:03:00,API,Paid,0
BILL616510,CUST10473,133741,133741,2026-05-09 00:00:00,2026-05-09 00:04:00,API,Paid,0
BILL804638,CUST10266,241149,241149,2026-05-15 00:00:00,2026-05-15 00:00:00,Web,Paid,0
BILL499477,CUST10532,306998,306998,2026-05-15 00:00:00,2026-05-18 00:00:00,Web,Paid,0
BILL482960,CUST10339,349645,349645,2026-04-08 00:00:00,2026-04-12 00:00:00,Mobile,Paid,0
BILL809698,CUST10612,324597,324597,2026-09-23 00:05:00,2026-09-25 00:05:00,Web,Paid,0
BILL422402,CUST10614,322605,322605,2026-07-18 00:00:00,2026-07-22 00:00:00,Mobile,Paid,0
BILL327000,CUST10099,377420,377420,2026-03-04 00:00:00,2026-03-05 00:00:00,Mobile,Paid,0
BILL839553,CUST10394,219001,219001,2026-06-10 00:03:00,2026-06-14 00:03:00,Web,Paid,0
BILL107349,CUST10340,279388,279388,2026-04-13 00:00:00,2026-04-15 00:00:00,Mobile,Paid,0
BILL173462,CUST10179,370177,370177,2026-06-22 00:00:00,2026-06-26 00:00:00,Mobile,Paid,0
BILL858623,CUST10380,314140,314140,2026-07-10 00:00:00,2026-07-10 00:00:00,Mobile,Paid,0
BILL571413,CUST10103,288564,288564,2026-05-14 00:00:00,2026-05-16 00:00:00,Mobile,Paid,0
BILL257154,CUST10041,145257,145257,2026-07-22 00:00:00,2026-07-25 00:00:00,Mobile,Paid,0
BILL745801,CUST10486,114630,114630,2026-04-08 00:00:00,2026-04-09 00:00:00,Web,Paid,1
BILL851490,CUST10084,164229,164229,2026-05-18 00:00:00,2026-05-19 00:00:00,Mobile,Paid,1
BILL730267,CUST10063,298648,298648,2026-04-04 00:00:00,2026-04-04 00:00:00,Mobile,Paid,0
BILL949688,CUST10577,213700,213700,2026-07-21 00:04:00,2026-07-21 00:04:00,Web,Paid,0
BILL663624,CUST10276,382395,382395,2026-05-15 00:00:00,2026-05-15 00:00:00,Mobile,Paid,0
BILL794644,CUST10126,344492,344492,2026-04-15 00:00:00,2026-04-16 00:00:00,Mobile,Paid,0
BILL120351,CUST10285,267241,267241,2026-08-22 00:00:00,2026-08-27 00:00:00,Mobile,Paid,0
BILL421665,CUST10592,138451,138451,2026-06-18 00:00:00,2026-06-20 00:00:00,Mobile,Paid,0
BILL849292,CUST10534,275437,275437,2026-08-19 00:00:00,2026-08-24 00:00:00,Web,Paid,1
BILL592238,CUST10527,351832,351832,2026-05-09 00:00:00,2026-05-10 00:00:00,Web,Paid,0
BILL317228,CUST10094,356586,356586,2026-10-30 00:00:00,2026-11-01 00:00:00,Mobile,Paid,0
BILL333155,CUST10283,175295,175295,2026-04-14 00:00:00,2026-04-15 00:00:00,Mobile,Paid,0
BILL585312,CUST10407,157295,157295,2026-08-21 00:00:00,2026-08-22 00:00:00,Web,Paid,0
BILL704718,CUST10541,286522,6188882,2026-03-02 00:00:00,2026-03-07 00:00:00,Mobile,Paid,0
BILL660754,CUST10084,164229,164229,2026-06-18 00:00:00,2026-06-22 00:00:00,Mobile,Paid,0
BILL386559,CUST10408,347868,347868,2026-11-05 00:00:00,2026-11-09 00:00:00,Mobile,Paid,0
BILL281868,CUST10412,307721,307721,2026-06-17 00:00:00,2026-06-20 00:00:00,Web,Paid,0
BILL956556,CUST10219,393343,393343,2026-12-26 00:03:00,2026-12-26 00:03:00,API,Paid,0
BILL677136,CUST10263,398952,398952,2026-04-12 00:00:00,2026-04-15 00:00:00,Mobile,Paid,0
BILL919933,CUST10140,270876,270876,2026-08-04 00:00:00,2026-08-07 00:00:00,Web,Paid,0
BILL231143,CUST10012,336936,336936,2026-05-18 00:00:00,2026-05-20 00:00:00,Mobile,Paid,0
BILL869157,CUST10175,379067,379067,2026-05-09 00:04:00,2026-05-10 00:04:00,API,Paid,0
BILL522697,CUST10211,276381,276381,2026-06-13 00:00:00,2026-06-18 00:00:00,Web,Paid,0
BILL811005,CUST10235,121848,121848,2026-04-13 00:00:00,2026-04-13 00:00:00,API,Paid,0
BILL295654,CUST10235,121848,121848,2026-04-13 00:00:00,2026-04-13 00:01:00,API,Paid,0
BILL116416,CUST10235,121848,121848,2026-04-13 00:00:00,2026-04-13 00:02:00,API,Paid,0
BILL463212,CUST10333,343339,343339,2026-06-14 00:03:00,2026-06-17 00:03:00,Mobile,Paid,0
BILL405150,CUST10334,153060,153060,2026-07-19 00:00:00,2026-07-22 00:00:00,Web,Paid,0
BILL375045,CUST10438,179102,179102,2026-07-12 00:00:00,2026-07-15 00:00:00,Mobile,Paid,0
BILL715809,CUST10233,310354,310354,2026-11-25 00:03:00,2026-11-28 00:03:00,Mobile,Paid,0
BILL283083,CUST10358,348682,348682,2026-07-17 00:00:00,2026-07-20 00:00:00,Mobile,Paid,0
BILL723905,CUST10226,323266,323266,2026-07-11 00:05:00,2026-07-16 00:05:00,Mobile,Paid,0
BILL193303,CUST10090,254823,254823,2026-12-22 00:00:00,2026-12-24 00:00:00,Web,Paid,0
BILL397648,CUST10300,333301,333301,2026-05-13 00:00:00,2026-05-14 00:00:00,Web,Paid,0
BILL935335,CUST10027,224025,224025,2026-03-09 00:00:00,2026-03-12 00:00:00,Mobile,Paid,0
BILL622598,CUST10543,207612,207612,2026-05-19 00:00:00,2026-05-20 00:00:00,Web,Paid,0
BILL524296,CUST10402,372130,372130,2026-06-14 00:00:00,2026-06-16 00:00:00,Mobile,Paid,0
BILL338786,CUST10297,315997,315997,2026-05-08 00:00:00,2026-05-11 00:00:00,Mobile,Paid,0
BILL480047,CUST10402,372130,372130,2026-07-16 00:00:00,2026-07-16 00:00:00,Mobile,Paid,0
BILL995551,CUST10515,303653,303653,2026-04-12 00:00:00,2026-04-17 00:00:00,Web,Paid,0
BILL436582,CUST10611,385997,385997,2026-04-09 00:00:00,2026-04-09 00:00:00,Mobile,Paid,0
BILL589830,CUST10468,366366,366366,2026-06-17 00:00:00,2026-06-18 00:00:00,Mobile,Paid,0
BILL160443,CUST10210,219614,219614,2026-05-11 00:00:00,2026-05-16 00:00:00,Mobile,Paid,0
BILL968787,CUST10486,114630,114630,2026-05-09 00:00:00,2026-05-11 00:00:00,Web,Paid,0
BILL751232,CUST10089,397040,397040,2026-05-11 00:00:00,2026-05-14 00:00:00,Web,Paid,0
BILL683067,CUST10509,245635,245635,2026-07-16 00:00:00,2026-07-21 00:00:00,Mobile,Paid,0
BILL266156,CUST10536,399661,399661,2026-04-03 00:00:00,2026-04-05 00:00:00,Web,Paid,0
BILL861110,CUST10175,379067,379067,2026-06-09 00:04:00,2026-06-09 00:04:00,Mobile,Paid,0
BILL713638,CUST10363,382129,382129,2026-03-06 00:00:00,2026-03-07 00:00:00,Web,Paid,0
BILL811897,CUST10185,106845,106845,2026-07-14 00:00:00,2026-07-18 00:00:00,Mobile,Paid,0
BILL721245,CUST10554,178725,178725,2026-08-11 00:00:00,2026-08-11 00:00:00,API,Paid,0
BILL851685,CUST10554,178725,178725,2026-08-11 00:00:00,2026-08-11 00:01:00,API,Paid,0
BILL262611,CUST10554,178725,178725,2026-08-11 00:00:00,2026-08-11 00:02:00,API,Paid,0
BILL698657,CUST10554,178725,178725,2026-08-11 00:00:00,2026-08-11 00:03:00,API,Paid,0
BILL717965,CUST10554,178725,178725,2026-08-11 00:00:00,2026-08-11 00:04:00,API,Paid,0
BILL848411,CUST10049,320646,320646,2026-05-14 00:00:00,2026-05-17 00:00:00,Web,Paid,0
BILL419768,CUST10018,118406,118406,2026-06-14 00:00:00,2026-06-19 00:00:00,Web,Paid,0
BILL312814,CUST10323,390691,390691,2026-08-14 00:00:00,2026-08-15 00:00:00,Mobile,Paid,0
BILL489923,CUST10233,310354,310354,2026-12-28 00:03:00,2026-12-31 00:03:00,Mobile,Paid,0
BILL891496,CUST10601,177234,177234,2026-07-17 00:04:00,2026-07-17 00:04:00,API,Paid,0
BILL721572,CUST10601,177234,177234,2026-07-17 00:04:00,2026-07-17 00:05:00,API,Paid,0
BILL386911,CUST10601,177234,177234,2026-07-17 00:04:00,2026-07-17 00:06:00,API,Paid,0
BILL871601,CUST10601,177234,177234,2026-07-17 00:04:00,2026-07-17 00:07:00,API,Paid,0
BILL123273,CUST10601,177234,177234,2026-07-17 00:04:00,2026-07-17 00:08:00,API,Paid,0
BILL413792,CUST10367,246080,246080,2026-05-05 00:05:00,2026-05-07 00:05:00,Mobile,Paid,0
BILL378752,CUST10118,111521,111521,2026-07-21 00:04:00,2026-07-25 00:04:00,Mobile,Paid,0
BILL913566,CUST10436,207905,207905,2026-04-09 00:00:00,2026-04-12 00:00:00,Mobile,Paid,0
BILL779957,CUST10280,176876,176876,2026-06-08 00:00:00,2026-06-08 00:00:00,Web,Paid,0
BILL745358,CUST10398,320042,320042,2026-06-13 00:00:00,2026-06-17 00:00:00,Web,Paid,0
BILL566453,CUST10413,292127,292127,2026-02-06 00:00:00,2026-02-11 00:00:00,Web,Paid,0
BILL451298,CUST10177,219181,219181,2026-11-14 00:05:00,2026-11-16 00:05:00,Web,Paid,1
BILL232773,CUST10334,153060,153060,2026-08-21 00:00:00,2026-08-26 00:00:00,Web,Paid,0
BILL267802,CUST10166,334687,334687,2026-04-08 00:00:00,2026-04-13 00:00:00,Web,Paid,0
BILL601167,CUST10006,320580,320580,2026-08-18 00:00:00,2026-08-19 00:00:00,Web,Paid,0
BILL268655,CUST10297,315997,315997,2026-06-10 00:00:00,2026-06-13 00:00:00,Mobile,Paid,0
BILL391761,CUST10087,256235,256235,2026-05-13 00:00:00,2026-05-15 00:00:00,Mobile,Paid,0
BILL312312,CUST10417,214064,214064,2026-06-13 00:00:00,2026-06-14 00:00:00,Mobile,Paid,0
BILL598944,CUST10045,116178,1548800,2026-04-14 00:00:00,2026-04-16 00:00:00,Mobile,Paid,0
BILL210051,CUST10236,256721,256721,2026-03-13 00:00:00,2026-03-13 00:00:00,Mobile,Paid,0
BILL659934,CUST10537,303726,303726,2026-06-23 00:00:00,2026-06-25 00:00:00,Web,Paid,0
BILL350575,CUST10253,174527,174527,2026-06-20 00:00:00,2026-06-21 00:00:00,Mobile,Paid,0
BILL505842,CUST10461,392083,392083,2026-03-03 00:00:00,2026-03-06 00:00:00,Web,Paid,0
BILL888288,CUST10477,154868,154868,2026-06-19 00:00:00,2026-06-19 00:00:00,API,Paid,0
BILL742380,CUST10477,154868,154868,2026-06-19 00:00:00,2026-06-19 00:01:00,API,Paid,0
BILL874309,CUST10477,154868,154868,2026-06-19 00:00:00,2026-06-19 00:02:00,API,Paid,0
BILL358401,CUST10477,154868,154868,2026-06-19 00:00:00,2026-06-19 00:03:00,API,Paid,0
BILL229635,CUST10525,309705,309705,2026-06-14 00:00:00,2026-06-14 00:00:00,API,Paid,0
BILL768481,CUST10525,309705,309705,2026-06-14 00:00:00,2026-06-14 00:01:00,API,Paid,0
BILL402869,CUST10525,309705,309705,2026-06-14 00:00:00,2026-06-14 00:02:00,API,Paid,0
BILL813450,CUST10199,101201,101201,2026-06-09 00:00:00,2026-06-10 00:00:00,Mobile,Paid,0
BILL684058,CUST10182,162027,162027,2026-04-07 00:00:00,2026-04-11 00:00:00,Mobile,Paid,0
BILL334664,CUST10375,286870,286870,2026-05-17 00:00:00,2026-05-18 00:00:00,Mobile,Paid,0
BILL238101,CUST10300,333301,333301,2026-06-13 00:00:00,2026-06-13 00:00:00,Web,Paid,0
BILL475937,CUST10490,111565,111565,2026-01-31 00:00:00,2026-02-04 00:00:00,Mobile,Paid,0
BILL346121,CUST10154,331986,331986,2026-03-14 00:00:00,2026-03-14 00:00:00,API,Paid,0
BILL953494,CUST10154,331986,331986,2026-03-14 00:00:00,2026-03-14 00:01:00,API,Paid,0
BILL907395,CUST10154,331986,331986,2026-03-14 00:00:00,2026-03-14 00:02:00,API,Paid,0
BILL130832,CUST10154,331986,331986,2026-03-14 00:00:00,2026-03-14 00:03:00,API,Paid,0
BILL466978,CUST10154,331986,331986,2026-03-14 00:00:00,2026-03-14 00:04:00,API,Paid,0
BILL927715,CUST10101,231609,231609,2026-06-22 00:00:00,2026-06-25 00:00:00,Web,Paid,0
BILL390744,CUST10278,172976,172976,2026-08-12 00:00:00,2026-08-15 00:00:00,API,Paid,0
BILL342388,CUST10178,354757,354757,2026-05-06 00:04:00,2026-05-06 00:04:00,Web,Paid,0
BILL152487,CUST10529,249086,249086,2026-04-09 00:00:00,2026-04-09 00:00:00,Web,Paid,0
BILL334672,CUST10251,365840,365840,2026-06-09 00:05:00,2026-06-09 00:05:00,API,Paid,0
BILL730174,CUST10251,365840,365840,2026-06-09 00:05:00,2026-06-09 00:06:00,API,Paid,0
BILL501100,CUST10251,365840,365840,2026-06-09 00:05:00,2026-06-09 00:07:00,API,Paid,0
BILL430539,CUST10251,365840,365840,2026-06-09 00:05:00,2026-06-09 00:08:00,API,Paid,0
BILL261226,CUST10381,391812,391812,2026-06-14 00:00:00,2026-06-14 00:00:00,Mobile,Paid,0
BILL932938,CUST10593,360948,360948,2026-05-18 00:00:00,2026-05-18 00:00:00,Web,Paid,0
BILL615622,CUST10310,335952,335952,2026-06-17 00:00:00,2026-06-20 00:00:00,Mobile,Paid,0
BILL701426,CUST10224,163385,163385,2026-05-15 00:00:00,2026-05-18 00:00:00,Web,Paid,0
BILL856691,CUST10538,233082,233082,2026-08-16 00:00:00,2026-08-17 00:00:00,Web,Paid,0
BILL373460,CUST10563,343334,343334,2026-04-13 00:00:00,2026-04-14 00:00:00,Mobile,Paid,0
BILL879495,CUST10072,339066,339066,2026-06-12 00:00:00,2026-06-12 00:00:00,Web,Paid,0
BILL883444,CUST10595,342484,342484,2026-09-21 00:00:00,2026-09-21 00:00:00,API,Paid,0
BILL432678,CUST10595,342484,342484,2026-09-21 00:00:00,2026-09-21 00:01:00,API,Paid,0
BILL210407,CUST10595,342484,342484,2026-09-21 00:00:00,2026-09-21 00:02:00,API,Paid,0
BILL538650,CUST10300,333301,333301,2026-07-13 00:00:00,2026-07-18 00:00:00,Web,Paid,0
BILL883699,CUST10190,169437,169437,2026-07-16 00:00:00,2026-07-21 00:00:00,Mobile,Paid,1
BILL672286,CUST10502,259966,259966,2026-06-13 00:00:00,2026-06-15 00:00:00,Mobile,Paid,0
BILL435758,CUST10261,300918,300918,2026-06-11 00:00:00,2026-06-16 00:00:00,Web,Paid,1
BILL967772,CUST10372,188669,188669,2026-06-13 00:00:00,2026-06-13 00:00:00,Web,Paid,0
BILL555523,CUST10413,292127,292127,2026-03-13 00:00:00,2026-03-15 00:00:00,Web,Paid,0
BILL186645,CUST10066,187187,187187,2026-07-16 00:00:00,2026-07-19 00:00:00,Web,Paid,0
BILL348996,CUST10123,343745,343745,2026-09-20 00:00:00,2026-09-21 00:00:00,Mobile,Paid,0
BILL859077,CUST10289,182935,182935,2026-06-15 00:00:00,2026-06-16 00:00:00,Mobile,Paid,0
BILL448319,CUST10536,399661,3218,2026-05-05 00:00:00,2026-05-09 00:00:00,Web,Paid,0
BILL975825,CUST10210,219614,219614,2026-06-15 00:00:00,2026-06-20 00:00:00,Mobile,Paid,0
BILL362517,CUST10223,365265,365265,2026-08-21 00:00:00,2026-08-21 00:00:00,Mobile,Paid,0
BILL527513,CUST10523,228291,228291,2026-06-23 00:00:00,2026-06-25 00:00:00,Mobile,Paid,0
BILL243204,CUST10372,188669,188669,2026-07-13 00:00:00,2026-07-13 00:00:00,Web,Paid,0
BILL792003,CUST10351,288849,288849,2026-05-08 00:00:00,2026-05-11 00:00:00,Mobile,Paid,0
BILL286707,CUST10274,392388,392388,2027-02-24 00:03:00,2027-02-25 00:03:00,Web,Paid,0
BILL807153,CUST10352,202261,202261,2026-05-13 00:04:00,2026-05-16 00:04:00,Mobile,Paid,0
BILL898053,CUST10373,276562,276562,2026-05-14 00:00:00,2026-05-18 00:00:00,Web,Paid,0
BILL828820,CUST10456,348538,348538,2026-04-09 00:00:00,2026-04-13 00:00:00,Web,Paid,0
BILL102059,CUST10322,138465,138465,2026-10-23 00:00:00,2026-10-27 00:00:00,Web,Paid,1
BILL118575,CUST10093,109845,109845,2026-07-16 00:03:00,2026-07-16 00:03:00,Mobile,Paid,0
BILL682479,CUST10365,152220,152220,2026-10-25 00:00:00,2026-10-26 00:00:00,Mobile,Paid,0
BILL992147,CUST10096,178255,178255,2026-07-21 00:00:00,2026-07-26 00:00:00,Web,Paid,0
BILL149579,CUST10296,201587,201587,2026-03-10 00:00:00,2026-03-11 00:00:00,Mobile,Paid,0
BILL888092,CUST10192,309961,309961,2026-05-09 00:00:00,2026-05-14 00:00:00,Mobile,Paid,0
BILL947149,CUST10023,351268,351268,2026-05-09 00:00:00,2026-05-12 00:00:00,Mobile,Paid,0
BILL311757,CUST10039,107142,107142,2026-08-22 00:00:00,2026-08-25 00:00:00,Mobile,Paid,0
BILL926007,CUST10608,369837,369837,2026-07-22 00:00:00,2026-07-23 00:00:00,Web,Paid,0
BILL836476,CUST10357,248320,248320,2026-09-22 00:00:00,2026-09-24 00:00:00,Mobile,Paid,0
BILL865740,CUST10433,387895,387895,2026-04-14 00:00:00,2026-04-18 00:00:00,Web,Paid,0
BILL981456,CUST10560,371356,371356,2026-04-07 00:00:00,2026-04-07 00:00:00,API,Paid,0
BILL832967,CUST10560,371356,371356,2026-04-07 00:00:00,2026-04-07 00:01:00,API,Paid,0
BILL532251,CUST10560,371356,371356,2026-04-07 00:00:00,2026-04-07 00:02:00,API,Paid,0
BILL947133,CUST10617,391485,391485,2026-04-04 00:00:00,2026-04-04 00:00:00,Web,Paid,0
BILL676805,CUST10577,213700,213700,2026-08-20 00:04:00,2026-08-24 00:04:00,Web,Paid,0
BILL736612,CUST10031,142285,142285,2026-03-06 00:00:00,2026-03-10 00:00:00,Mobile,Paid,0
BILL134188,CUST10593,360948,360948,2026-06-17 00:00:00,2026-06-17 00:00:00,Web,Paid,0
BILL221478,CUST10143,377651,377651,2026-04-12 00:00:00,2026-04-14 00:00:00,Mobile,Paid,0
BILL586348,CUST10556,276618,276618,2026-05-07 00:00:00,2026-05-10 00:00:00,Mobile,Paid,0
BILL955126,CUST10311,288022,288022,2026-07-26 00:00:00,2026-07-29 00:00:00,Mobile,Paid,0
BILL149047,CUST10305,108188,108188,2026-07-16 00:03:00,2026-07-20 00:03:00,Web,Paid,0
BILL924151,CUST10041,145257,145257,2026-08-24 00:00:00,2026-08-27 00:00:00,Mobile,Paid,0
BILL856579,CUST10363,382129,382129,2026-04-06 00:00:00,2026-04-11 00:00:00,Web,Paid,0
BILL628697,CUST10145,316592,316592,2026-03-07 00:00:00,2026-03-10 00:00:00,Mobile,Paid,0
BILL291537,CUST10366,353826,353826,2026-06-12 00:00:00,2026-06-14 00:00:00,Mobile,Paid,0
BILL238183,CUST10343,365809,365809,2026-06-13 00:00:00,2026-06-15 00:00:00,Web,Paid,0
BILL325410,CUST10417,214064,214064,2026-07-14 00:00:00,2026-07-16 00:00:00,Mobile,Paid,0
BILL942509,CUST10372,188669,188669,2026-08-12 00:00:00,2026-08-15 00:00:00,Web,Paid,0
BILL525935,CUST10396,133377,133377,2026-03-11 00:00:00,2026-03-13 00:00:00,Mobile,Paid,0
BILL439468,CUST10362,347184,347184,2026-07-14 00:04:00,2026-07-17 00:04:00,Web,Paid,0
BILL828282,CUST10021,181897,181897,2026-04-15 00:00:00,2026-04-19 00:00:00,Mobile,Paid,0
BILL216949,CUST10049,320646,320646,2026-06-16 00:00:00,2026-06-20 00:00:00,Web,Paid,0
BILL599776,CUST10349,261596,261596,2026-08-21 00:00:00,2026-08-21 00:00:00,Mobile,Paid,0
BILL344304,CUST10310,335952,335952,2026-07-20 00:00:00,2026-07-25 00:00:00,Mobile,Paid,0
BILL288912,CUST10098,179960,179960,2026-09-21 00:00:00,2026-09-23 00:00:00,Web,Paid,0
BILL799105,CUST10570,322635,322635,2026-08-01 00:00:00,2026-08-02 00:00:00,Mobile,Paid,0
BILL202196,CUST10300,333301,333301,2026-08-17 00:00:00,2026-08-19 00:00:00,Web,Paid,0
BILL429826,CUST10165,352542,352542,2026-06-11 00:05:00,2026-06-13 00:05:00,Web,Paid,0
BILL832645,CUST10073,386343,386343,2026-03-07 00:00:00,2026-03-07 00:00:00,Mobile,Paid,0
BILL731860,CUST10006,320580,320580,2026-09-18 00:00:00,2026-09-19 00:00:00,Web,Paid,0
BILL781156,CUST10058,272649,272649,2026-10-20 00:03:00,2026-10-21 00:03:00,Mobile,Paid,0
BILL343401,CUST10184,396902,396902,2026-07-09 00:00:00,2026-07-13 00:00:00,Mobile,Paid,0
BILL245425,CUST10275,243613,243613,2026-04-15 00:00:00,2026-04-20 00:00:00,Mobile,Paid,0
BILL671061,CUST10384,289730,289730,2026-07-14 00:00:00,2026-07-19 00:00:00,Mobile,Paid,0
BILL801030,CUST10328,260545,260545,2026-06-17 00:00:00,2026-06-18 00:00:00,Mobile,Paid,0
BILL365117,CUST10410,350391,350391,2026-07-21 00:00:00,2026-07-22 00:00:00,Mobile,Paid,0
BILL841800,CUST10516,143930,143930,2026-07-18 00:04:00,2026-07-21 00:04:00,Mobile,Paid,0
BILL801778,CUST10559,370300,370300,2026-04-05 00:00:00,2026-04-10 00:00:00,Web,Paid,0
BILL877363,CUST10380,314140,314140,2026-08-09 00:00:00,2026-08-13 00:00:00,Mobile,Paid,0
BILL764677,CUST10188,331635,331635,2026-05-13 00:04:00,2026-05-17 00:04:00,Mobile,Paid,0
BILL883376,CUST10139,297574,297574,2026-08-20 00:00:00,2026-08-25 00:00:00,Web,Paid,0
BILL730206,CUST10225,183503,183503,2026-05-11 00:00:00,2026-05-13 00:00:00,Web,Paid,0
BILL190056,CUST10298,310450,310450,2026-07-15 00:00:00,2026-07-15 00:00:00,API,Paid,0
BILL875484,CUST10298,310450,310450,2026-07-15 00:00:00,2026-07-15 00:01:00,API,Paid,0
BILL293784,CUST10298,310450,310450,2026-07-15 00:00:00,2026-07-15 00:02:00,API,Paid,0
BILL526645,CUST10297,315997,315997,2026-07-13 00:00:00,2026-07-16 00:00:00,Mobile,Paid,0
BILL271074,CUST10563,343334,343334,2026-05-14 00:00:00,2026-05-14 00:00:00,Mobile,Paid,0
BILL699427,CUST10216,377209,377209,2026-08-18 00:00:00,2026-08-23 00:00:00,Web,Paid,0
BILL431598,CUST10028,371934,371934,2026-07-13 00:00:00,2026-07-14 00:00:00,Mobile,Paid,0
BILL439591,CUST10015,326173,326173,2026-09-14 00:03:00,2026-09-14 00:03:00,Mobile,Paid,1
BILL127160,CUST10054,176593,176593,2026-09-15 00:00:00,2026-09-18 00:00:00,Web,Paid,0
BILL521145,CUST10101,231609,231609,2026-07-25 00:00:00,2026-07-27 00:00:00,Web,Paid,1
BILL511571,CUST10547,318664,318664,2026-05-15 00:03:00,2026-05-19 00:03:00,Web,Paid,0
BILL965574,CUST10294,299488,299488,2027-03-01 00:00:00,2027-03-01 00:00:00,Mobile,Paid,0
BILL818449,CUST10123,343745,343745,2026-10-21 00:00:00,2026-10-24 00:00:00,Mobile,Paid,0
BILL202553,CUST10283,175295,175295,2026-05-15 00:00:00,2026-05-15 00:00:00,Mobile,Paid,0
BILL207743,CUST10189,366772,366772,2026-06-08 00:00:00,2026-06-10 00:00:00,Web,Paid,0
BILL112515,CUST10389,112319,112319,2026-05-14 00:00:00,2026-05-17 00:00:00,Web,Paid,0
BILL737472,CUST10502,259966,259966,2026-07-15 00:00:00,2026-07-17 00:00:00,Mobile,Paid,0
BILL342703,CUST10200,342570,342570,2026-08-16 00:00:00,2026-08-17 00:00:00,Web,Paid,1
BILL757583,CUST10003,332757,332757,2026-06-14 00:00:00,2026-06-16 00:00:00,Web,Paid,0
BILL503819,CUST10397,259316,259316,2026-06-09 00:00:00,2026-06-11 00:00:00,Web,Paid,0
BILL886323,CUST10477,154868,154868,2026-07-19 00:04:00,2026-07-22 00:04:00,API,Paid,0
BILL533171,CUST10080,208753,208753,2026-06-20 00:00:00,2026-06-25 00:00:00,Web,Paid,0
BILL619658,CUST10153,123159,123159,2026-06-08 00:00:00,2026-06-11 00:00:00,Web,Paid,1
BILL617591,CUST10536,399661,399661,2026-06-08 00:00:00,2026-06-13 00:00:00,Web,Paid,0
BILL180854,CUST10342,252882,252882,2026-08-18 00:00:00,2026-08-20 00:00:00,Mobile,Paid,0
BILL792113,CUST10085,364972,364972,2026-12-25 00:00:00,2026-12-29 00:00:00,Mobile,Paid,0
BILL672443,CUST10430,292307,292307,2026-06-21 00:05:00,2026-06-24 00:05:00,Web,Paid,0
BILL396631,CUST10272,274743,274743,2026-06-12 00:00:00,2026-06-16 00:00:00,Web,Paid,0
BILL210163,CUST10581,380201,380201,2026-09-24 00:00:00,2026-09-24 00:00:00,Mobile,Paid,0
BILL517254,CUST10318,334485,334485,2026-06-20 00:00:00,2026-06-21 00:00:00,Web,Paid,0
BILL485894,CUST10292,114116,114116,2026-03-07 00:00:00,2026-03-12 00:00:00,Web,Paid,0
BILL955270,CUST10298,310450,310450,2026-08-14 00:03:00,2026-08-17 00:03:00,Web,Paid,0
BILL945347,CUST10587,189191,189191,2026-09-16 00:00:00,2026-09-16 00:00:00,Web,Paid,1
BILL789701,CUST10078,168945,168945,2026-08-26 00:00:00,2026-08-27 00:00:00,Mobile,Paid,0
BILL798321,CUST10132,106770,106770,2026-07-12 00:00:00,2026-07-17 00:00:00,Web,Paid,0
BILL173786,CUST10276,382395,382395,2026-06-14 00:00:00,2026-06-19 00:00:00,Mobile,Paid,0
BILL852644,CUST10466,170776,170776,2026-06-11 00:00:00,2026-06-12 00:00:00,Mobile,Paid,0
BILL242511,CUST10088,349015,349015,2026-05-07 00:00:00,2026-05-11 00:00:00,Mobile,Paid,0
BILL778737,CUST10107,388199,388199,2026-05-12 00:05:00,2026-05-14 00:05:00,Mobile,Paid,0
BILL933099,CUST10085,364972,364972,2027-01-28 00:00:00,2027-01-29 00:00:00,Mobile,Paid,0
BILL687241,CUST10316,260371,260371,2026-04-13 00:00:00,2026-04-13 00:00:00,API,Paid,0
BILL889071,CUST10316,260371,260371,2026-04-13 00:00:00,2026-04-13 00:01:00,API,Paid,0
BILL100386,CUST10316,260371,260371,2026-04-13 00:00:00,2026-04-13 00:02:00,API,Paid,0
BILL146230,CUST10316,260371,260371,2026-04-13 00:00:00,2026-04-13 00:03:00,API,Paid,0
BILL854204,CUST10459,105072,105072,2026-09-03 00:00:00,2026-09-03 00:00:00,Mobile,Paid,0
BILL289115,CUST10474,287169,287169,2026-04-14 00:00:00,2026-04-18 00:00:00,API,Paid,0
BILL631728,CUST10254,325941,325941,2026-05-07 00:00:00,2026-05-09 00:00:00,Mobile,Paid,0
BILL775064,CUST10091,146080,146080,2026-07-21 00:00:00,2026-07-25 00:00:00,Web,Paid,0
BILL111555,CUST10567,257276,5305959,2026-07-13 00:00:00,2026-07-15 00:00:00,Web,Paid,0
BILL227259,CUST10327,345530,345530,2026-03-02 00:00:00,2026-03-07 00:00:00,Web,Paid,0
BILL552706,CUST10092,280466,280466,2026-07-21 00:00:00,2026-07-26 00:00:00,Mobile,Paid,0
BILL618522,CUST10349,261596,261596,2026-09-20 00:00:00,2026-09-25 00:00:00,Mobile,Paid,0
BILL703176,CUST10103,288564,288564,2026-06-15 00:00:00,2026-06-16 00:00:00,Mobile,Paid,0
BILL636231,CUST10288,256964,256964,2026-05-15 00:00:00,2026-05-19 00:00:00,Mobile,Paid,0
BILL472496,CUST10340,279388,279388,2026-05-15 00:00:00,2026-05-15 00:00:00,Mobile,Paid,0
BILL380502,CUST10460,307788,307788,2026-09-17 00:00:00,2026-09-17 00:00:00,API,Paid,0
BILL980322,CUST10460,307788,307788,2026-09-17 00:00:00,2026-09-17 00:01:00,API,Paid,0
BILL915572,CUST10460,307788,307788,2026-09-17 00:00:00,2026-09-17 00:02:00,API,Paid,0
BILL102320,CUST10593,360948,360948,2026-07-17 00:00:00,2026-07-21 00:00:00,Web,Paid,0
BILL542721,CUST10196,104708,104708,2026-05-06 00:00:00,2026-05-10 00:00:00,Web,Paid,0
BILL458108,CUST10381,391812,391812,2026-07-14 00:00:00,2026-07-17 00:00:00,Mobile,Paid,0
BILL179815,CUST10570,322635,322635,2026-09-01 00:00:00,2026-09-05 00:00:00,API,Paid,0
BILL951813,CUST10554,178725,178725,2026-09-10 00:05:00,2026-09-14 00:05:00,Web,Paid,0
BILL479405,CUST10371,280968,280968,2026-03-13 00:00:00,2026-03-13 00:00:00,Web,Paid,0
BILL729324,CUST10030,120032,120032,2026-08-22 00:00:00,2026-08-22 00:00:00,API,Paid,0
BILL466059,CUST10030,120032,120032,2026-08-22 00:00:00,2026-08-22 00:01:00,API,Paid,0
BILL461741,CUST10030,120032,120032,2026-08-22 00:00:00,2026-08-22 00:02:00,API,Paid,0
BILL897371,CUST10030,120032,120032,2026-08-22 00:00:00,2026-08-22 00:03:00,API,Paid,0
BILL559862,CUST10328,260545,260545,2026-07-18 00:00:00,2026-07-22 00:00:00,API,Paid,0
BILL662969,CUST10498,286133,286133,2026-11-22 00:00:00,2026-11-25 00:00:00,Web,Paid,0
BILL376506,CUST10131,383513,383513,2026-07-19 00:05:00,2026-07-20 00:05:00,Mobile,Paid,0
BILL650518,CUST10343,365809,4226903,2026-07-15 00:00:00,2026-07-15 00:00:00,Web,Paid,0
BILL715614,CUST10436,207905,7957,2026-05-12 00:00:00,2026-05-13 00:00:00,Mobile,Paid,0
BILL421606,CUST10435,263580,263580,2026-08-21 00:00:00,2026-08-21 00:00:00,Mobile,Paid,0
BILL743906,CUST10105,249200,249200,2026-06-08 00:00:00,2026-06-09 00:00:00,Mobile,Paid,0
BILL861505,CUST10401,120647,120647,2026-06-22 00:00:00,2026-06-27 00:00:00,Web,Paid,0
BILL772015,CUST10598,244837,244837,2026-08-23 00:00:00,2026-08-24 00:00:00,Mobile,Paid,0
BILL926551,CUST10159,294457,294457,2026-06-16 00:00:00,2026-06-21 00:00:00,Mobile,Paid,0
BILL452430,CUST10130,146870,146870,2026-09-15 00:00:00,2026-09-15 00:00:00,Mobile,Paid,0
BILL390368,CUST10480,113117,113117,2026-05-12 00:00:00,2026-05-17 00:00:00,Web,Paid,0
BILL920089,CUST10386,169828,169828,2026-05-04 00:00:00,2026-05-05 00:00:00,Mobile,Paid,0
BILL728285,CUST10559,370300,370300,2026-05-10 00:00:00,2026-05-15 00:00:00,Web,Paid,0
BILL420563,CUST10443,295547,295547,2026-05-10 00:00:00,2026-05-11 00:00:00,Web,Paid,0
BILL644800,CUST10117,111971,111971,2026-08-28 00:00:00,2026-08-30 00:00:00,Mobile,Paid,0
BILL351051,CUST10454,247525,2488158,2026-06-12 00:03:00,2026-06-13 00:03:00,Mobile,Paid,0
BILL233478,CUST10305,108188,9296,2026-08-19 00:03:00,2026-08-21 00:03:00,Web,Paid,0
BILL227704,CUST10228,322058,322058,2026-07-20 00:00:00,2026-07-20 00:00:00,Web,Paid,0
BILL546731,CUST10470,216130,216130,2026-05-21 00:00:00,2026-05-26 00:00:00,Web,Paid,0
BILL205539,CUST10094,356586,356586,2026-12-01 00:00:00,2026-12-01 00:00:00,Mobile,Paid,0
BILL292420,CUST10357,248320,248320,2026-10-24 00:00:00,2026-10-27 00:00:00,Mobile,Paid,0
BILL423023,CUST10305,108188,108188,2026-09-20 00:03:00,2026-09-20 00:03:00,Web,Paid,0
BILL569066,CUST10599,103052,103052,2026-06-17 00:00:00,2026-06-17 00:00:00,API,Paid,0
BILL576987,CUST10599,103052,103052,2026-06-17 00:00:00,2026-06-17 00:01:00,API,Paid,0
BILL911409,CUST10599,103052,103052,2026-06-17 00:00:00,2026-06-17 00:02:00,API,Paid,0
BILL816649,CUST10367,246080,246080,2026-06-06 00:05:00,2026-06-06 00:05:00,API,Paid,0
BILL358534,CUST10367,246080,246080,2026-06-06 00:05:00,2026-06-06 00:06:00,API,Paid,0
BILL533189,CUST10367,246080,246080,2026-06-06 00:05:00,2026-06-06 00:07:00,API,Paid,0
BILL885122,CUST10367,246080,246080,2026-06-06 00:05:00,2026-06-06 00:08:00,API,Paid,0
BILL562251,CUST10367,246080,246080,2026-06-06 00:05:00,2026-06-06 00:09:00,API,Paid,0
BILL300131,CUST10425,364397,364397,2026-03-09 00:00:00,2026-03-10 00:00:00,Web,Paid,0
BILL156763,CUST10360,279054,279054,2026-08-20 00:00:00,2026-08-23 00:00:00,Web,Paid,0
BILL477903,CUST10196,104708,104708,2026-06-09 00:00:00,2026-06-12 00:00:00,Web,Paid,0
BILL575121,CUST10379,202846,202846,2026-07-09 00:00:00,2026-07-11 00:00:00,Web,Paid,0
BILL460268,CUST10181,358351,9553,2026-06-08 00:00:00,2026-06-09 00:00:00,Mobile,Paid,0
BILL735863,CUST10029,196409,196409,2026-07-10 00:00:00,2026-07-13 00:00:00,Mobile,Paid,0
BILL409389,CUST10223,365265,365265,2026-09-20 00:00:00,2026-09-24 00:00:00,Mobile,Paid,0
BILL563184,CUST10591,268129,268129,2026-05-06 00:04:00,2026-05-06 00:04:00,Web,Paid,0
BILL997454,CUST10564,158695,158695,2026-06-10 00:00:00,2026-06-15 00:00:00,Mobile,Paid,0
BILL897098,CUST10289,182935,182935,2026-07-16 00:00:00,2026-07-17 00:00:00,Mobile,Paid,0
BILL390118,CUST10106,281250,281250,2026-05-11 00:00:00,2026-05-14 00:00:00,Web,Paid,0
BILL963933,CUST10574,359902,359902,2026-09-22 00:00:00,2026-09-26 00:00:00,Web,Paid,0
BILL244873,CUST10459,105072,105072,2026-10-03 00:00:00,2026-10-04 00:00:00,Mobile,Paid,1
BILL392609,CUST10606,115208,115208,2026-07-15 00:00:00,2026-07-19 00:00:00,Mobile,Paid,0
BILL640621,CUST10221,392103,392103,2026-09-17 00:00:00,2026-09-20 00:00:00,Web,Paid,1
BILL775779,CUST10535,275713,275713,2026-03-13 00:00:00,2026-03-15 00:00:00,Web,Paid,0
BILL453032,CUST10452,114174,114174,2026-06-15 00:00:00,2026-06-20 00:00:00,Mobile,Paid,0
BILL900141,CUST10006,320580,320580,2026-10-19 00:00:00,2026-10-22 00:00:00,Web,Paid,0
BILL850565,CUST10201,257933,257933,2026-05-13 00:00:00,2026-05-13 00:00:00,Mobile,Paid,0
BILL928796,CUST10206,369902,369902,2026-10-31 00:00:00,2026-11-01 00:00:00,Web,Paid,0
BILL363988,CUST10577,213700,213700,2026-09-23 00:04:00,2026-09-24 00:04:00,Web,Paid,0
BILL534939,CUST10175,379067,379067,2026-07-09 00:04:00,2026-07-14 00:04:00,Mobile,Paid,0
BILL457543,CUST10539,282596,282596,2026-05-17 00:00:00,2026-05-18 00:00:00,Mobile,Paid,0
BILL390820,CUST10554,178725,178725,2026-10-14 00:05:00,2026-10-19 00:05:00,Web,Paid,0
BILL485689,CUST10481,205868,205868,2026-07-15 00:00:00,2026-07-18 00:00:00,Mobile,Paid,0
BILL644546,CUST10218,134040,134040,2026-05-19 00:00:00,2026-05-21 00:00:00,Mobile,Paid,0
BILL428145,CUST10051,125386,125386,2026-05-06 00:00:00,2026-05-06 00:00:00,API,Paid,0
BILL443128,CUST10051,125386,125386,2026-05-06 00:00:00,2026-05-06 00:01:00,API,Paid,0
BILL453804,CUST10051,125386,125386,2026-05-06 00:00:00,2026-05-06 00:02:00,API,Paid,0
BILL932007,CUST10051,125386,125386,2026-05-06 00:00:00,2026-05-06 00:03:00,API,Paid,0
BILL905905,CUST10051,125386,125386,2026-05-06 00:00:00,2026-05-06 00:04:00,API,Paid,0
BILL722512,CUST10531,303613,303613,2026-08-14 00:00:00,2026-08-14 00:00:00,Mobile,Paid,0
BILL287008,CUST10355,349261,349261,2026-07-16 00:00:00,2026-07-18 00:00:00,Mobile,Paid,0
BILL799113,CUST10586,360128,360128,2026-08-15 00:00:00,2026-08-18 00:00:00,Mobile,Paid,0
BILL662645,CUST10138,119001,119001,2026-10-27 00:00:00,2026-10-27 00:00:00,Mobile,Paid,0
BILL309733,CUST10610,316839,3753,2026-07-18 00:05:00,2026-07-20 00:05:00,Web,Paid,0
BILL765770,CUST10250,127944,127944,2026-05-06 00:00:00,2026-05-07 00:00:00,Web,Paid,0
BILL712288,CUST10314,300175,300175,2026-06-17 00:05:00,2026-06-22 00:05:00,Mobile,Paid,0
BILL948036,CUST10287,326490,326490,2026-04-03 00:00:00,2026-04-05 00:00:00,Web,Paid,0
BILL138389,CUST10523,228291,228291,2026-07-25 00:00:00,2026-07-28 00:00:00,Mobile,Paid,0
BILL490552,CUST10246,120813,120813,2026-04-12 00:00:00,2026-04-16 00:00:00,Mobile,Paid,0
BILL596909,CUST10225,183503,183503,2026-06-12 00:00:00,2026-06-15 00:00:00,Web,Paid,0
BILL897937,CUST10096,178255,178255,2026-08-25 00:00:00,2026-08-25 00:00:00,Web,Paid,0
BILL615900,CUST10199,101201,101201,2026-07-10 00:00:00,2026-07-11 00:00:00,Mobile,Paid,0
BILL156097,CUST10142,108800,108800,2026-07-18 00:00:00,2026-07-22 00:00:00,Mobile,Paid,0
BILL355791,CUST10350,276597,276597,2026-10-25 00:00:00,2026-10-30 00:00:00,Mobile,Paid,0
BILL281958,CUST10472,198317,198317,2026-06-16 00:00:00,2026-06-17 00:00:00,Web,Paid,0
BILL852499,CUST10240,399654,399654,2027-01-26 00:05:00,2027-01-30 00:05:00,Mobile,Paid,0
BILL783878,CUST10515,303653,303653,2026-05-17 00:00:00,2026-05-17 00:00:00,API,Paid,0
BILL444886,CUST10515,303653,303653,2026-05-17 00:00:00,2026-05-17 00:01:00,API,Paid,0
BILL609712,CUST10515,303653,303653,2026-05-17 00:00:00,2026-05-17 00:02:00,API,Paid,0
BILL411576,CUST10279,356207,356207,2026-04-06 00:03:00,2026-04-06 00:03:00,Web,Paid,0
BILL456150,CUST10128,235413,235413,2026-04-06 00:00:00,2026-04-10 00:00:00,Web,Paid,0
BILL649045,CUST10260,358839,358839,2026-06-23 00:00:00,2026-06-26 00:00:00,Web,Paid,0
BILL555121,CUST10064,279670,279670,2026-06-16 00:00:00,2026-06-17 00:00:00,Mobile,Paid,0
BILL415822,CUST10474,287169,287169,2026-05-18 00:00:00,2026-05-22 00:00:00,Web,Paid,1
BILL233406,CUST10507,302841,302841,2026-06-14 00:00:00,2026-06-14 00:00:00,API,Paid,0
BILL252671,CUST10494,126676,126676,2026-06-16 00:00:00,2026-06-18 00:00:00,Web,Paid,0
BILL508243,CUST10172,264351,3030,2026-08-23 00:00:00,2026-08-26 00:00:00,Mobile,Paid,0
BILL219850,CUST10531,303613,303613,2026-09-13 00:00:00,2026-09-15 00:00:00,Mobile,Paid,0
BILL280369,CUST10457,153106,153106,2026-04-03 00:00:00,2026-04-03 00:00:00,Web,Paid,0
BILL145503,CUST10587,189191,189191,2026-10-16 00:00:00,2026-10-21 00:00:00,Web,Paid,0
BILL588082,CUST10562,312612,312612,2026-08-10 00:00:00,2026-08-15 00:00:00,Web,Paid,0
BILL462585,CUST10502,259966,259966,2026-08-16 00:00:00,2026-08-18 00:00:00,Mobile,Paid,0
BILL163161,CUST10606,115208,115208,2026-08-18 00:00:00,2026-08-21 00:00:00,Mobile,Paid,0
BILL845567,CUST10464,265364,265364,2026-05-13 00:00:00,2026-05-16 00:00:00,Mobile,Paid,0
BILL981138,CUST10562,312612,312612,2026-09-14 00:00:00,2026-09-18 00:00:00,Web,Paid,0
BILL422402,CUST10002,360456,3611780,2026-03-13 00:00:00,2026-03-18 00:00:00,Web,Paid,0
BILL736628,CUST10214,325175,325175,2026-04-12 00:00:00,2026-04-12 00:00:00,API,Paid,0
BILL157578,CUST10214,325175,325175,2026-04-12 00:00:00,2026-04-12 00:01:00,API,Paid,0
BILL285244,CUST10214,325175,325175,2026-04-12 00:00:00,2026-04-12 00:02:00,API,Paid,0
BILL597830,CUST10214,325175,325175,2026-04-12 00:00:00,2026-04-12 00:03:00,API,Paid,0
BILL898970,CUST10214,325175,325175,2026-04-12 00:00:00,2026-04-12 00:04:00,API,Paid,0
BILL135333,CUST10219,393343,393343,2027-01-25 00:03:00,2027-01-30 00:03:00,Web,Paid,0
BILL998882,CUST10416,384413,384413,2026-07-09 00:00:00,2026-07-11 00:00:00,Mobile,Paid,0
BILL318800,CUST10245,246432,246432,2026-08-26 00:00:00,2026-08-27 00:00:00,Web,Paid,1
BILL843231,CUST10214,325175,325175,2026-05-12 00:05:00,2026-05-13 00:05:00,Web,Paid,0
BILL606682,CUST10323,390691,390691,2026-09-14 00:00:00,2026-09-19 00:00:00,Mobile,Paid,0
BILL460535,CUST10123,343745,343745,2026-11-23 00:00:00,2026-11-24 00:00:00,Mobile,Paid,0
BILL327779,CUST10079,100279,100279,2026-06-13 00:00:00,2026-06-14 00:00:00,Mobile,Paid,1
BILL374096,CUST10357,248320,248320,2026-11-26 00:00:00,2026-11-29 00:00:00,Mobile,Paid,0
BILL891327,CUST10492,178349,178349,2026-09-26 00:00:00,2026-09-28 00:00:00,Mobile,Paid,0
BILL918556,CUST10081,134971,1594,2026-06-17 00:00:00,2026-06-20 00:00:00,Web,Paid,0
BILL944847,CUST10067,236495,236495,2026-06-21 00:00:00,2026-06-24 00:00:00,Web,Paid,0
BILL927256,CUST10097,277027,277027,2026-05-10 00:00:00,2026-05-15 00:00:00,Web,Paid,0
BILL628258,CUST10225,183503,183503,2026-07-15 00:00:00,2026-07-15 00:00:00,Web,Paid,0
BILL722781,CUST10092,280466,280466,2026-08-25 00:00:00,2026-08-28 00:00:00,Mobile,Paid,0
BILL884422,CUST10563,343334,343334,2026-06-13 00:00:00,2026-06-13 00:00:00,Mobile,Paid,0
BILL432091,CUST10051,125386,125386,2026-06-05 00:05:00,2026-06-08 00:05:00,Web,Paid,0
BILL431629,CUST10377,254280,254280,2026-06-16 00:00:00,2026-06-18 00:00:00,Web,Paid,0
BILL941377,CUST10523,228291,2357062,2026-08-27 00:00:00,2026-08-27 00:00:00,Mobile,Paid,0
BILL596046,CUST10003,332757,332757,2026-07-16 00:00:00,2026-07-19 00:00:00,Web,Paid,0
BILL823015,CUST10476,303621,303621,2026-02-07 00:00:00,2026-02-11 00:00:00,Web,Paid,0
BILL764167,CUST10288,256964,256964,2026-06-18 00:00:00,2026-06-18 00:00:00,Mobile,Paid,0
BILL575658,CUST10055,137750,137750,2026-05-08 00:00:00,2026-05-12 00:00:00,Web,Paid,0
BILL825935,CUST10523,228291,228291,2026-09-26 00:00:00,2026-10-01 00:00:00,Mobile,Paid,1
BILL382390,CUST10094,356586,356586,2026-12-31 00:00:00,2027-01-01 00:00:00,Mobile,Paid,0
BILL556121,CUST10567,257276,5956802,2026-08-14 00:00:00,2026-08-19 00:00:00,Web,Paid,0
BILL218414,CUST10313,263561,263561,2026-05-15 00:00:00,2026-05-18 00:00:00,Mobile,Paid,0
BILL939354,CUST10605,312652,312652,2026-06-12 00:00:00,2026-06-15 00:00:00,Web,Paid,0
BILL957696,CUST10364,342090,342090,2026-07-12 00:00:00,2026-07-14 00:00:00,API,Paid,0
BILL192446,CUST10568,187687,187687,2026-06-25 00:00:00,2026-06-29 00:00:00,Web,Paid,0
BILL147885,CUST10376,325746,325746,2026-08-22 00:00:00,2026-08-24 00:00:00,Web,Paid,0
BILL120312,CUST10585,370545,370545,2026-07-15 00:00:00,2026-07-19 00:00:00,Web,Paid,0
BILL482991,CUST10051,125386,125386,2026-07-08 00:05:00,2026-07-08 00:05:00,Web,Paid,0
BILL432726,CUST10155,343373,343373,2026-03-03 00:00:00,2026-03-08 00:00:00,Web,Paid,0
BILL131615,CUST10046,156398,156398,2026-06-20 00:00:00,2026-06-23 00:00:00,Mobile,Paid,0
BILL530843,CUST10100,303145,303145,2026-05-13 00:00:00,2026-05-13 00:00:00,Web,Paid,0
BILL319389,CUST10352,202261,202261,2026-06-15 00:04:00,2026-06-16 00:04:00,Mobile,Paid,0
BILL279423,CUST10133,106145,106145,2026-06-16 00:04:00,2026-06-16 00:04:00,Mobile,Paid,0
BILL791384,CUST10106,281250,281250,2026-06-13 00:00:00,2026-06-18 00:00:00,Web,Paid,0
BILL722323,CUST10257,212734,212734,2026-05-02 00:00:00,2026-05-06 00:00:00,Web,Paid,0
BILL951721,CUST10061,293618,293618,2026-07-18 00:00:00,2026-07-20 00:00:00,Web,Paid,0
BILL261626,CUST10091,146080,2310591,2026-08-24 00:00:00,2026-08-27 00:00:00,Web,Paid,0
BILL662888,CUST10136,266443,266443,2026-08-26 00:00:00,2026-08-27 00:00:00,Mobile,Paid,0
BILL867105,CUST10522,265752,265752,2026-09-20 00:00:00,2026-09-24 00:00:00,Mobile,Paid,0
BILL460660,CUST10530,291947,291947,2026-12-26 00:00:00,2026-12-31 00:00:00,API,Paid,0
BILL496495,CUST10436,207905,207905,2026-06-12 00:00:00,2026-06-15 00:00:00,Mobile,Paid,0
BILL246623,CUST10279,356207,356207,2026-05-06 00:03:00,2026-05-08 00:03:00,Web,Paid,0
BILL962427,CUST10427,150216,150216,2026-07-17 00:00:00,2026-07-20 00:00:00,Mobile,Paid,0
BILL817339,CUST10334,153060,153060,2026-09-25 00:00:00,2026-09-25 00:00:00,Web,Paid,0
BILL599484,CUST10335,187463,187463,2026-04-13 00:00:00,2026-04-18 00:00:00,Mobile,Paid,0
BILL226807,CUST10434,123587,123587,2026-06-15 00:00:00,2026-06-16 00:00:00,Mobile,Paid,0
BILL219940,CUST10549,273984,273984,2026-08-18 00:00:00,2026-08-18 00:00:00,API,Paid,0
BILL955645,CUST10549,273984,273984,2026-08-18 00:00:00,2026-08-18 00:01:00,API,Paid,0
BILL518257,CUST10549,273984,273984,2026-08-18 00:00:00,2026-08-18 00:02:00,API,Paid,0
BILL874222,CUST10549,273984,273984,2026-08-18 00:00:00,2026-08-18 00:03:00,API,Paid,0
BILL733788,CUST10201,257933,5440,2026-06-12 00:00:00,2026-06-12 00:00:00,Mobile,Paid,0
BILL506096,CUST10101,231609,231609,2026-08-26 00:00:00,2026-08-28 00:00:00,Web,Paid,0
BILL994248,CUST10305,108188,108188,2026-10-20 00:03:00,2026-10-21 00:03:00,Web,Paid,0
BILL573922,CUST10204,189116,189116,2026-05-10 00:05:00,2026-05-15 00:05:00,Web,Paid,0
BILL138615,CUST10464,265364,265364,2026-06-15 00:00:00,2026-06-19 00:00:00,Mobile,Paid,1
BILL159662,CUST10009,100858,100858,2026-07-23 00:00:00,2026-07-25 00:00:00,Web,Paid,0
BILL869213,CUST10481,205868,205868,2026-08-17 00:00:00,2026-08-18 00:00:00,Mobile,Paid,0
BILL514153,CUST10542,256381,256381,2026-08-15 00:00:00,2026-08-18 00:00:00,Mobile,Paid,0
BILL108693,CUST10148,176194,176194,2026-09-16 00:00:00,2026-09-17 00:00:00,Web,Paid,0
BILL785573,CUST10341,289740,289740,2026-07-09 00:00:00,2026-07-12 00:00:00,Mobile,Paid,0
BILL606096,CUST10019,271271,271271,2026-05-14 00:00:00,2026-05-14 00:00:00,Web,Paid,0
BILL771255,CUST10286,286179,286179,2026-06-11 00:00:00,2026-06-11 00:00:00,API,Paid,0
BILL238146,CUST10286,286179,286179,2026-06-11 00:00:00,2026-06-11 00:01:00,API,Paid,0
BILL172871,CUST10286,286179,286179,2026-06-11 00:00:00,2026-06-11 00:02:00,API,Paid,0
BILL256146,CUST10286,286179,286179,2026-06-11 00:00:00,2026-06-11 00:03:00,API,Paid,0
BILL118130,CUST10286,286179,286179,2026-06-11 00:00:00,2026-06-11 00:04:00,API,Paid,0
BILL146775,CUST10399,320221,320221,2026-06-10 00:00:00,2026-06-13 00:00:00,Web,Paid,0
BILL166545,CUST10220,118667,118667,2026-08-19 00:00:00,2026-08-23 00:00:00,Web,Paid,0
BILL327774,CUST10199,101201,101201,2026-08-10 00:00:00,2026-08-12 00:00:00,Mobile,Paid,0
BILL567479,CUST10338,206150,206150,2026-08-26 00:00:00,2026-08-27 00:00:00,Web,Paid,0
BILL752712,CUST10226,323266,323266,2026-08-15 00:05:00,2026-08-17 00:05:00,Mobile,Paid,0
BILL904683,CUST10598,244837,244837,2026-09-23 00:00:00,2026-09-23 00:00:00,Mobile,Paid,0
BILL871286,CUST10102,110740,110740,2026-05-14 00:00:00,2026-05-17 00:00:00,Mobile,Paid,0
BILL906518,CUST10261,300918,300918,2026-07-16 00:00:00,2026-07-16 00:00:00,API,Paid,0
BILL602685,CUST10261,300918,300918,2026-07-16 00:00:00,2026-07-16 00:01:00,API,Paid,0
BILL494764,CUST10261,300918,300918,2026-07-16 00:00:00,2026-07-16 00:02:00,API,Paid,0
BILL891669,CUST10593,360948,360948,2026-08-20 00:00:00,2026-08-23 00:00:00,Web,Paid,0
BILL517753,CUST10079,100279,100279,2026-07-14 00:00:00,2026-07-15 00:00:00,Mobile,Paid,0
BILL107406,CUST10072,339066,339066,2026-07-12 00:00:00,2026-07-14 00:00:00,Web,Paid,0
BILL906572,CUST10264,250592,250592,2026-06-11 00:04:00,2026-06-11 00:04:00,Mobile,Paid,0
BILL712275,CUST10297,315997,315997,2026-08-15 00:00:00,2026-08-15 00:00:00,Mobile,Paid,0
BILL585584,CUST10600,178062,178062,2026-04-08 00:05:00,2026-04-09 00:05:00,Mobile,Paid,0
BILL792855,CUST10170,270711,270711,2026-06-08 00:00:00,2026-06-13 00:00:00,Mobile,Paid,0
BILL906351,CUST10524,221957,7112,2026-06-24 00:00:00,2026-06-29 00:00:00,Web,Paid,0
BILL284130,CUST10580,254454,254454,2026-03-06 00:00:00,2026-03-10 00:00:00,Web,Paid,0
BILL342985,CUST10300,333301,333301,2026-09-18 00:00:00,2026-09-19 00:00:00,API,Paid,0
BILL521125,CUST10278,172976,172976,2026-09-14 00:00:00,2026-09-15 00:00:00,Mobile,Paid,0
BILL288251,CUST10053,207253,207253,2026-04-13 00:00:00,2026-04-16 00:00:00,Mobile,Paid,0
BILL168306,CUST10056,161024,161024,2026-07-18 00:00:00,2026-07-20 00:00:00,Mobile,Paid,0
BILL935110,CUST10115,233300,233300,2026-05-10 00:00:00,2026-05-10 00:00:00,Web,Paid,0
BILL637314,CUST10574,359902,359902,2026-10-26 00:00:00,2026-10-29 00:00:00,Web,Paid,0
BILL942292,CUST10249,299346,299346,2026-03-13 00:00:00,2026-03-13 00:00:00,API,Paid,0
BILL851872,CUST10249,299346,299346,2026-03-13 00:00:00,2026-03-13 00:01:00,API,Paid,0
BILL527265,CUST10249,299346,299346,2026-03-13 00:00:00,2026-03-13 00:02:00,API,Paid,0
BILL400804,CUST10249,299346,299346,2026-03-13 00:00:00,2026-03-13 00:03:00,API,Paid,0
BILL650033,CUST10030,120032,120032,2026-09-21 00:04:00,2026-09-21 00:04:00,Web,Paid,0
BILL137329,CUST10219,393343,393343,2027-03-01 00:03:00,2027-03-02 00:03:00,Web,Paid,0
BILL372571,CUST10038,391528,391528,2026-05-09 00:00:00,2026-05-13 00:00:00,Web,Paid,0
BILL593242,CUST10525,309705,3007,2026-07-14 00:03:00,2026-07-17 00:03:00,Mobile,Paid,0
BILL163996,CUST10289,182935,182935,2026-08-16 00:00:00,2026-08-18 00:00:00,API,Paid,0
BILL856174,CUST10057,250829,250829,2026-04-12 00:00:00,2026-04-14 00:00:00,API,Paid,0
BILL197554,CUST10145,316592,3548287,2026-04-09 00:00:00,2026-04-14 00:00:00,Mobile,Paid,0
BILL564876,CUST10019,271271,271271,2026-06-13 00:00:00,2026-06-13 00:00:00,Web,Paid,0
BILL786206,CUST10445,207054,207054,2026-05-15 00:04:00,2026-05-16 00:04:00,Web,Paid,0
BILL546441,CUST10605,312652,312652,2026-07-15 00:00:00,2026-07-19 00:00:00,Web,Paid,1
BILL198681,CUST10299,330805,330805,2026-04-12 00:00:00,2026-04-12 00:00:00,Mobile,Paid,0
BILL481189,CUST10160,264437,264437,2026-11-30 00:08:00,2026-12-03 00:08:00,Web,Paid,0
BILL547742,CUST10457,153106,153106,2026-05-03 00:00:00,2026-05-03 00:00:00,Web,Paid,0
BILL718152,CUST10341,289740,289740,2026-08-11 00:00:00,2026-08-15 00:00:00,Mobile,Paid,0
BILL451456,CUST10058,272649,272649,2026-11-20 00:03:00,2026-11-24 00:03:00,Mobile,Paid,0
BILL322720,CUST10223,365265,7359670,2026-10-24 00:00:00,2026-10-27 00:00:00,Mobile,Paid,0
BILL298928,CUST10076,227427,227427,2026-05-09 00:00:00,2026-05-12 00:00:00,API,Paid,0
BILL779101,CUST10603,234477,234477,2026-05-14 00:00:00,2026-05-16 00:00:00,Web,Paid,0
BILL143080,CUST10096,178255,178255,2026-09-24 00:00:00,2026-09-26 00:00:00,Web,Paid,0
BILL164351,CUST10592,138451,138451,2026-07-20 00:00:00,2026-07-20 00:00:00,API,Paid,0
BILL574594,CUST10592,138451,138451,2026-07-20 00:00:00,2026-07-20 00:01:00,API,Paid,0
BILL178762,CUST10592,138451,138451,2026-07-20 00:00:00,2026-07-20 00:02:00,API,Paid,0
BILL332608,CUST10187,253468,253468,2026-06-19 00:00:00,2026-06-22 00:00:00,Mobile,Paid,0
BILL497352,CUST10137,117777,117777,2026-08-15 00:04:00,2026-08-15 00:04:00,Mobile,Paid,0
BILL774596,CUST10385,329076,329076,2026-07-14 00:00:00,2026-07-19 00:00:00,Mobile,Paid,0
BILL702040,CUST10609,112399,112399,2026-04-10 00:00:00,2026-04-15 00:00:00,Mobile,Paid,0
BILL969843,CUST10437,399063,399063,2026-02-06 00:00:00,2026-02-09 00:00:00,Mobile,Paid,0
BILL464089,CUST10130,146870,146870,2026-10-15 00:00:00,2026-10-19 00:00:00,Mobile,Paid,1
BILL353459,CUST10183,335841,335841,2026-05-19 00:00:00,2026-05-24 00:00:00,Mobile,Paid,0
BILL609956,CUST10577,213700,213700,2026-10-24 00:04:00,2026-10-28 00:04:00,Web,Paid,0
BILL399734,CUST10154,331986,331986,2026-04-13 00:05:00,2026-04-17 00:05:00,Web,Paid,0
BILL414179,CUST10090,254823,254823,2027-01-23 00:00:00,2027-01-23 00:00:00,Web,Paid,0
BILL254850,CUST10473,133741,133741,2026-06-08 00:05:00,2026-06-09 00:05:00,Mobile,Paid,0
BILL335924,CUST10073,386343,386343,2026-04-06 00:00:00,2026-04-08 00:00:00,Mobile,Paid,0
BILL659405,CUST10337,307045,307045,2026-07-11 00:00:00,2026-07-11 00:00:00,Mobile,Paid,0
BILL444029,CUST10309,185862,185862,2026-02-08 00:00:00,2026-02-13 00:00:00,Web,Paid,0
BILL600132,CUST10053,207253,2974,2026-05-16 00:00:00,2026-05-21 00:00:00,Mobile,Paid,0
BILL743269,CUST10514,376802,376802,2026-02-10 00:00:00,2026-02-15 00:00:00,Web,Paid,0
BILL556651,CUST10011,299689,9151,2026-07-23 00:00:00,2026-07-27 00:00:00,Web,Paid,0
BILL405937,CUST10504,278446,278446,2026-04-10 00:00:00,2026-04-10 00:00:00,Web,Paid,0
BILL773871,CUST10237,398916,398916,2026-06-20 00:00:00,2026-06-24 00:00:00,Mobile,Paid,0
BILL973005,CUST10294,299488,299488,2027-03-31 00:00:00,2027-04-04 00:00:00,Mobile,Paid,0
BILL609466,CUST10531,303613,303613,2026-10-15 00:00:00,2026-10-15 00:00:00,Mobile,Paid,0
BILL694004,CUST10108,394781,394781,2026-06-15 00:00:00,2026-06-15 00:00:00,Mobile,Paid,0
BILL306166,CUST10194,202832,202832,2026-08-12 00:00:00,2026-08-16 00:00:00,Web,Paid,0
BILL493630,CUST10337,307045,9720,2026-08-10 00:00:00,2026-08-12 00:00:00,Mobile,Paid,0
BILL377656,CUST10053,207253,207253,2026-06-20 00:00:00,2026-06-23 00:00:00,Mobile,Paid,0
BILL232805,CUST10058,272649,272649,2026-12-24 00:03:00,2026-12-24 00:03:00,API,Paid,0
BILL908263,CUST10058,272649,272649,2026-12-24 00:03:00,2026-12-24 00:04:00,API,Paid,0
BILL322654,CUST10058,272649,272649,2026-12-24 00:03:00,2026-12-24 00:05:00,API,Paid,0
BILL900919,CUST10058,272649,272649,2026-12-24 00:03:00,2026-12-24 00:06:00,API,Paid,0
BILL887897,CUST10561,128775,128775,2026-04-09 00:04:00,2026-04-10 00:04:00,Web,Paid,0
BILL503066,CUST10578,373338,373338,2026-03-04 00:00:00,2026-03-07 00:00:00,Web,Paid,1
BILL929535,CUST10268,217442,217442,2026-05-18 00:00:00,2026-05-19 00:00:00,Web,Paid,0
BILL202196,CUST10147,155440,155440,2026-08-21 00:00:00,2026-08-24 00:00:00,Web,Paid,0
BILL129045,CUST10504,278446,278446,2026-05-10 00:00:00,2026-05-14 00:00:00,Web,Paid,0
BILL708662,CUST10131,383513,383513,2026-08-19 00:05:00,2026-08-19 00:05:00,Mobile,Paid,0
BILL796504,CUST10127,350604,350604,2026-05-13 00:00:00,2026-05-16 00:00:00,Mobile,Paid,1
BILL195567,CUST10083,266463,266463,2026-08-19 00:00:00,2026-08-22 00:00:00,Mobile,Paid,0
BILL213611,CUST10531,303613,303613,2026-11-14 00:00:00,2026-11-17 00:00:00,Mobile,Paid,0
BILL676014,CUST10504,278446,278446,2026-06-13 00:00:00,2026-06-16 00:00:00,Web,Paid,0
BILL935714,CUST10492,178349,178349,2026-10-28 00:00:00,2026-11-02 00:00:00,Mobile,Paid,0
BILL227017,CUST10167,144117,144117,2026-06-11 00:05:00,2026-06-14 00:05:00,Mobile,Paid,0
BILL612881,CUST10110,350073,350073,2026-09-23 00:04:00,2026-09-28 00:04:00,Web,Paid,0
BILL506106,CUST10370,282443,282443,2026-04-12 00:00:00,2026-04-15 00:00:00,Mobile,Paid,0
BILL601398,CUST10368,338233,338233,2026-07-20 00:00:00,2026-07-22 00:00:00,Mobile,Paid,0
BILL835092,CUST10013,101024,101024,2026-05-14 00:00:00,2026-05-15 00:00:00,Mobile,Paid,0
BILL401841,CUST10374,342743,342743,2026-04-12 00:00:00,2026-04-17 00:00:00,Web,Paid,0
BILL989874,CUST10186,125905,2849351,2026-07-09 00:00:00,2026-07-12 00:00:00,Web,Paid,0
BILL741879,CUST10323,390691,390691,2026-10-19 00:00:00,2026-10-19 00:00:00,Mobile,Paid,0
BILL299881,CUST10468,366366,7181308,2026-07-18 00:00:00,2026-07-20 00:00:00,Mobile,Paid,0
BILL180723,CUST10546,165933,165933,2026-07-17 00:00:00,2026-07-19 00:00:00,Web,Paid,0
BILL941234,CUST10108,394781,394781,2026-07-15 00:00:00,2026-07-19 00:00:00,Mobile,Paid,0
BILL323022,CUST10573,358577,358577,2026-09-15 00:05:00,2026-09-15 00:05:00,Web,Paid,0
BILL139058,CUST10151,234106,234106,2026-07-26 00:00:00,2026-07-27 00:00:00,API,Paid,0
BILL271279,CUST10326,125135,125135,2026-05-12 00:04:00,2026-05-12 00:04:00,Web,Paid,0
BILL802785,CUST10268,217442,217442,2026-06-18 00:00:00,2026-06-23 00:00:00,Web,Paid,0
BILL441664,CUST10228,322058,7075,2026-08-19 00:00:00,2026-08-20 00:00:00,Web,Paid,0
BILL796671,CUST10282,264469,264469,2026-11-23 00:04:00,2026-11-25 00:04:00,Mobile,Paid,0
BILL635265,CUST10113,327947,327947,2026-04-16 00:00:00,2026-04-16 00:00:00,Mobile,Paid,0
BILL723600,CUST10150,240703,240703,2026-05-18 00:00:00,2026-05-20 00:00:00,Mobile,Paid,0
BILL583975,CUST10325,105485,105485,2026-06-10 00:00:00,2026-06-13 00:00:00,Mobile,Paid,0
BILL948410,CUST10172,264351,264351,2026-09-25 00:00:00,2026-09-26 00:00:00,Mobile,Paid,0
BILL940398,CUST10366,353826,353826,2026-07-14 00:00:00,2026-07-14 00:00:00,Mobile,Paid,0
BILL772431,CUST10344,395635,395635,2026-05-09 00:00:00,2026-05-10 00:00:00,Mobile,Paid,1
BILL206374,CUST10221,392103,392103,2026-10-20 00:00:00,2026-10-24 00:00:00,Web,Paid,0
BILL307326,CUST10490,111565,111565,2026-03-06 00:00:00,2026-03-07 00:00:00,Mobile,Paid,0
BILL823554,CUST10366,353826,353826,2026-08-13 00:00:00,2026-08-15 00:00:00,Mobile,Paid,0
BILL978544,CUST10608,369837,369837,2026-08-22 00:00:00,2026-08-25 00:00:00,Web,Paid,0
BILL127974,CUST10201,257933,257933,2026-07-12 00:00:00,2026-07-17 00:00:00,Mobile,Paid,0
BILL881301,CUST10402,372130,372130,2026-08-15 00:00:00,2026-08-20 00:00:00,API,Paid,0
BILL884437,CUST10152,248075,248075,2026-06-17 00:00:00,2026-06-21 00:00:00,Web,Paid,0
BILL774502,CUST10497,131284,131284,2026-09-23 00:00:00,2026-09-24 00:00:00,API,Paid,0
BILL439171,CUST10112,353035,353035,2026-05-25 00:00:00,2026-05-30 00:00:00,Mobile,Paid,0
BILL266691,CUST10561,128775,128775,2026-05-10 00:04:00,2026-05-10 00:04:00,Web,Paid,0
BILL357905,CUST10190,169437,169437,2026-08-20 00:00:00,2026-08-20 00:00:00,Mobile,Paid,0
BILL188898,CUST10316,260371,260371,2026-05-13 00:04:00,2026-05-14 00:04:00,Mobile,Paid,0
BILL777222,CUST10001,349345,349345,2026-05-16 00:00:00,2026-05-19 00:00:00,Web,Paid,0
BILL547950,CUST10381,391812,391812,2026-08-16 00:00:00,2026-08-16 00:00:00,Mobile,Paid,0
BILL524061,CUST10545,213332,213332,2026-09-13 00:03:00,2026-09-14 00:03:00,Web,Paid,1
BILL863691,CUST10310,335952,335952,2026-08-24 00:00:00,2026-08-29 00:00:00,Mobile,Paid,0
BILL995704,CUST10247,237979,237979,2026-07-16 00:00:00,2026-07-16 00:00:00,API,Paid,0
BILL845089,CUST10247,237979,237979,2026-07-16 00:00:00,2026-07-16 00:01:00,API,Paid,0
BILL396742,CUST10247,237979,237979,2026-07-16 00:00:00,2026-07-16 00:02:00,API,Paid,0
BILL181652,CUST10247,237979,237979,2026-07-16 00:00:00,2026-07-16 00:03:00,API,Paid,0
BILL641966,CUST10247,237979,237979,2026-07-16 00:00:00,2026-07-16 00:04:00,API,Paid,0
BILL135357,CUST10075,121846,121846,2026-03-14 00:00:00,2026-03-14 00:00:00,Web,Paid,0
BILL892833,CUST10017,131984,131984,2026-03-08 00:00:00,2026-03-09 00:00:00,Mobile,Paid,0
BILL559156,CUST10589,239931,239931,2026-07-18 00:00:00,2026-07-19 00:00:00,Web,Paid,0
BILL418160,CUST10584,359104,4307933,2026-08-17 00:05:00,2026-08-20 00:05:00,Mobile,Paid,0
BILL314580,CUST10317,221198,221198,2026-07-22 00:00:00,2026-07-22 00:00:00,Mobile,Paid,0
BILL584600,CUST10595,342484,342484,2026-10-21 00:03:00,2026-10-21 00:03:00,Web,Paid,0
BILL229354,CUST10492,178349,178349,2026-12-02 00:00:00,2026-12-07 00:00:00,Mobile,Paid,0
BILL503549,CUST10443,295547,295547,2026-06-10 00:00:00,2026-06-11 00:00:00,Web,Paid,0
BILL770037,CUST10113,327947,327947,2026-05-16 00:00:00,2026-05-17 00:00:00,Mobile,Paid,0
BILL310181,CUST10144,221904,221904,2026-06-07 00:00:00,2026-06-07 00:00:00,API,Paid,0
BILL898829,CUST10144,221904,221904,2026-06-07 00:00:00,2026-06-07 00:01:00,API,Paid,0
BILL355034,CUST10144,221904,221904,2026-06-07 00:00:00,2026-06-07 00:02:00,API,Paid,0
BILL348422,CUST10144,221904,221904,2026-06-07 00:00:00,2026-06-07 00:03:00,API,Paid,0
BILL865766,CUST10350,276597,276597,2026-11-29 00:00:00,2026-12-04 00:00:00,Mobile,Paid,0
BILL857599,CUST10331,201073,7368,2026-06-16 00:04:00,2026-06-19 00:04:00,Web,Paid,0
BILL947806,CUST10243,399795,399795,2026-07-10 00:00:00,2026-07-15 00:00:00,Web,Paid,0
BILL647416,CUST10071,269076,269076,2026-05-13 00:00:00,2026-05-17 00:00:00,Web,Paid,0
BILL490956,CUST10151,234106,234106,2026-08-26 00:00:00,2026-08-31 00:00:00,Mobile,Paid,0
BILL158757,CUST10021,181897,181897,2026-05-19 00:00:00,2026-05-20 00:00:00,Mobile,Paid,1
BILL395223,CUST10539,282596,282596,2026-06-17 00:00:00,2026-06-19 00:00:00,Mobile,Paid,0
BILL541767,CUST10480,113117,113117,2026-06-16 00:00:00,2026-06-20 00:00:00,Web,Paid,0
BILL612366,CUST10308,382701,382701,2026-02-01 00:00:00,2026-02-05 00:00:00,Web,Paid,0
BILL967804,CUST10351,288849,288849,2026-06-10 00:00:00,2026-06-11 00:00:00,API,Paid,0
BILL587843,CUST10217,345563,345563,2026-09-24 00:00:00,2026-09-29 00:00:00,Web,Paid,1
BILL751288,CUST10344,395635,395635,2026-06-09 00:00:00,2026-06-11 00:00:00,Mobile,Paid,0
BILL916091,CUST10102,110740,110740,2026-06-16 00:00:00,2026-06-17 00:00:00,Mobile,Paid,0
BILL489994,CUST10567,257276,257276,2026-09-18 00:00:00,2026-09-22 00:00:00,Web,Paid,0
BILL348153,CUST10230,356484,356484,2026-08-16 00:00:00,2026-08-16 00:00:00,Web,Paid,0
BILL714794,CUST10354,318261,318261,2026-05-06 00:00:00,2026-05-10 00:00:00,Mobile,Paid,0
BILL102402,CUST10123,343745,343745,2026-12-24 00:00:00,2026-12-25 00:00:00,API,Paid,0
BILL926136,CUST10222,245529,245529,2026-04-15 00:00:00,2026-04-20 00:00:00,Web,Paid,0
BILL602306,CUST10346,359143,359143,2026-09-17 00:00:00,2026-09-19 00:00:00,Mobile,Paid,0
BILL665757,CUST10124,147590,147590,2026-05-12 00:00:00,2026-05-12 00:00:00,Web,Paid,0
BILL401536,CUST10472,198317,198317,2026-07-17 00:00:00,2026-07-20 00:00:00,Web,Paid,0
BILL711636,CUST10224,163385,163385,2026-06-17 00:00:00,2026-06-21 00:00:00,Web,Paid,0
BILL872882,CUST10591,268129,4204,2026-06-05 00:04:00,2026-06-05 00:04:00,Web,Paid,0
BILL691961,CUST10054,176593,176593,2026-10-18 00:00:00,2026-10-23 00:00:00,Web,Paid,0
BILL592342,CUST10523,228291,228291,2026-10-31 00:00:00,2026-11-01 00:00:00,Mobile,Paid,0
BILL206616,CUST10430,292307,292307,2026-07-24 00:05:00,2026-07-26 00:05:00,Web,Paid,0
BILL935629,CUST10237,398916,398916,2026-07-24 00:00:00,2026-07-24 00:00:00,Mobile,Paid,0
BILL943509,CUST10528,303121,303121,2026-06-14 00:00:00,2026-06-19 00:00:00,Mobile,Paid,0
BILL375200,CUST10123,343745,343745,2027-01-24 00:00:00,2027-01-24 00:00:00,Mobile,Paid,0
BILL183052,CUST10187,253468,253468,2026-07-22 00:00:00,2026-07-22 00:00:00,Mobile,Paid,0
BILL621563,CUST10372,188669,188669,2026-09-14 00:00:00,2026-09-18 00:00:00,Web,Paid,0
BILL921243,CUST10112,353035,353035,2026-06-29 00:00:00,2026-06-29 00:00:00,Mobile,Paid,0
BILL176644,CUST10532,306998,3979,2026-06-17 00:00:00,2026-06-18 00:00:00,Web,Paid,0
BILL961681,CUST10173,272090,272090,2026-06-17 00:00:00,2026-06-19 00:00:00,Mobile,Paid,1
BILL506935,CUST10045,116178,116178,2026-05-16 00:00:00,2026-05-21 00:00:00,Mobile,Paid,0
BILL808959,CUST10498,286133,2524,2026-12-25 00:00:00,2026-12-30 00:00:00,Web,Paid,0
BILL137287,CUST10028,371934,371934,2026-08-13 00:00:00,2026-08-14 00:00:00,Mobile,Paid,0
BILL896967,CUST10456,348538,348538,2026-05-13 00:00:00,2026-05-17 00:00:00,Web,Paid,0
BILL247730,CUST10386,169828,169828,2026-06-04 00:00:00,2026-06-08 00:00:00,Mobile,Paid,0
BILL773854,CUST10056,161024,161024,2026-08-19 00:00:00,2026-08-22 00:00:00,Mobile,Paid,0
BILL296076,CUST10591,268129,5025,2026-07-05 00:04:00,2026-07-06 00:04:00,Web,Paid,0
BILL529667,CUST10051,125386,125386,2026-08-07 00:05:00,2026-08-08 00:05:00,Web,Paid,0
BILL735144,CUST10213,322614,322614,2026-08-13 00:00:00,2026-08-14 00:00:00,Mobile,Paid,0
BILL385375,CUST10559,370300,370300,2026-06-14 00:00:00,2026-06-14 00:00:00,API,Paid,0
BILL317537,CUST10559,370300,370300,2026-06-14 00:00:00,2026-06-14 00:01:00,API,Paid,0
BILL204393,CUST10559,370300,370300,2026-06-14 00:00:00,2026-06-14 00:02:00,API,Paid,0
BILL884421,CUST10559,370300,370300,2026-06-14 00:00:00,2026-06-14 00:03:00,API,Paid,0
BILL909766,CUST10559,370300,370300,2026-06-14 00:00:00,2026-06-14 00:04:00,API,Paid,0
BILL211225,CUST10595,342484,342484,2026-11-20 00:03:00,2026-11-23 00:03:00,Web,Paid,0
BILL744879,CUST10585,370545,370545,2026-08-18 00:00:00,2026-08-18 00:00:00,API,Paid,0
BILL730896,CUST10585,370545,370545,2026-08-18 00:00:00,2026-08-18 00:01:00,API,Paid,0
BILL924991,CUST10585,370545,370545,2026-08-18 00:00:00,2026-08-18 00:02:00,API,Paid,0
BILL303827,CUST10585,370545,370545,2026-08-18 00:00:00,2026-08-18 00:03:00,API,Paid,0
BILL134925,CUST10495,217295,217295,2026-07-14 00:04:00,2026-07-18 00:04:00,Mobile,Paid,0
BILL119455,CUST10300,333301,333301,2026-10-19 00:00:00,2026-10-23 00:00:00,Web,Paid,0
BILL675454,CUST10151,234106,234106,2026-09-30 00:00:00,2026-10-05 00:00:00,Mobile,Paid,0
BILL494080,CUST10303,131090,131090,2026-06-15 00:00:00,2026-06-18 00:00:00,Web,Paid,0
BILL369502,CUST10268,217442,217442,2026-07-23 00:00:00,2026-07-28 00:00:00,Web,Paid,0
BILL674338,CUST10383,128578,128578,2026-11-26 00:00:00,2026-11-29 00:00:00,Mobile,Paid,0
BILL885372,CUST10525,309705,309705,2026-08-16 00:03:00,2026-08-21 00:03:00,Mobile,Paid,0
BILL116833,CUST10011,299689,299689,2026-08-26 00:00:00,2026-08-28 00:00:00,Web,Paid,0
BILL567369,CUST10114,219674,219674,2026-05-12 00:00:00,2026-05-12 00:00:00,Web,Paid,0
BILL521661,CUST10406,373225,373225,2026-05-08 00:00:00,2026-05-08 00:00:00,API,Paid,0
BILL257686,CUST10193,319992,319992,2026-11-27 00:00:00,2026-12-01 00:00:00,Web,Paid,0
BILL850316,CUST10050,368862,368862,2026-06-21 00:04:00,2026-06-22 00:04:00,Mobile,Paid,0
BILL989828,CUST10227,232936,232936,2026-05-15 00:05:00,2026-05-19 00:05:00,Mobile,Paid,0
BILL915059,CUST10243,399795,399795,2026-08-14 00:00:00,2026-08-17 00:00:00,Web,Paid,0
BILL396790,CUST10323,390691,390691,2026-11-18 00:00:00,2026-11-22 00:00:00,Mobile,Paid,0
BILL633920,CUST10605,312652,6735,2026-08-18 00:00:00,2026-08-22 00:00:00,Web,Paid,0
BILL166589,CUST10302,176365,176365,2026-07-10 00:00:00,2026-07-10 00:00:00,API,Paid,0
BILL375422,CUST10302,176365,176365,2026-07-10 00:00:00,2026-07-10 00:01:00,API,Paid,0
BILL669291,CUST10302,176365,176365,2026-07-10 00:00:00,2026-07-10 00:02:00,API,Paid,0
BILL712950,CUST10302,176365,176365,2026-07-10 00:00:00,2026-07-10 00:03:00,API,Paid,0
BILL497013,CUST10302,176365,176365,2026-07-10 00:00:00,2026-07-10 00:04:00,API,Paid,0
BILL826156,CUST10056,161024,161024,2026-09-21 00:00:00,2026-09-24 00:00:00,Mobile,Paid,0
BILL880212,CUST10167,144117,144117,2026-07-14 00:05:00,2026-07-17 00:05:00,Mobile,Paid,0
BILL602491,CUST10076,227427,227427,2026-06-11 00:00:00,2026-06-13 00:00:00,Web,Paid,0
BILL372014,CUST10551,129977,129977,2026-05-07 00:00:00,2026-05-07 00:00:00,API,Paid,0
BILL279588,CUST10551,129977,129977,2026-05-07 00:00:00,2026-05-07 00:01:00,API,Paid,0
BILL553459,CUST10551,129977,129977,2026-05-07 00:00:00,2026-05-07 00:02:00,API,Paid,0
BILL604749,CUST10133,106145,106145,2026-07-16 00:04:00,2026-07-19 00:04:00,Mobile,Paid,0
BILL145696,CUST10441,261893,261893,2026-06-15 00:00:00,2026-06-16 00:00:00,Web,Paid,0
BILL738005,CUST10523,228291,228291,2026-12-01 00:00:00,2026-12-05 00:00:00,Mobile,Paid,0
BILL500830,CUST10366,353826,353826,2026-09-14 00:00:00,2026-09-14 00:00:00,Mobile,Paid,0
BILL802729,CUST10303,131090,131090,2026-07-18 00:00:00,2026-07-21 00:00:00,Web,Paid,0
BILL867623,CUST10087,256235,3705837,2026-06-14 00:00:00,2026-06-16 00:00:00,Mobile,Paid,0
BILL592882,CUST10516,143930,143930,2026-08-20 00:04:00,2026-08-21 00:04:00,Mobile,Paid,0
BILL394855,CUST10480,113117,2644703,2026-07-20 00:00:00,2026-07-20 00:00:00,Web,Paid,0
BILL239673,CUST10195,322155,322155,2026-04-19 00:00:00,2026-04-20 00:00:00,Web,Paid,0
BILL519157,CUST10315,225792,225792,2026-09-14 00:03:00,2026-09-18 00:03:00,Web,Paid,0
BILL954497,CUST10060,344438,7179583,2026-05-24 00:00:00,2026-05-28 00:00:00,Mobile,Paid,0
BILL264982,CUST10000,171786,171786,2026-06-12 00:00:00,2026-06-16 00:00:00,Web,Paid,0
BILL153208,CUST10411,173679,173679,2026-03-06 00:00:00,2026-03-07 00:00:00,Web,Paid,0
BILL740215,CUST10520,267781,267781,2026-05-12 00:00:00,2026-05-12 00:00:00,API,Paid,0
BILL255416,CUST10520,267781,267781,2026-05-12 00:00:00,2026-05-12 00:01:00,API,Paid,0
BILL767420,CUST10520,267781,267781,2026-05-12 00:00:00,2026-05-12 00:02:00,API,Paid,0
BILL696950,CUST10475,304176,304176,2026-08-25 00:00:00,2026-08-30 00:00:00,Web,Paid,0
BILL939726,CUST10210,219614,219614,2026-07-20 00:00:00,2026-07-20 00:00:00,Mobile,Paid,0
BILL944495,CUST10310,335952,335952,2026-09-28 00:00:00,2026-09-29 00:00:00,Mobile,Paid,0
BILL742361,CUST10067,236495,236495,2026-07-24 00:00:00,2026-07-27 00:00:00,Web,Paid,0
BILL730128,CUST10170,270711,270711,2026-07-13 00:00:00,2026-07-13 00:00:00,Mobile,Paid,0
BILL786483,CUST10465,314765,314765,2026-05-18 00:00:00,2026-05-18 00:00:00,Web,Paid,0
BILL702369,CUST10288,256964,256964,2026-07-18 00:00:00,2026-07-21 00:00:00,Mobile,Paid,0
BILL400205,CUST10319,339704,8098,2026-06-09 00:04:00,2026-06-09 00:04:00,Web,Paid,0
BILL510500,CUST10046,156398,156398,2026-07-23 00:00:00,2026-07-28 00:00:00,Mobile,Paid,1
BILL322008,CUST10185,106845,106845,2026-08-17 00:00:00,2026-08-22 00:00:00,Mobile,Paid,0
BILL212356,CUST10248,279819,279819,2026-04-13 00:00:00,2026-04-15 00:00:00,API,Paid,0
BILL302903,CUST10158,310083,310083,2026-03-11 00:00:00,2026-03-16 00:00:00,Mobile,Paid,0
BILL999275,CUST10059,185962,2527,2026-08-19 00:00:00,2026-08-22 00:00:00,Web,Paid,0
BILL193213,CUST10265,230771,230771,2026-04-12 00:00:00,2026-04-16 00:00:00,Mobile,Paid,0
BILL568876,CUST10532,306998,306998,2026-07-18 00:00:00,2026-07-21 00:00:00,Web,Paid,1
BILL332738,CUST10569,215229,215229,2026-11-23 00:00:00,2026-11-28 00:00:00,Mobile,Paid,0
BILL345970,CUST10581,380201,380201,2026-10-24 00:00:00,2026-10-29 00:00:00,Mobile,Paid,0
BILL616198,CUST10235,121848,121848,2026-05-13 00:03:00,2026-05-17 00:03:00,Mobile,Paid,0
BILL773341,CUST10081,134971,2603082,2026-07-20 00:00:00,2026-07-25 00:00:00,Web,Paid,0
BILL238121,CUST10244,357946,2264,2026-08-15 00:03:00,2026-08-20 00:03:00,Web,Paid,0
BILL982923,CUST10498,286133,286133,2027-01-29 00:00:00,2027-01-29 00:00:00,Web,Paid,0
BILL659128,CUST10153,123159,123159,2026-07-11 00:00:00,2026-07-11 00:00:00,Web,Paid,0
BILL542513,CUST10411,173679,173679,2026-04-06 00:00:00,2026-04-07 00:00:00,Web,Paid,0
BILL238393,CUST10336,385465,385465,2026-06-19 00:00:00,2026-06-20 00:00:00,Web,Paid,0
BILL393207,CUST10415,187299,187299,2026-04-09 00:00:00,2026-04-11 00:00:00,Mobile,Paid,0
BILL132690,CUST10292,114116,114116,2026-04-11 00:00:00,2026-04-13 00:00:00,Web,Paid,0
BILL733088,CUST10485,336972,336972,2026-04-11 00:00:00,2026-04-14 00:00:00,Web,Paid,0
BILL266417,CUST10185,106845,106845,2026-09-21 00:00:00,2026-09-22 00:00:00,Mobile,Paid,0
BILL683067,CUST10374,342743,342743,2026-05-17 00:00:00,2026-05-21 00:00:00,Web,Paid,0
BILL760752,CUST10165,352542,352542,2026-07-13 00:05:00,2026-07-17 00:05:00,Web,Paid,0
BILL587369,CUST10043,105943,105943,2026-04-14 00:00:00,2026-04-19 00:00:00,Mobile,Paid,0
BILL623827,CUST10099,377420,8570424,2026-04-04 00:00:00,2026-04-05 00:00:00,Mobile,Paid,0
BILL647006,CUST10194,202832,202832,2026-09-15 00:00:00,2026-09-20 00:00:00,Web,Paid,0
BILL208823,CUST10496,389894,389894,2026-06-16 00:00:00,2026-06-21 00:00:00,Web,Paid,0
BILL303595,CUST10419,235016,2750477,2026-04-09 00:00:00,2026-04-11 00:00:00,Mobile,Paid,0
BILL177653,CUST10062,360981,360981,2026-10-26 00:00:00,2026-10-27 00:00:00,Mobile,Paid,1
BILL668571,CUST10599,103052,103052,2026-07-17 00:03:00,2026-07-21 00:03:00,Mobile,Paid,0
BILL162606,CUST10435,263580,263580,2026-09-20 00:00:00,2026-09-23 00:00:00,Mobile,Paid,0
BILL974860,CUST10288,256964,256964,2026-08-20 00:00:00,2026-08-23 00:00:00,Mobile,Paid,1
BILL452370,CUST10081,134971,134971,2026-08-24 00:00:00,2026-08-26 00:00:00,Web,Paid,0
BILL731210,CUST10547,318664,318664,2026-06-18 00:03:00,2026-06-21 00:03:00,Web,Paid,0
BILL956913,CUST10011,299689,299689,2026-09-27 00:00:00,2026-09-27 00:00:00,Web,Paid,0
BILL207064,CUST10131,383513,383513,2026-09-18 00:05:00,2026-09-22 00:05:00,Mobile,Paid,0
BILL350265,CUST10485,336972,336972,2026-05-14 00:00:00,2026-05-19 00:00:00,Web,Paid,0
BILL519994,CUST10300,333301,333301,2026-11-22 00:00:00,2026-11-23 00:00:00,Web,Paid,0
BILL716834,CUST10514,376802,376802,2026-03-17 00:00:00,2026-03-18 00:00:00,Web,Paid,0
BILL197376,CUST10606,115208,115208,2026-09-20 00:00:00,2026-09-25 00:00:00,Mobile,Paid,0
BILL316416,CUST10193,319992,319992,2026-12-31 00:00:00,2027-01-04 00:00:00,Web,Paid,0
BILL448449,CUST10125,104899,104899,2026-07-14 00:00:00,2026-07-19 00:00:00,API,Paid,0
BILL192309,CUST10045,116178,116178,2026-06-20 00:00:00,2026-06-23 00:00:00,Mobile,Paid,0
BILL417413,CUST10203,136548,136548,2026-06-17 00:00:00,2026-06-20 00:00:00,Web,Paid,0
BILL789991,CUST10131,383513,383513,2026-10-22 00:05:00,2026-10-27 00:05:00,Mobile,Paid,0
BILL676339,CUST10253,174527,174527,2026-07-21 00:00:00,2026-07-21 00:00:00,Mobile,Paid,0
BILL589389,CUST10541,286522,286522,2026-04-06 00:00:00,2026-04-08 00:00:00,Mobile,Paid,0
BILL633097,CUST10215,337929,337929,2026-07-29 00:00:00,2026-08-01 00:00:00,Web,Paid,0
BILL314377,CUST10570,322635,322635,2026-10-05 00:00:00,2026-10-09 00:00:00,Mobile,Paid,0
BILL508054,CUST10601,177234,177234,2026-08-16 00:09:00,2026-08-19 00:09:00,Mobile,Paid,0
BILL182764,CUST10542,256381,5839278,2026-09-17 00:00:00,2026-09-21 00:00:00,Mobile,Paid,0
BILL827438,CUST10502,259966,259966,2026-09-17 00:00:00,2026-09-22 00:00:00,Mobile,Paid,0
BILL745732,CUST10299,330805,330805,2026-05-12 00:00:00,2026-05-16 00:00:00,Mobile,Paid,0
BILL216915,CUST10281,309691,309691,2026-08-20 00:00:00,2026-08-23 00:00:00,Mobile,Paid,0
BILL169254,CUST10115,233300,233300,2026-06-09 00:00:00,2026-06-11 00:00:00,Web,Paid,0
BILL591790,CUST10263,398952,398952,2026-05-15 00:00:00,2026-05-17 00:00:00,Mobile,Paid,1
BILL983279,CUST10158,310083,310083,2026-04-15 00:00:00,2026-04-16 00:00:00,Mobile,Paid,0
BILL522822,CUST10044,331621,331621,2026-08-12 00:00:00,2026-08-14 00:00:00,Web,Paid,0
BILL587280,CUST10506,277420,9476,2026-05-15 00:00:00,2026-05-18 00:00:00,Mobile,Paid,0
BILL860032,CUST10041,145257,145257,2026-09-26 00:00:00,2026-09-26 00:00:00,Mobile,Paid,0
BILL905922,CUST10282,264469,264469,2026-12-25 00:04:00,2026-12-28 00:04:00,Mobile,Paid,0
BILL397798,CUST10182,162027,162027,2026-05-11 00:00:00,2026-05-12 00:00:00,API,Paid,0
BILL400227,CUST10233,310354,310354,2027-01-30 00:03:00,2027-02-01 00:03:00,Mobile,Paid,0
BILL885689,CUST10617,391485,391485,2026-05-04 00:00:00,2026-05-09 00:00:00,Web,Paid,0
BILL747077,CUST10200,342570,342570,2026-09-16 00:00:00,2026-09-16 00:00:00,Web,Paid,0
BILL124421,CUST10599,103052,1531730,2026-08-20 00:03:00,2026-08-22 00:03:00,Mobile,Paid,0
BILL472057,CUST10589,239931,239931,2026-08-18 00:00:00,2026-08-23 00:00:00,Web,Paid,0
BILL512334,CUST10116,381875,381875,2026-05-19 00:00:00,2026-05-22 00:00:00,Mobile,Paid,0
BILL557113,CUST10523,228291,228291,2027-01-04 00:00:00,2027-01-06 00:00:00,Mobile,Paid,0
BILL816556,CUST10444,372894,372894,2026-04-12 00:00:00,2026-04-15 00:00:00,Mobile,Paid,0
BILL953044,CUST10263,398952,398952,2026-06-16 00:00:00,2026-06-18 00:00:00,Mobile,Paid,0
BILL596888,CUST10147,155440,155440,2026-09-23 00:00:00,2026-09-24 00:00:00,API,Paid,0
BILL259532,CUST10387,199554,199554,2026-06-16 00:03:00,2026-06-17 00:03:00,Mobile,Paid,0
BILL346104,CUST10184,396902,396902,2026-08-12 00:00:00,2026-08-17 00:00:00,API,Paid,0
BILL386259,CUST10458,297776,297776,2026-08-10 00:00:00,2026-08-10 00:00:00,Mobile,Paid,0
BILL477594,CUST10237,398916,398916,2026-08-23 00:00:00,2026-08-28 00:00:00,Mobile,Paid,0
BILL200862,CUST10222,245529,245529,2026-05-20 00:00:00,2026-05-22 00:00:00,Web,Paid,0
BILL130006,CUST10523,228291,228291,2027-02-05 00:00:00,2027-02-08 00:00:00,Mobile,Paid,0
BILL468443,CUST10314,300175,300175,2026-07-22 00:05:00,2026-07-23 00:05:00,API,Paid,0
BILL850686,CUST10419,235016,235016,2026-05-11 00:00:00,2026-05-13 00:00:00,Mobile,Paid,0
BILL797204,CUST10344,395635,395635,2026-07-11 00:00:00,2026-07-16 00:00:00,Mobile,Paid,0
BILL518797,CUST10602,272602,272602,2026-07-20 00:00:00,2026-07-20 00:00:00,API,Paid,0
BILL377540,CUST10602,272602,272602,2026-07-20 00:00:00,2026-07-20 00:01:00,API,Paid,0
BILL234562,CUST10602,272602,272602,2026-07-20 00:00:00,2026-07-20 00:02:00,API,Paid,0
BILL215808,CUST10602,272602,272602,2026-07-20 00:00:00,2026-07-20 00:03:00,API,Paid,0
BILL621770,CUST10602,272602,272602,2026-07-20 00:00:00,2026-07-20 00:04:00,API,Paid,0
BILL673878,CUST10569,215229,215229,2026-12-28 00:00:00,2026-12-30 00:00:00,API,Paid,0
BILL813945,CUST10148,176194,176194,2026-10-17 00:00:00,2026-10-21 00:00:00,Web,Paid,0
BILL695997,CUST10477,154868,154868,2026-08-21 00:04:00,2026-08-26 00:04:00,Web,Paid,0
BILL726368,CUST10102,110740,110740,2026-07-17 00:00:00,2026-07-19 00:00:00,Mobile,Paid,0
BILL213542,CUST10308,382701,382701,2026-03-07 00:00:00,2026-03-12 00:00:00,Web,Paid,0
BILL883861,CUST10377,254280,254280,2026-07-18 00:00:00,2026-07-18 00:00:00,API,Paid,0
BILL695024,CUST10377,254280,254280,2026-07-18 00:00:00,2026-07-18 00:01:00,API,Paid,0
BILL340829,CUST10377,254280,254280,2026-07-18 00:00:00,2026-07-18 00:02:00,API,Paid,0
BILL430074,CUST10377,254280,254280,2026-07-18 00:00:00,2026-07-18 00:03:00,API,Paid,0
BILL568273,CUST10377,254280,254280,2026-07-18 00:00:00,2026-07-18 00:04:00,API,Paid,0
BILL390243,CUST10551,129977,129977,2026-06-06 00:03:00,2026-06-06 00:03:00,Web,Paid,0
BILL466866,CUST10360,279054,279054,2026-09-22 00:00:00,2026-09-26 00:00:00,API,Paid,0
BILL330750,CUST10366,353826,353826,2026-10-14 00:00:00,2026-10-18 00:00:00,Mobile,Paid,0
BILL469807,CUST10367,246080,246080,2026-07-06 00:10:00,2026-07-09 00:10:00,Mobile,Paid,1
BILL741176,CUST10198,186203,186203,2026-09-15 00:00:00,2026-09-16 00:00:00,Web,Paid,0
BILL994924,CUST10481,205868,205868,2026-09-17 00:00:00,2026-09-17 00:00:00,Mobile,Paid,0
BILL752938,CUST10467,188709,188709,2026-03-08 00:00:00,2026-03-12 00:00:00,Web,Paid,0
BILL732849,CUST10233,310354,310354,2027-03-03 00:03:00,2027-03-04 00:03:00,Mobile,Paid,0
BILL328693,CUST10309,185862,5744,2026-03-15 00:00:00,2026-03-16 00:00:00,Web,Paid,0
BILL435952,CUST10069,139568,139568,2026-03-16 00:00:00,2026-03-19 00:00:00,Mobile,Paid,1
BILL856713,CUST10331,201073,201073,2026-07-19 00:04:00,2026-07-23 00:04:00,Web,Paid,0
BILL737535,CUST10107,388199,388199,2026-06-13 00:05:00,2026-06-17 00:05:00,Mobile,Paid,0
BILL741780,CUST10554,178725,2200782,2026-11-18 00:05:00,2026-11-21 00:05:00,Web,Paid,0
BILL212831,CUST10532,306998,306998,2026-08-20 00:00:00,2026-08-21 00:00:00,Web,Paid,0
BILL516249,CUST10269,364634,364634,2026-06-13 00:00:00,2026-06-18 00:00:00,Web,Paid,0
BILL775924,CUST10116,381875,381875,2026-06-21 00:00:00,2026-06-26 00:00:00,Mobile,Paid,0
BILL830225,CUST10146,222206,222206,2026-03-16 00:00:00,2026-03-21 00:00:00,Mobile,Paid,0
BILL201738,CUST10156,366745,366745,2026-05-15 00:00:00,2026-05-18 00:00:00,Web,Paid,0
BILL736667,CUST10202,309622,309622,2026-06-02 00:00:00,2026-06-02 00:00:00,Mobile,Paid,0
BILL740441,CUST10487,396911,396911,2026-06-09 00:05:00,2026-06-09 00:05:00,API,Paid,0
BILL633337,CUST10487,396911,396911,2026-06-09 00:05:00,2026-06-09 00:06:00,API,Paid,0
BILL800939,CUST10487,396911,396911,2026-06-09 00:05:00,2026-06-09 00:07:00,API,Paid,0
BILL143191,CUST10294,299488,299488,2027-05-04 00:00:00,2027-05-08 00:00:00,Mobile,Paid,0
BILL216742,CUST10317,221198,221198,2026-08-21 00:00:00,2026-08-23 00:00:00,Mobile,Paid,0
BILL882866,CUST10086,384255,6081,2026-05-13 00:00:00,2026-05-13 00:00:00,Mobile,Paid,0
BILL969656,CUST10014,228850,228850,2026-07-16 00:00:00,2026-07-20 00:00:00,API,Paid,0
BILL614963,CUST10449,315584,6826952,2026-11-22 00:03:00,2026-11-24 00:03:00,Mobile,Paid,0
BILL267332,CUST10464,265364,8176,2026-07-19 00:00:00,2026-07-19 00:00:00,Mobile,Paid,0
BILL203614,CUST10272,274743,274743,2026-07-16 00:00:00,2026-07-20 00:00:00,Web,Paid,0
BILL879984,CUST10165,352542,352542,2026-08-16 00:05:00,2026-08-19 00:05:00,Web,Paid,0
BILL313064,CUST10558,339745,339745,2026-05-18 00:00:00,2026-05-21 00:00:00,Web,Paid,0
BILL225599,CUST10106,281250,281250,2026-07-18 00:00:00,2026-07-22 00:00:00,Web,Paid,0
BILL804692,CUST10461,392083,392083,2026-04-05 00:00:00,2026-04-06 00:00:00,Web,Paid,0
BILL237219,CUST10357,248320,248320,2026-12-29 00:00:00,2027-01-01 00:00:00,API,Paid,0
BILL310314,CUST10301,210731,210731,2026-06-10 00:04:00,2026-06-12 00:04:00,Web,Paid,0
BILL168477,CUST10554,178725,178725,2026-12-21 00:05:00,2026-12-25 00:05:00,Web,Paid,0
BILL781268,CUST10057,250829,250829,2026-05-14 00:00:00,2026-05-18 00:00:00,Mobile,Paid,0
BILL146896,CUST10598,244837,244837,2026-10-23 00:00:00,2026-10-23 00:00:00,Mobile,Paid,0
BILL640189,CUST10334,153060,153060,2026-10-25 00:00:00,2026-10-26 00:00:00,Web,Paid,0
BILL686997,CUST10245,246432,246432,2026-09-26 00:00:00,2026-09-27 00:00:00,Web,Paid,0
BILL325116,CUST10601,177234,177234,2026-09-18 00:09:00,2026-09-22 00:09:00,Mobile,Paid,0
BILL681522,CUST10039,107142,107142,2026-09-24 00:00:00,2026-09-28 00:00:00,Mobile,Paid,1
BILL343972,CUST10587,189191,189191,2026-11-20 00:00:00,2026-11-22 00:00:00,Web,Paid,0
BILL211430,CUST10366,353826,353826,2026-11-17 00:00:00,2026-11-17 00:00:00,API,Paid,0
BILL769893,CUST10454,247525,247525,2026-07-13 00:03:00,2026-07-18 00:03:00,Mobile,Paid,0
BILL974012,CUST10422,298569,298569,2026-07-27 00:00:00,2026-07-27 00:00:00,Mobile,Paid,0
BILL490026,CUST10327,345530,345530,2026-04-06 00:00:00,2026-04-07 00:00:00,Web,Paid,0
BILL543398,CUST10607,252178,252178,2026-04-12 00:00:00,2026-04-16 00:00:00,Web,Paid,0
BILL245225,CUST10420,139871,139871,2026-07-20 00:03:00,2026-07-22 00:03:00,Web,Paid,0
BILL245803,CUST10263,398952,398952,2026-07-18 00:00:00,2026-07-18 00:00:00,Mobile,Paid,0
BILL880451,CUST10262,132602,132602,2026-05-14 00:00:00,2026-05-15 00:00:00,Web,Paid,0
BILL794050,CUST10424,178755,178755,2026-07-22 00:00:00,2026-07-27 00:00:00,Mobile,Paid,0
BILL720907,CUST10459,105072,105072,2026-11-03 00:00:00,2026-11-05 00:00:00,Mobile,Paid,0
BILL433011,CUST10231,111028,111028,2026-03-10 00:00:00,2026-03-11 00:00:00,Mobile,Paid,0
BILL856403,CUST10090,254823,254823,2027-02-22 00:00:00,2027-02-25 00:00:00,Web,Paid,0
BILL253725,CUST10366,353826,353826,2026-12-17 00:00:00,2026-12-20 00:00:00,Mobile,Paid,0
BILL234053,CUST10157,240590,3980,2026-05-09 00:00:00,2026-05-10 00:00:00,Web,Paid,0
BILL522463,CUST10298,310450,310450,2026-09-16 00:03:00,2026-09-18 00:03:00,Web,Paid,0
BILL269215,CUST10014,228850,228850,2026-08-19 00:00:00,2026-08-19 00:00:00,Web,Paid,0
BILL533906,CUST10453,156466,156466,2026-11-15 00:00:00,2026-11-18 00:00:00,Mobile,Paid,0
BILL594625,CUST10539,282596,282596,2026-07-19 00:00:00,2026-07-20 00:00:00,Mobile,Paid,0
BILL165627,CUST10382,102370,1809219,2026-05-17 00:00:00,2026-05-21 00:00:00,Web,Paid,0
BILL423852,CUST10126,344492,5028199,2026-05-16 00:00:00,2026-05-21 00:00:00,Mobile,Paid,0
BILL966508,CUST10404,308543,308543,2026-09-21 00:00:00,2026-09-26 00:00:00,Mobile,Paid,0
BILL296491,CUST10267,211714,211714,2026-05-13 00:00:00,2026-05-16 00:00:00,Mobile,Paid,0
BILL895667,CUST10037,219888,219888,2026-04-05 00:00:00,2026-04-10 00:00:00,Mobile,Paid,0
BILL407562,CUST10482,327128,327128,2026-07-27 00:00:00,2026-07-27 00:00:00,Mobile,Paid,0
BILL510446,CUST10180,151733,151733,2026-04-10 00:00:00,2026-04-14 00:00:00,Mobile,Paid,0
BILL263929,CUST10403,334181,334181,2026-05-17 00:00:00,2026-05-21 00:00:00,API,Paid,0
BILL499839,CUST10240,399654,399654,2027-03-01 00:05:00,2027-03-03 00:05:00,Mobile,Paid,0
BILL802544,CUST10230,356484,356484,2026-09-15 00:00:00,2026-09-18 00:00:00,Web,Paid,1
BILL747578,CUST10593,360948,360948,2026-09-22 00:00:00,2026-09-25 00:00:00,Web,Paid,0
BILL724115,CUST10578,373338,373338,2026-04-06 00:00:00,2026-04-10 00:00:00,Web,Paid,0
BILL870921,CUST10436,207905,207905,2026-07-15 00:00:00,2026-07-17 00:00:00,Mobile,Paid,1
BILL198090,CUST10171,147240,147240,2026-06-16 00:00:00,2026-06-18 00:00:00,Web,Paid,0
BILL261061,CUST10465,314765,314765,2026-06-17 00:00:00,2026-06-19 00:00:00,Web,Paid,0
BILL435571,CUST10454,247525,247525,2026-08-17 00:03:00,2026-08-21 00:03:00,Mobile,Paid,0
BILL588738,CUST10192,309961,309961,2026-06-13 00:00:00,2026-06-15 00:00:00,Mobile,Paid,0
BILL285222,CUST10221,392103,392103,2026-11-23 00:00:00,2026-11-26 00:00:00,Web,Paid,0
BILL995888,CUST10493,119681,119681,2026-08-16 00:00:00,2026-08-17 00:00:00,Mobile,Paid,0
BILL737266,CUST10017,131984,131984,2026-04-08 00:00:00,2026-04-08 00:00:00,Mobile,Paid,0
BILL966722,CUST10030,120032,120032,2026-10-21 00:04:00,2026-10-24 00:04:00,Web,Paid,0
BILL593221,CUST10124,147590,147590,2026-06-11 00:00:00,2026-06-16 00:00:00,Web,Paid,0
BILL555637,CUST10059,185962,185962,2026-09-21 00:00:00,2026-09-22 00:00:00,Web,Paid,0
BILL529145,CUST10002,360456,360456,2026-04-17 00:00:00,2026-04-22 00:00:00,Web,Paid,0
BILL271718,CUST10027,224025,224025,2026-04-11 00:00:00,2026-04-14 00:00:00,API,Paid,0
BILL426151,CUST10284,398508,398508,2026-04-18 00:00:00,2026-04-22 00:00:00,Mobile,Paid,0
BILL344713,CUST10335,187463,187463,2026-05-18 00:00:00,2026-05-19 00:00:00,Mobile,Paid,0
BILL260275,CUST10576,289194,289194,2026-05-09 00:00:00,2026-05-10 00:00:00,Mobile,Paid,0
BILL784499,CUST10201,257933,257933,2026-08-16 00:00:00,2026-08-16 00:00:00,API,Paid,0
BILL862711,CUST10201,257933,257933,2026-08-16 00:00:00,2026-08-16 00:01:00,API,Paid,0
BILL239247,CUST10201,257933,257933,2026-08-16 00:00:00,2026-08-16 00:02:00,API,Paid,0
BILL689305,CUST10452,114174,114174,2026-07-20 00:00:00,2026-07-20 00:00:00,API,Paid,0
BILL727127,CUST10452,114174,114174,2026-07-20 00:00:00,2026-07-20 00:01:00,API,Paid,0
BILL939337,CUST10452,114174,114174,2026-07-20 00:00:00,2026-07-20 00:02:00,API,Paid,0
BILL280056,CUST10452,114174,114174,2026-07-20 00:00:00,2026-07-20 00:03:00,API,Paid,0
BILL237780,CUST10288,256964,256964,2026-09-22 00:00:00,2026-09-22 00:00:00,Mobile,Paid,0
BILL302391,CUST10564,158695,158695,2026-07-15 00:00:00,2026-07-19 00:00:00,Mobile,Paid,0
BILL893899,CUST10581,380201,380201,2026-11-28 00:00:00,2026-11-28 00:00:00,Mobile,Paid,0
BILL313004,CUST10418,362045,362045,2026-05-16 00:00:00,2026-05-16 00:00:00,Mobile,Paid,0
BILL870252,CUST10520,267781,267781,2026-06-11 00:03:00,2026-06-16 00:03:00,Web,Paid,0
BILL498168,CUST10181,358351,358351,2026-07-09 00:00:00,2026-07-12 00:00:00,Mobile,Paid,0
BILL177353,CUST10009,100858,100858,2026-08-24 00:00:00,2026-08-26 00:00:00,Web,Paid,0
BILL503595,CUST10316,260371,260371,2026-06-13 00:04:00,2026-06-13 00:04:00,Mobile,Paid,0
BILL251194,CUST10164,257164,257164,2026-04-13 00:00:00,2026-04-13 00:00:00,Mobile,Paid,0
BILL591628,CUST10545,213332,213332,2026-10-14 00:03:00,2026-10-14 00:03:00,API,Paid,0
BILL329831,CUST10545,213332,213332,2026-10-14 00:03:00,2026-10-14 00:04:00,API,Paid,0
BILL555041,CUST10545,213332,213332,2026-10-14 00:03:00,2026-10-14 00:05:00,API,Paid,0
BILL756640,CUST10487,396911,396911,2026-07-09 00:08:00,2026-07-10 00:08:00,Web,Paid,0
BILL708362,CUST10351,288849,288849,2026-07-11 00:00:00,2026-07-11 00:00:00,API,Paid,0
BILL797084,CUST10351,288849,288849,2026-07-11 00:00:00,2026-07-11 00:01:00,API,Paid,0
BILL870715,CUST10351,288849,288849,2026-07-11 00:00:00,2026-07-11 00:02:00,API,Paid,0
BILL757828,CUST10351,288849,288849,2026-07-11 00:00:00,2026-07-11 00:03:00,API,Paid,0
BILL736428,CUST10351,288849,288849,2026-07-11 00:00:00,2026-07-11 00:04:00,API,Paid,0
BILL891759,CUST10502,259966,259966,2026-10-22 00:00:00,2026-10-27 00:00:00,Mobile,Paid,0
BILL289712,CUST10354,318261,318261,2026-06-09 00:00:00,2026-06-14 00:00:00,Mobile,Paid,0
BILL914881,CUST10600,178062,178062,2026-05-09 00:05:00,2026-05-11 00:05:00,Mobile,Paid,0
BILL701015,CUST10381,391812,391812,2026-09-15 00:00:00,2026-09-19 00:00:00,Mobile,Paid,0
BILL496561,CUST10242,218492,218492,2026-06-12 00:00:00,2026-06-15 00:00:00,Mobile,Paid,0
BILL137988,CUST10236,256721,256721,2026-04-12 00:00:00,2026-04-15 00:00:00,Mobile,Paid,0
BILL535778,CUST10049,320646,320646,2026-07-20 00:00:00,2026-07-20 00:00:00,API,Paid,0
BILL176733,CUST10049,320646,320646,2026-07-20 00:00:00,2026-07-20 00:01:00,API,Paid,0
BILL251566,CUST10049,320646,320646,2026-07-20 00:00:00,2026-07-20 00:02:00,API,Paid,0
BILL805340,CUST10476,303621,303621,2026-03-13 00:00:00,2026-03-15 00:00:00,Web,Paid,0
BILL563824,CUST10539,282596,282596,2026-08-19 00:00:00,2026-08-22 00:00:00,Mobile,Paid,0
BILL438378,CUST10512,323116,323116,2026-04-13 00:00:00,2026-04-13 00:00:00,API,Paid,0
BILL140167,CUST10512,323116,323116,2026-04-13 00:00:00,2026-04-13 00:01:00,API,Paid,0
BILL924271,CUST10512,323116,323116,2026-04-13 00:00:00,2026-04-13 00:02:00,API,Paid,0
BILL186003,CUST10512,323116,323116,2026-04-13 00:00:00,2026-04-13 00:03:00,API,Paid,0
BILL895059,CUST10612,324597,324597,2026-10-25 00:05:00,2026-10-29 00:05:00,Web,Paid,0
BILL830860,CUST10619,308290,308290,2026-07-17 00:00:00,2026-07-19 00:00:00,API,Paid,0
BILL839244,CUST10379,202846,2500525,2026-08-10 00:00:00,2026-08-15 00:00:00,Web,Paid,0
BILL395976,CUST10076,227427,227427,2026-07-13 00:00:00,2026-07-17 00:00:00,Web,Paid,0
BILL881242,CUST10118,111521,111521,2026-08-24 00:04:00,2026-08-27 00:04:00,Mobile,Paid,0
BILL903451,CUST10093,109845,2607396,2026-08-15 00:03:00,2026-08-20 00:03:00,Mobile,Paid,0
BILL695122,CUST10317,221198,221198,2026-09-22 00:00:00,2026-09-25 00:00:00,Mobile,Paid,0
BILL451918,CUST10330,340223,340223,2026-06-19 00:00:00,2026-06-22 00:00:00,Mobile,Paid,0
BILL215426,CUST10211,276381,276381,2026-07-18 00:00:00,2026-07-23 00:00:00,Web,Paid,0
BILL586254,CUST10027,224025,224025,2026-05-14 00:00:00,2026-05-18 00:00:00,Mobile,Paid,0
BILL516203,CUST10318,334485,334485,2026-07-21 00:00:00,2026-07-21 00:00:00,Web,Paid,0
BILL643327,CUST10063,298648,298648,2026-05-04 00:00:00,2026-05-08 00:00:00,Mobile,Paid,0
BILL138392,CUST10054,176593,176593,2026-11-22 00:00:00,2026-11-24 00:00:00,Web,Paid,0
BILL669907,CUST10520,267781,267781,2026-07-16 00:03:00,2026-07-20 00:03:00,Web,Paid,0
BILL401056,CUST10425,364397,364397,2026-04-09 00:00:00,2026-04-12 00:00:00,Web,Paid,0
BILL646441,CUST10209,180576,180576,2026-06-20 00:00:00,2026-06-25 00:00:00,API,Paid,0
BILL631897,CUST10205,325213,325213,2026-05-15 00:00:00,2026-05-17 00:00:00,Web,Paid,0
BILL404926,CUST10086,384255,384255,2026-06-12 00:00:00,2026-06-16 00:00:00,Mobile,Paid,0
BILL308079,CUST10496,389894,389894,2026-07-21 00:00:00,2026-07-21 00:00:00,Web,Paid,0
BILL350208,CUST10082,287913,287913,2026-07-14 00:00:00,2026-07-19 00:00:00,Mobile,Paid,0
BILL235175,CUST10571,182453,182453,2026-05-14 00:00:00,2026-05-14 00:00:00,Web,Paid,0
BILL861909,CUST10284,398508,398508,2026-05-22 00:00:00,2026-05-27 00:00:00,Mobile,Paid,0
BILL278303,CUST10021,181897,181897,2026-06-19 00:00:00,2026-06-22 00:00:00,API,Paid,0
BILL437920,CUST10587,189191,189191,2026-12-22 00:00:00,2026-12-26 00:00:00,Web,Paid,0
BILL950403,CUST10373,276562,276562,2026-06-17 00:00:00,2026-06-19 00:00:00,Web,Paid,0
BILL738818,CUST10133,106145,106145,2026-08-18 00:04:00,2026-08-23 00:04:00,Mobile,Paid,0
BILL832065,CUST10528,303121,303121,2026-07-19 00:00:00,2026-07-24 00:00:00,Mobile,Paid,0
BILL304095,CUST10048,200010,200010,2026-09-20 00:03:00,2026-09-22 00:03:00,Mobile,Paid,0
BILL789236,CUST10133,106145,106145,2026-09-22 00:04:00,2026-09-25 00:04:00,Mobile,Paid,0
BILL293495,CUST10160,264437,264437,2027-01-02 00:08:00,2027-01-05 00:08:00,Web,Paid,0
BILL351467,CUST10433,387895,6497750,2026-05-18 00:00:00,2026-05-20 00:00:00,Web,Paid,0
BILL596173,CUST10165,352542,352542,2026-09-18 00:05:00,2026-09-20 00:05:00,Web,Paid,0
BILL824899,CUST10327,345530,2813,2026-05-07 00:00:00,2026-05-08 00:00:00,Web,Paid,0
BILL630153,CUST10445,207054,207054,2026-06-15 00:04:00,2026-06-19 00:04:00,Web,Paid,0
BILL530960,CUST10176,360613,360613,2026-06-20 00:00:00,2026-06-23 00:00:00,Web,Paid,0
BILL165650,CUST10019,271271,271271,2026-07-13 00:00:00,2026-07-16 00:00:00,Web,Paid,0
BILL852622,CUST10321,146266,146266,2026-09-29 00:00:00,2026-10-01 00:00:00,Mobile,Paid,0
BILL372981,CUST10170,270711,270711,2026-08-12 00:00:00,2026-08-16 00:00:00,Mobile,Paid,0
BILL190031,CUST10245,246432,246432,2026-10-27 00:00:00,2026-10-30 00:00:00,Web,Paid,0
BILL359992,CUST10127,350604,350604,2026-06-15 00:00:00,2026-06-15 00:00:00,Mobile,Paid,0
BILL564212,CUST10280,176876,176876,2026-07-08 00:00:00,2026-07-10 00:00:00,Web,Paid,0
BILL464524,CUST10312,332915,332915,2026-07-15 00:00:00,2026-07-18 00:00:00,Web,Paid,0
BILL315183,CUST10548,276062,276062,2026-05-24 00:00:00,2026-05-24 00:00:00,API,Paid,0
BILL101076,CUST10548,276062,276062,2026-05-24 00:00:00,2026-05-24 00:01:00,API,Paid,0
BILL804541,CUST10548,276062,276062,2026-05-24 00:00:00,2026-05-24 00:02:00,API,Paid,0
BILL651597,CUST10548,276062,276062,2026-05-24 00:00:00,2026-05-24 00:03:00,API,Paid,0
BILL927178,CUST10548,276062,276062,2026-05-24 00:00:00,2026-05-24 00:04:00,API,Paid,0
BILL180407,CUST10311,288022,288022,2026-08-28 00:00:00,2026-08-31 00:00:00,Mobile,Paid,0
BILL357497,CUST10240,399654,399654,2027-04-02 00:05:00,2027-04-04 00:05:00,Mobile,Paid,0
BILL807686,CUST10064,279670,279670,2026-07-17 00:00:00,2026-07-19 00:00:00,Mobile,Paid,0
BILL387944,CUST10459,105072,105072,2026-12-05 00:00:00,2026-12-08 00:00:00,Mobile,Paid,0
BILL193726,CUST10148,176194,176194,2026-11-20 00:00:00,2026-11-24 00:00:00,Web,Paid,0
BILL323382,CUST10128,235413,235413,2026-05-10 00:00:00,2026-05-10 00:00:00,Web,Paid,0
BILL930945,CUST10169,248775,248775,2026-04-04 00:00:00,2026-04-08 00:00:00,Mobile,Paid,0
BILL133874,CUST10267,211714,211714,2026-06-15 00:00:00,2026-06-20 00:00:00,Mobile,Paid,0
BILL377902,CUST10399,320221,320221,2026-07-13 00:00:00,2026-07-15 00:00:00,Web,Paid,0
BILL417534,CUST10022,302204,302204,2026-04-08 00:00:00,2026-04-11 00:00:00,Web,Paid,0
BILL308528,CUST10540,164504,2072,2026-06-11 00:00:00,2026-06-16 00:00:00,Mobile,Paid,0
BILL772297,CUST10359,323180,323180,2026-05-11 00:00:00,2026-05-15 00:00:00,Mobile,Paid,0
BILL688866,CUST10331,201073,5407,2026-08-22 00:04:00,2026-08-27 00:04:00,Web,Paid,0
BILL752275,CUST10406,373225,373225,2026-06-07 00:00:00,2026-06-09 00:00:00,Mobile,Paid,0
BILL874246,CUST10319,339704,339704,2026-07-09 00:04:00,2026-07-11 00:04:00,Web,Paid,0
BILL623386,CUST10273,306823,5090433,2026-05-13 00:00:00,2026-05-16 00:00:00,Mobile,Paid,0
BILL101169,CUST10450,386457,386457,2026-08-22 00:00:00,2026-08-23 00:00:00,Web,Paid,0
BILL376458,CUST10591,268129,268129,2026-08-05 00:04:00,2026-08-06 00:04:00,Web,Paid,0
BILL611765,CUST10002,360456,360456,2026-05-22 00:00:00,2026-05-27 00:00:00,Web,Paid,0
BILL789758,CUST10557,310831,310831,2026-05-11 00:00:00,2026-05-12 00:00:00,Mobile,Paid,0
BILL276050,CUST10592,138451,138451,2026-08-19 00:03:00,2026-08-21 00:03:00,Mobile,Paid,0
BILL582751,CUST10277,261985,261985,2026-04-01 00:00:00,2026-04-02 00:00:00,Web,Paid,0
BILL661477,CUST10342,252882,252882,2026-09-19 00:00:00,2026-09-21 00:00:00,Mobile,Paid,0
BILL562481,CUST10597,282876,9650,2026-04-20 00:00:00,2026-04-24 00:00:00,Web,Paid,0
BILL245183,CUST10432,311818,311818,2026-07-14 00:00:00,2026-07-19 00:00:00,Mobile,Paid,0
BILL302161,CUST10568,187687,5531,2026-07-29 00:00:00,2026-08-03 00:00:00,Web,Paid,0
BILL847494,CUST10183,335841,335841,2026-06-23 00:00:00,2026-06-24 00:00:00,Mobile,Paid,0
BILL408016,CUST10579,205403,205403,2026-09-20 00:00:00,2026-09-24 00:00:00,Mobile,Paid,0
BILL569695,CUST10240,399654,399654,2027-05-04 00:05:00,2027-05-09 00:05:00,Mobile,Paid,0
BILL135871,CUST10022,302204,302204,2026-05-11 00:00:00,2026-05-12 00:00:00,Web,Paid,0
BILL619865,CUST10464,265364,265364,2026-08-18 00:00:00,2026-08-19 00:00:00,Mobile,Paid,1
BILL944724,CUST10502,259966,259966,2026-11-26 00:00:00,2026-11-26 00:00:00,Mobile,Paid,0
BILL617782,CUST10169,248775,248775,2026-05-08 00:00:00,2026-05-09 00:00:00,Mobile,Paid,0
BILL291194,CUST10255,258950,258950,2026-07-19 00:03:00,2026-07-20 00:03:00,Web,Paid,0
BILL280770,CUST10311,288022,288022,2026-09-30 00:00:00,2026-09-30 00:00:00,Mobile,Paid,0
BILL728851,CUST10355,349261,349261,2026-08-17 00:00:00,2026-08-22 00:00:00,Mobile,Paid,0
BILL276187,CUST10107,388199,388199,2026-07-17 00:05:00,2026-07-20 00:05:00,Mobile,Paid,0
BILL741533,CUST10081,134971,134971,2026-09-25 00:00:00,2026-09-26 00:00:00,Web,Paid,0
BILL367043,CUST10519,273139,5350550,2026-09-15 00:00:00,2026-09-17 00:00:00,Mobile,Paid,0
BILL992821,CUST10275,243613,243613,2026-05-20 00:00:00,2026-05-24 00:00:00,Mobile,Paid,0
BILL861457,CUST10058,272649,272649,2027-01-23 00:07:00,2027-01-28 00:07:00,Mobile,Paid,0
BILL880388,CUST10442,190454,190454,2026-09-10 00:00:00,2026-09-12 00:00:00,Web,Paid,0
BILL674597,CUST10122,286581,286581,2026-08-22 00:05:00,2026-08-25 00:05:00,Web,Paid,0
BILL731464,CUST10561,128775,128775,2026-06-09 00:04:00,2026-06-14 00:04:00,Web,Paid,0
BILL859123,CUST10184,396902,8359161,2026-09-16 00:00:00,2026-09-20 00:00:00,Mobile,Paid,0
BILL104130,CUST10014,228850,228850,2026-09-18 00:00:00,2026-09-18 00:00:00,Web,Paid,0
BILL171916,CUST10086,384255,384255,2026-07-16 00:00:00,2026-07-21 00:00:00,Mobile,Paid,0
BILL467423,CUST10007,390473,390473,2026-06-07 00:00:00,2026-06-07 00:00:00,Web,Paid,0
BILL688172,CUST10570,322635,322635,2026-11-08 00:00:00,2026-11-08 00:00:00,Mobile,Paid,0
BILL745897,CUST10040,106378,106378,2026-05-09 00:00:00,2026-05-14 00:00:00,Web,Paid,0
BILL605760,CUST10235,121848,121848,2026-06-16 00:03:00,2026-06-20 00:03:00,Mobile,Paid,0
BILL244494,CUST10030,120032,120032,2026-11-23 00:04:00,2026-11-23 00:04:00,Web,Paid,0
BILL770815,CUST10488,128957,128957,2026-07-13 00:04:00,2026-07-15 00:04:00,Web,Paid,1
BILL805038,CUST10060,344438,344438,2026-06-27 00:00:00,2026-07-01 00:00:00,Mobile,Paid,0
BILL170970,CUST10237,398916,398916,2026-09-27 00:00:00,2026-10-02 00:00:00,Mobile,Paid,0
BILL882048,CUST10386,169828,169828,2026-07-08 00:00:00,2026-07-09 00:00:00,Mobile,Paid,0
BILL689333,CUST10059,185962,185962,2026-10-22 00:00:00,2026-10-22 00:00:00,Web,Paid,0
BILL739819,CUST10222,245529,245529,2026-06-21 00:00:00,2026-06-21 00:00:00,Web,Paid,1
BILL577267,CUST10459,105072,105072,2027-01-07 00:00:00,2027-01-11 00:00:00,Mobile,Paid,0
BILL957793,CUST10425,364397,364397,2026-05-12 00:00:00,2026-05-14 00:00:00,Web,Paid,0
BILL648162,CUST10172,264351,4670794,2026-10-26 00:00:00,2026-10-30 00:00:00,Mobile,Paid,0
BILL412087,CUST10362,347184,2265,2026-08-16 00:04:00,2026-08-20 00:04:00,Web,Paid,0
BILL510707,CUST10195,322155,322155,2026-05-20 00:00:00,2026-05-21 00:00:00,Web,Paid,0
BILL323534,CUST10522,265752,265752,2026-10-24 00:00:00,2026-10-29 00:00:00,Mobile,Paid,1
BILL851870,CUST10174,167908,167908,2026-05-08 00:00:00,2026-05-09 00:00:00,Web,Paid,0
BILL455116,CUST10450,386457,386457,2026-09-22 00:00:00,2026-09-26 00:00:00,API,Paid,0
BILL792094,CUST10538,233082,233082,2026-09-16 00:00:00,2026-09-20 00:00:00,Web,Paid,0
BILL642173,CUST10618,180862,180862,2026-05-16 00:00:00,2026-05-16 00:00:00,Mobile,Paid,0
BILL196042,CUST10486,114630,114630,2026-06-10 00:00:00,2026-06-13 00:00:00,Web,Paid,0
BILL577071,CUST10203,136548,136548,2026-07-20 00:00:00,2026-07-24 00:00:00,Web,Paid,0
BILL424072,CUST10100,303145,303145,2026-06-12 00:00:00,2026-06-13 00:00:00,Web,Paid,0
BILL340618,CUST10155,343373,343373,2026-04-07 00:00:00,2026-04-08 00:00:00,Web,Paid,0
BILL913607,CUST10188,331635,331635,2026-06-16 00:04:00,2026-06-17 00:04:00,Mobile,Paid,0
BILL950109,CUST10039,107142,107142,2026-10-28 00:00:00,2026-10-29 00:00:00,Mobile,Paid,0
BILL107320,CUST10077,273915,273915,2026-06-11 00:00:00,2026-06-16 00:00:00,API,Paid,0
BILL753312,CUST10085,364972,364972,2027-02-28 00:00:00,2027-03-05 00:00:00,Mobile,Paid,0
BILL630120,CUST10287,326490,326490,2026-05-05 00:00:00,2026-05-09 00:00:00,Web,Paid,0
BILL895681,CUST10013,101024,101024,2026-06-14 00:00:00,2026-06-15 00:00:00,Mobile,Paid,0
BILL238436,CUST10442,190454,190454,2026-10-12 00:00:00,2026-10-15 00:00:00,Web,Paid,0
BILL210303,CUST10489,380999,380999,2026-06-15 00:03:00,2026-06-16 00:03:00,Web,Paid,0
BILL490583,CUST10143,377651,377651,2026-05-14 00:00:00,2026-05-16 00:00:00,Mobile,Paid,0
BILL109154,CUST10263,398952,398952,2026-08-17 00:00:00,2026-08-19 00:00:00,Mobile,Paid,0
BILL656610,CUST10583,372597,372597,2026-07-24 00:00:00,2026-07-29 00:00:00,Mobile,Paid,0
BILL507949,CUST10450,386457,386457,2026-10-26 00:00:00,2026-10-26 00:00:00,Web,Paid,0
BILL437094,CUST10412,307721,307721,2026-07-20 00:00:00,2026-07-22 00:00:00,Web,Paid,0
BILL333037,CUST10087,256235,256235,2026-07-16 00:00:00,2026-07-21 00:00:00,Mobile,Paid,0
BILL446130,CUST10039,107142,107142,2026-11-28 00:00:00,2026-11-30 00:00:00,Mobile,Paid,0
BILL895690,CUST10109,112974,112974,2026-05-15 00:00:00,2026-05-20 00:00:00,Mobile,Paid,1
BILL223614,CUST10372,188669,188669,2026-10-18 00:00:00,2026-10-22 00:00:00,Web,Paid,0
BILL836526,CUST10189,366772,1403,2026-07-10 00:00:00,2026-07-12 00:00:00,Web,Paid,0
BILL461813,CUST10535,275713,275713,2026-04-14 00:00:00,2026-04-15 00:00:00,Web,Paid,0
BILL514570,CUST10333,343339,343339,2026-07-17 00:03:00,2026-07-17 00:03:00,API,Paid,0
BILL996435,CUST10333,343339,343339,2026-07-17 00:03:00,2026-07-17 00:04:00,API,Paid,0
BILL659542,CUST10333,343339,343339,2026-07-17 00:03:00,2026-07-17 00:05:00,API,Paid,0
BILL776826,CUST10333,343339,343339,2026-07-17 00:03:00,2026-07-17 00:06:00,API,Paid,0
BILL469342,CUST10448,234721,234721,2026-05-20 00:00:00,2026-05-24 00:00:00,Mobile,Paid,0
BILL643545,CUST10462,104974,104974,2026-08-13 00:00:00,2026-08-17 00:00:00,Mobile,Paid,0
BILL489325,CUST10346,359143,359143,2026-10-19 00:00:00,2026-10-19 00:00:00,Mobile,Paid,0
BILL723719,CUST10007,390473,390473,2026-07-07 00:00:00,2026-07-07 00:00:00,Web,Paid,0
BILL462613,CUST10099,377420,377420,2026-05-05 00:00:00,2026-05-05 00:00:00,Mobile,Paid,0
BILL142432,CUST10275,243613,243613,2026-06-23 00:00:00,2026-06-25 00:00:00,Mobile,Paid,0
BILL548117,CUST10448,234721,234721,2026-06-23 00:00:00,2026-06-28 00:00:00,Mobile,Paid,0
BILL670850,CUST10083,266463,5741325,2026-09-21 00:00:00,2026-09-26 00:00:00,Mobile,Paid,0
BILL573147,CUST10324,373794,373794,2026-03-15 00:00:00,2026-03-18 00:00:00,Mobile,Paid,0
BILL884903,CUST10268,217442,217442,2026-08-27 00:00:00,2026-08-30 00:00:00,Web,Paid,0
BILL613306,CUST10375,286870,286870,2026-06-17 00:00:00,2026-06-17 00:00:00,Mobile,Paid,0
BILL112589,CUST10047,307308,307308,2026-05-05 00:00:00,2026-05-06 00:00:00,Mobile,Paid,0
BILL208456,CUST10175,379067,379067,2026-08-13 00:04:00,2026-08-13 00:04:00,Mobile,Paid,0
BILL837962,CUST10263,398952,398952,2026-09-18 00:00:00,2026-09-18 00:00:00,Mobile,Paid,0
BILL900528,CUST10122,286581,286581,2026-09-24 00:05:00,2026-09-26 00:05:00,Web,Paid,0
BILL990800,CUST10355,349261,349261,2026-09-21 00:00:00,2026-09-26 00:00:00,Mobile,Paid,0
BILL982778,CUST10283,175295,175295,2026-06-14 00:00:00,2026-06-14 00:00:00,Mobile,Paid,0
BILL693745,CUST10465,314765,314765,2026-07-19 00:00:00,2026-07-22 00:00:00,Web,Paid,0
BILL807464,CUST10589,239931,239931,2026-09-22 00:00:00,2026-09-22 00:00:00,Web,Paid,0
BILL212861,CUST10519,273139,273139,2026-10-17 00:00:00,2026-10-17 00:00:00,API,Paid,0
BILL249364,CUST10519,273139,273139,2026-10-17 00:00:00,2026-10-17 00:01:00,API,Paid,0
BILL635288,CUST10519,273139,273139,2026-10-17 00:00:00,2026-10-17 00:02:00,API,Paid,0
BILL974393,CUST10519,273139,273139,2026-10-17 00:00:00,2026-10-17 00:03:00,API,Paid,0
BILL302247,CUST10519,273139,273139,2026-10-17 00:00:00,2026-10-17 00:04:00,API,Paid,0
BILL768515,CUST10559,370300,7120546,2026-07-14 00:05:00,2026-07-15 00:05:00,Web,Paid,0
BILL905710,CUST10372,188669,188669,2026-11-21 00:00:00,2026-11-22 00:00:00,Web,Paid,0
BILL780379,CUST10234,145984,2377,2026-07-11 00:04:00,2026-07-11 00:04:00,Mobile,Paid,0
BILL354594,CUST10594,369782,369782,2026-06-13 00:00:00,2026-06-16 00:00:00,Mobile,Paid,0
BILL588669,CUST10088,349015,349015,2026-06-10 00:00:00,2026-06-12 00:00:00,Mobile,Paid,0
BILL786327,CUST10614,322605,322605,2026-08-21 00:00:00,2026-08-26 00:00:00,Mobile,Paid,0
BILL369470,CUST10481,205868,205868,2026-10-17 00:00:00,2026-10-20 00:00:00,Mobile,Paid,0
BILL468185,CUST10475,304176,304176,2026-09-29 00:00:00,2026-10-03 00:00:00,Web,Paid,0
BILL892126,CUST10078,168945,168945,2026-09-26 00:00:00,2026-10-01 00:00:00,Mobile,Paid,0
BILL715096,CUST10205,325213,325213,2026-06-16 00:00:00,2026-06-16 00:00:00,Web,Paid,0
BILL200459,CUST10510,204797,204797,2026-08-19 00:05:00,2026-08-19 00:05:00,Mobile,Paid,0
BILL419469,CUST10179,370177,370177,2026-07-26 00:00:00,2026-07-31 00:00:00,Mobile,Paid,1
BILL822253,CUST10589,239931,239931,2026-10-22 00:00:00,2026-10-23 00:00:00,Web,Paid,0
BILL591615,CUST10177,219181,219181,2026-12-16 00:05:00,2026-12-18 00:05:00,Web,Paid,0
BILL115199,CUST10110,350073,7875486,2026-10-28 00:04:00,2026-10-31 00:04:00,Web,Paid,0
BILL178365,CUST10287,326490,326490,2026-06-08 00:00:00,2026-06-13 00:00:00,Web,Paid,0
BILL343140,CUST10500,311731,5205708,2026-05-19 00:00:00,2026-05-24 00:00:00,Mobile,Paid,0
BILL847543,CUST10427,150216,150216,2026-08-19 00:00:00,2026-08-23 00:00:00,Mobile,Paid,0
BILL304861,CUST10085,364972,364972,2027-04-04 00:00:00,2027-04-07 00:00:00,API,Paid,0
BILL198124,CUST10257,212734,212734,2026-06-05 00:00:00,2026-06-07 00:00:00,Web,Paid,0
BILL147210,CUST10153,123159,123159,2026-08-10 00:00:00,2026-08-13 00:00:00,Web,Paid,0
BILL824841,CUST10468,366366,366366,2026-08-19 00:00:00,2026-08-20 00:00:00,API,Paid,0
BILL685390,CUST10159,294457,294457,2026-07-21 00:00:00,2026-07-24 00:00:00,Mobile,Paid,0
BILL339599,CUST10158,310083,310083,2026-05-16 00:00:00,2026-05-21 00:00:00,API,Paid,0
BILL798881,CUST10485,336972,336972,2026-06-18 00:00:00,2026-06-21 00:00:00,Web,Paid,0
BILL382449,CUST10120,360615,360615,2026-06-08 00:00:00,2026-06-09 00:00:00,Mobile,Paid,0
BILL695321,CUST10289,182935,182935,2026-09-17 00:00:00,2026-09-19 00:00:00,Mobile,Paid,0
BILL463202,CUST10508,118063,118063,2026-07-21 00:00:00,2026-07-22 00:00:00,API,Paid,0
BILL375901,CUST10200,342570,342570,2026-10-16 00:00:00,2026-10-21 00:00:00,Web,Paid,0
BILL264529,CUST10295,276630,276630,2026-04-17 00:00:00,2026-04-17 00:00:00,API,Paid,0
BILL902053,CUST10295,276630,276630,2026-04-17 00:00:00,2026-04-17 00:01:00,API,Paid,0
BILL129621,CUST10295,276630,276630,2026-04-17 00:00:00,2026-04-17 00:02:00,API,Paid,0
BILL510728,CUST10456,348538,348538,2026-06-16 00:00:00,2026-06-18 00:00:00,Web,Paid,0
BILL250298,CUST10329,186139,186139,2026-09-19 00:05:00,2026-09-19 00:05:00,Mobile,Paid,0
BILL854652,CUST10543,207612,207612,2026-06-19 00:00:00,2026-06-24 00:00:00,Web,Paid,0
BILL664442,CUST10279,356207,356207,2026-06-07 00:03:00,2026-06-10 00:03:00,Web,Paid,0
BILL130483,CUST10553,132281,132281,2026-03-09 00:00:00,2026-03-11 00:00:00,Web,Paid,0
BILL434453,CUST10303,131090,131090,2026-08-20 00:00:00,2026-08-25 00:00:00,Web,Paid,0
BILL445539,CUST10161,227877,227877,2026-06-13 00:00:00,2026-06-14 00:00:00,Mobile,Paid,0
BILL221731,CUST10173,272090,272090,2026-07-19 00:00:00,2026-07-22 00:00:00,API,Paid,0
BILL442061,CUST10306,119250,119250,2026-04-18 00:00:00,2026-04-19 00:00:00,Mobile,Paid,0
BILL508699,CUST10004,125948,125948,2026-07-11 00:05:00,2026-07-13 00:05:00,Mobile,Paid,0
BILL162622,CUST10536,399661,399661,2026-07-13 00:00:00,2026-07-16 00:00:00,Web,Paid,0
BILL430816,CUST10598,244837,244837,2026-11-22 00:00:00,2026-11-25 00:00:00,Mobile,Paid,1
BILL894498,CUST10427,150216,150216,2026-09-22 00:00:00,2026-09-22 00:00:00,Mobile,Paid,0
BILL825454,CUST10155,343373,343373,2026-05-08 00:00:00,2026-05-11 00:00:00,Web,Paid,1
BILL301948,CUST10151,234106,234106,2026-11-04 00:00:00,2026-11-06 00:00:00,Mobile,Paid,0
BILL847831,CUST10302,176365,176365,2026-08-09 00:05:00,2026-08-10 00:05:00,Web,Paid,0
BILL560976,CUST10083,266463,266463,2026-10-26 00:00:00,2026-10-31 00:00:00,Mobile,Paid,0
BILL911401,CUST10061,293618,293618,2026-08-19 00:00:00,2026-08-24 00:00:00,Web,Paid,0
BILL498826,CUST10576,289194,289194,2026-06-09 00:00:00,2026-06-11 00:00:00,Mobile,Paid,0
BILL930152,CUST10225,183503,183503,2026-08-14 00:00:00,2026-08-18 00:00:00,Web,Paid,0
BILL354833,CUST10525,309705,309705,2026-09-20 00:03:00,2026-09-20 00:03:00,Mobile,Paid,0
BILL502859,CUST10414,297390,297390,2026-07-09 00:00:00,2026-07-14 00:00:00,Web,Paid,0
BILL342134,CUST10146,222206,222206,2026-04-20 00:00:00,2026-04-25 00:00:00,Mobile,Paid,0
BILL301663,CUST10342,252882,252882,2026-10-21 00:00:00,2026-10-23 00:00:00,Mobile,Paid,0
BILL847743,CUST10468,366366,366366,2026-09-19 00:00:00,2026-09-22 00:00:00,Mobile,Paid,0
BILL980920,CUST10098,179960,179960,2026-10-23 00:00:00,2026-10-26 00:00:00,Web,Paid,0
BILL111038,CUST10379,202846,2675511,2026-09-14 00:00:00,2026-09-18 00:00:00,Web,Paid,0
BILL703272,CUST10579,205403,205403,2026-10-24 00:00:00,2026-10-24 00:00:00,API,Paid,0
BILL295857,CUST10090,254823,254823,2027-03-27 00:00:00,2027-03-30 00:00:00,Web,Paid,0
BILL229256,CUST10423,311188,311188,2026-12-02 00:00:00,2026-12-06 00:00:00,Mobile,Paid,0
BILL903770,CUST10504,278446,278446,2026-07-16 00:00:00,2026-07-19 00:00:00,Web,Paid,0
BILL886199,CUST10240,399654,399654,2027-06-08 00:05:00,2027-06-09 00:05:00,Mobile,Paid,0
BILL444486,CUST10213,322614,322614,2026-09-13 00:00:00,2026-09-17 00:00:00,Mobile,Paid,0
BILL276674,CUST10386,169828,169828,2026-08-08 00:00:00,2026-08-11 00:00:00,Mobile,Paid,0
BILL631384,CUST10509,245635,245635,2026-08-20 00:00:00,2026-08-24 00:00:00,Mobile,Paid,0
BILL564142,CUST10081,134971,134971,2026-10-26 00:00:00,2026-10-27 00:00:00,Web,Paid,0
BILL678196,CUST10323,390691,390691,2026-12-22 00:00:00,2026-12-23 00:00:00,Mobile,Paid,0
BILL273860,CUST10368,338233,338233,2026-08-21 00:00:00,2026-08-21 00:00:00,Mobile,Paid,0
BILL290781,CUST10610,316839,316839,2026-08-19 00:05:00,2026-08-23 00:05:00,Web,Paid,0
BILL271030,CUST10024,228784,228784,2026-06-09 00:00:00,2026-06-14 00:00:00,Mobile,Paid,0
BILL998108,CUST10551,129977,8816,2026-07-06 00:03:00,2026-07-10 00:03:00,Web,Paid,0
BILL395696,CUST10297,315997,315997,2026-09-14 00:00:00,2026-09-17 00:00:00,Mobile,Paid,0
BILL731176,CUST10482,327128,327128,2026-08-26 00:00:00,2026-08-26 00:00:00,API,Paid,0
BILL658885,CUST10482,327128,327128,2026-08-26 00:00:00,2026-08-26 00:01:00,API,Paid,0
BILL541127,CUST10482,327128,327128,2026-08-26 00:00:00,2026-08-26 00:02:00,API,Paid,0
BILL637152,CUST10482,327128,327128,2026-08-26 00:00:00,2026-08-26 00:03:00,API,Paid,0
BILL240462,CUST10409,174415,174415,2026-05-20 00:00:00,2026-05-25 00:00:00,Mobile,Paid,0
BILL113026,CUST10299,330805,330805,2026-06-15 00:00:00,2026-06-15 00:00:00,Mobile,Paid,0
BILL355685,CUST10443,295547,295547,2026-07-11 00:00:00,2026-07-11 00:00:00,Web,Paid,0
BILL948664,CUST10344,395635,395635,2026-08-15 00:00:00,2026-08-15 00:00:00,Mobile,Paid,0
BILL767737,CUST10377,254280,254280,2026-08-17 00:05:00,2026-08-21 00:05:00,Web,Paid,1
BILL669534,CUST10241,399193,399193,2026-10-28 00:03:00,2026-11-01 00:03:00,API,Paid,0
BILL951088,CUST10266,241149,241149,2026-06-14 00:00:00,2026-06-18 00:00:00,Web,Paid,1
BILL793344,CUST10339,349645,349645,2026-05-12 00:00:00,2026-05-12 00:00:00,Mobile,Paid,0
BILL382823,CUST10299,330805,330805,2026-07-15 00:00:00,2026-07-15 00:00:00,Mobile,Paid,1
BILL659008,CUST10586,360128,360128,2026-09-17 00:00:00,2026-09-21 00:00:00,Mobile,Paid,0
BILL499912,CUST10050,368862,368862,2026-07-22 00:04:00,2026-07-22 00:04:00,Mobile,Paid,0
BILL738568,CUST10268,217442,217442,2026-09-29 00:00:00,2026-10-03 00:00:00,Web,Paid,0
BILL309359,CUST10489,380999,380999,2026-07-16 00:03:00,2026-07-20 00:03:00,Web,Paid,0
BILL210977,CUST10214,325175,325175,2026-06-12 00:05:00,2026-06-17 00:05:00,Web,Paid,0
BILL164328,CUST10206,369902,369902,2026-12-01 00:00:00,2026-12-02 00:00:00,Web,Paid,0
BILL341310,CUST10353,244854,244854,2026-09-18 00:00:00,2026-09-20 00:00:00,Web,Paid,0
BILL591725,CUST10471,262951,262951,2026-06-14 00:00:00,2026-06-18 00:00:00,Mobile,Paid,0
BILL854311,CUST10316,260371,260371,2026-07-13 00:04:00,2026-07-17 00:04:00,Mobile,Paid,0
BILL233548,CUST10489,380999,380999,2026-08-19 00:03:00,2026-08-21 00:03:00,Web,Paid,0
BILL159154,CUST10153,123159,123159,2026-09-12 00:00:00,2026-09-13 00:00:00,Web,Paid,0
BILL163118,CUST10138,119001,119001,2026-11-26 00:00:00,2026-11-26 00:00:00,API,Paid,0
BILL247771,CUST10138,119001,119001,2026-11-26 00:00:00,2026-11-26 00:01:00,API,Paid,0
BILL832230,CUST10138,119001,119001,2026-11-26 00:00:00,2026-11-26 00:02:00,API,Paid,0
BILL753650,CUST10138,119001,119001,2026-11-26 00:00:00,2026-11-26 00:03:00,API,Paid,0
BILL475401,CUST10138,119001,119001,2026-11-26 00:00:00,2026-11-26 00:04:00,API,Paid,0
BILL579093,CUST10285,267241,267241,2026-09-26 00:00:00,2026-10-01 00:00:00,Mobile,Paid,0
BILL730478,CUST10604,241605,241605,2026-06-12 00:00:00,2026-06-15 00:00:00,Mobile,Paid,0
BILL989872,CUST10011,299689,299689,2026-10-27 00:00:00,2026-10-27 00:00:00,Web,Paid,1
BILL831583,CUST10101,231609,231609,2026-09-27 00:00:00,2026-10-01 00:00:00,Web,Paid,0
BILL320320,CUST10595,342484,6246,2026-12-23 00:03:00,2026-12-27 00:03:00,Web,Paid,0
BILL541104,CUST10357,248320,248320,2027-01-31 00:00:00,2027-02-05 00:00:00,Mobile,Paid,0
BILL202841,CUST10323,390691,390691,2027-01-22 00:00:00,2027-01-22 00:00:00,Mobile,Paid,0
BILL207003,CUST10607,252178,252178,2026-05-16 00:00:00,2026-05-16 00:00:00,Web,Paid,0
BILL104742,CUST10379,202846,202846,2026-10-18 00:00:00,2026-10-20 00:00:00,Web,Paid,0
BILL378564,CUST10199,101201,101201,2026-09-11 00:00:00,2026-09-13 00:00:00,Mobile,Paid,0
BILL947371,CUST10444,372894,372894,2026-05-15 00:00:00,2026-05-16 00:00:00,Mobile,Paid,0
BILL579115,CUST10128,235413,235413,2026-06-09 00:00:00,2026-06-12 00:00:00,Web,Paid,0
BILL333434,CUST10524,221957,5035043,2026-07-29 00:00:00,2026-07-29 00:00:00,Web,Paid,0
BILL322103,CUST10142,108800,108800,2026-08-21 00:00:00,2026-08-22 00:00:00,Mobile,Paid,0
BILL632130,CUST10486,114630,114630,2026-07-13 00:00:00,2026-07-13 00:00:00,Web,Paid,0
BILL351858,CUST10266,241149,241149,2026-07-18 00:00:00,2026-07-23 00:00:00,Web,Paid,0
BILL563629,CUST10113,327947,327947,2026-06-16 00:00:00,2026-06-20 00:00:00,Mobile,Paid,0
BILL814363,CUST10156,366745,366745,2026-06-17 00:00:00,2026-06-17 00:00:00,Web,Paid,0
BILL568337,CUST10564,158695,158695,2026-08-18 00:00:00,2026-08-20 00:00:00,Mobile,Paid,0
BILL422145,CUST10526,104664,104664,2026-06-10 00:00:00,2026-06-10 00:00:00,API,Paid,0
BILL236578,CUST10526,104664,104664,2026-06-10 00:00:00,2026-06-10 00:01:00,API,Paid,0
BILL741437,CUST10526,104664,104664,2026-06-10 00:00:00,2026-06-10 00:02:00,API,Paid,0
BILL342361,CUST10526,104664,104664,2026-06-10 00:00:00,2026-06-10 00:03:00,API,Paid,0
BILL334275,CUST10357,248320,248320,2027-03-07 00:00:00,2027-03-07 00:00:00,API,Paid,0
BILL807939,CUST10357,248320,248320,2027-03-07 00:00:00,2027-03-07 00:01:00,API,Paid,0
BILL693850,CUST10357,248320,248320,2027-03-07 00:00:00,2027-03-07 00:02:00,API,Paid,0
BILL177318,CUST10357,248320,248320,2027-03-07 00:00:00,2027-03-07 00:03:00,API,Paid,0
BILL539739,CUST10573,358577,358577,2026-10-15 00:05:00,2026-10-15 00:05:00,Web,Paid,0
BILL151236,CUST10353,244854,244854,2026-10-20 00:00:00,2026-10-25 00:00:00,Web,Paid,0
BILL479677,CUST10182,162027,162027,2026-06-11 00:00:00,2026-06-11 00:00:00,Mobile,Paid,0
BILL207539,CUST10380,314140,314140,2026-09-12 00:00:00,2026-09-12 00:00:00,Mobile,Paid,0
BILL183858,CUST10519,273139,273139,2026-11-16 00:05:00,2026-11-19 00:05:00,API,Paid,0
BILL575961,CUST10058,272649,272649,2027-02-27 00:07:00,2027-03-04 00:07:00,Mobile,Paid,0
BILL103993,CUST10252,378693,5533,2026-06-24 00:00:00,2026-06-29 00:00:00,Web,Paid,0
BILL859160,CUST10142,108800,108800,2026-09-21 00:00:00,2026-09-23 00:00:00,Mobile,Paid,0
BILL357049,CUST10372,188669,188669,2026-12-22 00:00:00,2026-12-27 00:00:00,Web,Paid,0
BILL235487,CUST10300,333301,333301,2026-12-23 00:00:00,2026-12-26 00:00:00,Web,Paid,0
BILL591229,CUST10270,215045,2761345,2026-09-13 00:00:00,2026-09-14 00:00:00,Mobile,Paid,0
BILL130241,CUST10472,198317,3116346,2026-08-19 00:00:00,2026-08-19 00:00:00,Web,Paid,0
BILL869970,CUST10529,249086,249086,2026-05-09 00:00:00,2026-05-14 00:00:00,Web,Paid,0
BILL680553,CUST10196,104708,104708,2026-07-12 00:00:00,2026-07-12 00:00:00,Web,Paid,0
BILL275653,CUST10577,213700,213700,2026-11-27 00:04:00,2026-11-28 00:04:00,API,Paid,0
BILL528766,CUST10440,300049,300049,2026-05-19 00:00:00,2026-05-22 00:00:00,Web,Paid,0
BILL502012,CUST10393,386367,386367,2026-06-13 00:00:00,2026-06-14 00:00:00,Mobile,Paid,0
BILL922825,CUST10450,386457,386457,2026-11-25 00:00:00,2026-11-28 00:00:00,API,Paid,0
BILL264904,CUST10056,161024,161024,2026-10-24 00:00:00,2026-10-26 00:00:00,Mobile,Paid,0
BILL626208,CUST10120,360615,360615,2026-07-09 00:00:00,2026-07-12 00:00:00,Mobile,Paid,0
BILL863320,CUST10404,308543,308543,2026-10-26 00:00:00,2026-10-28 00:00:00,Mobile,Paid,0
BILL465087,CUST10182,162027,162027,2026-07-11 00:00:00,2026-07-15 00:00:00,Mobile,Paid,0
BILL796663,CUST10537,303726,303726,2026-07-25 00:00:00,2026-07-26 00:00:00,API,Paid,0
BILL759787,CUST10280,176876,176876,2026-08-09 00:00:00,2026-08-10 00:00:00,Web,Paid,0
BILL307763,CUST10129,185393,185393,2026-11-28 00:00:00,2026-12-01 00:00:00,Web,Paid,0
BILL192476,CUST10013,101024,101024,2026-07-15 00:00:00,2026-07-18 00:00:00,Mobile,Paid,0
BILL452063,CUST10207,302476,302476,2026-03-11 00:00:00,2026-03-11 00:00:00,Mobile,Paid,0
BILL143712,CUST10481,205868,205868,2026-11-19 00:00:00,2026-11-23 00:00:00,Mobile,Paid,0
BILL679156,CUST10521,311508,311508,2026-07-25 00:00:00,2026-07-29 00:00:00,Mobile,Paid,1
BILL604875,CUST10105,249200,249200,2026-07-09 00:00:00,2026-07-12 00:00:00,Mobile,Paid,0
BILL577553,CUST10394,219001,219001,2026-07-14 00:03:00,2026-07-17 00:03:00,Web,Paid,0
BILL178955,CUST10217,345563,345563,2026-10-29 00:00:00,2026-11-02 00:00:00,Web,Paid,0
BILL605263,CUST10586,360128,360128,2026-10-21 00:00:00,2026-10-22 00:00:00,API,Paid,0
BILL971347,CUST10523,228291,228291,2027-03-10 00:00:00,2027-03-10 00:00:00,API,Paid,0
BILL819598,CUST10523,228291,228291,2027-03-10 00:00:00,2027-03-10 00:01:00,API,Paid,0
BILL484787,CUST10523,228291,228291,2027-03-10 00:00:00,2027-03-10 00:02:00,API,Paid,0
BILL554298,CUST10523,228291,228291,2027-03-10 00:00:00,2027-03-10 00:03:00,API,Paid,0
BILL412127,CUST10284,398508,398508,2026-06-26 00:00:00,2026-06-30 00:00:00,Mobile,Paid,0
BILL441497,CUST10223,365265,365265,2026-11-26 00:00:00,2026-11-28 00:00:00,Mobile,Paid,0
BILL893897,CUST10270,215045,215045,2026-10-14 00:00:00,2026-10-16 00:00:00,Mobile,Paid,0
BILL760159,CUST10359,323180,323180,2026-06-14 00:00:00,2026-06-17 00:00:00,Mobile,Paid,0
BILL936016,CUST10001,349345,349345,2026-06-18 00:00:00,2026-06-18 00:00:00,Web,Paid,0
BILL450050,CUST10596,117486,117486,2026-08-15 00:00:00,2026-08-18 00:00:00,Mobile,Paid,0
BILL413612,CUST10080,208753,208753,2026-07-25 00:00:00,2026-07-27 00:00:00,Web,Paid,0
BILL987111,CUST10411,173679,173679,2026-05-07 00:00:00,2026-05-07 00:00:00,Web,Paid,0
BILL554436,CUST10458,297776,297776,2026-09-09 00:00:00,2026-09-10 00:00:00,Mobile,Paid,0
BILL795132,CUST10616,291905,291905,2026-04-09 00:04:00,2026-04-12 00:04:00,Mobile,Paid,0
BILL884032,CUST10236,256721,256721,2026-05-15 00:00:00,2026-05-17 00:00:00,Mobile,Paid,0
BILL973832,CUST10515,303653,303653,2026-06-16 00:03:00,2026-06-16 00:03:00,Web,Paid,0
BILL818357,CUST10117,111971,111971,2026-09-29 00:00:00,2026-10-02 00:00:00,Mobile,Paid,0
BILL383638,CUST10091,146080,146080,2026-09-26 00:00:00,2026-09-26 00:00:00,API,Paid,0
BILL436364,CUST10091,146080,146080,2026-09-26 00:00:00,2026-09-26 00:01:00,API,Paid,0
BILL537338,CUST10091,146080,146080,2026-09-26 00:00:00,2026-09-26 00:02:00,API,Paid,0
BILL714162,CUST10091,146080,146080,2026-09-26 00:00:00,2026-09-26 00:03:00,API,Paid,0
BILL981541,CUST10379,202846,202846,2026-11-19 00:00:00,2026-11-19 00:00:00,Web,Paid,0
BILL413370,CUST10420,139871,5911,2026-08-21 00:03:00,2026-08-24 00:03:00,Web,Paid,0
BILL929049,CUST10231,111028,111028,2026-04-10 00:00:00,2026-04-15 00:00:00,Mobile,Paid,0
BILL620989,CUST10461,392083,392083,2026-05-06 00:00:00,2026-05-07 00:00:00,Web,Paid,0
BILL180760,CUST10465,314765,6493353,2026-08-21 00:00:00,2026-08-24 00:00:00,Web,Paid,0
BILL227189,CUST10047,307308,307308,2026-06-05 00:00:00,2026-06-08 00:00:00,Mobile,Paid,0
BILL159020,CUST10477,154868,154868,2026-09-25 00:04:00,2026-09-25 00:04:00,Web,Paid,0
BILL448020,CUST10000,171786,171786,2026-07-16 00:00:00,2026-07-20 00:00:00,Web,Paid,0
BILL825982,CUST10088,349015,9712,2026-07-12 00:00:00,2026-07-13 00:00:00,Mobile,Paid,0
BILL481793,CUST10317,221198,221198,2026-10-25 00:00:00,2026-10-26 00:00:00,Mobile,Paid,0
BILL638098,CUST10491,119240,119240,2026-06-08 00:00:00,2026-06-08 00:00:00,Web,Paid,0
BILL752857,CUST10428,218349,2422662,2026-09-16 00:04:00,2026-09-21 00:04:00,Web,Paid,0
BILL764771,CUST10404,308543,308543,2026-11-27 00:00:00,2026-11-29 00:00:00,Mobile,Paid,0
BILL498834,CUST10013,101024,101024,2026-08-17 00:00:00,2026-08-18 00:00:00,Mobile,Paid,0
BILL551920,CUST10535,275713,4116571,2026-05-15 00:00:00,2026-05-17 00:00:00,Web,Paid,0
BILL119403,CUST10185,106845,106845,2026-10-22 00:00:00,2026-10-27 00:00:00,Mobile,Paid,0
BILL132000,CUST10229,340710,340710,2026-08-24 00:04:00,2026-08-24 00:04:00,Mobile,Paid,0
BILL910638,CUST10022,302204,302204,2026-06-11 00:00:00,2026-06-16 00:00:00,Web,Paid,0
BILL764090,CUST10462,104974,6401,2026-09-16 00:00:00,2026-09-17 00:00:00,Mobile,Paid,0
BILL158422,CUST10051,125386,125386,2026-09-07 00:05:00,2026-09-08 00:05:00,Web,Paid,0
BILL487659,CUST10299,330805,330805,2026-08-14 00:00:00,2026-08-17 00:00:00,Mobile,Paid,0
BILL342039,CUST10046,156398,156398,2026-08-27 00:00:00,2026-08-27 00:00:00,API,Paid,0
BILL105826,CUST10046,156398,156398,2026-08-27 00:00:00,2026-08-27 00:01:00,API,Paid,0
BILL689505,CUST10046,156398,156398,2026-08-27 00:00:00,2026-08-27 00:02:00,API,Paid,0
BILL747786,CUST10046,156398,156398,2026-08-27 00:00:00,2026-08-27 00:03:00,API,Paid,0
BILL416422,CUST10517,297101,297101,2026-03-09 00:00:00,2026-03-11 00:00:00,Mobile,Paid,0
BILL751442,CUST10530,291947,291947,2027-01-30 00:00:00,2027-02-02 00:00:00,Web,Paid,1
BILL641552,CUST10363,382129,7606966,2026-05-11 00:00:00,2026-05-12 00:00:00,Web,Paid,0
BILL884013,CUST10315,225792,9161,2026-10-18 00:03:00,2026-10-18 00:03:00,Web,Paid,0
BILL229635,CUST10127,350604,350604,2026-07-15 00:00:00,2026-07-16 00:00:00,Mobile,Paid,0
BILL396079,CUST10435,263580,263580,2026-10-23 00:00:00,2026-10-28 00:00:00,Mobile,Paid,0
BILL692071,CUST10078,168945,168945,2026-10-31 00:00:00,2026-11-02 00:00:00,Mobile,Paid,0
BILL512488,CUST10562,312612,312612,2026-10-18 00:00:00,2026-10-19 00:00:00,Web,Paid,0
BILL618888,CUST10333,343339,343339,2026-08-16 00:07:00,2026-08-19 00:07:00,Mobile,Paid,0
BILL663926,CUST10148,176194,176194,2026-12-24 00:00:00,2026-12-24 00:00:00,API,Paid,0
BILL187379,CUST10148,176194,176194,2026-12-24 00:00:00,2026-12-24 00:01:00,API,Paid,0
BILL136419,CUST10148,176194,176194,2026-12-24 00:00:00,2026-12-24 00:02:00,API,Paid,0
BILL638000,CUST10148,176194,176194,2026-12-24 00:00:00,2026-12-24 00:03:00,API,Paid,0
BILL923866,CUST10148,176194,176194,2026-12-24 00:00:00,2026-12-24 00:04:00,API,Paid,0
BILL480905,CUST10556,276618,276618,2026-06-09 00:00:00,2026-06-11 00:00:00,Mobile,Paid,0
BILL788993,CUST10201,257933,257933,2026-09-15 00:03:00,2026-09-19 00:03:00,Mobile,Paid,0
BILL494732,CUST10452,114174,114174,2026-08-19 00:04:00,2026-08-19 00:04:00,API,Paid,0
BILL277538,CUST10452,114174,114174,2026-08-19 00:04:00,2026-08-19 00:05:00,API,Paid,0
BILL382923,CUST10452,114174,114174,2026-08-19 00:04:00,2026-08-19 00:06:00,API,Paid,0
BILL587921,CUST10452,114174,114174,2026-08-19 00:04:00,2026-08-19 00:07:00,API,Paid,0
BILL706139,CUST10452,114174,114174,2026-08-19 00:04:00,2026-08-19 00:08:00,API,Paid,0
BILL561425,CUST10340,279388,279388,2026-06-14 00:00:00,2026-06-17 00:00:00,Mobile,Paid,0
BILL428466,CUST10227,232936,232936,2026-06-18 00:05:00,2026-06-23 00:05:00,Mobile,Paid,0
BILL368132,CUST10588,174867,174867,2026-07-11 00:04:00,2026-07-11 00:04:00,API,Paid,0
BILL712073,CUST10588,174867,174867,2026-07-11 00:04:00,2026-07-11 00:05:00,API,Paid,0
BILL144760,CUST10588,174867,174867,2026-07-11 00:04:00,2026-07-11 00:06:00,API,Paid,0
BILL545257,CUST10588,174867,174867,2026-07-11 00:04:00,2026-07-11 00:07:00,API,Paid,0
BILL832187,CUST10272,274743,274743,2026-08-19 00:00:00,2026-08-20 00:00:00,Web,Paid,1
BILL276146,CUST10154,331986,331986,2026-05-17 00:05:00,2026-05-17 00:05:00,Web,Paid,0
BILL379770,CUST10233,310354,310354,2027-04-03 00:03:00,2027-04-03 00:03:00,API,Paid,0
BILL996855,CUST10233,310354,310354,2027-04-03 00:03:00,2027-04-03 00:04:00,API,Paid,0
BILL848797,CUST10233,310354,310354,2027-04-03 00:03:00,2027-04-03 00:05:00,API,Paid,0
BILL130164,CUST10546,165933,165933,2026-08-18 00:00:00,2026-08-20 00:00:00,Web,Paid,0
BILL804977,CUST10135,226874,2896,2026-05-04 00:00:00,2026-05-08 00:00:00,Web,Paid,0
BILL573647,CUST10374,342743,342743,2026-06-20 00:00:00,2026-06-20 00:00:00,Web,Paid,0
BILL442574,CUST10134,167349,167349,2026-06-15 00:03:00,2026-06-19 00:03:00,Mobile,Paid,0
BILL954711,CUST10325,105485,105485,2026-07-13 00:00:00,2026-07-13 00:00:00,API,Paid,0
BILL735111,CUST10325,105485,105485,2026-07-13 00:00:00,2026-07-13 00:01:00,API,Paid,0
BILL490480,CUST10325,105485,105485,2026-07-13 00:00:00,2026-07-13 00:02:00,API,Paid,0
BILL835890,CUST10325,105485,105485,2026-07-13 00:00:00,2026-07-13 00:03:00,API,Paid,0
BILL825935,CUST10325,105485,105485,2026-07-13 00:00:00,2026-07-13 00:04:00,API,Paid,0
BILL239501,CUST10171,147240,147240,2026-07-18 00:00:00,2026-07-21 00:00:00,API,Paid,0
BILL959260,CUST10026,212036,4670957,2026-06-14 00:00:00,2026-06-16 00:00:00,Mobile,Paid,0
BILL337545,CUST10182,162027,162027,2026-08-14 00:00:00,2026-08-18 00:00:00,Mobile,Paid,0
BILL921150,CUST10325,105485,105485,2026-08-12 00:05:00,2026-08-14 00:05:00,Mobile,Paid,0
BILL296423,CUST10445,207054,207054,2026-07-19 00:04:00,2026-07-20 00:04:00,Web,Paid,0
BILL496522,CUST10134,167349,167349,2026-07-19 00:03:00,2026-07-24 00:03:00,Mobile,Paid,0
BILL465633,CUST10543,207612,207612,2026-07-24 00:00:00,2026-07-29 00:00:00,Web,Paid,0
BILL918505,CUST10235,121848,121848,2026-07-20 00:03:00,2026-07-22 00:03:00,Mobile,Paid,0
BILL957979,CUST10405,282669,282669,2026-05-11 00:00:00,2026-05-11 00:00:00,Web,Paid,0
BILL262797,CUST10454,247525,5797806,2026-09-20 00:03:00,2026-09-22 00:03:00,Mobile,Paid,0
BILL138008,CUST10069,139568,139568,2026-04-18 00:00:00,2026-04-20 00:00:00,Mobile,Paid,0
BILL242704,CUST10079,100279,100279,2026-08-14 00:00:00,2026-08-15 00:00:00,Mobile,Paid,0
BILL874559,CUST10483,272414,272414,2026-03-07 00:00:00,2026-03-08 00:00:00,Web,Paid,0
BILL516230,CUST10448,234721,234721,2026-07-28 00:00:00,2026-08-01 00:00:00,Mobile,Paid,1
BILL306101,CUST10241,399193,399193,2026-12-01 00:03:00,2026-12-02 00:03:00,Web,Paid,0
BILL755574,CUST10540,164504,164504,2026-07-16 00:00:00,2026-07-16 00:00:00,Mobile,Paid,0
BILL683393,CUST10554,178725,178725,2027-01-24 00:05:00,2027-01-26 00:05:00,Web,Paid,0
BILL409832,CUST10072,339066,339066,2026-08-13 00:00:00,2026-08-14 00:00:00,Web,Paid,0
BILL331198,CUST10117,111971,111971,2026-11-01 00:00:00,2026-11-01 00:00:00,Mobile,Paid,0
BILL613549,CUST10279,356207,356207,2026-07-10 00:03:00,2026-07-10 00:03:00,Web,Paid,1
BILL555167,CUST10358,348682,348682,2026-08-19 00:00:00,2026-08-21 00:00:00,API,Paid,0
BILL605695,CUST10609,112399,112399,2026-05-15 00:00:00,2026-05-16 00:00:00,Mobile,Paid,0
BILL440819,CUST10130,146870,146870,2026-11-18 00:00:00,2026-11-23 00:00:00,Mobile,Paid,0
BILL152835,CUST10096,178255,178255,2026-10-26 00:00:00,2026-10-30 00:00:00,Web,Paid,0
BILL315561,CUST10445,207054,207054,2026-08-19 00:04:00,2026-08-21 00:04:00,Web,Paid,0
BILL811866,CUST10275,243613,243613,2026-07-25 00:00:00,2026-07-26 00:00:00,Mobile,Paid,0
BILL969035,CUST10002,360456,360456,2026-06-26 00:00:00,2026-06-27 00:00:00,Web,Paid,0
BILL886153,CUST10251,365840,6879288,2026-07-09 00:09:00,2026-07-09 00:09:00,Mobile,Paid,0
BILL602924,CUST10108,394781,5610,2026-08-18 00:00:00,2026-08-23 00:00:00,Mobile,Paid,0
BILL890436,CUST10286,286179,286179,2026-07-11 00:05:00,2026-07-12 00:05:00,Mobile,Paid,0
BILL791543,CUST10126,344492,344492,2026-06-20 00:00:00,2026-06-23 00:00:00,Mobile,Paid,0
BILL650894,CUST10528,303121,303121,2026-08-23 00:00:00,2026-08-23 00:00:00,API,Paid,0
BILL369210,CUST10528,303121,303121,2026-08-23 00:00:00,2026-08-23 00:01:00,API,Paid,0
BILL841011,CUST10528,303121,303121,2026-08-23 00:00:00,2026-08-23 00:02:00,API,Paid,0
BILL669587,CUST10528,303121,303121,2026-08-23 00:00:00,2026-08-23 00:03:00,API,Paid,0
BILL838984,CUST10528,303121,303121,2026-08-23 00:00:00,2026-08-23 00:04:00,API,Paid,0
BILL792289,CUST10294,299488,299488,2027-06-07 00:00:00,2027-06-10 00:00:00,Mobile,Paid,0
BILL394377,CUST10401,120647,120647,2026-07-27 00:00:00,2026-07-27 00:00:00,Web,Paid,0
BILL215860,CUST10472,198317,198317,2026-09-18 00:00:00,2026-09-22 00:00:00,Web,Paid,0
BILL271853,CUST10229,340710,340710,2026-09-23 00:04:00,2026-09-23 00:04:00,Mobile,Paid,0
BILL597706,CUST10446,388986,388986,2026-05-19 00:00:00,2026-05-19 00:00:00,Mobile,Paid,0
BILL618641,CUST10419,235016,235016,2026-06-12 00:00:00,2026-06-17 00:00:00,Mobile,Paid,0
BILL715842,CUST10290,172758,172758,2026-08-13 00:05:00,2026-08-14 00:05:00,Mobile,Paid,0
BILL664292,CUST10412,307721,307721,2026-08-21 00:00:00,2026-08-25 00:00:00,Web,Paid,0
BILL185037,CUST10570,322635,322635,2026-12-08 00:00:00,2026-12-13 00:00:00,Mobile,Paid,1
BILL945743,CUST10414,297390,297390,2026-08-13 00:00:00,2026-08-18 00:00:00,Web,Paid,1
BILL289944,CUST10034,310747,4698301,2026-07-21 00:00:00,2026-07-21 00:00:00,Mobile,Paid,0
BILL638966,CUST10199,101201,101201,2026-10-13 00:00:00,2026-10-17 00:00:00,Mobile,Paid,0
BILL851582,CUST10259,355961,355961,2026-07-19 00:00:00,2026-07-23 00:00:00,Web,Paid,0
BILL370473,CUST10185,106845,106845,2026-11-26 00:00:00,2026-11-30 00:00:00,Mobile,Paid,0
BILL639152,CUST10246,120813,120813,2026-05-16 00:00:00,2026-05-21 00:00:00,Mobile,Paid,0
BILL884638,CUST10238,166413,166413,2026-06-19 00:00:00,2026-06-23 00:00:00,Web,Paid,0
BILL122397,CUST10324,373794,373794,2026-04-17 00:00:00,2026-04-19 00:00:00,Mobile,Paid,0
BILL125001,CUST10296,201587,201587,2026-04-10 00:00:00,2026-04-13 00:00:00,Mobile,Paid,0
BILL330841,CUST10277,261985,261985,2026-05-02 00:00:00,2026-05-03 00:00:00,Web,Paid,0
BILL815011,CUST10110,350073,350073,2026-11-30 00:04:00,2026-12-05 00:04:00,Web,Paid,0
BILL236150,CUST10527,351832,351832,2026-06-09 00:00:00,2026-06-11 00:00:00,Web,Paid,0
BILL973511,CUST10221,392103,7387586,2026-12-26 00:00:00,2026-12-29 00:00:00,Web,Paid,0
BILL914210,CUST10587,189191,189191,2027-01-25 00:00:00,2027-01-30 00:00:00,Web,Paid,0
BILL820496,CUST10279,356207,356207,2026-08-09 00:03:00,2026-08-10 00:03:00,Web,Paid,0
BILL365098,CUST10444,372894,372894,2026-06-15 00:00:00,2026-06-17 00:00:00,Mobile,Paid,0
BILL522456,CUST10337,307045,307045,2026-09-11 00:00:00,2026-09-11 00:00:00,API,Paid,0
BILL420053,CUST10337,307045,307045,2026-09-11 00:00:00,2026-09-11 00:01:00,API,Paid,0
BILL139880,CUST10337,307045,307045,2026-09-11 00:00:00,2026-09-11 00:02:00,API,Paid,0
BILL320486,CUST10337,307045,307045,2026-09-11 00:00:00,2026-09-11 00:03:00,API,Paid,0
BILL767725,CUST10142,108800,108800,2026-10-23 00:00:00,2026-10-23 00:00:00,Mobile,Paid,0
BILL511897,CUST10618,180862,180862,2026-06-15 00:00:00,2026-06-20 00:00:00,Mobile,Paid,0
BILL212219,CUST10594,369782,369782,2026-07-16 00:00:00,2026-07-20 00:00:00,Mobile,Paid,0
BILL833242,CUST10451,211055,211055,2026-04-12 00:00:00,2026-04-15 00:00:00,Mobile,Paid,0
BILL472754,CUST10223,365265,365265,2026-12-28 00:00:00,2026-12-28 00:00:00,Mobile,Paid,0
BILL704949,CUST10207,302476,302476,2026-04-10 00:00:00,2026-04-12 00:00:00,Mobile,Paid,0
BILL945981,CUST10261,300918,300918,2026-08-15 00:03:00,2026-08-18 00:03:00,Web,Paid,0
BILL940950,CUST10185,106845,2010898,2026-12-30 00:00:00,2027-01-01 00:00:00,Mobile,Paid,0
BILL426858,CUST10294,299488,299488,2027-07-10 00:00:00,2027-07-13 00:00:00,Mobile,Paid,0
BILL452462,CUST10399,320221,320221,2026-08-14 00:00:00,2026-08-16 00:00:00,API,Paid,0
BILL423104,CUST10116,381875,381875,2026-07-26 00:00:00,2026-07-31 00:00:00,Mobile,Paid,0
BILL178868,CUST10360,279054,279054,2026-10-26 00:00:00,2026-10-30 00:00:00,Web,Paid,0
BILL162400,CUST10120,360615,360615,2026-08-11 00:00:00,2026-08-13 00:00:00,Mobile,Paid,0
BILL347169,CUST10183,335841,335841,2026-07-24 00:00:00,2026-07-29 00:00:00,Mobile,Paid,0
BILL320508,CUST10256,130374,130374,2026-05-19 00:00:00,2026-05-20 00:00:00,Mobile,Paid,0
BILL857679,CUST10242,218492,218492,2026-07-15 00:00:00,2026-07-20 00:00:00,API,Paid,0
BILL708609,CUST10401,120647,120647,2026-08-26 00:00:00,2026-08-28 00:00:00,Web,Paid,0
BILL433671,CUST10025,336983,336983,2026-07-21 00:03:00,2026-07-25 00:03:00,Mobile,Paid,0
BILL537949,CUST10466,170776,170776,2026-07-12 00:00:00,2026-07-17 00:00:00,Mobile,Paid,1
BILL303765,CUST10526,104664,104664,2026-07-10 00:04:00,2026-07-11 00:04:00,Mobile,Paid,0
BILL679205,CUST10316,260371,2949975,2026-08-16 00:04:00,2026-08-17 00:04:00,Mobile,Paid,0
BILL971811,CUST10380,314140,314140,2026-10-12 00:00:00,2026-10-12 00:00:00,API,Paid,0
BILL756948,CUST10380,314140,314140,2026-10-12 00:00:00,2026-10-12 00:01:00,API,Paid,0
BILL307285,CUST10380,314140,314140,2026-10-12 00:00:00,2026-10-12 00:02:00,API,Paid,0
BILL835711,CUST10380,314140,314140,2026-10-12 00:00:00,2026-10-12 00:03:00,API,Paid,0
BILL767635,CUST10519,273139,273139,2026-12-19 00:05:00,2026-12-20 00:05:00,Mobile,Paid,1
BILL465184,CUST10324,373794,373794,2026-05-19 00:00:00,2026-05-19 00:00:00,Mobile,Paid,0
BILL342586,CUST10576,289194,289194,2026-07-11 00:00:00,2026-07-16 00:00:00,Mobile,Paid,0
BILL738028,CUST10521,311508,311508,2026-08-28 00:00:00,2026-08-30 00:00:00,Mobile,Paid,0
BILL200808,CUST10496,389894,389894,2026-08-20 00:00:00,2026-08-24 00:00:00,Web,Paid,0
BILL192259,CUST10024,228784,228784,2026-07-14 00:00:00,2026-07-18 00:00:00,Mobile,Paid,0
BILL387486,CUST10116,381875,381875,2026-08-30 00:00:00,2026-09-03 00:00:00,Mobile,Paid,1
BILL650858,CUST10528,303121,303121,2026-09-22 00:05:00,2026-09-25 00:05:00,Mobile,Paid,0
BILL738391,CUST10044,331621,331621,2026-09-13 00:00:00,2026-09-17 00:00:00,Web,Paid,0
BILL853023,CUST10209,180576,180576,2026-07-25 00:00:00,2026-07-25 00:00:00,Web,Paid,0
BILL429431,CUST10202,309622,309622,2026-07-02 00:00:00,2026-07-03 00:00:00,Mobile,Paid,0
BILL123664,CUST10526,104664,104664,2026-08-10 00:04:00,2026-08-14 00:04:00,Mobile,Paid,0
BILL116413,CUST10050,368862,368862,2026-08-21 00:04:00,2026-08-22 00:04:00,Mobile,Paid,0
BILL924224,CUST10435,263580,263580,2026-11-27 00:00:00,2026-11-30 00:00:00,Mobile,Paid,0
BILL734832,CUST10209,180576,3651283,2026-08-24 00:00:00,2026-08-27 00:00:00,Web,Paid,0
BILL405053,CUST10524,221957,9971,2026-08-28 00:00:00,2026-09-01 00:00:00,Web,Paid,0
BILL482746,CUST10193,319992,319992,2027-02-03 00:00:00,2027-02-05 00:00:00,Web,Paid,0
BILL692440,CUST10524,221957,221957,2026-10-01 00:00:00,2026-10-03 00:00:00,Web,Paid,0
BILL518636,CUST10364,342090,342090,2026-08-13 00:00:00,2026-08-13 00:00:00,API,Paid,0
BILL194582,CUST10364,342090,342090,2026-08-13 00:00:00,2026-08-13 00:01:00,API,Paid,0
BILL982663,CUST10364,342090,342090,2026-08-13 00:00:00,2026-08-13 00:02:00,API,Paid,0
BILL318025,CUST10216,377209,377209,2026-09-22 00:00:00,2026-09-27 00:00:00,API,Paid,0
BILL653198,CUST10203,136548,136548,2026-08-23 00:00:00,2026-08-27 00:00:00,Web,Paid,0
BILL114823,CUST10388,278289,278289,2026-07-21 00:00:00,2026-07-25 00:00:00,Mobile,Paid,0
BILL389839,CUST10191,117685,117685,2026-03-10 00:00:00,2026-03-12 00:00:00,Mobile,Paid,0
BILL971461,CUST10080,208753,2487841,2026-08-26 00:00:00,2026-08-29 00:00:00,Web,Paid,0
BILL450645,CUST10200,342570,342570,2026-11-20 00:00:00,2026-11-25 00:00:00,Web,Paid,0
BILL387417,CUST10440,300049,300049,2026-06-21 00:00:00,2026-06-24 00:00:00,Web,Paid,0
BILL674552,CUST10010,184997,184997,2026-04-10 00:05:00,2026-04-13 00:05:00,Mobile,Paid,0
BILL217164,CUST10362,347184,347184,2026-09-19 00:04:00,2026-09-20 00:04:00,Web,Paid,0
BILL213149,CUST10510,204797,2141375,2026-09-18 00:05:00,2026-09-21 00:05:00,Mobile,Paid,0
BILL530788,CUST10344,395635,395635,2026-09-14 00:00:00,2026-09-18 00:00:00,Mobile,Paid,0
BILL894163,CUST10427,150216,150216,2026-10-22 00:00:00,2026-10-25 00:00:00,Mobile,Paid,0
BILL764143,CUST10515,303653,303653,2026-07-16 00:03:00,2026-07-17 00:03:00,Web,Paid,0
BILL492201,CUST10202,309622,309622,2026-08-02 00:00:00,2026-08-05 00:00:00,Mobile,Paid,0
BILL876383,CUST10154,331986,331986,2026-06-16 00:05:00,2026-06-19 00:05:00,Web,Paid,0
BILL694279,CUST10177,219181,219181,2027-01-17 00:05:00,2027-01-19 00:05:00,Web,Paid,0
BILL271856,CUST10232,326760,326760,2026-07-20 00:03:00,2026-07-21 00:03:00,Web,Paid,0
BILL613810,CUST10519,273139,273139,2027-01-19 00:05:00,2027-01-24 00:05:00,Mobile,Paid,0
BILL986348,CUST10396,133377,133377,2026-04-12 00:00:00,2026-04-15 00:00:00,Mobile,Paid,0
BILL360854,CUST10571,182453,182453,2026-06-13 00:00:00,2026-06-13 00:00:00,Web,Paid,0
BILL820099,CUST10552,200373,200373,2026-06-23 00:00:00,2026-06-27 00:00:00,Mobile,Paid,0
BILL207120,CUST10025,336983,7154075,2026-08-24 00:03:00,2026-08-27 00:03:00,Mobile,Paid,0
BILL334236,CUST10017,131984,131984,2026-05-08 00:00:00,2026-05-10 00:00:00,Mobile,Paid,0
BILL455763,CUST10404,308543,308543,2026-12-29 00:00:00,2026-12-31 00:00:00,Mobile,Paid,0
BILL530251,CUST10278,172976,172976,2026-10-15 00:00:00,2026-10-16 00:00:00,Mobile,Paid,0
BILL340849,CUST10508,118063,118063,2026-08-21 00:00:00,2026-08-22 00:00:00,Web,Paid,1
BILL926521,CUST10210,219614,219614,2026-08-19 00:00:00,2026-08-19 00:00:00,Mobile,Paid,0
BILL566046,CUST10314,300175,300175,2026-08-22 00:05:00,2026-08-24 00:05:00,Mobile,Paid,0
BILL495133,CUST10108,394781,6331563,2026-09-22 00:00:00,2026-09-25 00:00:00,Mobile,Paid,0
BILL979180,CUST10186,125905,125905,2026-08-11 00:00:00,2026-08-15 00:00:00,Web,Paid,0
BILL558848,CUST10459,105072,105072,2027-02-10 00:00:00,2027-02-10 00:00:00,Mobile,Paid,0
BILL459266,CUST10030,120032,120032,2026-12-23 00:04:00,2026-12-27 00:04:00,Web,Paid,0
BILL682550,CUST10136,266443,266443,2026-09-26 00:00:00,2026-10-01 00:00:00,Mobile,Paid,0
BILL830368,CUST10545,213332,213332,2026-11-13 00:06:00,2026-11-15 00:06:00,Web,Paid,0
BILL298994,CUST10478,177027,177027,2026-06-11 00:04:00,2026-06-16 00:04:00,Mobile,Paid,0
BILL772180,CUST10578,373338,373338,2026-05-10 00:00:00,2026-05-13 00:00:00,Web,Paid,0
BILL319947,CUST10136,266443,266443,2026-10-31 00:00:00,2026-11-01 00:00:00,Mobile,Paid,0
BILL494201,CUST10268,217442,217442,2026-11-02 00:00:00,2026-11-04 00:00:00,Web,Paid,0
BILL888335,CUST10309,185862,185862,2026-04-15 00:00:00,2026-04-18 00:00:00,Web,Paid,0
BILL260966,CUST10495,217295,217295,2026-08-17 00:04:00,2026-08-20 00:04:00,Mobile,Paid,0
BILL289363,CUST10247,237979,237979,2026-08-15 00:05:00,2026-08-19 00:05:00,Web,Paid,0
BILL739183,CUST10030,120032,120032,2027-01-26 00:04:00,2027-01-30 00:04:00,Web,Paid,0
BILL161585,CUST10338,206150,206150,2026-09-26 00:00:00,2026-09-30 00:00:00,Web,Paid,0
BILL154353,CUST10349,261596,261596,2026-10-25 00:00:00,2026-10-26 00:00:00,Mobile,Paid,0
BILL283561,CUST10539,282596,282596,2026-09-21 00:00:00,2026-09-26 00:00:00,Mobile,Paid,0
BILL435988,CUST10584,359104,359104,2026-09-19 00:05:00,2026-09-20 00:05:00,Mobile,Paid,0
BILL789167,CUST10285,267241,267241,2026-10-31 00:00:00,2026-11-04 00:00:00,Mobile,Paid,0
BILL899920,CUST10475,304176,304176,2026-11-02 00:00:00,2026-11-02 00:00:00,Web,Paid,0
BILL781866,CUST10593,360948,360948,2026-10-25 00:00:00,2026-10-25 00:00:00,Web,Paid,0
BILL431287,CUST10489,380999,380999,2026-09-20 00:03:00,2026-09-21 00:03:00,Web,Paid,0
BILL660014,CUST10494,126676,126676,2026-07-18 00:00:00,2026-07-22 00:00:00,Web,Paid,0
BILL872999,CUST10190,169437,169437,2026-09-19 00:00:00,2026-09-24 00:00:00,Mobile,Paid,0
BILL618534,CUST10313,263561,263561,2026-06-17 00:00:00,2026-06-18 00:00:00,Mobile,Paid,0
BILL125742,CUST10257,212734,212734,2026-07-07 00:00:00,2026-07-08 00:00:00,Web,Paid,0
BILL210160,CUST10533,391460,391460,2026-04-07 00:00:00,2026-04-11 00:00:00,Web,Paid,0
BILL112275,CUST10028,371934,371934,2026-09-13 00:00:00,2026-09-17 00:00:00,Mobile,Paid,0
BILL222429,CUST10252,378693,378693,2026-07-29 00:00:00,2026-07-30 00:00:00,Web,Paid,0
BILL894565,CUST10243,399795,4722948,2026-09-16 00:00:00,2026-09-21 00:00:00,Web,Paid,0
BILL774578,CUST10030,120032,120032,2027-03-01 00:04:00,2027-03-05 00:04:00,Web,Paid,0
BILL320714,CUST10127,350604,350604,2026-08-15 00:00:00,2026-08-17 00:00:00,Mobile,Paid,0
BILL776284,CUST10146,222206,222206,2026-05-25 00:00:00,2026-05-28 00:00:00,Mobile,Paid,0
BILL626261,CUST10274,392388,392388,2027-03-27 00:03:00,2027-03-28 00:03:00,Web,Paid,0
BILL243271,CUST10303,131090,2013349,2026-09-24 00:00:00,2026-09-24 00:00:00,Web,Paid,0
BILL710401,CUST10179,370177,370177,2026-08-30 00:00:00,2026-09-03 00:00:00,Mobile,Paid,0
BILL705412,CUST10204,189116,189116,2026-06-14 00:05:00,2026-06-18 00:05:00,Web,Paid,0
BILL120470,CUST10325,105485,105485,2026-09-13 00:05:00,2026-09-17 00:05:00,Mobile,Paid,0
BILL327083,CUST10320,162201,162201,2026-07-09 00:00:00,2026-07-13 00:00:00,Web,Paid,0
BILL915675,CUST10245,246432,246432,2026-11-29 00:00:00,2026-12-01 00:00:00,Web,Paid,0
BILL929200,CUST10062,360981,4603896,2026-11-26 00:00:00,2026-11-26 00:00:00,Mobile,Paid,0
BILL427542,CUST10600,178062,178062,2026-06-10 00:05:00,2026-06-11 00:05:00,Mobile,Paid,0
BILL644889,CUST10281,309691,309691,2026-09-22 00:00:00,2026-09-25 00:00:00,Mobile,Paid,0
BILL212497,CUST10412,307721,307721,2026-09-24 00:00:00,2026-09-26 00:00:00,Web,Paid,0
BILL111293,CUST10587,189191,189191,2027-03-01 00:00:00,2027-03-04 00:00:00,API,Paid,0
BILL502569,CUST10222,245529,245529,2026-07-21 00:00:00,2026-07-22 00:00:00,Web,Paid,0
BILL220087,CUST10565,368324,368324,2026-05-14 00:05:00,2026-05-16 00:05:00,Web,Paid,0
BILL772052,CUST10445,207054,207054,2026-09-20 00:04:00,2026-09-22 00:04:00,Web,Paid,0
BILL116268,CUST10025,336983,336983,2026-09-26 00:03:00,2026-09-29 00:03:00,Mobile,Paid,0
BILL327966,CUST10114,219674,219674,2026-06-11 00:00:00,2026-06-12 00:00:00,Web,Paid,1
BILL962109,CUST10523,228291,5350,2027-04-09 00:04:00,2027-04-09 00:04:00,Mobile,Paid,0
BILL803191,CUST10007,390473,390473,2026-08-06 00:00:00,2026-08-08 00:00:00,API,Paid,0
BILL686067,CUST10190,169437,169437,2026-10-24 00:00:00,2026-10-27 00:00:00,Mobile,Paid,0
BILL102814,CUST10448,234721,234721,2026-08-31 00:00:00,2026-09-01 00:00:00,Mobile,Paid,0
BILL192160,CUST10320,162201,162201,2026-08-12 00:00:00,2026-08-14 00:00:00,Web,Paid,0
BILL854596,CUST10491,119240,119240,2026-07-08 00:00:00,2026-07-10 00:00:00,API,Paid,0
BILL101817,CUST10002,360456,360456,2026-07-27 00:00:00,2026-08-01 00:00:00,API,Paid,0
BILL648706,CUST10574,359902,359902,2026-11-28 00:00:00,2026-11-29 00:00:00,Web,Paid,0
BILL485214,CUST10115,233300,233300,2026-07-11 00:00:00,2026-07-11 00:00:00,Web,Paid,0
BILL649627,CUST10365,152220,152220,2026-11-25 00:00:00,2026-11-29 00:00:00,API,Paid,0
BILL609210,CUST10607,252178,252178,2026-06-15 00:00:00,2026-06-16 00:00:00,API,Paid,0
BILL724483,CUST10204,189116,189116,2026-07-18 00:05:00,2026-07-22 00:05:00,Web,Paid,0
BILL612267,CUST10194,202832,202832,2026-10-20 00:00:00,2026-10-22 00:00:00,Web,Paid,0
BILL387620,CUST10376,325746,325746,2026-09-23 00:00:00,2026-09-24 00:00:00,Web,Paid,0
BILL810809,CUST10463,103583,103583,2026-04-11 00:00:00,2026-04-11 00:00:00,Mobile,Paid,0
BILL265902,CUST10309,185862,185862,2026-05-18 00:00:00,2026-05-18 00:00:00,API,Paid,0
BILL879580,CUST10344,395635,395635,2026-10-18 00:00:00,2026-10-21 00:00:00,Mobile,Paid,0
BILL352422,CUST10240,399654,399654,2027-07-09 00:05:00,2027-07-09 00:05:00,Mobile,Paid,0
BILL715178,CUST10059,185962,185962,2026-11-21 00:00:00,2026-11-26 00:00:00,Web,Paid,0
BILL318517,CUST10500,311731,311731,2026-06-23 00:00:00,2026-06-23 00:00:00,Mobile,Paid,0
BILL854679,CUST10129,185393,185393,2026-12-31 00:00:00,2027-01-01 00:00:00,Web,Paid,1
BILL430912,CUST10116,381875,1422,2026-10-03 00:00:00,2026-10-06 00:00:00,Mobile,Paid,0
BILL919443,CUST10458,297776,297776,2026-10-10 00:00:00,2026-10-10 00:00:00,Mobile,Paid,0
BILL359985,CUST10049,320646,320646,2026-08-19 00:03:00,2026-08-22 00:03:00,Web,Paid,0
BILL212377,CUST10543,207612,207612,2026-08-28 00:00:00,2026-08-29 00:00:00,Web,Paid,0
BILL685240,CUST10119,151100,151100,2026-08-18 00:00:00,2026-08-22 00:00:00,Mobile,Paid,0
BILL557367,CUST10383,128578,128578,2026-12-29 00:00:00,2027-01-03 00:00:00,Mobile,Paid,1
BILL768431,CUST10421,123128,123128,2026-06-21 00:00:00,2026-06-22 00:00:00,Web,Paid,0
BILL349063,CUST10227,232936,232936,2026-07-23 00:05:00,2026-07-28 00:05:00,Mobile,Paid,0
BILL340436,CUST10298,310450,310450,2026-10-18 00:03:00,2026-10-19 00:03:00,API,Paid,0
BILL713785,CUST10616,291905,291905,2026-05-12 00:04:00,2026-05-13 00:04:00,Mobile,Paid,0
BILL850888,CUST10463,103583,103583,2026-05-11 00:00:00,2026-05-13 00:00:00,Mobile,Paid,0
BILL449971,CUST10349,261596,261596,2026-11-25 00:00:00,2026-11-28 00:00:00,Mobile,Paid,0
BILL243715,CUST10466,170776,170776,2026-08-16 00:00:00,2026-08-19 00:00:00,Mobile,Paid,0
BILL910528,CUST10441,261893,261893,2026-07-16 00:00:00,2026-07-21 00:00:00,API,Paid,0
BILL365528,CUST10548,276062,276062,2026-06-23 00:05:00,2026-06-26 00:05:00,Web,Paid,0
BILL894879,CUST10084,164229,164229,2026-07-22 00:00:00,2026-07-25 00:00:00,Mobile,Paid,0
BILL683835,CUST10144,221904,221904,2026-07-07 00:04:00,2026-07-07 00:04:00,Mobile,Paid,0
BILL729605,CUST10102,110740,110740,2026-08-18 00:00:00,2026-08-22 00:00:00,Mobile,Paid,0
BILL689585,CUST10310,335952,335952,2026-10-29 00:00:00,2026-10-30 00:00:00,Mobile,Paid,0
BILL634860,CUST10066,187187,187187,2026-08-18 00:00:00,2026-08-18 00:00:00,API,Paid,0
BILL315852,CUST10066,187187,187187,2026-08-18 00:00:00,2026-08-18 00:01:00,API,Paid,0
BILL845246,CUST10066,187187,187187,2026-08-18 00:00:00,2026-08-18 00:02:00,API,Paid,0
BILL558460,CUST10549,273984,273984,2026-09-17 00:04:00,2026-09-20 00:04:00,Web,Paid,0
BILL875305,CUST10076,227427,227427,2026-08-16 00:00:00,2026-08-18 00:00:00,Web,Paid,0
BILL938529,CUST10465,314765,314765,2026-09-23 00:00:00,2026-09-24 00:00:00,Web,Paid,0
BILL396314,CUST10533,391460,391460,2026-05-11 00:00:00,2026-05-15 00:00:00,Web,Paid,0
BILL880954,CUST10403,334181,5801,2026-06-20 00:00:00,2026-06-23 00:00:00,Mobile,Paid,0
BILL978481,CUST10135,226874,226874,2026-06-07 00:00:00,2026-06-10 00:00:00,API,Paid,0
BILL193455,CUST10414,297390,297390,2026-09-17 00:00:00,2026-09-19 00:00:00,Web,Paid,0
BILL636919,CUST10009,100858,1702262,2026-09-25 00:00:00,2026-09-28 00:00:00,Web,Paid,0
BILL263124,CUST10101,231609,3515,2026-10-31 00:00:00,2026-11-04 00:00:00,Web,Paid,0
BILL861566,CUST10099,377420,377420,2026-06-04 00:00:00,2026-06-06 00:00:00,Mobile,Paid,0
BILL536234,CUST10215,337929,337929,2026-08-31 00:00:00,2026-09-05 00:00:00,Web,Paid,0
BILL530746,CUST10065,379641,379641,2026-07-18 00:00:00,2026-07-18 00:00:00,Mobile,Paid,0
BILL926284,CUST10086,384255,384255,2026-08-20 00:00:00,2026-08-20 00:00:00,Mobile,Paid,0
BILL510795,CUST10018,118406,118406,2026-07-19 00:00:00,2026-07-20 00:00:00,Web,Paid,0
BILL338941,CUST10490,111565,1930629,2026-04-06 00:00:00,2026-04-11 00:00:00,Mobile,Paid,0
BILL615810,CUST10100,303145,303145,2026-07-13 00:00:00,2026-07-13 00:00:00,Web,Paid,0
BILL275567,CUST10069,139568,139568,2026-05-20 00:00:00,2026-05-22 00:00:00,Mobile,Paid,0
BILL312447,CUST10216,377209,377209,2026-10-27 00:00:00,2026-10-30 00:00:00,Web,Paid,0
BILL930033,CUST10032,135160,135160,2026-06-11 00:04:00,2026-06-14 00:04:00,Mobile,Paid,0
BILL635720,CUST10202,309622,309622,2026-09-04 00:00:00,2026-09-05 00:00:00,Mobile,Paid,0
BILL680486,CUST10334,153060,153060,2026-11-25 00:00:00,2026-11-25 00:00:00,Web,Paid,0
BILL610609,CUST10544,303681,303681,2026-09-19 00:00:00,2026-09-20 00:00:00,Web,Paid,1
BILL506411,CUST10307,115337,115337,2026-08-19 00:00:00,2026-08-23 00:00:00,API,Paid,0
BILL913541,CUST10054,176593,176593,2026-12-24 00:00:00,2026-12-25 00:00:00,Web,Paid,0
BILL783145,CUST10057,250829,250829,2026-06-17 00:00:00,2026-06-18 00:00:00,Mobile,Paid,0
BILL232919,CUST10548,276062,276062,2026-07-26 00:05:00,2026-07-27 00:05:00,Web,Paid,0
BILL656083,CUST10098,179960,179960,2026-11-25 00:00:00,2026-11-26 00:00:00,Web,Paid,0
BILL323954,CUST10157,240590,240590,2026-06-09 00:00:00,2026-06-09 00:00:00,Web,Paid,0
BILL908109,CUST10609,112399,112399,2026-06-15 00:00:00,2026-06-15 00:00:00,Mobile,Paid,0
BILL587268,CUST10258,375829,375829,2026-04-12 00:00:00,2026-04-15 00:00:00,Mobile,Paid,0
BILL879853,CUST10099,377420,377420,2026-07-06 00:00:00,2026-07-10 00:00:00,Mobile,Paid,0
BILL738933,CUST10472,198317,198317,2026-10-22 00:00:00,2026-10-27 00:00:00,Web,Paid,0
BILL731810,CUST10479,371828,371828,2026-05-16 00:05:00,2026-05-17 00:05:00,Web,Paid,0
BILL297879,CUST10215,337929,337929,2026-10-05 00:00:00,2026-10-10 00:00:00,Web,Paid,0
BILL757383,CUST10603,234477,234477,2026-06-15 00:00:00,2026-06-18 00:00:00,Web,Paid,0
BILL660577,CUST10126,344492,344492,2026-07-23 00:00:00,2026-07-25 00:00:00,API,Paid,0
BILL604561,CUST10078,168945,168945,2026-12-02 00:00:00,2026-12-06 00:00:00,Mobile,Paid,0
BILL558966,CUST10238,166413,166413,2026-07-23 00:00:00,2026-07-27 00:00:00,Web,Paid,0
BILL624704,CUST10454,247525,3551,2026-10-22 00:03:00,2026-10-27 00:03:00,Mobile,Paid,0
BILL698098,CUST10025,336983,336983,2026-10-29 00:03:00,2026-10-31 00:03:00,Mobile,Paid,0
BILL516570,CUST10395,284991,284991,2026-06-10 00:00:00,2026-06-15 00:00:00,Web,Paid,0
BILL369631,CUST10147,155440,155440,2026-10-24 00:00:00,2026-10-27 00:00:00,Web,Paid,0
BILL535506,CUST10352,202261,202261,2026-07-16 00:04:00,2026-07-16 00:04:00,API,Paid,0
BILL821261,CUST10352,202261,202261,2026-07-16 00:04:00,2026-07-16 00:05:00,API,Paid,0
BILL991757,CUST10352,202261,202261,2026-07-16 00:04:00,2026-07-16 00:06:00,API,Paid,0
BILL768325,CUST10352,202261,202261,2026-07-16 00:04:00,2026-07-16 00:07:00,API,Paid,0
BILL534874,CUST10352,202261,202261,2026-07-16 00:04:00,2026-07-16 00:08:00,API,Paid,0
BILL289492,CUST10503,162493,162493,2026-06-12 00:00:00,2026-06-15 00:00:00,Mobile,Paid,0
BILL583889,CUST10350,276597,276597,2027-01-03 00:00:00,2027-01-03 00:00:00,Mobile,Paid,0
BILL606886,CUST10421,123128,123128,2026-07-22 00:00:00,2026-07-25 00:00:00,Web,Paid,0
BILL983170,CUST10097,277027,277027,2026-06-14 00:00:00,2026-06-15 00:00:00,Web,Paid,0
BILL712316,CUST10174,167908,167908,2026-06-08 00:00:00,2026-06-10 00:00:00,Web,Paid,0
BILL385001,CUST10079,100279,1515020,2026-09-14 00:00:00,2026-09-17 00:00:00,Mobile,Paid,0
BILL517430,CUST10220,118667,118667,2026-09-22 00:00:00,2026-09-25 00:00:00,API,Paid,0
BILL481046,CUST10368,338233,338233,2026-09-20 00:00:00,2026-09-22 00:00:00,API,Paid,0
BILL720798,CUST10241,399193,399193,2027-01-01 00:03:00,2027-01-02 00:03:00,Web,Paid,0
BILL919447,CUST10323,390691,390691,2027-02-21 00:00:00,2027-02-24 00:00:00,Mobile,Paid,0
BILL480977,CUST10208,274066,274066,2026-07-12 00:00:00,2026-07-12 00:00:00,Web,Paid,0
BILL624771,CUST10151,234106,234106,2026-12-06 00:00:00,2026-12-07 00:00:00,Mobile,Paid,0
BILL707674,CUST10267,211714,211714,2026-07-20 00:00:00,2026-07-25 00:00:00,Mobile,Paid,0
BILL279086,CUST10419,235016,235016,2026-07-17 00:00:00,2026-07-22 00:00:00,Mobile,Paid,0
BILL368861,CUST10496,389894,389894,2026-09-23 00:00:00,2026-09-25 00:00:00,Web,Paid,0
BILL864240,CUST10453,156466,156466,2026-12-18 00:00:00,2026-12-23 00:00:00,Mobile,Paid,0
BILL299635,CUST10108,394781,394781,2026-10-25 00:00:00,2026-10-30 00:00:00,Mobile,Paid,0
BILL674792,CUST10341,289740,289740,2026-09-14 00:00:00,2026-09-19 00:00:00,Mobile,Paid,0
BILL216516,CUST10052,288171,288171,2026-05-12 00:00:00,2026-05-13 00:00:00,Mobile,Paid,0
BILL579094,CUST10490,111565,111565,2026-05-11 00:00:00,2026-05-12 00:00:00,Mobile,Paid,0
BILL742703,CUST10503,162493,162493,2026-07-15 00:00:00,2026-07-16 00:00:00,Mobile,Paid,0
BILL908368,CUST10419,235016,4475345,2026-08-21 00:00:00,2026-08-25 00:00:00,Mobile,Paid,0
BILL642342,CUST10539,282596,282596,2026-10-26 00:00:00,2026-10-28 00:00:00,Mobile,Paid,0
BILL519553,CUST10364,342090,342090,2026-09-12 00:03:00,2026-09-14 00:03:00,Web,Paid,0
BILL608177,CUST10427,150216,150216,2026-11-24 00:00:00,2026-11-26 00:00:00,Mobile,Paid,0
BILL456475,CUST10359,323180,323180,2026-07-17 00:00:00,2026-07-18 00:00:00,Mobile,Paid,0
BILL238600,CUST10312,332915,332915,2026-08-17 00:00:00,2026-08-20 00:00:00,Web,Paid,0
BILL589615,CUST10263,398952,398952,2026-10-18 00:00:00,2026-10-22 00:00:00,Mobile,Paid,0
BILL885291,CUST10353,244854,244854,2026-11-24 00:00:00,2026-11-28 00:00:00,Web,Paid,0
BILL525601,CUST10253,174527,174527,2026-08-20 00:00:00,2026-08-20 00:00:00,Mobile,Paid,0
BILL499419,CUST10419,235016,235016,2026-09-24 00:00:00,2026-09-24 00:00:00,Mobile,Paid,0
BILL201783,CUST10260,358839,358839,2026-07-26 00:00:00,2026-07-28 00:00:00,Web,Paid,0
BILL586870,CUST10599,103052,103052,2026-09-21 00:03:00,2026-09-22 00:03:00,Mobile,Paid,1
BILL650772,CUST10178,354757,354757,2026-06-05 00:04:00,2026-06-09 00:04:00,Web,Paid,0
BILL233419,CUST10424,178755,178755,2026-08-26 00:00:00,2026-08-31 00:00:00,Mobile,Paid,0
BILL665345,CUST10343,365809,365809,2026-08-14 00:00:00,2026-08-19 00:00:00,Web,Paid,0
BILL751777,CUST10251,365840,365840,2026-08-08 00:09:00,2026-08-12 00:09:00,Mobile,Paid,0
BILL160131,CUST10088,349015,349015,2026-08-12 00:00:00,2026-08-17 00:00:00,Mobile,Paid,0
BILL460052,CUST10153,123159,123159,2026-10-13 00:00:00,2026-10-18 00:00:00,Web,Paid,0
BILL320892,CUST10028,371934,371934,2026-10-17 00:00:00,2026-10-17 00:00:00,Mobile,Paid,0
BILL753109,CUST10349,261596,261596,2026-12-28 00:00:00,2026-12-31 00:00:00,Mobile,Paid,0
BILL226936,CUST10219,393343,8137450,2027-04-01 00:03:00,2027-04-06 00:03:00,Web,Paid,0
BILL971819,CUST10480,113117,113117,2026-08-19 00:00:00,2026-08-23 00:00:00,Web,Paid,0
BILL369821,CUST10468,366366,366366,2026-10-22 00:00:00,2026-10-25 00:00:00,Mobile,Paid,0
BILL991929,CUST10599,103052,103052,2026-10-22 00:03:00,2026-10-25 00:03:00,Mobile,Paid,0
BILL471338,CUST10444,372894,372894,2026-07-17 00:00:00,2026-07-20 00:00:00,Mobile,Paid,1
BILL502074,CUST10087,256235,256235,2026-08-20 00:00:00,2026-08-24 00:00:00,Mobile,Paid,0
BILL655796,CUST10311,288022,288022,2026-10-30 00:00:00,2026-11-04 00:00:00,API,Paid,0
BILL305664,CUST10322,138465,138465,2026-11-26 00:00:00,2026-11-29 00:00:00,Web,Paid,0
BILL946983,CUST10341,289740,289740,2026-10-19 00:00:00,2026-10-23 00:00:00,Mobile,Paid,0
BILL455544,CUST10218,134040,134040,2026-06-20 00:00:00,2026-06-20 00:00:00,API,Paid,0
BILL201666,CUST10218,134040,134040,2026-06-20 00:00:00,2026-06-20 00:01:00,API,Paid,0
BILL457103,CUST10218,134040,134040,2026-06-20 00:00:00,2026-06-20 00:02:00,API,Paid,0
BILL593077,CUST10560,371356,371356,2026-05-07 00:03:00,2026-05-11 00:03:00,Web,Paid,0
BILL780747,CUST10499,397498,397498,2026-12-25 00:03:00,2026-12-29 00:03:00,Mobile,Paid,0
BILL771244,CUST10525,309705,309705,2026-10-20 00:03:00,2026-10-20 00:03:00,Mobile,Paid,0
BILL211356,CUST10267,211714,211714,2026-08-24 00:00:00,2026-08-26 00:00:00,Mobile,Paid,0
BILL233535,CUST10264,250592,250592,2026-07-11 00:04:00,2026-07-14 00:04:00,Mobile,Paid,0
BILL667695,CUST10007,390473,390473,2026-09-07 00:00:00,2026-09-07 00:00:00,Web,Paid,0
BILL607827,CUST10590,153033,153033,2026-04-10 00:00:00,2026-04-11 00:00:00,Web,Paid,0
BILL915976,CUST10505,205177,205177,2026-07-23 00:00:00,2026-07-28 00:00:00,Mobile,Paid,0
BILL786134,CUST10469,147965,147965,2026-06-08 00:00:00,2026-06-08 00:00:00,Mobile,Paid,0
BILL945176,CUST10014,228850,228850,2026-10-18 00:00:00,2026-10-21 00:00:00,Web,Paid,0
BILL905271,CUST10615,198384,198384,2026-07-17 00:00:00,2026-07-21 00:00:00,Mobile,Paid,0
BILL290472,CUST10461,392083,4763,2026-06-06 00:00:00,2026-06-09 00:00:00,Web,Paid,0
BILL393364,CUST10024,228784,228784,2026-08-17 00:00:00,2026-08-21 00:00:00,Mobile,Paid,0
BILL759498,CUST10572,328382,328382,2026-07-21 00:00:00,2026-07-26 00:00:00,Mobile,Paid,0
BILL959035,CUST10582,110491,110491,2026-08-20 00:00:00,2026-08-24 00:00:00,Web,Paid,0
BILL698278,CUST10592,138451,138451,2026-09-20 00:03:00,2026-09-21 00:03:00,Mobile,Paid,0
BILL852458,CUST10535,275713,275713,2026-06-16 00:00:00,2026-06-21 00:00:00,Web,Paid,0
BILL284174,CUST10167,144117,144117,2026-08-16 00:05:00,2026-08-19 00:05:00,Mobile,Paid,0
BILL618938,CUST10108,394781,394781,2026-11-29 00:00:00,2026-12-01 00:00:00,Mobile,Paid,0
BILL367939,CUST10195,322155,7727864,2026-06-20 00:00:00,2026-06-24 00:00:00,Web,Paid,0
BILL401252,CUST10139,297574,297574,2026-09-24 00:00:00,2026-09-24 00:00:00,API,Paid,0
BILL927168,CUST10139,297574,297574,2026-09-24 00:00:00,2026-09-24 00:01:00,API,Paid,0
BILL172872,CUST10139,297574,297574,2026-09-24 00:00:00,2026-09-24 00:02:00,API,Paid,0
BILL836042,CUST10072,339066,339066,2026-09-13 00:00:00,2026-09-14 00:00:00,Web,Paid,0
BILL277120,CUST10275,243613,243613,2026-08-25 00:00:00,2026-08-26 00:00:00,Mobile,Paid,0
BILL494184,CUST10230,356484,356484,2026-10-18 00:00:00,2026-10-23 00:00:00,API,Paid,0
BILL620964,CUST10265,230771,230771,2026-05-16 00:00:00,2026-05-17 00:00:00,Mobile,Paid,0
BILL913217,CUST10221,392103,392103,2027-01-28 00:00:00,2027-02-02 00:00:00,Web,Paid,0
BILL386606,CUST10275,243613,8357,2026-09-25 00:00:00,2026-09-29 00:00:00,Mobile,Paid,0
BILL166646,CUST10404,308543,308543,2027-01-30 00:00:00,2027-02-02 00:00:00,Mobile,Paid,0
BILL859964,CUST10213,322614,322614,2026-10-17 00:00:00,2026-10-22 00:00:00,Mobile,Paid,0
BILL406924,CUST10112,353035,353035,2026-07-29 00:00:00,2026-08-03 00:00:00,Mobile,Paid,0
BILL721593,CUST10105,249200,249200,2026-08-11 00:00:00,2026-08-16 00:00:00,Mobile,Paid,0
BILL124663,CUST10028,371934,371934,2026-11-16 00:00:00,2026-11-19 00:00:00,API,Paid,0
BILL870204,CUST10376,325746,325746,2026-10-24 00:00:00,2026-10-26 00:00:00,API,Paid,0
BILL147689,CUST10178,354757,354757,2026-07-09 00:04:00,2026-07-13 00:04:00,Web,Paid,0
BILL417061,CUST10395,284991,284991,2026-07-15 00:00:00,2026-07-15 00:00:00,API,Paid,0
BILL808833,CUST10395,284991,284991,2026-07-15 00:00:00,2026-07-15 00:01:00,API,Paid,0
BILL656624,CUST10395,284991,284991,2026-07-15 00:00:00,2026-07-15 00:02:00,API,Paid,0
BILL941630,CUST10395,284991,284991,2026-07-15 00:00:00,2026-07-15 00:03:00,API,Paid,0
BILL420442,CUST10515,303653,303653,2026-08-16 00:03:00,2026-08-19 00:03:00,Web,Paid,0
BILL491662,CUST10136,266443,266443,2026-12-01 00:00:00,2026-12-04 00:00:00,Mobile,Paid,0
BILL134686,CUST10100,303145,303145,2026-08-12 00:00:00,2026-08-15 00:00:00,Web,Paid,0
BILL297030,CUST10368,338233,338233,2026-10-22 00:00:00,2026-10-27 00:00:00,Mobile,Paid,0
BILL583046,CUST10599,103052,103052,2026-11-24 00:03:00,2026-11-28 00:03:00,Mobile,Paid,0
BILL532927,CUST10251,365840,365840,2026-09-11 00:09:00,2026-09-11 00:09:00,API,Paid,0
BILL299382,CUST10251,365840,365840,2026-09-11 00:09:00,2026-09-11 00:10:00,API,Paid,0
BILL730891,CUST10251,365840,365840,2026-09-11 00:09:00,2026-09-11 00:11:00,API,Paid,0
BILL253160,CUST10251,365840,365840,2026-09-11 00:09:00,2026-09-11 00:12:00,API,Paid,0
BILL507144,CUST10251,365840,365840,2026-09-11 00:09:00,2026-09-11 00:13:00,API,Paid,0
BILL425961,CUST10184,396902,396902,2026-10-20 00:00:00,2026-10-22 00:00:00,Mobile,Paid,0
BILL499884,CUST10580,254454,254454,2026-04-09 00:00:00,2026-04-14 00:00:00,Web,Paid,0
BILL393351,CUST10208,274066,274066,2026-08-11 00:00:00,2026-08-12 00:00:00,Web,Paid,0
BILL667831,CUST10084,164229,164229,2026-08-24 00:00:00,2026-08-29 00:00:00,Mobile,Paid,0
BILL720572,CUST10108,394781,394781,2026-12-31 00:00:00,2027-01-03 00:00:00,API,Paid,0
BILL513603,CUST10396,133377,133377,2026-05-15 00:00:00,2026-05-18 00:00:00,Mobile,Paid,0
BILL505253,CUST10081,134971,134971,2026-11-26 00:00:00,2026-11-28 00:00:00,Web,Paid,0
BILL325113,CUST10527,351832,351832,2026-07-11 00:00:00,2026-07-15 00:00:00,Web,Paid,0
BILL786335,CUST10549,273984,273984,2026-10-20 00:04:00,2026-10-23 00:04:00,Web,Paid,0
BILL851967,CUST10397,259316,259316,2026-07-11 00:00:00,2026-07-11 00:00:00,API,Paid,0
BILL755387,CUST10548,276062,276062,2026-08-26 00:05:00,2026-08-27 00:05:00,Web,Paid,0
BILL642687,CUST10356,366114,366114,2026-07-17 00:00:00,2026-07-19 00:00:00,Web,Paid,0
BILL249381,CUST10421,123128,123128,2026-08-24 00:00:00,2026-08-25 00:00:00,Web,Paid,0
BILL295138,CUST10343,365809,7115295,2026-09-18 00:00:00,2026-09-22 00:00:00,Web,Paid,0
BILL431657,CUST10395,284991,284991,2026-08-14 00:04:00,2026-08-19 00:04:00,Web,Paid,1
BILL257208,CUST10209,180576,180576,2026-09-26 00:00:00,2026-09-27 00:00:00,Web,Paid,0
BILL546678,CUST10494,126676,126676,2026-08-21 00:00:00,2026-08-24 00:00:00,Web,Paid,0
BILL919484,CUST10070,359330,359330,2026-10-27 00:00:00,2026-10-29 00:00:00,API,Paid,0
BILL679049,CUST10191,117685,117685,2026-04-11 00:00:00,2026-04-13 00:00:00,Mobile,Paid,0
BILL405636,CUST10428,218349,218349,2026-10-21 00:04:00,2026-10-24 00:04:00,Web,Paid,0
BILL198172,CUST10453,156466,156466,2027-01-22 00:00:00,2027-01-24 00:00:00,Mobile,Paid,0
BILL887676,CUST10386,169828,169828,2026-09-10 00:00:00,2026-09-15 00:00:00,Mobile,Paid,1
BILL278816,CUST10514,376802,376802,2026-04-17 00:00:00,2026-04-19 00:00:00,Web,Paid,0
BILL559867,CUST10501,151549,151549,2026-09-24 00:04:00,2026-09-24 00:04:00,Mobile,Paid,0
BILL188938,CUST10393,386367,2149,2026-07-14 00:00:00,2026-07-14 00:00:00,Mobile,Paid,0
BILL503523,CUST10103,288564,288564,2026-07-16 00:00:00,2026-07-21 00:00:00,Mobile,Paid,0
BILL322901,CUST10312,332915,332915,2026-09-19 00:00:00,2026-09-23 00:00:00,Web,Paid,0
BILL809503,CUST10060,344438,344438,2026-07-31 00:00:00,2026-08-01 00:00:00,Mobile,Paid,0
BILL530589,CUST10238,166413,166413,2026-08-26 00:00:00,2026-08-27 00:00:00,Web,Paid,0
BILL289410,CUST10449,315584,315584,2026-12-24 00:03:00,2026-12-25 00:03:00,Mobile,Paid,0
BILL530674,CUST10196,104708,104708,2026-08-11 00:00:00,2026-08-13 00:00:00,Web,Paid,0
BILL483303,CUST10489,380999,380999,2026-10-21 00:03:00,2026-10-25 00:03:00,Web,Paid,0
BILL778264,CUST10010,184997,184997,2026-05-13 00:05:00,2026-05-13 00:05:00,Mobile,Paid,0
BILL621706,CUST10487,396911,396911,2026-08-09 00:08:00,2026-08-14 00:08:00,Web,Paid,0
BILL378538,CUST10208,274066,274066,2026-09-11 00:00:00,2026-09-14 00:00:00,Web,Paid,0
BILL516226,CUST10244,357946,357946,2026-09-19 00:03:00,2026-09-24 00:03:00,Web,Paid,0
BILL338273,CUST10047,307308,307308,2026-07-08 00:00:00,2026-07-10 00:00:00,Mobile,Paid,0
BILL860861,CUST10199,101201,101201,2026-11-16 00:00:00,2026-11-18 00:00:00,Mobile,Paid,0
BILL874340,CUST10362,347184,6279485,2026-10-20 00:04:00,2026-10-20 00:04:00,Web,Paid,0
BILL798996,CUST10584,359104,359104,2026-10-20 00:05:00,2026-10-25 00:05:00,Mobile,Paid,0
BILL119962,CUST10052,288171,288171,2026-06-12 00:00:00,2026-06-13 00:00:00,Mobile,Paid,0
BILL343609,CUST10230,356484,356484,2026-11-22 00:00:00,2026-11-27 00:00:00,Web,Paid,0
BILL523562,CUST10251,365840,365840,2026-10-11 00:14:00,2026-10-11 00:14:00,API,Paid,0
BILL291700,CUST10251,365840,365840,2026-10-11 00:14:00,2026-10-11 00:15:00,API,Paid,0
BILL771280,CUST10251,365840,365840,2026-10-11 00:14:00,2026-10-11 00:16:00,API,Paid,0
BILL437343,CUST10251,365840,365840,2026-10-11 00:14:00,2026-10-11 00:17:00,API,Paid,0
BILL139533,CUST10335,187463,187463,2026-06-18 00:00:00,2026-06-22 00:00:00,Mobile,Paid,0
BILL765016,CUST10064,279670,279670,2026-08-18 00:00:00,2026-08-23 00:00:00,Mobile,Paid,0
BILL814933,CUST10288,256964,256964,2026-10-22 00:00:00,2026-10-22 00:00:00,API,Paid,0
BILL597310,CUST10288,256964,256964,2026-10-22 00:00:00,2026-10-22 00:01:00,API,Paid,0
BILL237081,CUST10288,256964,256964,2026-10-22 00:00:00,2026-10-22 00:02:00,API,Paid,0
BILL791341,CUST10027,224025,224025,2026-06-17 00:00:00,2026-06-18 00:00:00,Mobile,Paid,1
BILL648622,CUST10287,326490,326490,2026-07-13 00:00:00,2026-07-14 00:00:00,Web,Paid,0
BILL175458,CUST10093,109845,109845,2026-09-19 00:03:00,2026-09-24 00:03:00,Mobile,Paid,0
BILL945503,CUST10052,288171,288171,2026-07-13 00:00:00,2026-07-18 00:00:00,Mobile,Paid,0
BILL833496,CUST10188,331635,331635,2026-07-17 00:04:00,2026-07-19 00:04:00,Mobile,Paid,0
BILL885739,CUST10572,328382,328382,2026-08-25 00:00:00,2026-08-27 00:00:00,Mobile,Paid,0
BILL592517,CUST10338,206150,206150,2026-10-30 00:00:00,2026-10-31 00:00:00,Web,Paid,0
BILL262429,CUST10581,380201,380201,2026-12-28 00:00:00,2026-12-29 00:00:00,Mobile,Paid,0
BILL599571,CUST10481,205868,205868,2026-12-23 00:00:00,2026-12-25 00:00:00,Mobile,Paid,0
BILL173999,CUST10118,111521,111521,2026-09-26 00:04:00,2026-09-28 00:04:00,Mobile,Paid,0
BILL978811,CUST10492,178349,178349,2027-01-06 00:00:00,2027-01-10 00:00:00,API,Paid,0
BILL440505,CUST10309,185862,185862,2026-06-17 00:00:00,2026-06-20 00:00:00,Web,Paid,0
BILL185199,CUST10599,103052,103052,2026-12-28 00:03:00,2026-12-30 00:03:00,Mobile,Paid,0
BILL353536,CUST10049,320646,320646,2026-09-21 00:03:00,2026-09-25 00:03:00,Web,Paid,0
BILL147066,CUST10388,278289,278289,2026-08-24 00:00:00,2026-08-26 00:00:00,Mobile,Paid,0
BILL301256,CUST10231,111028,111028,2026-05-15 00:00:00,2026-05-19 00:00:00,Mobile,Paid,0
BILL970960,CUST10534,275437,275437,2026-09-23 00:00:00,2026-09-25 00:00:00,Web,Paid,0
BILL238465,CUST10411,173679,173679,2026-06-06 00:00:00,2026-06-08 00:00:00,Web,Paid,0
BILL435994,CUST10155,343373,343373,2026-06-10 00:00:00,2026-06-15 00:00:00,Web,Paid,0
BILL996182,CUST10160,264437,264437,2027-02-04 00:08:00,2027-02-07 00:08:00,Web,Paid,1
BILL945463,CUST10405,282669,282669,2026-06-10 00:00:00,2026-06-11 00:00:00,Web,Paid,0
BILL982366,CUST10279,356207,356207,2026-09-09 00:03:00,2026-09-09 00:03:00,Web,Paid,0
BILL840270,CUST10428,218349,218349,2026-11-23 00:04:00,2026-11-26 00:04:00,Web,Paid,0
BILL932431,CUST10105,249200,249200,2026-09-15 00:00:00,2026-09-15 00:00:00,Mobile,Paid,0
BILL989160,CUST10569,215229,215229,2027-01-29 00:00:00,2027-01-31 00:00:00,Mobile,Paid,0
BILL870213,CUST10481,205868,205868,2027-01-24 00:00:00,2027-01-29 00:00:00,Mobile,Paid,0
BILL366056,CUST10158,310083,310083,2026-06-20 00:00:00,2026-06-20 00:00:00,Mobile,Paid,0
BILL732153,CUST10491,119240,119240,2026-08-09 00:00:00,2026-08-09 00:00:00,Web,Paid,0
BILL836125,CUST10079,100279,100279,2026-10-17 00:00:00,2026-10-22 00:00:00,Mobile,Paid,0
BILL550998,CUST10304,191508,191508,2026-10-28 00:00:00,2026-10-29 00:00:00,Web,Paid,0
BILL494188,CUST10316,260371,260371,2026-09-16 00:04:00,2026-09-21 00:04:00,Mobile,Paid,0
BILL820103,CUST10056,161024,161024,2026-11-25 00:00:00,2026-11-30 00:00:00,Mobile,Paid,0
BILL925463,CUST10512,323116,323116,2026-05-13 00:04:00,2026-05-16 00:04:00,Web,Paid,0
BILL755850,CUST10022,302204,302204,2026-07-16 00:00:00,2026-07-20 00:00:00,Web,Paid,0
BILL678975,CUST10110,350073,350073,2027-01-04 00:04:00,2027-01-05 00:04:00,Web,Paid,0
BILL578331,CUST10547,318664,318664,2026-07-21 00:03:00,2026-07-26 00:03:00,Web,Paid,0
BILL625662,CUST10021,181897,181897,2026-07-22 00:00:00,2026-07-22 00:00:00,Mobile,Paid,0
BILL633730,CUST10350,276597,276597,2027-02-02 00:00:00,2027-02-06 00:00:00,Mobile,Paid,0
BILL972921,CUST10134,167349,167349,2026-08-23 00:03:00,2026-08-23 00:03:00,Mobile,Paid,0
BILL860151,CUST10537,303726,303726,2026-08-25 00:00:00,2026-08-25 00:00:00,Web,Paid,0
BILL749889,CUST10234,145984,145984,2026-08-10 00:04:00,2026-08-12 00:04:00,Mobile,Paid,0
BILL204677,CUST10514,376802,376802,2026-05-19 00:00:00,2026-05-21 00:00:00,Web,Paid,0
BILL898220,CUST10531,303613,303613,2026-12-17 00:00:00,2026-12-17 00:00:00,Mobile,Paid,0
BILL379808,CUST10313,263561,263561,2026-07-18 00:00:00,2026-07-18 00:00:00,Mobile,Paid,1
BILL561193,CUST10208,274066,274066,2026-10-14 00:00:00,2026-10-15 00:00:00,Web,Paid,0
BILL281811,CUST10461,392083,392083,2026-07-09 00:00:00,2026-07-13 00:00:00,Web,Paid,0
BILL491223,CUST10398,320042,320042,2026-07-17 00:00:00,2026-07-20 00:00:00,Web,Paid,0
BILL218545,CUST10133,106145,106145,2026-10-25 00:04:00,2026-10-28 00:04:00,Mobile,Paid,0
BILL290608,CUST10614,322605,322605,2026-09-25 00:00:00,2026-09-30 00:00:00,Mobile,Paid,1
BILL711695,CUST10064,279670,279670,2026-09-22 00:00:00,2026-09-25 00:00:00,Mobile,Paid,0
BILL228436,CUST10019,271271,271271,2026-08-15 00:00:00,2026-08-19 00:00:00,Web,Paid,0
BILL768737,CUST10599,103052,103052,2027-01-29 00:03:00,2027-02-03 00:03:00,Mobile,Paid,0
BILL567463,CUST10369,225493,225493,2026-07-12 00:00:00,2026-07-16 00:00:00,Web,Paid,0
BILL379552,CUST10026,212036,212036,2026-07-16 00:00:00,2026-07-19 00:00:00,Mobile,Paid,0
BILL186175,CUST10438,179102,179102,2026-08-14 00:00:00,2026-08-16 00:00:00,Mobile,Paid,0
BILL129229,CUST10122,286581,286581,2026-10-26 00:05:00,2026-10-29 00:05:00,Web,Paid,0
BILL565663,CUST10174,167908,167908,2026-07-10 00:00:00,2026-07-10 00:00:00,Web,Paid,0
BILL718323,CUST10526,104664,104664,2026-09-13 00:04:00,2026-09-17 00:04:00,Mobile,Paid,0
BILL622341,CUST10373,276562,276562,2026-07-19 00:00:00,2026-07-22 00:00:00,Web,Paid,0
BILL827304,CUST10307,115337,115337,2026-09-22 00:00:00,2026-09-25 00:00:00,Mobile,Paid,0
BILL935630,CUST10511,190133,6372,2026-09-25 00:00:00,2026-09-26 00:00:00,Mobile,Paid,0
BILL648587,CUST10276,382395,382395,2026-07-19 00:00:00,2026-07-24 00:00:00,API,Paid,0
BILL296946,CUST10376,325746,325746,2026-11-25 00:00:00,2026-11-26 00:00:00,Web,Paid,0
BILL718583,CUST10458,297776,297776,2026-11-09 00:00:00,2026-11-09 00:00:00,Mobile,Paid,0
BILL300070,CUST10595,342484,342484,2027-01-26 00:03:00,2027-01-28 00:03:00,Web,Paid,0
BILL632151,CUST10575,158907,158907,2026-05-04 00:00:00,2026-05-07 00:00:00,Web,Paid,0
BILL205203,CUST10418,362045,362045,2026-06-15 00:00:00,2026-06-20 00:00:00,Mobile,Paid,0
BILL860509,CUST10434,123587,123587,2026-07-16 00:00:00,2026-07-20 00:00:00,Mobile,Paid,0
BILL649157,CUST10093,109845,109845,2026-10-24 00:03:00,2026-10-24 00:03:00,Mobile,Paid,0
BILL214356,CUST10117,111971,111971,2026-12-01 00:00:00,2026-12-06 00:00:00,Mobile,Paid,0
BILL792706,CUST10270,215045,215045,2026-11-15 00:00:00,2026-11-18 00:00:00,Mobile,Paid,0
BILL569091,CUST10075,121846,121846,2026-04-13 00:00:00,2026-04-14 00:00:00,Web,Paid,0
BILL502114,CUST10174,167908,167908,2026-08-09 00:00:00,2026-08-09 00:00:00,API,Paid,0
BILL181067,CUST10174,167908,167908,2026-08-09 00:00:00,2026-08-09 00:01:00,API,Paid,0
BILL624385,CUST10174,167908,167908,2026-08-09 00:00:00,2026-08-09 00:02:00,API,Paid,0
BILL225148,CUST10174,167908,167908,2026-08-09 00:00:00,2026-08-09 00:03:00,API,Paid,0
BILL161926,CUST10498,286133,286133,2027-02-28 00:00:00,2027-03-01 00:00:00,Web,Paid,0
BILL361687,CUST10166,334687,334687,2026-05-13 00:00:00,2026-05-18 00:00:00,Web,Paid,0
BILL513872,CUST10242,218492,218492,2026-08-19 00:00:00,2026-08-21 00:00:00,Mobile,Paid,1
BILL533422,CUST10310,335952,5952296,2026-11-29 00:00:00,2026-12-03 00:00:00,Mobile,Paid,0
BILL246840,CUST10181,358351,358351,2026-08-11 00:00:00,2026-08-15 00:00:00,Mobile,Paid,0
BILL398569,CUST10314,300175,300175,2026-09-23 00:05:00,2026-09-26 00:05:00,Mobile,Paid,0
BILL986968,CUST10007,390473,390473,2026-10-07 00:00:00,2026-10-09 00:00:00,Web,Paid,0
BILL410529,CUST10226,323266,323266,2026-09-16 00:05:00,2026-09-19 00:05:00,Mobile,Paid,0
BILL382192,CUST10041,145257,4314,2026-10-26 00:00:00,2026-10-29 00:00:00,Mobile,Paid,0
BILL427240,CUST10613,196407,196407,2026-04-10 00:00:00,2026-04-12 00:00:00,Web,Paid,0
BILL700592,CUST10326,125135,125135,2026-06-11 00:04:00,2026-06-13 00:04:00,Web,Paid,0
BILL910023,CUST10480,113117,113117,2026-09-22 00:00:00,2026-09-22 00:00:00,Web,Paid,0
BILL231090,CUST10534,275437,275437,2026-10-25 00:00:00,2026-10-27 00:00:00,Web,Paid,0
BILL947190,CUST10198,186203,186203,2026-10-16 00:00:00,2026-10-16 00:00:00,Web,Paid,0
BILL606444,CUST10194,202832,202832,2026-11-21 00:00:00,2026-11-26 00:00:00,API,Paid,0
BILL891259,CUST10343,365809,365809,2026-10-22 00:00:00,2026-10-24 00:00:00,Web,Paid,0
BILL346158,CUST10413,292127,292127,2026-04-14 00:00:00,2026-04-15 00:00:00,Web,Paid,0
BILL917744,CUST10291,363852,363852,2026-04-13 00:00:00,2026-04-17 00:00:00,Web,Paid,0
BILL862532,CUST10326,125135,125135,2026-07-13 00:04:00,2026-07-16 00:04:00,Web,Paid,0
BILL786685,CUST10225,183503,183503,2026-09-17 00:00:00,2026-09-20 00:00:00,Web,Paid,0
BILL512273,CUST10294,299488,299488,2027-08-12 00:00:00,2027-08-15 00:00:00,Mobile,Paid,0
BILL156325,CUST10454,247525,247525,2026-11-26 00:03:00,2026-11-29 00:03:00,Mobile,Paid,0
BILL964331,CUST10167,144117,144117,2026-09-18 00:05:00,2026-09-21 00:05:00,API,Paid,0
BILL282729,CUST10491,119240,119240,2026-09-08 00:00:00,2026-09-12 00:00:00,Web,Paid,0
BILL689536,CUST10385,329076,329076,2026-08-18 00:00:00,2026-08-22 00:00:00,Mobile,Paid,0
BILL123752,CUST10327,345530,345530,2026-06-07 00:00:00,2026-06-09 00:00:00,Web,Paid,0
BILL473531,CUST10606,115208,115208,2026-10-25 00:00:00,2026-10-30 00:00:00,Mobile,Paid,0
BILL325916,CUST10299,330805,330805,2026-09-16 00:00:00,2026-09-19 00:00:00,Mobile,Paid,0
BILL863962,CUST10575,158907,158907,2026-06-06 00:00:00,2026-06-07 00:00:00,Web,Paid,0
BILL421350,CUST10479,371828,371828,2026-06-16 00:05:00,2026-06-16 00:05:00,API,Paid,0
BILL545766,CUST10479,371828,371828,2026-06-16 00:05:00,2026-06-16 00:06:00,API,Paid,0
BILL992663,CUST10479,371828,371828,2026-06-16 00:05:00,2026-06-16 00:07:00,API,Paid,0
BILL104988,CUST10166,334687,334687,2026-06-17 00:00:00,2026-06-22 00:00:00,API,Paid,0
BILL549269,CUST10293,367785,367785,2026-06-26 00:00:00,2026-06-30 00:00:00,Web,Paid,0
BILL775855,CUST10207,302476,302476,2026-05-12 00:00:00,2026-05-17 00:00:00,Mobile,Paid,0
BILL824913,CUST10217,345563,345563,2026-12-02 00:00:00,2026-12-04 00:00:00,Web,Paid,1
BILL543940,CUST10302,176365,176365,2026-09-09 00:05:00,2026-09-09 00:05:00,API,Paid,0
BILL901655,CUST10302,176365,176365,2026-09-09 00:05:00,2026-09-09 00:06:00,API,Paid,0
BILL438290,CUST10302,176365,176365,2026-09-09 00:05:00,2026-09-09 00:07:00,API,Paid,0
BILL166222,CUST10302,176365,176365,2026-09-09 00:05:00,2026-09-09 00:08:00,API,Paid,0
BILL253473,CUST10302,176365,176365,2026-09-09 00:05:00,2026-09-09 00:09:00,API,Paid,0
BILL853053,CUST10255,258950,258950,2026-08-19 00:03:00,2026-08-21 00:03:00,Web,Paid,0
BILL441457,CUST10169,248775,248775,2026-06-08 00:00:00,2026-06-13 00:00:00,Mobile,Paid,0
BILL197742,CUST10150,240703,240703,2026-06-19 00:00:00,2026-06-19 00:00:00,API,Paid,0
BILL779560,CUST10084,164229,164229,2026-09-28 00:00:00,2026-10-02 00:00:00,Mobile,Paid,0
BILL339826,CUST10061,293618,293618,2026-09-23 00:00:00,2026-09-23 00:00:00,API,Paid,0
BILL931108,CUST10061,293618,293618,2026-09-23 00:00:00,2026-09-23 00:01:00,API,Paid,0
BILL157059,CUST10061,293618,293618,2026-09-23 00:00:00,2026-09-23 00:02:00,API,Paid,0
BILL709156,CUST10595,342484,342484,2027-02-27 00:03:00,2027-02-27 00:03:00,Web,Paid,0
BILL694716,CUST10511,190133,190133,2026-10-26 00:00:00,2026-10-28 00:00:00,Mobile,Paid,0
BILL934836,CUST10601,177234,3067152,2026-10-22 00:09:00,2026-10-27 00:09:00,Mobile,Paid,0
BILL247579,CUST10592,138451,138451,2026-10-21 00:03:00,2026-10-25 00:03:00,Mobile,Paid,0
BILL950763,CUST10138,119001,119001,2026-12-26 00:05:00,2026-12-30 00:05:00,Mobile,Paid,0
BILL876490,CUST10047,307308,307308,2026-08-09 00:00:00,2026-08-09 00:00:00,Mobile,Paid,0
BILL153634,CUST10295,276630,276630,2026-05-17 00:03:00,2026-05-19 00:03:00,Mobile,Paid,0
BILL686577,CUST10333,343339,7175651,2026-09-18 00:07:00,2026-09-22 00:07:00,Mobile,Paid,0
BILL131756,CUST10292,114116,114116,2026-05-13 00:00:00,2026-05-16 00:00:00,Web,Paid,0
BILL213291,CUST10567,257276,257276,2026-10-22 00:00:00,2026-10-22 00:00:00,Web,Paid,0
BILL642237,CUST10428,218349,218349,2026-12-26 00:04:00,2026-12-30 00:04:00,Web,Paid,0
BILL702531,CUST10506,277420,277420,2026-06-17 00:00:00,2026-06-19 00:00:00,API,Paid,0
BILL107836,CUST10583,372597,372597,2026-08-28 00:00:00,2026-08-29 00:00:00,Mobile,Paid,0
BILL532265,CUST10540,164504,164504,2026-08-15 00:00:00,2026-08-19 00:00:00,Mobile,Paid,0
BILL643534,CUST10048,200010,200010,2026-10-22 00:03:00,2026-10-23 00:03:00,Mobile,Paid,0
BILL328398,CUST10051,125386,125386,2026-10-08 00:05:00,2026-10-10 00:05:00,Web,Paid,0
BILL253108,CUST10561,128775,128775,2026-07-14 00:04:00,2026-07-19 00:04:00,Web,Paid,0
BILL724393,CUST10041,145257,145257,2026-11-28 00:00:00,2026-11-29 00:00:00,Mobile,Paid,0
BILL600078,CUST10235,121848,121848,2026-08-21 00:03:00,2026-08-23 00:03:00,Mobile,Paid,0
BILL150719,CUST10260,358839,358839,2026-08-27 00:00:00,2026-08-28 00:00:00,Web,Paid,0
BILL348526,CUST10528,303121,303121,2026-10-25 00:05:00,2026-10-30 00:05:00,Mobile,Paid,0
BILL981281,CUST10075,121846,6543,2026-05-14 00:00:00,2026-05-14 00:00:00,Web,Paid,0
BILL334042,CUST10402,372130,5292080,2026-09-19 00:00:00,2026-09-24 00:00:00,Mobile,Paid,0
BILL928368,CUST10384,289730,289730,2026-08-18 00:00:00,2026-08-23 00:00:00,Mobile,Paid,0
BILL820164,CUST10611,385997,385997,2026-05-09 00:00:00,2026-05-12 00:00:00,Mobile,Paid,0
BILL862813,CUST10380,314140,314140,2026-11-11 00:04:00,2026-11-15 00:04:00,Mobile,Paid,0
BILL937277,CUST10262,132602,1814203,2026-06-14 00:00:00,2026-06-14 00:00:00,Web,Paid,0
BILL910464,CUST10086,384255,384255,2026-09-19 00:00:00,2026-09-19 00:00:00,API,Paid,0
BILL541020,CUST10086,384255,384255,2026-09-19 00:00:00,2026-09-19 00:01:00,API,Paid,0
BILL906707,CUST10086,384255,384255,2026-09-19 00:00:00,2026-09-19 00:02:00,API,Paid,0
BILL409806,CUST10086,384255,384255,2026-09-19 00:00:00,2026-09-19 00:03:00,API,Paid,0
BILL710677,CUST10086,384255,384255,2026-09-19 00:00:00,2026-09-19 00:04:00,API,Paid,0
BILL603222,CUST10210,219614,219614,2026-09-18 00:00:00,2026-09-18 00:00:00,Mobile,Paid,0
BILL480072,CUST10137,117777,117777,2026-09-14 00:04:00,2026-09-17 00:04:00,Mobile,Paid,0
BILL864184,CUST10123,343745,343745,2027-02-23 00:00:00,2027-02-26 00:00:00,Mobile,Paid,0
BILL160926,CUST10060,344438,344438,2026-08-31 00:00:00,2026-09-01 00:00:00,Mobile,Paid,1
BILL725925,CUST10259,355961,355961,2026-08-22 00:00:00,2026-08-27 00:00:00,Web,Paid,0
BILL824290,CUST10174,167908,167908,2026-09-08 00:04:00,2026-09-09 00:04:00,Web,Paid,0
BILL925771,CUST10040,106378,106378,2026-06-13 00:00:00,2026-06-17 00:00:00,Web,Paid,0
BILL411884,CUST10298,310450,310450,2026-11-18 00:03:00,2026-11-18 00:03:00,Web,Paid,0
BILL505199,CUST10355,349261,349261,2026-10-26 00:00:00,2026-10-31 00:00:00,API,Paid,0
BILL613224,CUST10084,164229,164229,2026-11-01 00:00:00,2026-11-02 00:00:00,Mobile,Paid,0
BILL313650,CUST10509,245635,245635,2026-09-23 00:00:00,2026-09-26 00:00:00,Mobile,Paid,0
BILL912225,CUST10480,113117,113117,2026-10-22 00:00:00,2026-10-26 00:00:00,Web,Paid,0
BILL890937,CUST10459,105072,105072,2027-03-12 00:00:00,2027-03-16 00:00:00,Mobile,Paid,0
BILL191979,CUST10115,233300,233300,2026-08-10 00:00:00,2026-08-11 00:00:00,Web,Paid,0
BILL355175,CUST10278,172976,172976,2026-11-15 00:00:00,2026-11-19 00:00:00,Mobile,Paid,0
BILL767742,CUST10092,280466,280466,2026-09-27 00:00:00,2026-09-30 00:00:00,Mobile,Paid,0
BILL466877,CUST10123,343745,343745,2027-03-28 00:00:00,2027-03-28 00:00:00,API,Paid,0
BILL223445,CUST10123,343745,343745,2027-03-28 00:00:00,2027-03-28 00:01:00,API,Paid,0
BILL349985,CUST10123,343745,343745,2027-03-28 00:00:00,2027-03-28 00:02:00,API,Paid,0
BILL345278,CUST10123,343745,343745,2027-03-28 00:00:00,2027-03-28 00:03:00,API,Paid,0
BILL978518,CUST10123,343745,343745,2027-03-28 00:00:00,2027-03-28 00:04:00,API,Paid,0
BILL209002,CUST10381,391812,391812,2026-10-19 00:00:00,2026-10-21 00:00:00,Mobile,Paid,0
BILL767218,CUST10182,162027,162027,2026-09-17 00:00:00,2026-09-18 00:00:00,Mobile,Paid,0
BILL339939,CUST10221,392103,392103,2027-03-04 00:00:00,2027-03-08 00:00:00,Web,Paid,0
BILL191230,CUST10220,118667,118667,2026-10-25 00:00:00,2026-10-28 00:00:00,Web,Paid,0
BILL839836,CUST10558,339745,339745,2026-06-20 00:00:00,2026-06-23 00:00:00,Web,Paid,0
BILL932881,CUST10594,369782,369782,2026-08-19 00:00:00,2026-08-23 00:00:00,Mobile,Paid,0
BILL618990,CUST10110,350073,350073,2027-02-04 00:04:00,2027-02-09 00:04:00,Web,Paid,0
BILL688266,CUST10280,176876,176876,2026-09-09 00:00:00,2026-09-10 00:00:00,API,Paid,0
BILL831302,CUST10126,344492,344492,2026-08-24 00:00:00,2026-08-28 00:00:00,Mobile,Paid,0
BILL987970,CUST10169,248775,248775,2026-07-13 00:00:00,2026-07-14 00:00:00,Mobile,Paid,0
BILL756727,CUST10222,245529,245529,2026-08-21 00:00:00,2026-08-22 00:00:00,Web,Paid,1
BILL303503,CUST10469,147965,2853726,2026-07-08 00:00:00,2026-07-08 00:00:00,Mobile,Paid,0
BILL245749,CUST10053,207253,207253,2026-07-23 00:00:00,2026-07-28 00:00:00,Mobile,Paid,0
BILL220744,CUST10251,365840,365840,2026-11-10 00:18:00,2026-11-10 00:18:00,Mobile,Paid,0
BILL129944,CUST10485,336972,336972,2026-07-21 00:00:00,2026-07-26 00:00:00,Web,Paid,0
BILL902402,CUST10139,297574,297574,2026-10-24 00:03:00,2026-10-29 00:03:00,Web,Paid,0
BILL210079,CUST10471,262951,262951,2026-07-18 00:00:00,2026-07-22 00:00:00,Mobile,Paid,1
BILL189227,CUST10339,349645,2021,2026-06-11 00:00:00,2026-06-15 00:00:00,Mobile,Paid,0
BILL733312,CUST10184,396902,396902,2026-11-21 00:00:00,2026-11-26 00:00:00,Mobile,Paid,1
BILL487302,CUST10189,366772,366772,2026-08-11 00:00:00,2026-08-12 00:00:00,Web,Paid,0
BILL428565,CUST10431,155744,155744,2026-06-11 00:00:00,2026-06-13 00:00:00,Mobile,Paid,0
BILL272007,CUST10344,395635,395635,2026-11-20 00:00:00,2026-11-25 00:00:00,Mobile,Paid,0
BILL916343,CUST10086,384255,384255,2026-10-19 00:05:00,2026-10-22 00:05:00,Mobile,Paid,0
BILL902702,CUST10387,199554,199554,2026-07-17 00:03:00,2026-07-22 00:03:00,Mobile,Paid,0
BILL860557,CUST10433,387895,387895,2026-06-19 00:00:00,2026-06-22 00:00:00,Web,Paid,0
BILL936032,CUST10429,132962,132962,2026-07-18 00:00:00,2026-07-18 00:00:00,Web,Paid,0
BILL987975,CUST10364,342090,342090,2026-10-14 00:03:00,2026-10-16 00:03:00,Web,Paid,0
BILL625622,CUST10390,250230,250230,2026-05-12 00:00:00,2026-05-12 00:00:00,Mobile,Paid,0
BILL717060,CUST10114,219674,219674,2026-07-12 00:00:00,2026-07-12 00:00:00,Web,Paid,0
BILL732244,CUST10279,356207,356207,2026-10-09 00:03:00,2026-10-12 00:03:00,Web,Paid,0
BILL972881,CUST10266,241149,241149,2026-08-22 00:00:00,2026-08-24 00:00:00,Web,Paid,0
BILL552062,CUST10184,396902,396902,2026-12-26 00:00:00,2026-12-31 00:00:00,Mobile,Paid,0
BILL627778,CUST10611,385997,385997,2026-06-11 00:00:00,2026-06-12 00:00:00,Mobile,Paid,0
BILL135103,CUST10245,246432,246432,2026-12-31 00:00:00,2027-01-05 00:00:00,Web,Paid,0
BILL296148,CUST10004,125948,125948,2026-08-12 00:05:00,2026-08-14 00:05:00,Mobile,Paid,1
BILL135951,CUST10597,282876,282876,2026-05-24 00:00:00,2026-05-25 00:00:00,Web,Paid,0
BILL667971,CUST10442,190454,190454,2026-11-14 00:00:00,2026-11-15 00:00:00,Web,Paid,0
BILL609634,CUST10179,370177,370177,2026-10-03 00:00:00,2026-10-03 00:00:00,Mobile,Paid,0
BILL865619,CUST10502,259966,259966,2026-12-26 00:00:00,2026-12-26 00:00:00,Mobile,Paid,0
BILL639716,CUST10057,250829,250829,2026-07-18 00:00:00,2026-07-19 00:00:00,Mobile,Paid,0
BILL965852,CUST10024,228784,228784,2026-09-20 00:00:00,2026-09-25 00:00:00,Mobile,Paid,0
BILL531191,CUST10086,384255,384255,2026-11-21 00:05:00,2026-11-26 00:05:00,Mobile,Paid,0
BILL389293,CUST10251,365840,5947,2026-12-10 00:18:00,2026-12-13 00:18:00,Mobile,Paid,0
BILL704005,CUST10400,379084,379084,2026-08-23 00:00:00,2026-08-23 00:00:00,Mobile,Paid,0
BILL282243,CUST10559,370300,370300,2026-08-14 00:05:00,2026-08-19 00:05:00,Web,Paid,1
BILL756926,CUST10286,286179,286179,2026-08-11 00:05:00,2026-08-11 00:05:00,Mobile,Paid,0
BILL374270,CUST10460,307788,4106139,2026-10-17 00:03:00,2026-10-19 00:03:00,Mobile,Paid,0
BILL112477,CUST10272,274743,274743,2026-09-19 00:00:00,2026-09-20 00:00:00,Web,Paid,0
BILL794281,CUST10606,115208,115208,2026-11-29 00:00:00,2026-11-29 00:00:00,Mobile,Paid,0
BILL924973,CUST10173,272090,272090,2026-08-21 00:00:00,2026-08-25 00:00:00,Mobile,Paid,0
BILL767788,CUST10593,360948,360948,2026-11-24 00:00:00,2026-11-29 00:00:00,Web,Paid,0
BILL373071,CUST10297,315997,315997,2026-10-17 00:00:00,2026-10-18 00:00:00,Mobile,Paid,0
BILL747903,CUST10314,300175,300175,2026-10-26 00:05:00,2026-10-31 00:05:00,Mobile,Paid,0
BILL599510,CUST10183,335841,335841,2026-08-28 00:00:00,2026-08-28 00:00:00,Mobile,Paid,0
BILL725260,CUST10495,217295,217295,2026-09-19 00:04:00,2026-09-24 00:04:00,Mobile,Paid,0
BILL447073,CUST10432,311818,311818,2026-08-18 00:00:00,2026-08-18 00:00:00,Mobile,Paid,0
BILL682058,CUST10057,250829,250829,2026-08-18 00:00:00,2026-08-22 00:00:00,Mobile,Paid,0
BILL307435,CUST10527,351832,351832,2026-08-14 00:00:00,2026-08-19 00:00:00,Web,Paid,0
BILL571652,CUST10139,297574,297574,2026-11-28 00:03:00,2026-11-30 00:03:00,Web,Paid,1
BILL835427,CUST10285,267241,267241,2026-12-04 00:00:00,2026-12-07 00:00:00,Mobile,Paid,0
BILL153967,CUST10197,242482,242482,2026-06-15 00:00:00,2026-06-16 00:00:00,Mobile,Paid,0
BILL965828,CUST10515,303653,303653,2026-09-18 00:03:00,2026-09-19 00:03:00,Web,Paid,1
BILL758664,CUST10145,316592,316592,2026-05-14 00:00:00,2026-05-15 00:00:00,Mobile,Paid,0
BILL825184,CUST10417,214064,214064,2026-08-15 00:00:00,2026-08-18 00:00:00,Mobile,Paid,0
BILL975744,CUST10226,323266,323266,2026-10-19 00:05:00,2026-10-20 00:05:00,Mobile,Paid,0
BILL903450,CUST10378,339807,339807,2026-04-12 00:00:00,2026-04-12 00:00:00,API,Paid,0
BILL484969,CUST10378,339807,339807,2026-04-12 00:00:00,2026-04-12 00:01:00,API,Paid,0
BILL628478,CUST10378,339807,339807,2026-04-12 00:00:00,2026-04-12 00:02:00,API,Paid,0
BILL487804,CUST10378,339807,339807,2026-04-12 00:00:00,2026-04-12 00:03:00,API,Paid,0
BILL664909,CUST10346,359143,359143,2026-11-18 00:00:00,2026-11-22 00:00:00,Mobile,Paid,0
BILL707422,CUST10217,345563,345563,2027-01-03 00:00:00,2027-01-03 00:00:00,Web,Paid,0
BILL453880,CUST10396,133377,133377,2026-06-17 00:00:00,2026-06-22 00:00:00,Mobile,Paid,0
BILL402199,CUST10186,125905,125905,2026-09-14 00:00:00,2026-09-18 00:00:00,Web,Paid,0
BILL358019,CUST10074,237204,237204,2026-07-15 00:05:00,2026-07-17 00:05:00,Web,Paid,0
BILL965824,CUST10527,351832,351832,2026-09-18 00:00:00,2026-09-21 00:00:00,Web,Paid,0
BILL301416,CUST10518,219705,219705,2026-06-14 00:00:00,2026-06-14 00:00:00,Web,Paid,0
BILL324530,CUST10126,344492,344492,2026-09-27 00:00:00,2026-09-27 00:00:00,API,Paid,0
BILL918993,CUST10126,344492,344492,2026-09-27 00:00:00,2026-09-27 00:01:00,API,Paid,0
BILL300387,CUST10126,344492,344492,2026-09-27 00:00:00,2026-09-27 00:02:00,API,Paid,0
BILL408387,CUST10126,344492,344492,2026-09-27 00:00:00,2026-09-27 00:03:00,API,Paid,0
BILL515538,CUST10126,344492,344492,2026-09-27 00:00:00,2026-09-27 00:04:00,API,Paid,0
BILL300212,CUST10069,139568,139568,2026-06-21 00:00:00,2026-06-21 00:00:00,Mobile,Paid,0
BILL644116,CUST10495,217295,217295,2026-10-24 00:04:00,2026-10-24 00:04:00,Mobile,Paid,1
BILL866489,CUST10399,320221,320221,2026-09-15 00:00:00,2026-09-15 00:00:00,Web,Paid,0
BILL787567,CUST10550,378589,378589,2026-08-23 00:00:00,2026-08-23 00:00:00,Mobile,Paid,0
BILL802345,CUST10242,218492,4666800,2026-09-20 00:00:00,2026-09-25 00:00:00,Mobile,Paid,0
BILL329408,CUST10222,245529,245529,2026-09-21 00:00:00,2026-09-22 00:00:00,Web,Paid,0
BILL646924,CUST10491,119240,119240,2026-10-12 00:00:00,2026-10-16 00:00:00,Web,Paid,0
BILL612180,CUST10252,378693,378693,2026-08-29 00:00:00,2026-09-03 00:00:00,Web,Paid,0
BILL384661,CUST10092,280466,280466,2026-10-30 00:00:00,2026-11-01 00:00:00,Mobile,Paid,0
BILL606540,CUST10598,244837,244837,2026-12-25 00:00:00,2026-12-25 00:00:00,API,Paid,0
BILL183531,CUST10598,244837,244837,2026-12-25 00:00:00,2026-12-25 00:01:00,API,Paid,0
BILL152679,CUST10598,244837,244837,2026-12-25 00:00:00,2026-12-25 00:02:00,API,Paid,0
BILL366587,CUST10598,244837,244837,2026-12-25 00:00:00,2026-12-25 00:03:00,API,Paid,0
BILL964885,CUST10598,244837,244837,2026-12-25 00:00:00,2026-12-25 00:04:00,API,Paid,0
BILL107243,CUST10609,112399,112399,2026-07-15 00:00:00,2026-07-20 00:00:00,Mobile,Paid,0
BILL441038,CUST10070,359330,359330,2026-11-28 00:00:00,2026-11-29 00:00:00,Web,Paid,0
BILL222321,CUST10069,139568,139568,2026-07-21 00:00:00,2026-07-26 00:00:00,Mobile,Paid,0
BILL102517,CUST10083,266463,266463,2026-11-30 00:00:00,2026-12-02 00:00:00,Mobile,Paid,0
BILL604731,CUST10545,213332,4913527,2026-12-15 00:06:00,2026-12-15 00:06:00,Web,Paid,0
BILL568378,CUST10343,365809,365809,2026-11-23 00:00:00,2026-11-25 00:00:00,Web,Paid,1
BILL175707,CUST10211,276381,276381,2026-08-22 00:00:00,2026-08-22 00:00:00,Web,Paid,0
BILL399033,CUST10443,295547,295547,2026-08-10 00:00:00,2026-08-12 00:00:00,Web,Paid,0
BILL446800,CUST10429,132962,132962,2026-08-17 00:00:00,2026-08-20 00:00:00,Web,Paid,0
BILL786396,CUST10603,234477,234477,2026-07-18 00:00:00,2026-07-18 00:00:00,Web,Paid,0
BILL403184,CUST10439,221273,221273,2026-05-09 00:00:00,2026-05-14 00:00:00,Web,Paid,0
BILL578723,CUST10075,121846,121846,2026-06-13 00:00:00,2026-06-16 00:00:00,Web,Paid,0
BILL777552,CUST10204,189116,189116,2026-08-21 00:05:00,2026-08-25 00:05:00,Web,Paid,0
BILL193431,CUST10087,256235,256235,2026-09-23 00:00:00,2026-09-27 00:00:00,Mobile,Paid,0
BILL781334,CUST10059,185962,185962,2026-12-26 00:00:00,2026-12-30 00:00:00,Web,Paid,0
BILL312647,CUST10178,354757,354757,2026-08-12 00:04:00,2026-08-16 00:04:00,Web,Paid,0
BILL695784,CUST10447,134024,134024,2026-04-10 00:00:00,2026-04-12 00:00:00,Mobile,Paid,0
BILL223515,CUST10397,259316,259316,2026-08-10 00:00:00,2026-08-14 00:00:00,Web,Paid,0
BILL102359,CUST10327,345530,345530,2026-07-09 00:00:00,2026-07-11 00:00:00,Web,Paid,0
BILL441136,CUST10294,299488,299488,2027-09-14 00:00:00,2027-09-14 00:00:00,Mobile,Paid,0
BILL508785,CUST10245,246432,246432,2027-02-04 00:00:00,2027-02-06 00:00:00,Web,Paid,1
BILL668685,CUST10051,125386,125386,2026-11-09 00:05:00,2026-11-09 00:05:00,API,Paid,0
BILL754730,CUST10051,125386,125386,2026-11-09 00:05:00,2026-11-09 00:06:00,API,Paid,0
BILL483879,CUST10051,125386,125386,2026-11-09 00:05:00,2026-11-09 00:07:00,API,Paid,0
BILL159563,CUST10051,125386,125386,2026-11-09 00:05:00,2026-11-09 00:08:00,API,Paid,0
BILL661795,CUST10051,125386,125386,2026-11-09 00:05:00,2026-11-09 00:09:00,API,Paid,0
BILL600395,CUST10604,241605,241605,2026-07-15 00:00:00,2026-07-17 00:00:00,Mobile,Paid,0
BILL553656,CUST10350,276597,276597,2027-03-08 00:00:00,2027-03-08 00:00:00,Mobile,Paid,0
BILL936596,CUST10447,134024,134024,2026-05-12 00:00:00,2026-05-13 00:00:00,API,Paid,0
BILL545584,CUST10461,392083,392083,2026-08-12 00:00:00,2026-08-13 00:00:00,Web,Paid,1
BILL149549,CUST10120,360615,360615,2026-09-12 00:00:00,2026-09-12 00:00:00,Mobile,Paid,0
BILL863606,CUST10049,320646,320646,2026-10-25 00:03:00,2026-10-25 00:03:00,Web,Paid,0
BILL316607,CUST10305,108188,108188,2026-11-20 00:03:00,2026-11-23 00:03:00,Web,Paid,0
BILL981586,CUST10264,250592,250592,2026-08-13 00:04:00,2026-08-18 00:04:00,Mobile,Paid,0
BILL304071,CUST10347,395153,395153,2026-05-15 00:00:00,2026-05-18 00:00:00,Web,Paid,0
BILL848437,CUST10143,377651,377651,2026-06-15 00:00:00,2026-06-19 00:00:00,Mobile,Paid,0
BILL916857,CUST10017,131984,131984,2026-06-09 00:00:00,2026-06-12 00:00:00,Mobile,Paid,0
BILL139223,CUST10068,257954,257954,2026-07-14 00:00:00,2026-07-17 00:00:00,Web,Paid,0
BILL292396,CUST10006,320580,320580,2026-11-21 00:00:00,2026-11-24 00:00:00,Web,Paid,0
BILL319773,CUST10336,385465,385465,2026-07-20 00:00:00,2026-07-24 00:00:00,Web,Paid,0
BILL982709,CUST10369,225493,225493,2026-08-15 00:00:00,2026-08-16 00:00:00,Web,Paid,0
BILL204377,CUST10177,219181,219181,2027-02-18 00:05:00,2027-02-23 00:05:00,Web,Paid,0
BILL729127,CUST10393,386367,386367,2026-08-13 00:00:00,2026-08-17 00:00:00,Mobile,Paid,0
BILL406892,CUST10210,219614,219614,2026-10-18 00:00:00,2026-10-22 00:00:00,Mobile,Paid,0
BILL276273,CUST10258,375829,375829,2026-05-15 00:00:00,2026-05-19 00:00:00,Mobile,Paid,0
BILL673704,CUST10178,354757,354757,2026-09-15 00:04:00,2026-09-15 00:04:00,Web,Paid,0
BILL746695,CUST10181,358351,358351,2026-09-14 00:00:00,2026-09-19 00:00:00,Mobile,Paid,0
BILL209896,CUST10256,130374,130374,2026-06-19 00:00:00,2026-06-19 00:00:00,API,Paid,0
BILL499819,CUST10256,130374,130374,2026-06-19 00:00:00,2026-06-19 00:01:00,API,Paid,0
BILL397644,CUST10256,130374,130374,2026-06-19 00:00:00,2026-06-19 00:02:00,API,Paid,0
BILL281151,CUST10256,130374,130374,2026-06-19 00:00:00,2026-06-19 00:03:00,API,Paid,0
BILL451004,CUST10593,360948,360948,2026-12-29 00:00:00,2026-12-30 00:00:00,API,Paid,0
BILL474792,CUST10111,245209,245209,2026-05-12 00:00:00,2026-05-15 00:00:00,Mobile,Paid,0
BILL470866,CUST10529,249086,249086,2026-06-13 00:00:00,2026-06-18 00:00:00,Web,Paid,0
BILL904062,CUST10351,288849,288849,2026-08-10 00:05:00,2026-08-13 00:05:00,Mobile,Paid,0
BILL309291,CUST10322,138465,138465,2026-12-29 00:00:00,2026-12-30 00:00:00,API,Paid,0
BILL652957,CUST10452,114174,114174,2026-09-18 00:09:00,2026-09-19 00:09:00,Mobile,Paid,0
BILL111899,CUST10546,165933,165933,2026-09-19 00:00:00,2026-09-20 00:00:00,Web,Paid,0
BILL828141,CUST10200,342570,342570,2026-12-25 00:00:00,2026-12-27 00:00:00,Web,Paid,1
BILL819865,CUST10562,312612,312612,2026-11-18 00:00:00,2026-11-18 00:00:00,Web,Paid,0
BILL370713,CUST10088,349015,349015,2026-09-16 00:00:00,2026-09-19 00:00:00,Mobile,Paid,0
BILL908362,CUST10223,365265,365265,2027-01-27 00:00:00,2027-01-30 00:00:00,Mobile,Paid,0
BILL673677,CUST10501,151549,151549,2026-10-24 00:04:00,2026-10-29 00:04:00,Mobile,Paid,0
BILL168450,CUST10476,303621,303621,2026-04-14 00:00:00,2026-04-15 00:00:00,Web,Paid,0
BILL749387,CUST10615,198384,198384,2026-08-20 00:00:00,2026-08-21 00:00:00,Mobile,Paid,0
BILL968295,CUST10345,214430,214430,2026-07-14 00:00:00,2026-07-17 00:00:00,API,Paid,0
BILL282408,CUST10113,327947,327947,2026-07-20 00:00:00,2026-07-25 00:00:00,Mobile,Paid,0
BILL379268,CUST10565,368324,368324,2026-06-15 00:05:00,2026-06-20 00:05:00,API,Paid,0
BILL737992,CUST10507,302841,302841,2026-07-14 00:00:00,2026-07-17 00:00:00,Mobile,Paid,0
BILL170862,CUST10292,114116,114116,2026-06-15 00:00:00,2026-06-16 00:00:00,Web,Paid,0
BILL694056,CUST10351,288849,288849,2026-09-12 00:05:00,2026-09-16 00:05:00,Mobile,Paid,0
BILL349161,CUST10402,372130,372130,2026-10-24 00:00:00,2026-10-25 00:00:00,Mobile,Paid,0
BILL178716,CUST10437,399063,399063,2026-03-11 00:00:00,2026-03-13 00:00:00,Mobile,Paid,0
BILL812328,CUST10496,389894,3169,2026-10-25 00:00:00,2026-10-30 00:00:00,Web,Paid,0
BILL657897,CUST10560,371356,371356,2026-06-10 00:03:00,2026-06-12 00:03:00,Web,Paid,0
BILL820805,CUST10001,349345,349345,2026-07-18 00:00:00,2026-07-21 00:00:00,Web,Paid,0
BILL487361,CUST10348,137719,137719,2026-08-14 00:00:00,2026-08-19 00:00:00,Mobile,Paid,0
BILL210249,CUST10183,335841,335841,2026-09-27 00:00:00,2026-10-01 00:00:00,API,Paid,0
BILL763009,CUST10240,399654,399654,2027-08-08 00:05:00,2027-08-13 00:05:00,Mobile,Paid,0
BILL804750,CUST10288,256964,4289367,2026-11-21 00:03:00,2026-11-25 00:03:00,Mobile,Paid,0
BILL887294,CUST10230,356484,356484,2026-12-27 00:00:00,2026-12-29 00:00:00,Web,Paid,0
BILL353281,CUST10214,325175,6446279,2026-07-17 00:05:00,2026-07-18 00:05:00,Web,Paid,0
BILL292577,CUST10090,254823,254823,2027-04-29 00:00:00,2027-04-29 00:00:00,API,Paid,0
BILL732314,CUST10090,254823,254823,2027-04-29 00:00:00,2027-04-29 00:01:00,API,Paid,0
BILL905013,CUST10090,254823,254823,2027-04-29 00:00:00,2027-04-29 00:02:00,API,Paid,0
BILL557231,CUST10495,217295,217295,2026-11-23 00:04:00,2026-11-23 00:04:00,API,Paid,0
BILL333882,CUST10495,217295,217295,2026-11-23 00:04:00,2026-11-23 00:05:00,API,Paid,0
BILL792132,CUST10495,217295,217295,2026-11-23 00:04:00,2026-11-23 00:06:00,API,Paid,0
BILL735387,CUST10495,217295,217295,2026-11-23 00:04:00,2026-11-23 00:07:00,API,Paid,0
BILL150116,CUST10200,342570,342570,2027-01-26 00:00:00,2027-01-26 00:00:00,Web,Paid,0
BILL766667,CUST10310,335952,335952,2027-01-02 00:00:00,2027-01-04 00:00:00,Mobile,Paid,0
BILL779938,CUST10260,358839,358839,2026-09-27 00:00:00,2026-09-27 00:00:00,Web,Paid,0
BILL103042,CUST10157,240590,240590,2026-07-09 00:00:00,2026-07-13 00:00:00,Web,Paid,0
BILL156710,CUST10502,259966,9829,2027-01-25 00:00:00,2027-01-26 00:00:00,Mobile,Paid,0
BILL584709,CUST10411,173679,173679,2026-07-08 00:00:00,2026-07-09 00:00:00,Web,Paid,0
BILL156496,CUST10190,169437,169437,2026-11-26 00:00:00,2026-11-27 00:00:00,API,Paid,0
