BILL_ID,CUSTOMER_ID,BILL_AMOUNT,PAYMENT_AMOUNT,BILL_DATE,PAYMENT_DATE,CHANNEL,BILL_STATUS,REFUND_FLAG,IS_FRAUD
BILL552590,CUST10385,175372,175372,2026-02-03 00:00:00,2026-02-03 00:00:00,Mobile,Paid,0,0
BILL569617,CUST10576,160191,160191,2026-02-08 00:00:00,2026-02-09 00:00:00,Web,Paid,0,0
BILL811507,CUST10329,233153,233153,2026-02-01 00:00:00,2026-02-01 00:00:00,Mobile,Paid,0,0
BILL745014,CUST10254,369955,369955,2026-02-07 00:00:00,2026-02-08 00:00:00,Mobile,Paid,0,0
BILL617996,CUST10188,357477,357477,2026-02-07 00:00:00,2026-02-07 00:00:00,Web,Paid,0,0
BILL802942,CUST10243,108833,108833,2026-02-05 00:00:00,2026-02-05 00:00:00,Web,Paid,0,0
BILL592535,CUST10377,321013,321013,2026-02-10 00:00:00,2026-02-12 00:00:00,API,Paid,0,0
BILL170731,CUST10287,340091,340091,2026-02-10 00:00:00,2026-02-15 00:00:00,Mobile,Paid,0,0
BILL714526,CUST10160,212194,212194,2026-02-01 00:00:00,2026-02-06 00:00:00,Mobile,Paid,0,0
BILL196967,CUST10594,328203,328203,2026-02-08 00:00:00,2026-02-13 00:00:00,Web,Paid,0,0
BILL778011,CUST10368,186153,186153,2026-02-08 00:00:00,2026-02-12 00:00:00,Web,Paid,0,0
BILL428605,CUST10137,153623,153623,2026-02-05 00:00:00,2026-02-05 00:00:00,Mobile,Paid,0,0
BILL581740,CUST10120,161286,161286,2026-02-04 00:00:00,2026-02-09 00:00:00,Web,Paid,0,0
BILL714129,CUST10169,282389,124259,2026-02-10 00:00:00,2026-02-14 00:00:00,Web,Paid,0,1
BILL988545,CUST10292,220196,220196,2026-02-07 00:00:00,2026-02-07 00:00:00,API,Paid,0,0
BILL644437,CUST10350,268142,268142,2026-02-01 00:00:00,2026-02-02 00:00:00,Mobile,Paid,0,0
BILL335957,CUST10033,239118,228988,2026-01-31 00:00:00,2026-02-03 00:00:00,Mobile,Paid,0,0
BILL977854,CUST10344,259225,259225,2026-01-31 00:00:00,2026-02-05 00:00:00,API,Paid,0,0
BILL270811,CUST10066,210041,210041,2026-02-07 00:00:00,2026-02-11 00:00:00,Mobile,Paid,0,0
BILL686324,CUST10409,373675,373675,2026-02-06 00:00:00,2026-02-08 00:00:00,API,Paid,0,0
BILL248905,CUST10474,218225,218225,2026-01-31 00:00:00,2026-02-02 00:00:00,Web,Paid,0,0
BILL443134,CUST10371,292424,292424,2026-02-02 00:00:00,2026-02-07 00:00:00,API,Paid,0,0
BILL617442,CUST10111,229006,229006,2026-02-02 00:00:00,2026-02-07 00:00:00,Web,Paid,0,0
BILL298852,CUST10230,233935,233935,2026-02-02 00:00:00,2026-02-03 00:00:00,Mobile,Paid,1,1
BILL315904,CUST10051,104563,104563,2026-02-06 00:00:00,2026-02-06 00:00:00,Web,Paid,0,0
BILL181223,CUST10291,235223,235223,2026-01-31 00:00:00,2026-02-02 00:00:00,Web,Paid,0,0
BILL993786,CUST10137,153623,153623,2026-03-07 00:00:00,2026-03-07 00:00:00,Mobile,Paid,0,0
BILL356780,CUST10434,189170,189170,2026-02-05 00:00:00,2026-02-08 00:00:00,API,Paid,0,0
BILL396227,CUST10448,210601,210601,2026-02-02 00:00:00,2026-02-06 00:00:00,Web,Paid,0,0
BILL519490,CUST10452,193937,193937,2026-02-02 00:00:00,2026-02-04 00:00:00,Web,Paid,0,0
BILL919281,CUST10259,375640,375640,2026-02-04 00:00:00,2026-02-08 00:00:00,Mobile,Paid,0,0
BILL969616,CUST10324,340137,340137,2026-02-04 00:00:00,2026-02-04 00:00:00,Web,Paid,0,0
BILL688882,CUST10015,136740,136740,2026-02-02 00:00:00,2026-02-05 00:00:00,Mobile,Paid,0,0
BILL739883,CUST10609,109015,109015,2026-02-08 00:00:00,2026-02-11 00:00:00,Mobile,Paid,0,0
BILL680087,CUST10464,345977,345977,2026-02-09 00:00:00,2026-02-10 00:00:00,API,Paid,0,0
BILL124665,CUST10359,189439,189439,2026-02-03 00:00:00,2026-02-07 00:00:00,Web,Paid,0,0
BILL441155,CUST10303,117880,117880,2026-01-31 00:00:00,2026-02-01 00:00:00,Web,Paid,0,0
BILL498080,CUST10054,281343,281343,2026-01-31 00:00:00,2026-02-02 00:00:00,Mobile,Paid,0,0
BILL215321,CUST10144,361292,361292,2026-02-06 00:00:00,2026-02-09 00:00:00,Web,Paid,0,0
BILL197567,CUST10602,264550,264550,2026-02-02 00:00:00,2026-02-05 00:00:00,Web,Paid,0,0
BILL949067,CUST10207,229700,229700,2026-02-08 00:00:00,2026-02-13 00:00:00,Web,Paid,0,0
BILL307186,CUST10173,393189,393189,2026-01-31 00:00:00,2026-02-01 00:00:00,Mobile,Paid,0,0
BILL415437,CUST10567,175282,175282,2026-02-04 00:00:00,2026-02-09 00:00:00,API,Paid,0,1
BILL790616,CUST10094,161838,161838,2026-02-01 00:00:00,2026-02-06 00:00:00,Mobile,Paid,0,0
BILL984095,CUST10455,228673,228673,2026-02-07 00:00:00,2026-02-10 00:00:00,Web,Paid,0,0
BILL498774,CUST10428,186119,186119,2026-02-06 00:00:00,2026-02-09 00:00:00,Mobile,Paid,0,0
BILL760937,CUST10541,373598,373598,2026-02-05 00:00:00,2026-02-06 00:00:00,Web,Paid,0,0
BILL671465,CUST10070,238824,238824,2026-02-03 00:00:00,2026-02-05 00:00:00,Web,Paid,0,0
BILL599555,CUST10260,318492,318492,2026-02-07 00:00:00,2026-02-08 00:00:00,Mobile,Paid,0,0
BILL600118,CUST10256,225630,225630,2026-02-09 00:00:00,2026-02-11 00:00:00,Web,Paid,0,0
BILL692912,CUST10106,153811,153811,2026-02-02 00:00:00,2026-02-05 00:00:00,Web,Paid,0,0
BILL928879,CUST10425,336049,336049,2026-02-05 00:00:00,2026-02-07 00:00:00,API,Paid,0,0
BILL872010,CUST10025,126760,126760,2026-02-07 00:00:00,2026-02-12 00:00:00,Web,Paid,0,0
BILL482987,CUST10226,328761,328761,2026-02-03 00:00:00,2026-02-04 00:00:00,Mobile,Paid,0,0
BILL956729,CUST10423,377888,377888,2026-02-06 00:00:00,2026-02-11 00:00:00,API,Paid,0,0
BILL746624,CUST10302,309550,309550,2026-01-31 00:00:00,2026-02-03 00:00:00,Web,Paid,0,0
BILL713688,CUST10038,306468,306468,2026-02-06 00:00:00,2026-02-10 00:00:00,Mobile,Paid,0,0
BILL982097,CUST10554,216968,216968,2026-02-03 00:00:00,2026-02-07 00:00:00,API,Paid,0,0
BILL229219,CUST10045,127039,127039,2026-02-04 00:00:00,2026-02-09 00:00:00,Mobile,Paid,0,0
BILL925937,CUST10095,333349,333349,2026-02-08 00:00:00,2026-02-09 00:00:00,Mobile,Paid,0,0
BILL944728,CUST10239,298439,298439,2026-02-02 00:00:00,2026-02-07 00:00:00,Mobile,Paid,0,0
BILL999662,CUST10094,161838,161838,2026-03-08 00:00:00,2026-03-09 00:00:00,Mobile,Paid,0,0
BILL770975,CUST10133,226033,226033,2026-02-10 00:00:00,2026-02-14 00:00:00,Web,Paid,0,0
BILL755374,CUST10159,171080,171080,2026-02-09 00:00:00,2026-02-12 00:00:00,Web,Paid,0,0
BILL572179,CUST10550,205293,205293,2026-02-01 00:00:00,2026-02-05 00:00:00,Web,Paid,0,0
BILL278366,CUST10430,329033,329033,2026-02-05 00:00:00,2026-02-07 00:00:00,Mobile,Paid,0,0
BILL169436,CUST10110,141393,141393,2026-02-10 00:00:00,2026-02-14 00:00:00,Web,Paid,0,0
BILL626605,CUST10579,201838,201838,2026-02-09 00:00:00,2026-02-09 00:00:00,API,Paid,0,0
BILL478340,CUST10348,149541,149541,2026-02-10 00:00:00,2026-02-12 00:00:00,Mobile,Paid,0,0
BILL563869,CUST10155,318440,318440,2026-02-09 00:00:00,2026-02-10 00:00:00,Web,Paid,0,0
BILL888176,CUST10442,159799,159799,2026-02-10 00:00:00,2026-02-11 00:00:00,Web,Paid,0,0
BILL957388,CUST10331,259349,259349,2026-02-01 00:00:00,2026-02-01 00:00:00,Mobile,Paid,0,0
BILL275822,CUST10004,213029,213029,2026-02-02 00:00:00,2026-02-06 00:00:00,Mobile,Paid,0,0
BILL890364,CUST10565,373664,373664,2026-02-09 00:00:00,2026-02-12 00:00:00,Web,Paid,0,0
BILL766557,CUST10234,321736,321736,2026-02-03 00:00:00,2026-02-08 00:00:00,Web,Paid,0,0
BILL247991,CUST10158,104243,104243,2026-02-10 00:00:00,2026-02-09 00:00:00,Web,Paid,0,0
BILL485099,CUST10014,265386,265386,2026-02-09 00:00:00,2026-02-14 00:00:00,Mobile,Paid,0,0
BILL315011,CUST10605,277839,277839,2026-01-31 00:00:00,2026-02-05 00:00:00,Web,Paid,0,0
BILL664876,CUST10580,140210,140210,2026-02-09 00:00:00,2026-02-13 00:00:00,Web,Paid,0,0
BILL506715,CUST10027,156366,156366,2026-02-10 00:00:00,2026-02-10 00:00:00,Mobile,Paid,0,0
BILL716453,CUST10445,342383,342383,2026-02-05 00:00:00,2026-02-05 00:00:00,Mobile,Paid,0,0
BILL471860,CUST10212,216836,216836,2026-02-10 00:00:00,2026-02-11 00:00:00,Web,Paid,0,0
BILL895842,CUST10518,266405,266405,2026-02-03 00:00:00,2026-02-06 00:00:00,Web,Paid,0,0
BILL222288,CUST10167,187924,187924,2026-02-10 00:00:00,2026-02-15 00:00:00,Mobile,Paid,0,0
BILL565576,CUST10399,205101,205101,2026-02-08 00:00:00,2026-02-08 00:00:00,Mobile,Paid,0,0
BILL965746,CUST10035,369586,369586,2026-02-10 00:00:00,2026-02-13 00:00:00,Web,Paid,0,0
BILL598329,CUST10439,385361,385361,2026-02-08 00:00:00,2026-02-12 00:00:00,Web,Paid,0,0
BILL624704,CUST10057,189967,189967,2026-02-09 00:00:00,2026-02-13 00:00:00,Web,Paid,0,0
BILL632399,CUST10575,247910,247910,2026-02-07 00:00:00,2026-02-11 00:00:00,Mobile,Paid,0,0
BILL374636,CUST10526,397628,397628,2026-02-06 00:00:00,2026-02-09 00:00:00,Web,Paid,0,0
BILL519962,CUST10468,377171,377171,2026-02-04 00:00:00,2026-02-05 00:00:00,API,Paid,0,0
BILL398864,CUST10068,217601,217601,2026-01-31 00:00:00,2026-01-31 00:00:00,Mobile,Paid,0,0
BILL969944,CUST10143,251424,251424,2026-01-31 00:00:00,2026-02-03 00:00:00,Web,Paid,0,0
BILL837278,CUST10554,216968,216968,2026-03-09 00:00:00,2026-03-13 00:00:00,API,Paid,0,0
BILL972769,CUST10394,163160,163160,2026-02-04 00:00:00,2026-02-09 00:00:00,API,Paid,0,0
BILL699300,CUST10618,222795,222795,2026-02-03 00:00:00,2026-02-03 00:00:00,Web,Paid,0,0
BILL970730,CUST10357,345533,989775,2026-02-02 00:00:00,2026-02-07 00:00:00,Web,Paid,0,1
BILL525664,CUST10500,173084,180505,2026-02-07 00:00:00,2026-02-12 00:00:00,Mobile,Paid,0,0
BILL768403,CUST10376,261912,261912,2026-02-04 00:00:00,2026-02-05 00:00:00,Mobile,Paid,0,0
BILL294134,CUST10411,396965,396965,2026-02-04 00:00:00,2026-02-06 00:00:00,Web,Paid,0,0
BILL701024,CUST10249,169300,169300,2026-02-08 00:00:00,2026-02-11 00:00:00,Web,Paid,0,0
BILL434747,CUST10338,347422,347422,2026-02-03 00:00:00,2026-02-06 00:00:00,Mobile,Paid,0,0
BILL906403,CUST10409,373675,373675,2026-03-10 00:00:00,2026-03-15 00:00:00,Mobile,Paid,0,0
BILL812985,CUST10139,130766,130766,2026-02-04 00:00:00,2026-02-05 00:00:00,Mobile,Paid,0,0
BILL983883,CUST10030,335724,335724,2026-02-04 00:00:00,2026-02-09 00:00:00,API,Paid,0,1
BILL382496,CUST10467,160665,160665,2026-02-02 00:00:00,2026-02-03 00:00:00,Web,Paid,0,0
BILL420980,CUST10232,124686,124686,2026-01-31 00:00:00,2026-02-05 00:00:00,Web,Paid,0,0
BILL903885,CUST10335,250897,250897,2026-01-31 00:00:00,2026-02-01 00:00:00,API,Paid,0,0
BILL276144,CUST10565,373664,373664,2026-03-14 00:00:00,2026-03-14 00:00:00,Web,Paid,0,0
BILL888537,CUST10569,259259,259259,2026-02-07 00:00:00,2026-02-08 00:00:00,Web,Paid,0,0
BILL355246,CUST10447,263252,263252,2026-02-01 00:00:00,2026-02-04 00:00:00,API,Paid,0,0
BILL385705,CUST10054,281343,1131731,2026-03-04 00:00:00,2026-03-08 00:00:00,Mobile,Paid,0,1
BILL964109,CUST10281,179485,180455,2026-02-10 00:00:00,2026-02-13 00:00:00,API,Paid,0,0
BILL762043,CUST10143,251424,251424,2026-03-05 00:00:00,2026-03-06 00:00:00,Web,Paid,0,0
BILL388503,CUST10373,133995,133995,2026-02-08 00:00:00,2026-02-09 00:00:00,Mobile,Paid,0,0
BILL194178,CUST10236,133634,69544,2026-02-03 00:00:00,2026-02-08 00:00:00,Mobile,Paid,0,1
BILL317638,CUST10138,121975,121975,2026-02-01 00:00:00,2026-02-04 00:00:00,Mobile,Paid,0,0
BILL206419,CUST10093,290499,290499,2026-02-06 00:00:00,2026-02-05 00:00:00,Mobile,Paid,0,0
BILL220354,CUST10241,197139,197139,2026-02-04 00:00:00,2026-02-03 00:00:00,Web,Paid,0,0
BILL743978,CUST10606,301749,301749,2026-02-05 00:00:00,2026-02-08 00:00:00,Mobile,Paid,0,0
BILL521655,CUST10264,175717,175717,2026-02-08 00:00:00,2026-02-13 00:00:00,Web,Paid,0,0
BILL349629,CUST10056,158389,158389,2026-02-09 00:00:00,2026-02-10 00:00:00,Mobile,Paid,0,0
BILL528171,CUST10144,361292,361292,2026-03-11 00:00:00,2026-03-12 00:00:00,API,Paid,0,0
BILL466397,CUST10188,357477,357477,2026-03-09 00:00:00,2026-03-14 00:00:00,Web,Paid,0,0
BILL525279,CUST10148,119046,119046,2026-02-03 00:00:00,2026-02-05 00:00:00,Web,Paid,0,0
BILL851115,CUST10293,306558,306558,2026-02-04 00:00:00,2026-02-04 00:00:00,Web,Paid,0,0
BILL363085,CUST10107,163049,163049,2026-02-02 00:00:00,2026-02-03 00:00:00,Mobile,Paid,0,0
BILL780296,CUST10247,162100,162100,2026-02-09 00:00:00,2026-02-14 00:00:00,Web,Paid,0,0
BILL373301,CUST10034,308610,308610,2026-02-06 00:00:00,2026-02-09 00:00:00,Mobile,Paid,0,0
BILL636037,CUST10614,317766,317766,2026-01-31 00:00:00,2026-02-01 00:00:00,Mobile,Paid,0,0
BILL986392,CUST10326,131336,131336,2026-02-04 00:00:00,2026-02-05 00:00:00,Mobile,Paid,0,0
BILL176252,CUST10509,325008,325008,2026-02-04 00:00:00,2026-02-08 00:00:00,Mobile,Paid,0,0
BILL355341,CUST10025,126760,126760,2026-03-14 00:00:00,2026-03-14 00:00:00,Web,Paid,0,0
BILL203895,CUST10612,137846,685863,2026-02-07 00:00:00,2026-02-07 00:00:00,API,Paid,0,1
BILL919660,CUST10225,336520,336520,2026-02-08 00:00:00,2026-02-12 00:00:00,API,Paid,0,1
BILL946093,CUST10306,279909,279909,2026-02-09 00:00:00,2026-02-10 00:00:00,Web,Paid,0,0
BILL384683,CUST10116,354488,200090,2026-02-05 00:00:00,2026-02-06 00:00:00,Mobile,Paid,0,1
BILL919060,CUST10252,207634,207634,2026-02-06 00:00:00,2026-02-09 00:00:00,Mobile,Paid,0,0
BILL872504,CUST10086,360375,360375,2026-02-06 00:00:00,2026-02-07 00:00:00,Mobile,Paid,0,0
BILL253175,CUST10389,170321,170321,2026-02-01 00:00:00,2026-02-04 00:00:00,Web,Paid,0,0
BILL324659,CUST10196,246448,246448,2026-02-01 00:00:00,2026-02-05 00:00:00,Web,Paid,0,0
BILL495217,CUST10052,298577,298577,2026-02-06 00:00:00,2026-02-10 00:00:00,Mobile,Paid,0,0
BILL504759,CUST10412,345344,345344,2026-02-06 00:00:00,2026-02-06 00:00:00,Mobile,Paid,0,0
BILL176498,CUST10491,196379,196379,2026-02-07 00:00:00,2026-02-08 00:00:00,Web,Paid,0,0
BILL777109,CUST10257,386151,367790,2026-02-04 00:00:00,2026-02-06 00:00:00,Mobile,Paid,0,0
BILL178353,CUST10062,294766,294766,2026-02-09 00:00:00,2026-02-09 00:00:00,Web,Paid,1,1
BILL319305,CUST10355,167264,167264,2026-02-10 00:00:00,2026-02-14 00:00:00,Web,Paid,0,0
BILL182185,CUST10105,296911,296911,2026-02-01 00:00:00,2026-02-06 00:00:00,Mobile,Paid,0,0
BILL765004,CUST10537,229841,817206,2026-02-07 00:00:00,2026-02-10 00:00:00,Mobile,Paid,0,1
BILL580721,CUST10002,204619,204619,2026-02-07 00:00:00,2026-02-08 00:00:00,Web,Paid,0,0
BILL453333,CUST10136,153321,153321,2026-02-05 00:00:00,2026-02-10 00:00:00,Web,Paid,0,0
BILL650267,CUST10222,112320,112320,2026-02-08 00:00:00,2026-02-12 00:00:00,Web,Paid,0,0
BILL864966,CUST10475,126556,126556,2026-02-09 00:00:00,2026-02-13 00:00:00,API,Paid,0,0
BILL255872,CUST10106,153811,152221,2026-03-07 00:00:00,2026-03-09 00:00:00,Web,Paid,0,0
BILL570919,CUST10273,267851,267851,2026-02-05 00:00:00,2026-02-07 00:00:00,Web,Paid,0,0
BILL259469,CUST10198,389783,389783,2026-02-09 00:00:00,2026-02-13 00:00:00,Web,Paid,0,0
BILL206304,CUST10312,323922,323922,2026-02-01 00:00:00,2026-02-01 00:00:00,API,Paid,0,1
BILL387227,CUST10312,323922,323922,2026-02-01 00:00:00,2026-02-01 00:01:00,API,Paid,0,1
BILL353000,CUST10330,208656,208656,2026-02-05 00:00:00,2026-02-05 00:00:00,Mobile,Paid,0,0
BILL615844,CUST10083,169188,169188,2026-02-06 00:00:00,2026-02-11 00:00:00,Mobile,Paid,0,0
BILL752954,CUST10087,309656,309656,2026-02-06 00:00:00,2026-02-10 00:00:00,Web,Paid,0,0
BILL225891,CUST10499,174133,174133,2026-02-02 00:00:00,2026-02-04 00:00:00,Mobile,Paid,0,0
BILL111985,CUST10445,342383,342383,2026-03-07 00:00:00,2026-03-07 00:00:00,Mobile,Paid,0,0
BILL587051,CUST10144,361292,361292,2026-04-11 00:00:00,2026-04-15 00:00:00,API,Paid,0,0
BILL139134,CUST10111,229006,229006,2026-03-09 00:00:00,2026-03-10 00:00:00,Web,Paid,0,0
BILL505680,CUST10234,321736,321736,2026-03-10 00:00:00,2026-03-12 00:00:00,Web,Paid,0,0
BILL674228,CUST10271,312742,312742,2026-02-10 00:00:00,2026-02-10 00:00:00,Web,Paid,0,0
BILL886008,CUST10215,129546,129546,2026-02-09 00:00:00,2026-02-12 00:00:00,Web,Paid,0,0
BILL557107,CUST10217,165780,165780,2026-02-09 00:00:00,2026-02-08 00:00:00,Web,Paid,0,0
BILL968370,CUST10319,216307,216307,2026-02-02 00:00:00,2026-02-02 00:00:00,Mobile,Paid,0,0
BILL501124,CUST10413,118569,121208,2026-02-03 00:00:00,2026-02-05 00:00:00,Mobile,Paid,0,0
BILL949962,CUST10221,299263,299263,2026-01-31 00:00:00,2026-02-05 00:00:00,Web,Paid,0,0
BILL343841,CUST10269,168347,168347,2026-02-07 00:00:00,2026-02-11 00:00:00,Web,Paid,0,0
BILL336078,CUST10238,308363,308363,2026-02-07 00:00:00,2026-02-12 00:00:00,Web,Paid,0,0
BILL575862,CUST10503,172799,172799,2026-02-01 00:00:00,2026-02-05 00:00:00,Mobile,Paid,0,0
BILL997833,CUST10207,229700,229700,2026-03-15 00:00:00,2026-03-17 00:00:00,Web,Paid,0,0
BILL595330,CUST10427,359626,359626,2026-02-04 00:00:00,2026-02-05 00:00:00,Web,Paid,0,0
BILL713201,CUST10408,222785,222785,2026-02-08 00:00:00,2026-02-09 00:00:00,Mobile,Paid,0,0
BILL642335,CUST10341,124456,124456,2026-02-06 00:00:00,2026-02-08 00:00:00,Web,Paid,0,0
BILL758954,CUST10297,289586,289586,2026-02-01 00:00:00,2026-02-02 00:00:00,Mobile,Paid,0,0
BILL141474,CUST10476,116759,116759,2026-01-31 00:00:00,2026-02-02 00:00:00,Web,Paid,0,0
BILL265816,CUST10433,234061,234061,2026-02-05 00:00:00,2026-02-05 00:00:00,API,Paid,0,0
BILL452961,CUST10138,121975,121975,2026-03-06 00:00:00,2026-03-07 00:00:00,Mobile,Paid,0,0
BILL344660,CUST10548,270524,270524,2026-02-06 00:00:00,2026-02-10 00:00:00,Web,Paid,0,0
BILL660555,CUST10032,168414,168414,2026-01-31 00:00:00,2026-02-02 00:00:00,Mobile,Paid,0,0
BILL493781,CUST10618,222795,222795,2026-03-05 00:00:00,2026-03-07 00:00:00,Web,Paid,0,0
BILL821137,CUST10447,263252,263252,2026-03-06 00:00:00,2026-03-09 00:00:00,Mobile,Paid,0,0
BILL398018,CUST10597,121035,121035,2026-01-31 00:00:00,2026-02-01 00:00:00,Web,Paid,0,0
BILL620277,CUST10475,126556,126556,2026-03-15 00:00:00,2026-03-18 00:00:00,API,Paid,0,0
BILL396130,CUST10213,118930,118117,2026-02-09 00:00:00,2026-02-08 00:00:00,Mobile,Paid,0,0
BILL336948,CUST10389,170321,170321,2026-03-06 00:00:00,2026-03-09 00:00:00,Web,Paid,0,0
BILL179093,CUST10563,168559,170922,2026-02-09 00:00:00,2026-02-13 00:00:00,Mobile,Paid,0,0
BILL739052,CUST10025,126760,126760,2026-04-13 00:00:00,2026-04-16 00:00:00,Web,Paid,0,0
BILL503392,CUST10483,165857,165857,2026-02-01 00:00:00,2026-02-04 00:00:00,Mobile,Paid,0,0
BILL702805,CUST10102,275738,275738,2026-01-31 00:00:00,2026-02-03 00:00:00,Mobile,Paid,0,0
BILL716076,CUST10495,389174,389174,2026-02-06 00:00:00,2026-02-07 00:00:00,Web,Paid,0,0
BILL536625,CUST10052,298577,298577,2026-03-12 00:00:00,2026-03-17 00:00:00,Mobile,Paid,0,0
BILL502021,CUST10429,321625,321625,2026-02-04 00:00:00,2026-02-08 00:00:00,Web,Paid,0,0
BILL795830,CUST10082,220068,220068,2026-02-08 00:00:00,2026-02-12 00:00:00,Mobile,Paid,0,0
BILL786239,CUST10594,328203,328203,2026-03-15 00:00:00,2026-03-20 00:00:00,Web,Paid,0,0
BILL767562,CUST10209,224011,224011,2026-02-06 00:00:00,2026-02-07 00:00:00,Mobile,Paid,0,0
BILL529888,CUST10392,103166,103166,2026-02-09 00:00:00,2026-02-13 00:00:00,Mobile,Paid,0,0
BILL663285,CUST10268,130751,130751,2026-02-01 00:00:00,2026-01-31 00:00:00,Mobile,Paid,0,0
BILL754914,CUST10230,233935,233935,2026-03-05 00:00:00,2026-03-06 00:00:00,Mobile,Paid,0,0
BILL787182,CUST10296,126664,126664,2026-02-07 00:00:00,2026-02-10 00:00:00,Web,Paid,0,0
BILL342631,CUST10377,321013,321013,2026-03-14 00:00:00,2026-03-15 00:00:00,Mobile,Paid,0,0
BILL155611,CUST10438,243716,243716,2026-01-31 00:00:00,2026-01-31 00:00:00,Web,Paid,0,0
BILL954729,CUST10360,195992,195992,2026-02-05 00:00:00,2026-02-08 00:00:00,Mobile,Paid,0,0
BILL968975,CUST10402,202316,202316,2026-02-06 00:00:00,2026-02-06 00:00:00,Web,Paid,0,0
BILL697620,CUST10097,281179,281179,2026-02-10 00:00:00,2026-02-10 00:00:00,API,Paid,0,0
BILL501172,CUST10089,268535,556780,2026-02-03 00:00:00,2026-02-05 00:00:00,Web,Paid,0,1
BILL176152,CUST10425,336049,336049,2026-03-09 00:00:00,2026-03-10 00:00:00,Web,Paid,0,0
BILL110139,CUST10541,373598,373598,2026-03-08 00:00:00,2026-03-10 00:00:00,Web,Paid,0,0
BILL147866,CUST10528,123124,123124,2026-02-09 00:00:00,2026-02-11 00:00:00,API,Paid,0,0
BILL517091,CUST10454,352626,355249,2026-02-07 00:00:00,2026-02-07 00:00:00,Mobile,Paid,0,0
BILL405671,CUST10530,308513,308513,2026-02-07 00:00:00,2026-02-10 00:00:00,Mobile,Paid,0,0
BILL303453,CUST10486,305903,305903,2026-02-02 00:00:00,2026-02-04 00:00:00,Mobile,Paid,0,0
BILL555382,CUST10025,126760,126760,2026-05-16 00:00:00,2026-05-20 00:00:00,Web,Paid,0,0
BILL582579,CUST10032,168414,168414,2026-03-04 00:00:00,2026-03-08 00:00:00,Mobile,Paid,0,0
BILL386877,CUST10473,333096,341331,2026-02-08 00:00:00,2026-02-09 00:00:00,API,Paid,0,0
BILL387936,CUST10144,361292,361292,2026-05-15 00:00:00,2026-05-20 00:00:00,Web,Paid,0,0
BILL294486,CUST10246,215001,215001,2026-02-04 00:00:00,2026-02-09 00:00:00,Mobile,Paid,0,0
BILL176373,CUST10544,395821,395821,2026-01-31 00:00:00,2026-02-03 00:00:00,Web,Paid,0,0
BILL167503,CUST10201,110219,110219,2026-02-07 00:00:00,2026-02-09 00:00:00,API,Paid,0,1
BILL310476,CUST10426,388662,388662,2026-02-10 00:00:00,2026-02-13 00:00:00,Web,Paid,0,0
BILL681332,CUST10376,261912,261912,2026-03-07 00:00:00,2026-03-06 00:00:00,Mobile,Paid,0,0
BILL143699,CUST10150,145174,144950,2026-02-01 00:00:00,2026-02-05 00:00:00,Web,Paid,0,0
BILL315873,CUST10346,295566,295566,2026-02-09 00:00:00,2026-02-12 00:00:00,Web,Paid,0,0
BILL419070,CUST10281,179485,179485,2026-03-15 00:00:00,2026-03-17 00:00:00,Web,Paid,0,0
BILL747730,CUST10552,289154,289154,2026-02-02 00:00:00,2026-02-03 00:00:00,API,Paid,1,1
BILL356388,CUST10426,388662,388662,2026-03-15 00:00:00,2026-03-16 00:00:00,Web,Paid,0,0
BILL623833,CUST10357,345533,345533,2026-03-09 00:00:00,2026-03-14 00:00:00,Web,Paid,0,0
BILL773629,CUST10418,162610,162610,2026-02-06 00:00:00,2026-02-08 00:00:00,Web,Paid,0,0
BILL600581,CUST10208,111049,111049,2026-02-03 00:00:00,2026-02-06 00:00:00,Mobile,Paid,0,0
BILL597236,CUST10318,300846,300846,2026-02-08 00:00:00,2026-02-11 00:00:00,Mobile,Paid,0,0
BILL538758,CUST10161,101122,101122,2026-02-09 00:00:00,2026-02-11 00:00:00,Web,Paid,0,0
BILL351376,CUST10056,158389,158389,2026-03-12 00:00:00,2026-03-16 00:00:00,Mobile,Paid,0,0
BILL522686,CUST10590,265889,265889,2026-02-04 00:00:00,2026-02-08 00:00:00,Web,Paid,0,0
BILL189482,CUST10548,270524,270524,2026-03-12 00:00:00,2026-03-12 00:00:00,API,Paid,0,0
BILL195593,CUST10581,355990,355990,2026-02-05 00:00:00,2026-02-05 00:00:00,Web,Paid,0,0
BILL564965,CUST10273,267851,267851,2026-03-09 00:00:00,2026-03-14 00:00:00,Web,Paid,0,0
BILL696629,CUST10233,326389,326389,2026-02-05 00:00:00,2026-02-10 00:00:00,Mobile,Paid,0,0
BILL994378,CUST10471,287323,287323,2026-01-31 00:00:00,2026-02-01 00:00:00,Web,Paid,0,0
BILL339438,CUST10442,159799,159799,2026-03-13 00:00:00,2026-03-15 00:00:00,Web,Paid,0,0
BILL450799,CUST10302,309550,309550,2026-03-05 00:00:00,2026-03-05 00:00:00,API,Paid,0,1
BILL952739,CUST10302,309550,309550,2026-03-05 00:00:00,2026-03-05 00:01:00,API,Paid,0,1
BILL758631,CUST10124,265731,265731,2026-02-05 00:00:00,2026-02-07 00:00:00,Web,Paid,0,0
BILL861390,CUST10324,340137,340137,2026-03-06 00:00:00,2026-03-07 00:00:00,Web,Paid,0,0
BILL896422,CUST10194,399827,399827,2026-02-08 00:00:00,2026-02-08 00:00:00,Mobile,Paid,0,0
BILL371544,CUST10532,138272,138272,2026-02-06 00:00:00,2026-02-11 00:00:00,API,Paid,0,0
BILL557730,CUST10552,289154,289154,2026-03-05 00:00:00,2026-03-08 00:00:00,API,Paid,0,0
BILL334780,CUST10491,196379,196379,2026-03-10 00:00:00,2026-03-11 00:00:00,Web,Paid,0,0
BILL853700,CUST10500,173084,73750,2026-03-14 00:00:00,2026-03-17 00:00:00,API,Paid,0,1
BILL175478,CUST10229,164951,171834,2026-02-08 00:00:00,2026-02-08 00:00:00,Web,Paid,0,0
BILL485660,CUST10228,132650,132650,2026-02-01 00:00:00,2026-02-03 00:00:00,Web,Paid,0,0
BILL590049,CUST10419,288784,288784,2026-02-05 00:00:00,2026-02-10 00:00:00,Web,Paid,0,0
BILL586643,CUST10192,350038,350038,2026-02-04 00:00:00,2026-02-05 00:00:00,Mobile,Paid,0,0
BILL497108,CUST10330,208656,208656,2026-03-07 00:00:00,2026-03-08 00:00:00,Mobile,Paid,0,0
BILL429311,CUST10527,116854,116854,2026-02-02 00:00:00,2026-02-03 00:00:00,Web,Paid,0,0
BILL277413,CUST10585,164323,164323,2026-02-07 00:00:00,2026-02-07 00:00:00,Web,Paid,0,0
BILL705377,CUST10013,287233,287233,2026-02-10 00:00:00,2026-02-14 00:00:00,Mobile,Paid,0,0
BILL822706,CUST10433,234061,234061,2026-03-07 00:00:00,2026-03-08 00:00:00,Web,Paid,0,0
BILL233170,CUST10027,156366,156366,2026-03-12 00:00:00,2026-03-13 00:00:00,Mobile,Paid,0,0
BILL852560,CUST10021,195797,195797,2026-02-07 00:00:00,2026-02-08 00:00:00,Mobile,Paid,0,0
BILL724441,CUST10370,105982,105982,2026-02-02 00:00:00,2026-02-07 00:00:00,Mobile,Paid,0,0
BILL663927,CUST10291,235223,235223,2026-03-04 00:00:00,2026-03-04 00:00:00,API,Paid,0,1
BILL767904,CUST10263,377150,377150,2026-02-02 00:00:00,2026-02-03 00:00:00,Web,Paid,0,0
BILL182226,CUST10376,261912,261912,2026-04-05 00:00:00,2026-04-08 00:00:00,Mobile,Paid,0,0
BILL980266,CUST10199,340465,340465,2026-02-08 00:00:00,2026-02-11 00:00:00,Web,Paid,0,0
BILL540782,CUST10419,288784,288784,2026-03-12 00:00:00,2026-03-12 00:00:00,Web,Paid,0,0
BILL849146,CUST10155,318440,318440,2026-03-12 00:00:00,2026-03-16 00:00:00,Web,Paid,0,0
BILL328619,CUST10322,249491,249491,2026-02-05 00:00:00,2026-02-04 00:00:00,Mobile,Paid,0,0
BILL641835,CUST10226,328761,328761,2026-03-06 00:00:00,2026-03-11 00:00:00,Mobile,Paid,0,0
BILL878440,CUST10188,357477,357477,2026-04-13 00:00:00,2026-04-12 00:00:00,Web,Paid,0,0
BILL261530,CUST10244,350035,140578,2026-01-31 00:00:00,2026-02-03 00:00:00,Web,Paid,0,1
BILL869232,CUST10542,218385,218385,2026-02-09 00:00:00,2026-02-12 00:00:00,Web,Paid,0,0
BILL239783,CUST10019,106755,106755,2026-02-02 00:00:00,2026-02-03 00:00:00,Web,Paid,0,0
BILL434263,CUST10203,266342,266342,2026-02-09 00:00:00,2026-02-11 00:00:00,Mobile,Paid,0,0
BILL721775,CUST10471,287323,287323,2026-03-03 00:00:00,2026-03-03 00:00:00,Web,Paid,0,0
BILL835657,CUST10470,231253,231253,2026-02-04 00:00:00,2026-02-09 00:00:00,Web,Paid,0,0
BILL674611,CUST10134,185854,194369,2026-02-06 00:00:00,2026-02-11 00:00:00,Web,Paid,0,0
BILL851492,CUST10228,132650,132650,2026-03-05 00:00:00,2026-03-06 00:00:00,API,Paid,0,0
BILL316284,CUST10539,138041,138041,2026-01-31 00:00:00,2026-01-31 00:00:00,Mobile,Paid,0,0
BILL394915,CUST10120,161286,161286,2026-03-11 00:00:00,2026-03-16 00:00:00,Web,Paid,0,0
BILL132536,CUST10339,233388,233388,2026-02-07 00:00:00,2026-02-12 00:00:00,Mobile,Paid,0,0
BILL980470,CUST10589,291085,291085,2026-02-02 00:00:00,2026-02-07 00:00:00,Mobile,Paid,0,0
BILL589334,CUST10050,162880,162880,2026-02-08 00:00:00,2026-02-09 00:00:00,API,Paid,0,0
BILL414014,CUST10316,155053,152944,2026-02-05 00:00:00,2026-02-09 00:00:00,Mobile,Paid,0,0
BILL682300,CUST10611,330192,330192,2026-02-08 00:00:00,2026-02-12 00:00:00,Web,Paid,0,0
BILL599059,CUST10191,371457,371457,2026-02-07 00:00:00,2026-02-08 00:00:00,Mobile,Paid,0,0
BILL374450,CUST10127,135804,135804,2026-02-10 00:00:00,2026-02-12 00:00:00,Web,Paid,0,0
BILL116062,CUST10134,185854,185854,2026-03-13 00:00:00,2026-03-16 00:00:00,Web,Paid,0,0
BILL268203,CUST10069,240610,68368,2026-02-05 00:00:00,2026-02-09 00:00:00,Web,Paid,0,1
BILL628315,CUST10088,322327,322327,2026-02-10 00:00:00,2026-02-11 00:00:00,Web,Paid,0,0
BILL992552,CUST10218,180276,180276,2026-02-06 00:00:00,2026-02-07 00:00:00,Mobile,Paid,0,0
BILL400798,CUST10001,294419,294419,2026-02-09 00:00:00,2026-02-09 00:00:00,Web,Paid,0,0
BILL464529,CUST10429,321625,321625,2026-03-10 00:00:00,2026-03-14 00:00:00,Web,Paid,0,0
BILL252311,CUST10480,170314,174836,2026-02-09 00:00:00,2026-02-10 00:00:00,Web,Paid,0,0
BILL361485,CUST10421,301889,301889,2026-02-02 00:00:00,2026-02-03 00:00:00,API,Paid,0,0
BILL820498,CUST10097,281179,281179,2026-03-12 00:00:00,2026-03-12 00:00:00,Mobile,Paid,0,0
BILL903807,CUST10088,322327,322327,2026-03-13 00:00:00,2026-03-14 00:00:00,API,Paid,0,0
BILL124586,CUST10186,259377,258918,2026-02-07 00:00:00,2026-02-12 00:00:00,Mobile,Paid,0,0
BILL213416,CUST10281,179485,179485,2026-04-16 00:00:00,2026-04-19 00:00:00,Web,Paid,0,0
BILL777979,CUST10539,138041,138041,2026-03-02 00:00:00,2026-03-06 00:00:00,Mobile,Paid,0,0
BILL591922,CUST10559,134695,134695,2026-02-03 00:00:00,2026-02-06 00:00:00,API,Paid,0,0
BILL770150,CUST10184,299790,299790,2026-01-31 00:00:00,2026-01-31 00:00:00,Mobile,Paid,0,0
BILL534225,CUST10483,165857,165857,2026-03-06 00:00:00,2026-03-07 00:00:00,Mobile,Paid,0,0
BILL363955,CUST10022,251640,251640,2026-02-04 00:00:00,2026-02-03 00:00:00,Mobile,Paid,0,0
BILL174528,CUST10057,189967,189967,2026-03-15 00:00:00,2026-03-18 00:00:00,Web,Paid,0,0
BILL775635,CUST10073,338950,338950,2026-01-31 00:00:00,2026-02-03 00:00:00,Mobile,Paid,0,0
BILL785247,CUST10499,174133,174133,2026-03-06 00:00:00,2026-03-09 00:00:00,Mobile,Paid,0,0
BILL868465,CUST10617,240366,161809,2026-02-03 00:00:00,2026-02-04 00:00:00,Web,Paid,0,1
BILL681181,CUST10438,243716,243716,2026-03-02 00:00:00,2026-03-02 00:00:00,Web,Paid,1,1
BILL980762,CUST10240,302111,302111,2026-02-07 00:00:00,2026-02-09 00:00:00,Web,Paid,1,1
BILL906286,CUST10581,355990,355990,2026-03-07 00:00:00,2026-03-11 00:00:00,Web,Paid,0,0
BILL824317,CUST10380,338212,338212,2026-02-10 00:00:00,2026-02-11 00:00:00,Mobile,Paid,0,0
BILL302705,CUST10197,231115,231115,2026-02-05 00:00:00,2026-02-10 00:00:00,Web,Paid,0,0
BILL430962,CUST10077,278619,278619,2026-01-31 00:00:00,2026-02-04 00:00:00,Mobile,Paid,0,0
BILL665293,CUST10508,227154,227154,2026-02-06 00:00:00,2026-02-11 00:00:00,Mobile,Paid,0,0
BILL726391,CUST10040,130009,130009,2026-02-09 00:00:00,2026-02-12 00:00:00,Mobile,Paid,0,0
BILL724513,CUST10467,160665,160665,2026-03-05 00:00:00,2026-03-10 00:00:00,Web,Paid,0,0
BILL702320,CUST10595,311615,311615,2026-02-09 00:00:00,2026-02-09 00:00:00,Mobile,Paid,0,0
BILL909288,CUST10093,290499,290499,2026-03-07 00:00:00,2026-03-11 00:00:00,Mobile,Paid,0,0
BILL597829,CUST10461,326427,326427,2026-02-06 00:00:00,2026-02-06 00:00:00,Web,Paid,0,0
BILL164079,CUST10317,128349,128349,2026-01-31 00:00:00,2026-02-04 00:00:00,Web,Paid,0,0
BILL743887,CUST10372,145857,145857,2026-02-10 00:00:00,2026-02-12 00:00:00,Web,Paid,0,0
BILL714410,CUST10107,163049,163049,2026-03-05 00:00:00,2026-03-10 00:00:00,Mobile,Paid,0,0
BILL975477,CUST10064,334083,334083,2026-02-02 00:00:00,2026-02-05 00:00:00,Web,Paid,0,0
BILL565246,CUST10075,274772,274772,2026-02-08 00:00:00,2026-02-09 00:00:00,Web,Paid,0,0
BILL422428,CUST10452,193937,193937,2026-03-06 00:00:00,2026-03-10 00:00:00,Web,Paid,0,0
BILL181916,CUST10050,162880,162880,2026-03-11 00:00:00,2026-03-14 00:00:00,Mobile,Paid,0,0
BILL770344,CUST10464,345977,356419,2026-03-12 00:00:00,2026-03-17 00:00:00,Web,Paid,0,0
BILL941735,CUST10359,189439,189439,2026-03-09 00:00:00,2026-03-13 00:00:00,Web,Paid,0,0
BILL565930,CUST10237,112971,112971,2026-02-09 00:00:00,2026-02-11 00:00:00,Mobile,Paid,0,0
BILL481658,CUST10055,380448,373142,2026-02-08 00:00:00,2026-02-08 00:00:00,Web,Paid,0,0
BILL268100,CUST10253,123560,123560,2026-02-03 00:00:00,2026-02-07 00:00:00,Mobile,Paid,0,0
BILL232666,CUST10570,281667,281667,2026-02-09 00:00:00,2026-02-14 00:00:00,Mobile,Paid,0,0
BILL123661,CUST10217,165780,80381,2026-03-10 00:00:00,2026-03-11 00:00:00,Web,Paid,0,1
BILL975795,CUST10454,352626,352626,2026-03-09 00:00:00,2026-03-09 00:00:00,Mobile,Paid,0,0
BILL923313,CUST10588,315845,315845,2026-02-08 00:00:00,2026-02-10 00:00:00,Mobile,Paid,0,0
BILL147878,CUST10514,324503,324503,2026-02-01 00:00:00,2026-02-05 00:00:00,Web,Paid,0,0
BILL389729,CUST10585,164323,164323,2026-03-09 00:00:00,2026-03-14 00:00:00,Web,Paid,0,0
BILL423264,CUST10048,283288,283288,2026-02-08 00:00:00,2026-02-09 00:00:00,API,Paid,0,0
BILL269652,CUST10073,338950,338950,2026-03-05 00:00:00,2026-03-05 00:00:00,Mobile,Paid,0,0
BILL912937,CUST10227,202023,202023,2026-02-10 00:00:00,2026-02-14 00:00:00,Mobile,Paid,0,0
BILL576645,CUST10586,278993,278993,2026-02-05 00:00:00,2026-02-06 00:00:00,Web,Paid,0,0
BILL336097,CUST10565,373664,373664,2026-04-13 00:00:00,2026-04-17 00:00:00,Web,Paid,0,0
BILL726039,CUST10041,118023,118023,2026-02-01 00:00:00,2026-02-03 00:00:00,Mobile,Paid,0,0
BILL258038,CUST10176,140672,140672,2026-01-31 00:00:00,2026-01-31 00:00:00,API,Paid,0,0
BILL328714,CUST10461,326427,326427,2026-03-08 00:00:00,2026-03-12 00:00:00,API,Paid,0,0
BILL922185,CUST10027,156366,156366,2026-04-12 00:00:00,2026-04-17 00:00:00,Mobile,Paid,0,0
BILL568707,CUST10305,290216,290216,2026-02-10 00:00:00,2026-02-12 00:00:00,Web,Paid,0,0
BILL622284,CUST10404,225615,225615,2026-02-07 00:00:00,2026-02-08 00:00:00,Web,Paid,0,0
BILL151365,CUST10018,259095,259095,2026-02-09 00:00:00,2026-02-10 00:00:00,Web,Paid,0,0
BILL748870,CUST10106,153811,153811,2026-04-08 00:00:00,2026-04-12 00:00:00,Web,Paid,0,0
BILL654986,CUST10202,157531,157531,2026-02-04 00:00:00,2026-02-07 00:00:00,Web,Paid,1,1
BILL345126,CUST10377,321013,332069,2026-04-14 00:00:00,2026-04-13 00:00:00,Mobile,Paid,0,0
BILL313978,CUST10211,267196,267196,2026-02-07 00:00:00,2026-02-07 00:00:00,Web,Paid,0,0
BILL918862,CUST10133,226033,226033,2026-03-16 00:00:00,2026-03-21 00:00:00,Web,Paid,0,0
BILL309725,CUST10358,310756,310756,2026-02-10 00:00:00,2026-02-15 00:00:00,Web,Paid,0,0
BILL330302,CUST10428,186119,186119,2026-03-11 00:00:00,2026-03-12 00:00:00,API,Paid,0,0
BILL887672,CUST10149,368631,368631,2026-02-08 00:00:00,2026-02-09 00:00:00,Web,Paid,0,0
BILL219901,CUST10342,221121,221121,2026-02-06 00:00:00,2026-02-08 00:00:00,Mobile,Paid,0,0
BILL341027,CUST10528,123124,123124,2026-03-13 00:00:00,2026-03-17 00:00:00,API,Paid,0,0
BILL571706,CUST10282,191051,191051,2026-02-02 00:00:00,2026-02-01 00:00:00,Mobile,Paid,0,0
BILL481187,CUST10310,282058,282058,2026-02-03 00:00:00,2026-02-06 00:00:00,Web,Paid,0,0
BILL162835,CUST10489,309142,309142,2026-02-05 00:00:00,2026-02-10 00:00:00,Mobile,Paid,0,0
BILL659873,CUST10298,306913,306913,2026-02-09 00:00:00,2026-02-09 00:00:00,Mobile,Paid,0,0
BILL921818,CUST10041,118023,118023,2026-03-05 00:00:00,2026-03-10 00:00:00,Mobile,Paid,0,0
BILL185162,CUST10121,130126,497772,2026-02-08 00:00:00,2026-02-11 00:00:00,Mobile,Paid,0,1
BILL840768,CUST10476,116759,116759,2026-03-04 00:00:00,2026-03-07 00:00:00,Web,Paid,0,0
BILL676037,CUST10425,336049,336049,2026-04-09 00:00:00,2026-04-13 00:00:00,Web,Paid,0,0
BILL270584,CUST10348,149541,143767,2026-03-14 00:00:00,2026-03-16 00:00:00,Mobile,Paid,0,0
BILL735785,CUST10377,321013,321013,2026-05-13 00:00:00,2026-05-13 00:00:00,Mobile,Paid,0,0
BILL221452,CUST10129,180334,180334,2026-02-10 00:00:00,2026-02-11 00:00:00,Mobile,Paid,0,0
BILL917894,CUST10447,263252,263252,2026-04-08 00:00:00,2026-04-12 00:00:00,Mobile,Paid,0,0
BILL415228,CUST10593,389266,389266,2026-02-10 00:00:00,2026-02-14 00:00:00,Mobile,Paid,0,0
BILL651664,CUST10549,217355,217355,2026-02-10 00:00:00,2026-02-11 00:00:00,Mobile,Paid,0,0
BILL666569,CUST10478,285626,285626,2026-02-05 00:00:00,2026-02-09 00:00:00,Mobile,Paid,0,0
BILL340791,CUST10137,153623,153623,2026-04-06 00:00:00,2026-04-08 00:00:00,Mobile,Paid,0,0
BILL453054,CUST10499,174133,174133,2026-04-08 00:00:00,2026-04-11 00:00:00,Mobile,Paid,0,0
BILL719310,CUST10270,256786,256786,2026-01-31 00:00:00,2026-02-01 00:00:00,Mobile,Paid,0,0
BILL157273,CUST10426,388662,388662,2026-04-15 00:00:00,2026-04-16 00:00:00,Web,Paid,0,0
BILL338597,CUST10258,165224,165224,2026-02-09 00:00:00,2026-02-09 00:00:00,Mobile,Paid,0,0
BILL582712,CUST10132,280308,280308,2026-02-02 00:00:00,2026-02-06 00:00:00,Mobile,Paid,0,0
BILL852119,CUST10234,321736,321736,2026-04-11 00:00:00,2026-04-12 00:00:00,Web,Paid,0,0
BILL717788,CUST10360,195992,195992,2026-03-10 00:00:00,2026-03-15 00:00:00,Mobile,Paid,0,0
BILL930530,CUST10599,287062,287062,2026-02-04 00:00:00,2026-02-04 00:00:00,Mobile,Paid,0,0
BILL120963,CUST10574,307059,307059,2026-02-10 00:00:00,2026-02-11 00:00:00,Mobile,Paid,0,0
BILL278976,CUST10064,334083,334083,2026-03-07 00:00:00,2026-03-12 00:00:00,API,Paid,0,0
BILL276817,CUST10279,200340,1077882,2026-02-09 00:00:00,2026-02-09 00:00:00,Mobile,Paid,0,1
BILL910653,CUST10082,220068,1301840,2026-03-14 00:00:00,2026-03-14 00:00:00,Mobile,Paid,0,1
BILL906672,CUST10437,218742,218742,2026-01-31 00:00:00,2026-02-05 00:00:00,Web,Paid,0,0
BILL967851,CUST10604,236828,236828,2026-02-03 00:00:00,2026-02-05 00:00:00,Web,Paid,0,0
BILL477263,CUST10094,161838,161838,2026-04-08 00:00:00,2026-04-09 00:00:00,Mobile,Paid,0,0
BILL382759,CUST10431,233641,234704,2026-02-05 00:00:00,2026-02-10 00:00:00,Mobile,Paid,0,0
BILL172474,CUST10127,135804,135804,2026-03-14 00:00:00,2026-03-15 00:00:00,Web,Paid,0,0
BILL314448,CUST10141,236549,236549,2026-02-09 00:00:00,2026-02-10 00:00:00,Mobile,Paid,0,0
BILL717597,CUST10495,389174,389174,2026-03-09 00:00:00,2026-03-12 00:00:00,Web,Paid,0,0
BILL250582,CUST10157,151503,151503,2026-02-09 00:00:00,2026-02-14 00:00:00,Mobile,Paid,0,0
BILL230905,CUST10377,321013,321013,2026-06-12 00:00:00,2026-06-14 00:00:00,Mobile,Paid,0,0
BILL833942,CUST10614,317766,317766,2026-03-03 00:00:00,2026-03-05 00:00:00,Mobile,Paid,0,0
BILL652511,CUST10387,245185,245185,2026-02-01 00:00:00,2026-02-04 00:00:00,Web,Paid,0,0
BILL101497,CUST10236,133634,133634,2026-03-10 00:00:00,2026-03-10 00:00:00,Mobile,Paid,0,0
BILL655598,CUST10545,315493,313379,2026-02-07 00:00:00,2026-02-09 00:00:00,Web,Paid,0,0
BILL171224,CUST10246,215001,215475,2026-03-11 00:00:00,2026-03-14 00:00:00,API,Paid,0,0
BILL889210,CUST10404,225615,225615,2026-03-10 00:00:00,2026-03-15 00:00:00,Web,Paid,0,0
BILL961949,CUST10189,232919,232919,2026-02-10 00:00:00,2026-02-10 00:00:00,Web,Paid,0,0
BILL725906,CUST10240,302111,302111,2026-03-11 00:00:00,2026-03-12 00:00:00,Web,Paid,0,0
BILL137393,CUST10613,310870,310870,2026-02-05 00:00:00,2026-02-06 00:00:00,Mobile,Paid,0,0
BILL809938,CUST10444,246138,246138,2026-02-08 00:00:00,2026-02-08 00:00:00,Mobile,Paid,0,0
BILL574905,CUST10050,162880,162880,2026-04-13 00:00:00,2026-04-16 00:00:00,Mobile,Paid,0,0
BILL108059,CUST10517,283169,283169,2026-02-10 00:00:00,2026-02-13 00:00:00,Mobile,Paid,0,0
BILL475184,CUST10336,112017,112017,2026-02-01 00:00:00,2026-02-01 00:00:00,Mobile,Paid,0,0
BILL290640,CUST10078,271954,271954,2026-02-03 00:00:00,2026-02-04 00:00:00,Web,Paid,0,0
BILL887211,CUST10293,306558,306558,2026-03-06 00:00:00,2026-03-08 00:00:00,Web,Paid,0,0
BILL822514,CUST10277,359643,359643,2026-02-09 00:00:00,2026-02-11 00:00:00,API,Paid,0,0
BILL302598,CUST10253,123560,123560,2026-03-09 00:00:00,2026-03-12 00:00:00,Mobile,Paid,0,0
BILL816096,CUST10031,174879,174879,2026-02-07 00:00:00,2026-02-10 00:00:00,Mobile,Paid,0,0
BILL446393,CUST10018,259095,259095,2026-03-12 00:00:00,2026-03-16 00:00:00,Web,Paid,0,0
BILL916835,CUST10112,287238,287238,2026-02-02 00:00:00,2026-02-06 00:00:00,Web,Paid,0,0
BILL228258,CUST10457,239593,239593,2026-02-07 00:00:00,2026-02-08 00:00:00,Web,Paid,0,0
BILL186640,CUST10068,217601,217601,2026-03-02 00:00:00,2026-03-05 00:00:00,Mobile,Paid,0,0
BILL678891,CUST10326,131336,131336,2026-03-07 00:00:00,2026-03-11 00:00:00,Mobile,Paid,0,0
BILL561560,CUST10448,210601,210601,2026-03-08 00:00:00,2026-03-09 00:00:00,Web,Paid,0,0
BILL449516,CUST10208,111049,111049,2026-03-08 00:00:00,2026-03-13 00:00:00,Mobile,Paid,0,0
BILL375603,CUST10348,149541,149541,2026-04-15 00:00:00,2026-04-19 00:00:00,Mobile,Paid,0,0
BILL744811,CUST10494,260626,260626,2026-02-07 00:00:00,2026-02-08 00:00:00,API,Paid,0,0
BILL200477,CUST10543,341817,341817,2026-02-02 00:00:00,2026-02-03 00:00:00,Web,Paid,0,0
BILL537888,CUST10447,263252,263252,2026-05-12 00:00:00,2026-05-17 00:00:00,Mobile,Paid,0,0
BILL739076,CUST10391,333242,333242,2026-02-06 00:00:00,2026-02-11 00:00:00,Mobile,Paid,0,0
BILL957408,CUST10220,274271,274271,2026-02-05 00:00:00,2026-02-06 00:00:00,Web,Paid,0,0
BILL741046,CUST10331,259349,259349,2026-03-03 00:00:00,2026-03-04 00:00:00,Mobile,Paid,0,0
BILL472694,CUST10512,252894,252894,2026-02-03 00:00:00,2026-02-03 00:00:00,Mobile,Paid,0,0
BILL654677,CUST10383,330253,697718,2026-02-09 00:00:00,2026-02-09 00:00:00,Web,Paid,0,1
BILL203737,CUST10452,193937,125089,2026-04-09 00:00:00,2026-04-10 00:00:00,Web,Paid,0,1
BILL871546,CUST10219,352327,352327,2026-02-08 00:00:00,2026-02-07 00:00:00,Mobile,Paid,0,0
BILL654085,CUST10205,223531,450054,2026-02-09 00:00:00,2026-02-09 00:00:00,Mobile,Paid,0,1
BILL637811,CUST10046,129309,129309,2026-02-04 00:00:00,2026-02-05 00:00:00,Mobile,Paid,0,0
BILL546756,CUST10335,250897,250897,2026-03-03 00:00:00,2026-03-03 00:00:00,Web,Paid,0,0
BILL152774,CUST10452,193937,193937,2026-05-10 00:00:00,2026-05-13 00:00:00,Web,Paid,0,0
BILL385419,CUST10555,274885,274885,2026-02-01 00:00:00,2026-02-04 00:00:00,Web,Paid,0,0
BILL367780,CUST10047,311412,311412,2026-02-01 00:00:00,2026-02-02 00:00:00,Web,Paid,0,0
BILL556156,CUST10344,259225,259225,2026-03-07 00:00:00,2026-03-09 00:00:00,Web,Paid,0,0
BILL616069,CUST10090,233891,233891,2026-02-06 00:00:00,2026-02-08 00:00:00,Mobile,Paid,0,0
BILL879956,CUST10075,274772,274772,2026-03-11 00:00:00,2026-03-12 00:00:00,Web,Paid,0,0
BILL268478,CUST10161,101122,101122,2026-03-13 00:00:00,2026-03-17 00:00:00,Web,Paid,0,0
BILL868749,CUST10302,309550,309550,2026-04-04 00:02:00,2026-04-06 00:02:00,Web,Paid,0,0
BILL746583,CUST10186,259377,259377,2026-03-14 00:00:00,2026-03-15 00:00:00,Mobile,Paid,0,0
BILL735410,CUST10313,263980,263980,2026-01-31 00:00:00,2026-02-02 00:00:00,Mobile,Paid,0,0
BILL160983,CUST10008,280575,280575,2026-02-03 00:00:00,2026-02-03 00:00:00,Web,Paid,0,0
BILL421575,CUST10143,251424,1450150,2026-04-05 00:00:00,2026-04-10 00:00:00,Web,Paid,0,1
BILL428473,CUST10560,393518,393518,2026-02-02 00:00:00,2026-02-03 00:00:00,Mobile,Paid,0,0
BILL391198,CUST10142,210354,210354,2026-02-06 00:00:00,2026-02-10 00:00:00,Web,Paid,0,0
BILL827276,CUST10021,195797,195797,2026-03-10 00:00:00,2026-03-14 00:00:00,Mobile,Paid,0,0
BILL819794,CUST10352,375803,375803,2026-02-09 00:00:00,2026-02-10 00:00:00,Mobile,Paid,0,0
BILL421666,CUST10449,196322,196322,2026-02-08 00:00:00,2026-02-12 00:00:00,Web,Paid,0,0
BILL497497,CUST10578,255524,246250,2026-01-31 00:00:00,2026-02-04 00:00:00,API,Paid,1,1
BILL629969,CUST10287,340091,325086,2026-03-17 00:00:00,2026-03-22 00:00:00,Mobile,Paid,0,0
BILL717505,CUST10480,170314,170314,2026-03-12 00:00:00,2026-03-15 00:00:00,Web,Paid,0,0
BILL857382,CUST10436,164241,164241,2026-02-03 00:00:00,2026-02-08 00:00:00,Web,Paid,0,0
BILL560633,CUST10352,375803,375803,2026-03-12 00:00:00,2026-03-14 00:00:00,Mobile,Paid,0,0
BILL237789,CUST10498,382916,382916,2026-02-07 00:00:00,2026-02-10 00:00:00,Web,Paid,0,0
BILL745679,CUST10318,300846,300846,2026-03-13 00:00:00,2026-03-13 00:00:00,Mobile,Paid,0,0
BILL752729,CUST10074,356853,356853,2026-02-01 00:00:00,2026-02-06 00:00:00,Mobile,Paid,0,0
BILL374863,CUST10589,291085,291085,2026-03-09 00:00:00,2026-03-13 00:00:00,Mobile,Paid,0,0
BILL313414,CUST10037,154510,154510,2026-02-08 00:00:00,2026-02-09 00:00:00,Mobile,Paid,0,0
BILL792699,CUST10465,389187,389187,2026-02-06 00:00:00,2026-02-07 00:00:00,Mobile,Paid,0,0
BILL239374,CUST10507,295333,295333,2026-01-31 00:00:00,2026-01-31 00:00:00,Web,Paid,0,0
BILL331353,CUST10523,151607,151607,2026-02-06 00:00:00,2026-02-09 00:00:00,API,Paid,0,1
BILL538853,CUST10549,217355,217355,2026-03-13 00:00:00,2026-03-14 00:00:00,Mobile,Paid,0,0
BILL153558,CUST10426,388662,388662,2026-05-16 00:00:00,2026-05-17 00:00:00,Web,Paid,0,0
BILL664505,CUST10372,145857,145857,2026-03-14 00:00:00,2026-03-18 00:00:00,Web,Paid,0,0
BILL187290,CUST10157,151503,151503,2026-03-16 00:00:00,2026-03-20 00:00:00,Mobile,Paid,0,0
BILL629590,CUST10237,112971,112971,2026-03-13 00:00:00,2026-03-16 00:00:00,Mobile,Paid,0,0
BILL846653,CUST10314,321937,321937,2026-02-09 00:00:00,2026-02-10 00:00:00,Web,Paid,0,0
BILL662751,CUST10081,157555,157555,2026-02-02 00:00:00,2026-02-07 00:00:00,Mobile,Paid,0,0
BILL742166,CUST10238,308363,308363,2026-03-14 00:00:00,2026-03-17 00:00:00,Web,Paid,0,0
BILL591280,CUST10171,191777,191777,2026-02-02 00:00:00,2026-02-01 00:00:00,Web,Paid,0,0
BILL266768,CUST10490,322691,322691,2026-01-31 00:00:00,2026-02-02 00:00:00,Mobile,Paid,0,0
BILL189540,CUST10553,150140,150140,2026-02-10 00:00:00,2026-02-10 00:00:00,Mobile,Paid,0,0
BILL230302,CUST10020,307245,307245,2026-02-01 00:00:00,2026-02-01 00:00:00,Mobile,Paid,0,0
BILL927980,CUST10393,339430,339430,2026-02-08 00:00:00,2026-02-12 00:00:00,Mobile,Paid,0,0
BILL562245,CUST10434,189170,572132,2026-03-10 00:00:00,2026-03-14 00:00:00,Web,Paid,0,1
BILL617918,CUST10575,247910,247910,2026-03-13 00:00:00,2026-03-15 00:00:00,Mobile,Paid,0,0
BILL870600,CUST10046,129309,129309,2026-03-07 00:00:00,2026-03-07 00:00:00,Mobile,Paid,0,0
BILL894008,CUST10242,350465,350465,2026-02-10 00:00:00,2026-02-10 00:00:00,Mobile,Paid,0,0
BILL640184,CUST10188,357477,357477,2026-05-12 00:00:00,2026-05-13 00:00:00,Web,Paid,0,0
BILL951542,CUST10554,216968,216968,2026-04-12 00:00:00,2026-04-14 00:00:00,Web,Paid,0,0
BILL674679,CUST10142,210354,210354,2026-03-12 00:00:00,2026-03-13 00:00:00,Web,Paid,0,0
BILL941421,CUST10366,335915,335915,2026-02-03 00:00:00,2026-02-06 00:00:00,Web,Paid,0,0
BILL361998,CUST10571,146646,146646,2026-02-08 00:00:00,2026-02-08 00:00:00,Web,Paid,0,0
BILL310345,CUST10103,245102,245102,2026-02-09 00:00:00,2026-02-11 00:00:00,Mobile,Paid,0,0
BILL489630,CUST10002,204619,203519,2026-03-10 00:00:00,2026-03-11 00:00:00,Web,Paid,0,0
BILL904325,CUST10042,162275,162275,2026-02-10 00:00:00,2026-02-15 00:00:00,Web,Paid,0,0
BILL846053,CUST10526,397628,397628,2026-03-11 00:00:00,2026-03-13 00:00:00,Web,Paid,0,0
BILL570214,CUST10385,175372,175372,2026-03-05 00:00:00,2026-03-07 00:00:00,Mobile,Paid,0,0
BILL776846,CUST10175,184093,184093,2026-02-03 00:00:00,2026-02-07 00:00:00,Mobile,Paid,0,0
BILL495185,CUST10115,101216,101216,2026-01-31 00:00:00,2026-01-31 00:00:00,Mobile,Paid,0,0
BILL445911,CUST10170,132224,132224,2026-02-04 00:00:00,2026-02-09 00:00:00,API,Paid,0,0
BILL183087,CUST10584,205219,891633,2026-02-08 00:00:00,2026-02-11 00:00:00,Web,Paid,0,1
BILL140377,CUST10458,370672,370672,2026-02-02 00:00:00,2026-02-04 00:00:00,Mobile,Paid,0,0
BILL957302,CUST10550,205293,205293,2026-03-07 00:00:00,2026-03-09 00:00:00,Web,Paid,0,0
BILL500805,CUST10571,146646,146646,2026-03-10 00:00:00,2026-03-11 00:00:00,Web,Paid,0,0
BILL307022,CUST10619,173494,173494,2026-02-04 00:00:00,2026-02-07 00:00:00,Mobile,Paid,0,0
BILL633028,CUST10024,197978,197978,2026-02-09 00:00:00,2026-02-09 00:00:00,Web,Paid,0,0
BILL693312,CUST10565,373664,373664,2026-05-17 00:00:00,2026-05-22 00:00:00,Web,Paid,0,0
BILL647135,CUST10548,270524,270524,2026-04-11 00:00:00,2026-04-13 00:00:00,Web,Paid,0,0
BILL811024,CUST10170,132224,131867,2026-03-11 00:00:00,2026-03-14 00:00:00,API,Paid,0,0
BILL682061,CUST10484,392556,392556,2026-02-10 00:00:00,2026-02-14 00:00:00,Mobile,Paid,0,0
BILL412494,CUST10504,192508,192508,2026-02-06 00:00:00,2026-02-09 00:00:00,Web,Paid,0,0
BILL749605,CUST10347,381404,381404,2026-02-09 00:00:00,2026-02-09 00:00:00,Mobile,Paid,0,0
BILL459842,CUST10580,140210,140210,2026-03-15 00:00:00,2026-03-15 00:00:00,Web,Paid,0,0
BILL546523,CUST10590,265889,265889,2026-03-10 00:00:00,2026-03-13 00:00:00,Web,Paid,0,0
BILL513760,CUST10611,330192,330192,2026-03-14 00:00:00,2026-03-15 00:00:00,Web,Paid,0,0
BILL370935,CUST10283,103807,103807,2026-02-05 00:00:00,2026-02-06 00:00:00,Web,Paid,0,0
BILL346831,CUST10174,199876,199876,2026-01-31 00:00:00,2026-01-30 00:00:00,API,Paid,0,0
BILL541718,CUST10416,112475,112475,2026-02-08 00:00:00,2026-02-12 00:00:00,Mobile,Paid,0,0
BILL197674,CUST10229,164951,164951,2026-03-10 00:00:00,2026-03-12 00:00:00,Web,Paid,0,0
BILL973488,CUST10222,112320,112320,2026-03-14 00:00:00,2026-03-14 00:00:00,Web,Paid,0,0
BILL531405,CUST10579,201838,201838,2026-03-11 00:00:00,2026-03-11 00:00:00,Web,Paid,0,0
BILL933964,CUST10408,222785,222785,2026-03-11 00:00:00,2026-03-12 00:00:00,Mobile,Paid,0,0
BILL738600,CUST10075,274772,274772,2026-04-11 00:00:00,2026-04-16 00:00:00,Web,Paid,0,0
BILL137491,CUST10447,263252,263252,2026-06-16 00:00:00,2026-06-17 00:00:00,Mobile,Paid,0,0
BILL505543,CUST10416,112475,112475,2026-03-14 00:00:00,2026-03-16 00:00:00,Mobile,Paid,0,0
BILL536765,CUST10499,174133,174133,2026-05-11 00:00:00,2026-05-13 00:00:00,Mobile,Paid,0,0
BILL262717,CUST10065,278881,278881,2026-02-03 00:00:00,2026-02-06 00:00:00,Mobile,Paid,0,0
BILL864931,CUST10311,151937,151937,2026-02-09 00:00:00,2026-02-09 00:00:00,Mobile,Paid,0,0
BILL458362,CUST10595,311615,311615,2026-03-11 00:00:00,2026-03-13 00:00:00,Mobile,Paid,0,0
BILL582018,CUST10385,175372,175372,2026-04-06 00:00:00,2026-04-10 00:00:00,Mobile,Paid,0,0
BILL718333,CUST10497,395180,395180,2026-02-10 00:00:00,2026-02-14 00:00:00,Web,Paid,0,0
BILL345843,CUST10506,364730,364730,2026-02-01 00:00:00,2026-02-04 00:00:00,API,Paid,0,0
BILL307707,CUST10084,206469,206469,2026-02-07 00:00:00,2026-02-09 00:00:00,Mobile,Paid,0,0
BILL438774,CUST10579,201838,201838,2026-04-10 00:00:00,2026-04-15 00:00:00,Web,Paid,0,0
BILL159467,CUST10488,237166,237166,2026-02-03 00:00:00,2026-02-06 00:00:00,Web,Paid,0,0
BILL118825,CUST10128,121453,121453,2026-02-08 00:00:00,2026-02-13 00:00:00,Web,Paid,0,0
BILL344321,CUST10463,347787,347787,2026-02-02 00:00:00,2026-02-01 00:00:00,Mobile,Paid,0,0
BILL733944,CUST10248,181826,181826,2026-02-07 00:00:00,2026-02-08 00:00:00,Web,Paid,0,0
BILL489721,CUST10489,309142,309142,2026-03-12 00:00:00,2026-03-11 00:00:00,Mobile,Paid,0,0
BILL141954,CUST10375,235313,235313,2026-02-03 00:00:00,2026-02-05 00:00:00,Mobile,Paid,0,0
BILL390457,CUST10288,244660,116582,2026-02-03 00:00:00,2026-02-05 00:00:00,Web,Paid,0,1
BILL529061,CUST10104,110694,110694,2026-02-06 00:00:00,2026-02-10 00:00:00,Mobile,Paid,0,0
BILL944164,CUST10149,368631,368631,2026-03-11 00:00:00,2026-03-11 00:00:00,Web,Paid,0,0
BILL667196,CUST10217,165780,165780,2026-04-10 00:00:00,2026-04-14 00:00:00,Web,Paid,0,0
BILL196639,CUST10464,345977,345977,2026-04-16 00:00:00,2026-04-16 00:00:00,Web,Paid,0,0
BILL476875,CUST10269,168347,168347,2026-03-13 00:00:00,2026-03-18 00:00:00,Web,Paid,0,0
BILL249286,CUST10183,231605,231605,2026-02-04 00:00:00,2026-02-07 00:00:00,Web,Paid,0,0
BILL315372,CUST10038,306468,306468,2026-03-12 00:00:00,2026-03-17 00:00:00,Mobile,Paid,0,0
BILL698480,CUST10434,189170,189170,2026-04-13 00:00:00,2026-04-17 00:00:00,Web,Paid,0,0
BILL620010,CUST10396,192856,192856,2026-02-07 00:00:00,2026-02-12 00:00:00,Mobile,Paid,0,0
BILL436875,CUST10461,326427,341042,2026-04-11 00:00:00,2026-04-12 00:00:00,Web,Paid,0,0
BILL608603,CUST10290,248997,248997,2026-02-06 00:00:00,2026-02-08 00:00:00,Mobile,Paid,0,0
BILL445805,CUST10514,324503,324503,2026-03-07 00:00:00,2026-03-07 00:00:00,Web,Paid,0,0
BILL460275,CUST10042,162275,162275,2026-03-17 00:00:00,2026-03-20 00:00:00,Web,Paid,0,0
BILL563649,CUST10282,191051,191051,2026-03-03 00:00:00,2026-03-06 00:00:00,Mobile,Paid,0,0
BILL526918,CUST10323,149822,149822,2026-02-04 00:00:00,2026-02-03 00:00:00,Mobile,Paid,0,0
BILL625281,CUST10612,137846,137846,2026-03-09 00:00:00,2026-03-11 00:00:00,API,Paid,0,0
BILL463498,CUST10162,365049,365049,2026-02-02 00:00:00,2026-02-02 00:00:00,API,Paid,0,0
BILL343070,CUST10318,300846,300846,2026-04-12 00:00:00,2026-04-15 00:00:00,Mobile,Paid,0,0
BILL295150,CUST10155,318440,318440,2026-04-15 00:00:00,2026-04-16 00:00:00,Web,Paid,0,0
BILL153183,CUST10132,280308,280308,2026-03-08 00:00:00,2026-03-11 00:00:00,Mobile,Paid,0,0
BILL551211,CUST10558,283378,273897,2026-02-04 00:00:00,2026-02-09 00:00:00,Mobile,Paid,0,0
BILL811382,CUST10230,233935,64996,2026-04-05 00:00:00,2026-04-06 00:00:00,Mobile,Paid,0,1
BILL602810,CUST10460,305172,305172,2026-02-09 00:00:00,2026-02-12 00:00:00,Mobile,Paid,0,0
BILL962938,CUST10296,126664,126664,2026-03-12 00:00:00,2026-03-12 00:00:00,Web,Paid,1,1
BILL261468,CUST10139,130766,130766,2026-03-07 00:00:00,2026-03-09 00:00:00,Mobile,Paid,0,0
BILL805475,CUST10387,245185,245185,2026-03-06 00:00:00,2026-03-06 00:00:00,API,Paid,0,1
BILL110902,CUST10387,245185,245185,2026-03-06 00:00:00,2026-03-06 00:01:00,API,Paid,0,1
BILL176031,CUST10386,396829,396829,2026-02-02 00:00:00,2026-02-07 00:00:00,Mobile,Paid,0,0
BILL262409,CUST10218,180276,185035,2026-03-09 00:00:00,2026-03-14 00:00:00,Mobile,Paid,0,0
BILL998900,CUST10584,205219,205219,2026-03-13 00:00:00,2026-03-14 00:00:00,Web,Paid,0,0
BILL406484,CUST10223,367891,749718,2026-01-31 00:00:00,2026-02-01 00:00:00,Web,Paid,0,1
BILL727784,CUST10247,162100,162100,2026-03-16 00:00:00,2026-03-16 00:00:00,Web,Paid,0,0
BILL973065,CUST10027,156366,156366,2026-05-17 00:00:00,2026-05-18 00:00:00,Mobile,Paid,0,0
BILL416163,CUST10004,213029,213029,2026-03-08 00:00:00,2026-03-08 00:00:00,Mobile,Paid,0,0
BILL729531,CUST10353,153539,153539,2026-02-09 00:00:00,2026-02-12 00:00:00,Web,Paid,0,0
BILL176158,CUST10156,369239,369239,2026-02-07 00:00:00,2026-02-08 00:00:00,Web,Paid,0,0
BILL411908,CUST10383,330253,330253,2026-03-11 00:00:00,2026-03-12 00:00:00,Web,Paid,0,0
BILL823905,CUST10249,169300,169300,2026-03-13 00:00:00,2026-03-17 00:00:00,API,Paid,0,1
BILL516851,CUST10311,151937,151937,2026-03-11 00:00:00,2026-03-12 00:00:00,Mobile,Paid,0,0
BILL855601,CUST10221,299263,299263,2026-03-07 00:00:00,2026-03-11 00:00:00,API,Paid,0,0
BILL738529,CUST10514,324503,324503,2026-04-06 00:00:00,2026-04-10 00:00:00,Web,Paid,0,0
BILL391796,CUST10253,123560,123560,2026-04-11 00:00:00,2026-04-15 00:00:00,Mobile,Paid,0,0
BILL902948,CUST10100,157108,157108,2026-02-08 00:00:00,2026-02-11 00:00:00,Mobile,Paid,0,0
BILL386780,CUST10054,281343,281343,2026-04-07 00:00:00,2026-04-10 00:00:00,Mobile,Paid,0,0
BILL117813,CUST10478,285626,285626,2026-03-11 00:00:00,2026-03-12 00:00:00,Mobile,Paid,0,0
BILL514256,CUST10090,233891,233891,2026-03-10 00:00:00,2026-03-12 00:00:00,Mobile,Paid,0,0
BILL470926,CUST10365,232975,232975,2026-02-10 00:00:00,2026-02-15 00:00:00,Web,Paid,0,0
BILL370924,CUST10233,326389,326389,2026-03-12 00:00:00,2026-03-12 00:00:00,Mobile,Paid,0,0
BILL945487,CUST10345,245919,245919,2026-02-09 00:00:00,2026-02-10 00:00:00,Mobile,Paid,0,0
BILL102191,CUST10140,382812,382812,2026-02-01 00:00:00,2026-02-01 00:00:00,API,Paid,0,0
BILL674490,CUST10278,293986,293986,2026-02-03 00:00:00,2026-02-02 00:00:00,Web,Paid,0,0
BILL740919,CUST10068,217601,217601,2026-04-04 00:00:00,2026-04-07 00:00:00,Mobile,Paid,0,0
BILL970576,CUST10602,264550,264550,2026-03-07 00:00:00,2026-03-08 00:00:00,Web,Paid,0,0
BILL341167,CUST10243,108833,108833,2026-03-07 00:00:00,2026-03-07 00:00:00,API,Paid,0,1
BILL679698,CUST10243,108833,108833,2026-03-07 00:00:00,2026-03-07 00:01:00,API,Paid,0,1
BILL438349,CUST10352,375803,375803,2026-04-13 00:00:00,2026-04-16 00:00:00,Mobile,Paid,0,0
BILL383062,CUST10406,109208,109208,2026-02-05 00:00:00,2026-02-07 00:00:00,Web,Paid,0,0
BILL681001,CUST10083,169188,169188,2026-03-13 00:00:00,2026-03-18 00:00:00,Mobile,Paid,0,0
BILL981360,CUST10538,392023,392023,2026-02-06 00:00:00,2026-02-11 00:00:00,Mobile,Paid,1,1
BILL713166,CUST10245,182230,182230,2026-02-06 00:00:00,2026-02-10 00:00:00,Web,Paid,0,0
BILL997126,CUST10559,134695,134695,2026-03-08 00:00:00,2026-03-11 00:00:00,Web,Paid,0,0
BILL566662,CUST10119,348631,348631,2026-02-07 00:00:00,2026-02-08 00:00:00,API,Paid,0,0
BILL775972,CUST10075,274772,274772,2026-05-16 00:00:00,2026-05-16 00:00:00,Web,Paid,0,0
BILL429811,CUST10438,243716,243716,2026-04-01 00:00:00,2026-04-03 00:00:00,Web,Paid,0,0
BILL446616,CUST10153,225835,225835,2026-02-08 00:00:00,2026-02-10 00:00:00,Web,Paid,0,0
BILL631123,CUST10448,210601,210601,2026-04-08 00:00:00,2026-04-10 00:00:00,Web,Paid,0,0
BILL552782,CUST10096,194180,194180,2026-01-31 00:00:00,2026-01-31 00:00:00,Mobile,Paid,1,1
BILL865606,CUST10562,347308,347308,2026-02-03 00:00:00,2026-02-08 00:00:00,Web,Paid,0,0
BILL566256,CUST10196,246448,246448,2026-03-07 00:00:00,2026-03-08 00:00:00,Web,Paid,0,0
BILL252506,CUST10582,283005,283005,2026-02-09 00:00:00,2026-02-12 00:00:00,Web,Paid,0,0
BILL862963,CUST10041,118023,118023,2026-04-09 00:00:00,2026-04-14 00:00:00,Mobile,Paid,0,0
BILL808170,CUST10581,355990,355990,2026-04-10 00:00:00,2026-04-10 00:00:00,Web,Paid,0,0
BILL406339,CUST10413,118569,118569,2026-03-07 00:00:00,2026-03-10 00:00:00,Mobile,Paid,0,0
BILL659699,CUST10431,233641,1244779,2026-03-12 00:00:00,2026-03-14 00:00:00,Mobile,Paid,0,1
BILL704079,CUST10499,174133,174133,2026-06-12 00:00:00,2026-06-16 00:00:00,Mobile,Paid,0,0
BILL728436,CUST10518,266405,266405,2026-03-08 00:00:00,2026-03-09 00:00:00,Web,Paid,0,0
BILL850532,CUST10024,197978,188923,2026-03-11 00:00:00,2026-03-13 00:00:00,Web,Paid,0,0
BILL292237,CUST10451,349644,349644,2026-02-08 00:00:00,2026-02-09 00:00:00,API,Paid,0,0
BILL150121,CUST10152,353426,353426,2026-02-01 00:00:00,2026-02-06 00:00:00,Mobile,Paid,0,0
BILL547428,CUST10114,174295,174295,2026-02-03 00:00:00,2026-02-06 00:00:00,Mobile,Paid,0,0
BILL848966,CUST10557,232020,232020,2026-02-09 00:00:00,2026-02-09 00:00:00,API,Paid,0,1
BILL710832,CUST10557,232020,232020,2026-02-09 00:00:00,2026-02-09 00:01:00,API,Paid,0,1
BILL855783,CUST10090,233891,233891,2026-04-11 00:00:00,2026-04-12 00:00:00,Mobile,Paid,0,0
BILL875925,CUST10056,158389,158389,2026-04-15 00:00:00,2026-04-18 00:00:00,Mobile,Paid,0,0
BILL927424,CUST10445,342383,342383,2026-04-06 00:00:00,2026-04-06 00:00:00,Mobile,Paid,0,0
BILL576815,CUST10593,389266,384101,2026-03-16 00:00:00,2026-03-20 00:00:00,Mobile,Paid,0,0
BILL963771,CUST10220,274271,274271,2026-03-08 00:00:00,2026-03-13 00:00:00,Web,Paid,0,0
BILL415719,CUST10450,398981,398981,2026-02-04 00:00:00,2026-02-04 00:00:00,Web,Paid,0,0
BILL652548,CUST10306,279909,279909,2026-03-12 00:00:00,2026-03-17 00:00:00,Web,Paid,0,0
BILL850657,CUST10604,236828,236828,2026-03-07 00:00:00,2026-03-07 00:00:00,Web,Paid,0,0
BILL406851,CUST10544,395821,214034,2026-03-05 00:00:00,2026-03-07 00:00:00,Web,Paid,0,1
BILL832188,CUST10185,363569,363569,2026-02-02 00:00:00,2026-02-04 00:00:00,Web,Paid,0,0
BILL300475,CUST10072,290755,290755,2026-02-09 00:00:00,2026-02-14 00:00:00,Web,Paid,0,0
BILL902869,CUST10428,186119,185463,2026-04-11 00:00:00,2026-04-11 00:00:00,Mobile,Paid,0,0
BILL735418,CUST10430,329033,329033,2026-03-09 00:00:00,2026-03-10 00:00:00,Mobile,Paid,0,0
BILL200663,CUST10591,250067,250067,2026-02-09 00:00:00,2026-02-11 00:00:00,Web,Paid,0,0
BILL361300,CUST10327,317238,317238,2026-02-10 00:00:00,2026-02-14 00:00:00,Mobile,Paid,0,0
BILL235841,CUST10135,357332,357332,2026-02-01 00:00:00,2026-02-02 00:00:00,API,Paid,0,0
BILL568758,CUST10377,321013,321013,2026-07-14 00:00:00,2026-07-18 00:00:00,Mobile,Paid,0,0
BILL905758,CUST10355,167264,167264,2026-03-16 00:00:00,2026-03-20 00:00:00,Web,Paid,0,0
BILL912911,CUST10156,369239,369239,2026-03-10 00:00:00,2026-03-15 00:00:00,Web,Paid,0,0
BILL818841,CUST10225,336520,336520,2026-03-14 00:00:00,2026-03-16 00:00:00,Web,Paid,0,0
BILL562671,CUST10093,290499,290499,2026-04-10 00:00:00,2026-04-12 00:00:00,Mobile,Paid,0,0
BILL310600,CUST10488,237166,237166,2026-03-08 00:00:00,2026-03-08 00:00:00,Web,Paid,0,0
BILL137460,CUST10598,132557,132557,2026-02-08 00:00:00,2026-02-10 00:00:00,Mobile,Paid,0,0
BILL362003,CUST10266,348186,348186,2026-02-06 00:00:00,2026-02-06 00:00:00,API,Paid,0,0
BILL195553,CUST10335,250897,250897,2026-04-02 00:00:00,2026-04-02 00:00:00,API,Paid,0,1
BILL647263,CUST10335,250897,250897,2026-04-02 00:00:00,2026-04-02 00:01:00,API,Paid,0,1
BILL186959,CUST10335,250897,250897,2026-04-02 00:00:00,2026-04-02 00:02:00,API,Paid,0,1
BILL823590,CUST10004,213029,213029,2026-04-07 00:00:00,2026-04-08 00:00:00,Mobile,Paid,0,0
BILL530044,CUST10222,112320,112320,2026-04-13 00:00:00,2026-04-16 00:00:00,Web,Paid,0,0
BILL473586,CUST10290,248997,254350,2026-03-10 00:00:00,2026-03-15 00:00:00,Mobile,Paid,0,0
BILL729513,CUST10006,161946,161946,2026-02-04 00:00:00,2026-02-04 00:00:00,API,Paid,0,0
BILL839047,CUST10233,326389,326389,2026-04-11 00:00:00,2026-04-16 00:00:00,API,Paid,0,0
BILL737575,CUST10307,309967,309967,2026-01-31 00:00:00,2026-01-31 00:00:00,Mobile,Paid,0,0
BILL621357,CUST10540,354795,354795,2026-02-10 00:00:00,2026-02-12 00:00:00,API,Paid,0,0
BILL468249,CUST10218,180276,180276,2026-04-13 00:00:00,2026-04-14 00:00:00,Mobile,Paid,0,0
BILL649429,CUST10162,365049,365049,2026-03-04 00:00:00,2026-03-09 00:00:00,Mobile,Paid,0,0
BILL448408,CUST10093,290499,290499,2026-05-12 00:00:00,2026-05-16 00:00:00,API,Paid,0,0
BILL913458,CUST10042,162275,162275,2026-04-19 00:00:00,2026-04-21 00:00:00,Web,Paid,0,0
BILL847529,CUST10379,362880,377713,2026-02-03 00:00:00,2026-02-08 00:00:00,Mobile,Paid,1,1
BILL601273,CUST10389,170321,170321,2026-04-08 00:00:00,2026-04-11 00:00:00,Web,Paid,0,0
BILL475932,CUST10516,381906,381906,2026-02-07 00:00:00,2026-02-08 00:00:00,Mobile,Paid,0,0
BILL952809,CUST10597,121035,121035,2026-03-03 00:00:00,2026-03-08 00:00:00,Web,Paid,0,0
BILL801011,CUST10541,373598,373598,2026-04-09 00:00:00,2026-04-13 00:00:00,Web,Paid,0,0
BILL255458,CUST10159,171080,171080,2026-03-14 00:00:00,2026-03-17 00:00:00,Web,Paid,0,0
BILL883704,CUST10037,154510,154510,2026-03-11 00:00:00,2026-03-13 00:00:00,Mobile,Paid,0,0
BILL244601,CUST10177,123749,123749,2026-02-07 00:00:00,2026-02-09 00:00:00,API,Paid,0,1
BILL941660,CUST10002,204619,204619,2026-04-10 00:00:00,2026-04-12 00:00:00,Web,Paid,0,0
BILL675051,CUST10084,206469,206469,2026-03-11 00:00:00,2026-03-15 00:00:00,Mobile,Paid,0,0
BILL136637,CUST10127,135804,135804,2026-04-14 00:00:00,2026-04-15 00:00:00,Web,Paid,0,0
BILL967916,CUST10351,168423,168423,2026-02-09 00:00:00,2026-02-08 00:00:00,Mobile,Paid,0,0
BILL642305,CUST10244,350035,350035,2026-03-05 00:00:00,2026-03-10 00:00:00,Web,Paid,0,0
BILL871388,CUST10341,124456,124456,2026-03-10 00:00:00,2026-03-15 00:00:00,Web,Paid,0,0
BILL991264,CUST10002,204619,204619,2026-05-12 00:00:00,2026-05-14 00:00:00,Web,Paid,0,0
BILL400904,CUST10096,194180,194180,2026-03-02 00:00:00,2026-03-03 00:00:00,Mobile,Paid,0,0
BILL655115,CUST10057,189967,189967,2026-04-17 00:00:00,2026-04-17 00:00:00,Web,Paid,0,0
BILL138325,CUST10052,298577,298577,2026-04-16 00:00:00,2026-04-17 00:00:00,Mobile,Paid,0,0
BILL229046,CUST10363,376658,376658,2026-02-10 00:00:00,2026-02-13 00:00:00,Web,Paid,0,0
BILL174244,CUST10163,307698,319619,2026-02-02 00:00:00,2026-02-06 00:00:00,Web,Paid,0,0
BILL311633,CUST10279,200340,200340,2026-03-11 00:00:00,2026-03-14 00:00:00,Mobile,Paid,0,0
BILL897590,CUST10326,131336,131336,2026-04-10 00:00:00,2026-04-10 00:00:00,API,Paid,0,1
BILL147637,CUST10326,131336,131336,2026-04-10 00:00:00,2026-04-10 00:01:00,API,Paid,0,1
BILL896726,CUST10304,302555,302555,2026-02-10 00:00:00,2026-02-11 00:00:00,Mobile,Paid,0,0
BILL434434,CUST10539,138041,138041,2026-04-05 00:00:00,2026-04-06 00:00:00,Mobile,Paid,0,0
BILL774911,CUST10130,234358,234358,2026-02-07 00:00:00,2026-02-07 00:00:00,Mobile,Paid,0,0
BILL879470,CUST10341,124456,124456,2026-04-14 00:00:00,2026-04-16 00:00:00,Web,Paid,0,0
BILL952549,CUST10528,123124,123124,2026-04-16 00:00:00,2026-04-20 00:00:00,Mobile,Paid,0,0
BILL147810,CUST10407,250699,250699,2026-02-08 00:00:00,2026-02-11 00:00:00,Web,Paid,0,0
BILL863683,CUST10462,340978,340978,2026-02-01 00:00:00,2026-02-02 00:00:00,Web,Paid,0,0
BILL865285,CUST10072,290755,290755,2026-03-16 00:00:00,2026-03-20 00:00:00,Web,Paid,0,0
BILL510367,CUST10598,132557,132557,2026-03-12 00:00:00,2026-03-12 00:00:00,Mobile,Paid,0,0
BILL589343,CUST10260,318492,318492,2026-03-10 00:00:00,2026-03-10 00:00:00,Mobile,Paid,0,0
BILL259299,CUST10524,240935,240935,2026-02-04 00:00:00,2026-02-04 00:00:00,Mobile,Paid,0,0
BILL652041,CUST10369,232410,232410,2026-02-03 00:00:00,2026-02-03 00:00:00,API,Paid,0,0
BILL170966,CUST10412,345344,345344,2026-03-08 00:00:00,2026-03-09 00:00:00,Mobile,Paid,0,0
BILL719926,CUST10045,127039,127039,2026-03-11 00:00:00,2026-03-12 00:00:00,Mobile,Paid,0,0
BILL216856,CUST10123,171669,171669,2026-02-07 00:00:00,2026-02-11 00:00:00,Web,Paid,1,1
BILL876690,CUST10035,369586,369586,2026-03-15 00:00:00,2026-03-15 00:00:00,Web,Paid,0,0
BILL309344,CUST10476,116759,448718,2026-04-06 00:00:00,2026-04-10 00:00:00,Web,Paid,0,1
BILL261016,CUST10089,268535,268535,2026-03-07 00:00:00,2026-03-10 00:00:00,Web,Paid,0,0
BILL853372,CUST10591,250067,250067,2026-03-13 00:00:00,2026-03-16 00:00:00,Web,Paid,0,0
BILL574990,CUST10077,278619,278619,2026-03-06 00:00:00,2026-03-11 00:00:00,Mobile,Paid,0,0
BILL930614,CUST10588,315845,315845,2026-03-12 00:00:00,2026-03-17 00:00:00,Mobile,Paid,0,0
BILL203705,CUST10227,202023,202023,2026-03-16 00:00:00,2026-03-19 00:00:00,Mobile,Paid,0,0
BILL283565,CUST10155,318440,318440,2026-05-16 00:00:00,2026-05-21 00:00:00,Web,Paid,0,0
BILL509205,CUST10523,151607,151607,2026-03-11 00:00:00,2026-03-11 00:00:00,Web,Paid,0,0
BILL295611,CUST10308,187089,187089,2026-02-09 00:00:00,2026-02-11 00:00:00,Mobile,Paid,0,0
BILL160588,CUST10026,224210,224210,2026-02-04 00:00:00,2026-02-07 00:00:00,Mobile,Paid,0,0
BILL700096,CUST10223,367891,367891,2026-03-03 00:00:00,2026-03-04 00:00:00,Web,Paid,0,0
BILL975301,CUST10394,163160,163160,2026-03-11 00:00:00,2026-03-12 00:00:00,Web,Paid,0,0
BILL939843,CUST10536,367293,367293,2026-01-31 00:00:00,2026-02-03 00:00:00,Web,Paid,0,0
BILL516158,CUST10103,245102,245102,2026-03-13 00:00:00,2026-03-18 00:00:00,Mobile,Paid,0,0
BILL370608,CUST10311,151937,41895,2026-04-11 00:00:00,2026-04-11 00:00:00,Mobile,Paid,0,1
BILL250096,CUST10232,124686,124686,2026-03-07 00:00:00,2026-03-07 00:00:00,Web,Paid,0,0
BILL840780,CUST10003,171760,171760,2026-02-06 00:00:00,2026-02-11 00:00:00,Mobile,Paid,0,0
BILL290091,CUST10561,142207,142207,2026-02-09 00:00:00,2026-02-10 00:00:00,Mobile,Paid,0,0
BILL377576,CUST10323,149822,149822,2026-03-05 00:00:00,2026-03-08 00:00:00,Mobile,Paid,0,0
BILL709343,CUST10417,378264,371948,2026-02-06 00:00:00,2026-02-11 00:00:00,Mobile,Paid,0,0
BILL653418,CUST10145,383532,383532,2026-02-09 00:00:00,2026-02-11 00:00:00,Web,Paid,0,0
BILL232831,CUST10073,338950,338950,2026-04-04 00:00:00,2026-04-05 00:00:00,Mobile,Paid,0,0
BILL508267,CUST10420,389530,389530,2026-02-05 00:00:00,2026-02-10 00:00:00,Mobile,Paid,0,0
BILL262581,CUST10438,243716,243716,2026-05-03 00:00:00,2026-05-08 00:00:00,Web,Paid,0,0
BILL829793,CUST10497,395180,395180,2026-03-16 00:00:00,2026-03-21 00:00:00,Web,Paid,0,0
BILL373432,CUST10471,287323,287323,2026-04-02 00:00:00,2026-04-03 00:00:00,Web,Paid,0,0
BILL641922,CUST10139,130766,130766,2026-04-08 00:00:00,2026-04-10 00:00:00,Mobile,Paid,0,0
BILL995974,CUST10145,383532,383532,2026-03-13 00:00:00,2026-03-14 00:00:00,Web,Paid,0,0
BILL680773,CUST10318,300846,118105,2026-05-15 00:00:00,2026-05-19 00:00:00,Mobile,Paid,0,1
BILL167086,CUST10501,197521,197521,2026-01-31 00:00:00,2026-02-04 00:00:00,Web,Paid,0,0
BILL233648,CUST10096,194180,194180,2026-04-02 00:00:00,2026-04-02 00:00:00,Mobile,Paid,0,0
BILL417984,CUST10295,382198,382198,2026-02-10 00:00:00,2026-02-14 00:00:00,API,Paid,0,0
BILL468465,CUST10540,354795,354795,2026-03-14 00:00:00,2026-03-14 00:00:00,Web,Paid,0,0
BILL137300,CUST10126,171560,65222,2026-02-05 00:00:00,2026-02-06 00:00:00,Web,Paid,0,1
BILL428146,CUST10482,198775,198775,2026-02-09 00:00:00,2026-02-10 00:00:00,Web,Paid,0,0
BILL931895,CUST10455,228673,228673,2026-03-12 00:00:00,2026-03-13 00:00:00,Web,Paid,0,0
BILL185952,CUST10147,165632,165632,2026-02-03 00:00:00,2026-02-08 00:00:00,Mobile,Paid,0,0
BILL300220,CUST10603,276192,276192,2026-02-07 00:00:00,2026-02-12 00:00:00,Web,Paid,0,0
BILL791824,CUST10487,197958,197958,2026-02-02 00:00:00,2026-02-04 00:00:00,Mobile,Paid,0,0
BILL794525,CUST10465,389187,389187,2026-03-09 00:00:00,2026-03-12 00:00:00,Mobile,Paid,0,0
BILL277661,CUST10466,222104,222104,2026-02-07 00:00:00,2026-02-09 00:00:00,Web,Paid,0,0
BILL290292,CUST10493,113712,113712,2026-02-04 00:00:00,2026-02-07 00:00:00,Web,Paid,0,0
BILL148405,CUST10149,368631,368631,2026-04-10 00:00:00,2026-04-13 00:00:00,Web,Paid,0,0
BILL307877,CUST10371,292424,299575,2026-03-09 00:00:00,2026-03-13 00:00:00,Web,Paid,0,0
BILL565793,CUST10332,159917,159917,2026-02-03 00:00:00,2026-02-07 00:00:00,Web,Paid,0,0
BILL822580,CUST10332,159917,159917,2026-03-09 00:00:00,2026-03-12 00:00:00,Web,Paid,0,0
BILL933823,CUST10051,104563,104563,2026-03-08 00:00:00,2026-03-11 00:00:00,Web,Paid,0,0
BILL721332,CUST10451,349644,349644,2026-03-11 00:00:00,2026-03-13 00:00:00,Web,Paid,0,0
BILL299339,CUST10255,242003,242003,2026-02-06 00:00:00,2026-02-09 00:00:00,Web,Paid,0,0
BILL743916,CUST10547,377662,377662,2026-01-31 00:00:00,2026-02-01 00:00:00,Mobile,Paid,0,0
BILL703881,CUST10606,301749,301749,2026-03-10 00:00:00,2026-03-10 00:00:00,Mobile,Paid,0,0
BILL443426,CUST10546,396437,396437,2026-02-10 00:00:00,2026-02-11 00:00:00,API,Paid,0,0
BILL187380,CUST10434,189170,189170,2026-05-17 00:00:00,2026-05-17 00:00:00,Web,Paid,0,0
BILL644999,CUST10515,364999,364999,2026-02-08 00:00:00,2026-02-08 00:00:00,Mobile,Paid,0,0
BILL202774,CUST10043,193406,193406,2026-02-10 00:00:00,2026-02-10 00:00:00,Web,Paid,0,0
BILL182941,CUST10320,182107,182107,2026-02-05 00:00:00,2026-02-10 00:00:00,Mobile,Paid,0,0
BILL480793,CUST10301,366492,366492,2026-02-03 00:00:00,2026-02-07 00:00:00,Mobile,Paid,0,0
BILL634128,CUST10556,337399,337399,2026-02-08 00:00:00,2026-02-08 00:00:00,API,Paid,0,0
BILL212620,CUST10456,217235,217235,2026-02-05 00:00:00,2026-02-10 00:00:00,Mobile,Paid,0,0
BILL968585,CUST10234,321736,321736,2026-05-12 00:00:00,2026-05-15 00:00:00,API,Paid,0,0
BILL291092,CUST10370,105982,105982,2026-03-09 00:00:00,2026-03-13 00:00:00,Mobile,Paid,0,0
BILL411340,CUST10302,309550,309550,2026-05-06 00:02:00,2026-05-07 00:02:00,Web,Paid,0,0
BILL948641,CUST10050,162880,162880,2026-05-16 00:00:00,2026-05-16 00:00:00,Mobile,Paid,0,0
BILL104752,CUST10237,112971,112971,2026-04-15 00:00:00,2026-04-15 00:00:00,Mobile,Paid,0,0
BILL484410,CUST10193,149841,149841,2026-02-08 00:00:00,2026-02-12 00:00:00,Mobile,Paid,0,0
BILL983609,CUST10517,283169,283169,2026-03-15 00:00:00,2026-03-16 00:00:00,Mobile,Paid,0,0
BILL770432,CUST10587,236036,236036,2026-02-03 00:00:00,2026-02-07 00:00:00,Mobile,Paid,0,0
BILL583350,CUST10077,278619,278619,2026-04-10 00:00:00,2026-04-11 00:00:00,Mobile,Paid,0,0
BILL376396,CUST10155,318440,318440,2026-06-20 00:00:00,2026-06-22 00:00:00,Web,Paid,0,0
BILL890237,CUST10306,279909,279909,2026-04-16 00:00:00,2026-04-19 00:00:00,Web,Paid,0,0
BILL888861,CUST10007,198682,198682,2026-02-10 00:00:00,2026-02-14 00:00:00,Mobile,Paid,0,0
BILL603747,CUST10311,151937,151937,2026-05-11 00:00:00,2026-05-12 00:00:00,Mobile,Paid,0,0
BILL623575,CUST10412,345344,345344,2026-04-08 00:00:00,2026-04-11 00:00:00,Mobile,Paid,0,0
BILL456511,CUST10473,333096,333096,2026-03-11 00:00:00,2026-03-15 00:00:00,Web,Paid,0,0
BILL147609,CUST10114,174295,174295,2026-03-08 00:00:00,2026-03-12 00:00:00,Mobile,Paid,0,0
BILL142685,CUST10381,388958,388958,2026-02-06 00:00:00,2026-02-08 00:00:00,Web,Paid,0,0
BILL707090,CUST10143,251424,251424,2026-05-10 00:00:00,2026-05-15 00:00:00,Web,Paid,0,0
BILL961526,CUST10572,340687,340687,2026-02-01 00:00:00,2026-02-03 00:00:00,Mobile,Paid,0,0
BILL876712,CUST10051,104563,104563,2026-04-10 00:00:00,2026-04-11 00:00:00,Web,Paid,0,0
BILL723203,CUST10013,287233,287233,2026-03-16 00:00:00,2026-03-18 00:00:00,Mobile,Paid,0,0
BILL697935,CUST10324,340137,340137,2026-04-06 00:00:00,2026-04-09 00:00:00,Web,Paid,0,0
BILL265536,CUST10172,236861,236861,2026-01-31 00:00:00,2026-02-03 00:00:00,Mobile,Paid,0,0
BILL372104,CUST10109,383003,383003,2026-02-10 00:00:00,2026-02-15 00:00:00,Web,Paid,0,0
BILL691616,CUST10465,389187,389187,2026-04-11 00:00:00,2026-04-12 00:00:00,API,Paid,0,0
BILL181527,CUST10375,235313,235313,2026-03-07 00:00:00,2026-03-07 00:00:00,Mobile,Paid,0,0
BILL242891,CUST10562,347308,347308,2026-03-10 00:00:00,2026-03-13 00:00:00,Web,Paid,0,0
BILL899522,CUST10506,364730,364730,2026-03-06 00:00:00,2026-03-11 00:00:00,Web,Paid,0,0
BILL858870,CUST10293,306558,306558,2026-04-07 00:00:00,2026-04-12 00:00:00,Web,Paid,0,0
BILL577975,CUST10261,313603,313603,2026-02-06 00:00:00,2026-02-11 00:00:00,Mobile,Paid,0,0
BILL665132,CUST10400,201664,201664,2026-02-09 00:00:00,2026-02-11 00:00:00,Mobile,Paid,0,0
BILL584445,CUST10464,345977,345977,2026-05-16 00:00:00,2026-05-16 00:00:00,Web,Paid,0,0
BILL517319,CUST10497,395180,247631,2026-04-20 00:00:00,2026-04-22 00:00:00,Web,Paid,0,1
BILL299960,CUST10497,395180,395180,2026-05-22 00:00:00,2026-05-22 00:00:00,API,Paid,0,0
BILL404007,CUST10379,362880,362880,2026-03-10 00:00:00,2026-03-14 00:00:00,Mobile,Paid,0,0
BILL113005,CUST10054,281343,281343,2026-05-10 00:00:00,2026-05-10 00:00:00,Mobile,Paid,0,0
BILL253393,CUST10582,283005,283005,2026-03-14 00:00:00,2026-03-19 00:00:00,Web,Paid,0,0
BILL518138,CUST10534,108269,108269,2026-02-09 00:00:00,2026-02-12 00:00:00,API,Paid,0,0
BILL724047,CUST10442,159799,163587,2026-04-14 00:00:00,2026-04-15 00:00:00,Web,Paid,0,0
BILL389132,CUST10551,157266,157266,2026-02-04 00:00:00,2026-02-06 00:00:00,Web,Paid,0,0
BILL682718,CUST10189,232919,226244,2026-03-12 00:00:00,2026-03-12 00:00:00,Web,Paid,0,0
BILL102774,CUST10608,375374,375374,2026-02-01 00:00:00,2026-02-06 00:00:00,Mobile,Paid,0,0
BILL850458,CUST10550,205293,199048,2026-04-08 00:00:00,2026-04-13 00:00:00,Web,Paid,0,0
BILL605051,CUST10147,165632,165632,2026-03-10 00:00:00,2026-03-14 00:00:00,Mobile,Paid,0,0
BILL879528,CUST10370,105982,105982,2026-04-12 00:00:00,2026-04-13 00:00:00,Mobile,Paid,0,0
BILL782033,CUST10255,242003,242003,2026-03-11 00:00:00,2026-03-11 00:00:00,API,Paid,0,0
BILL560805,CUST10049,229700,229700,2026-02-10 00:00:00,2026-02-11 00:00:00,Web,Paid,0,0
BILL391756,CUST10616,239478,239478,2026-02-04 00:00:00,2026-02-07 00:00:00,Mobile,Paid,0,0
BILL154030,CUST10067,143557,143557,2026-02-08 00:00:00,2026-02-09 00:00:00,API,Paid,0,0
BILL646196,CUST10024,197978,197978,2026-04-12 00:00:00,2026-04-14 00:00:00,Web,Paid,0,0
BILL769143,CUST10243,108833,108833,2026-04-06 00:02:00,2026-04-08 00:02:00,Web,Paid,0,0
BILL380443,CUST10208,111049,111049,2026-04-12 00:00:00,2026-04-14 00:00:00,Mobile,Paid,0,0
BILL996237,CUST10197,231115,231115,2026-03-12 00:00:00,2026-03-14 00:00:00,Web,Paid,1,1
BILL976321,CUST10405,306307,306307,2026-02-01 00:00:00,2026-02-04 00:00:00,Mobile,Paid,0,0
BILL552370,CUST10103,245102,245102,2026-04-17 00:00:00,2026-04-16 00:00:00,Mobile,Paid,0,0
BILL438346,CUST10493,113712,113712,2026-03-09 00:00:00,2026-03-11 00:00:00,Web,Paid,0,0
BILL280721,CUST10465,389187,389187,2026-05-12 00:00:00,2026-05-13 00:00:00,Mobile,Paid,0,0
BILL805407,CUST10534,108269,108269,2026-03-14 00:00:00,2026-03-17 00:00:00,Mobile,Paid,0,0
BILL327433,CUST10404,225615,225615,2026-04-14 00:00:00,2026-04-19 00:00:00,Web,Paid,0,0
BILL226715,CUST10512,252894,252894,2026-03-05 00:00:00,2026-03-09 00:00:00,Mobile,Paid,0,0
BILL731764,CUST10607,185478,185478,2026-02-07 00:00:00,2026-02-11 00:00:00,Web,Paid,0,0
BILL105206,CUST10114,174295,167708,2026-04-11 00:00:00,2026-04-16 00:00:00,Mobile,Paid,0,0
BILL684632,CUST10170,132224,132224,2026-04-13 00:00:00,2026-04-14 00:00:00,Mobile,Paid,0,0
BILL257776,CUST10367,161422,161422,2026-02-10 00:00:00,2026-02-14 00:00:00,Mobile,Paid,0,0
BILL459245,CUST10195,215225,215225,2026-02-02 00:00:00,2026-02-02 00:00:00,API,Paid,0,1
BILL132506,CUST10195,215225,215225,2026-02-02 00:00:00,2026-02-02 00:01:00,API,Paid,0,1
BILL586913,CUST10195,215225,215225,2026-02-02 00:00:00,2026-02-02 00:02:00,API,Paid,0,1
BILL266220,CUST10586,278993,278993,2026-03-08 00:00:00,2026-03-11 00:00:00,Web,Paid,0,0
BILL901464,CUST10519,147123,147123,2026-01-31 00:00:00,2026-02-03 00:00:00,Mobile,Paid,0,0
BILL858843,CUST10315,102741,102741,2026-02-08 00:00:00,2026-02-13 00:00:00,Web,Paid,0,0
BILL325285,CUST10239,298439,298439,2026-03-09 00:00:00,2026-03-11 00:00:00,Mobile,Paid,0,0
BILL812579,CUST10142,210354,210354,2026-04-12 00:00:00,2026-04-13 00:00:00,Web,Paid,0,0
BILL260654,CUST10189,232919,156976,2026-04-11 00:00:00,2026-04-14 00:00:00,Web,Paid,0,1
BILL410708,CUST10467,160665,160665,2026-04-09 00:00:00,2026-04-09 00:00:00,Web,Paid,0,0
BILL255847,CUST10233,326389,314721,2026-05-16 00:00:00,2026-05-17 00:00:00,Mobile,Paid,0,0
BILL598502,CUST10594,328203,328203,2026-04-19 00:00:00,2026-04-21 00:00:00,Web,Paid,0,0
BILL146924,CUST10230,233935,233935,2026-05-06 00:00:00,2026-05-06 00:00:00,Mobile,Paid,0,0
BILL961432,CUST10125,257003,257003,2026-02-04 00:00:00,2026-02-07 00:00:00,API,Paid,0,0
BILL732482,CUST10335,250897,250897,2026-05-02 00:03:00,2026-05-04 00:03:00,Web,Paid,0,0
BILL345062,CUST10339,233388,233388,2026-03-14 00:00:00,2026-03-16 00:00:00,Mobile,Paid,0,0
BILL257616,CUST10309,119726,119726,2026-02-05 00:00:00,2026-02-10 00:00:00,API,Paid,0,0
BILL768100,CUST10266,348186,348186,2026-03-08 00:00:00,2026-03-09 00:00:00,API,Paid,0,0
BILL801792,CUST10164,320265,320265,2026-02-06 00:00:00,2026-02-07 00:00:00,Mobile,Paid,0,0
BILL877660,CUST10298,306913,306913,2026-03-11 00:00:00,2026-03-12 00:00:00,Mobile,Paid,0,0
BILL824563,CUST10047,311412,311412,2026-03-04 00:00:00,2026-03-08 00:00:00,Web,Paid,0,0
BILL959062,CUST10498,382916,382916,2026-03-12 00:00:00,2026-03-15 00:00:00,Web,Paid,0,0
BILL389947,CUST10038,306468,306468,2026-04-16 00:00:00,2026-04-18 00:00:00,API,Paid,0,0
BILL440230,CUST10060,397340,247269,2026-01-31 00:00:00,2026-02-02 00:00:00,Web,Paid,0,1
BILL927095,CUST10515,364999,364999,2026-03-10 00:00:00,2026-03-12 00:00:00,Mobile,Paid,0,0
BILL216507,CUST10308,187089,187089,2026-03-13 00:00:00,2026-03-16 00:00:00,Mobile,Paid,0,0
BILL430683,CUST10092,397873,397873,2026-02-09 00:00:00,2026-02-13 00:00:00,Mobile,Paid,0,0
BILL390424,CUST10277,359643,359643,2026-03-13 00:00:00,2026-03-14 00:00:00,Mobile,Paid,0,0
BILL730503,CUST10477,337604,337604,2026-02-09 00:00:00,2026-02-10 00:00:00,Mobile,Paid,0,0
BILL523793,CUST10083,169188,169188,2026-04-17 00:00:00,2026-04-18 00:00:00,API,Paid,0,0
BILL605755,CUST10307,309967,309967,2026-03-02 00:00:00,2026-03-03 00:00:00,Mobile,Paid,0,0
BILL530341,CUST10342,221121,221121,2026-03-10 00:00:00,2026-03-10 00:00:00,Mobile,Paid,0,0
BILL900705,CUST10023,387541,387541,2026-02-03 00:00:00,2026-02-03 00:00:00,Mobile,Paid,0,0
BILL256389,CUST10398,190448,190448,2026-02-08 00:00:00,2026-02-07 00:00:00,API,Paid,0,0
BILL872905,CUST10468,377171,377171,2026-03-07 00:00:00,2026-03-12 00:00:00,API,Paid,0,0
BILL268807,CUST10452,193937,193937,2026-06-12 00:00:00,2026-06-13 00:00:00,Web,Paid,0,0
BILL575630,CUST10086,360375,360375,2026-03-09 00:00:00,2026-03-11 00:00:00,Mobile,Paid,0,0
BILL856211,CUST10588,315845,315845,2026-04-16 00:00:00,2026-04-17 00:00:00,Mobile,Paid,0,0
BILL888039,CUST10024,197978,197978,2026-05-14 00:00:00,2026-05-19 00:00:00,API,Paid,0,0
BILL802417,CUST10322,249491,249491,2026-03-06 00:00:00,2026-03-09 00:00:00,Mobile,Paid,0,0
BILL311537,CUST10119,348631,348631,2026-03-10 00:00:00,2026-03-10 00:00:00,API,Paid,0,1
BILL758654,CUST10546,396437,396437,2026-03-13 00:00:00,2026-03-17 00:00:00,Mobile,Paid,0,0
BILL152968,CUST10258,165224,165224,2026-03-11 00:00:00,2026-03-12 00:00:00,Mobile,Paid,0,0
BILL419059,CUST10018,259095,259095,2026-04-15 00:00:00,2026-04-20 00:00:00,Web,Paid,0,0
BILL344985,CUST10400,201664,206016,2026-03-13 00:00:00,2026-03-14 00:00:00,Mobile,Paid,0,0
BILL385338,CUST10567,175282,175282,2026-03-11 00:00:00,2026-03-15 00:00:00,Web,Paid,0,0
BILL118085,CUST10314,321937,321937,2026-03-12 00:00:00,2026-03-12 00:00:00,Web,Paid,0,0
BILL794021,CUST10522,340137,340137,2026-01-31 00:00:00,2026-02-01 00:00:00,Mobile,Paid,0,0
BILL976093,CUST10268,130751,130751,2026-03-02 00:00:00,2026-03-07 00:00:00,API,Paid,0,0
BILL397271,CUST10229,164951,164951,2026-04-11 00:00:00,2026-04-13 00:00:00,Web,Paid,0,0
BILL379430,CUST10080,308693,308693,2026-02-02 00:00:00,2026-02-06 00:00:00,Web,Paid,0,0
BILL616669,CUST10532,138272,138272,2026-03-13 00:00:00,2026-03-14 00:00:00,Mobile,Paid,0,0
BILL739170,CUST10490,322691,321973,2026-03-04 00:00:00,2026-03-06 00:00:00,API,Paid,0,0
BILL445866,CUST10186,259377,259377,2026-04-14 00:00:00,2026-04-17 00:00:00,Mobile,Paid,0,0
BILL296743,CUST10284,190045,190045,2026-02-07 00:00:00,2026-02-10 00:00:00,Web,Paid,0,0
BILL753079,CUST10257,386151,386151,2026-03-08 00:00:00,2026-03-11 00:00:00,Mobile,Paid,0,0
BILL764636,CUST10075,274772,274772,2026-06-15 00:00:00,2026-06-20 00:00:00,Web,Paid,0,0
BILL793268,CUST10178,352805,352805,2026-02-09 00:00:00,2026-02-09 00:00:00,Web,Paid,0,0
BILL493463,CUST10342,221121,221121,2026-04-09 00:00:00,2026-04-13 00:00:00,Mobile,Paid,0,0
BILL415167,CUST10145,383532,383532,2026-04-13 00:00:00,2026-04-16 00:00:00,Web,Paid,0,0
BILL392454,CUST10571,146646,146646,2026-04-10 00:00:00,2026-04-15 00:00:00,Web,Paid,0,0
BILL453741,CUST10090,233891,233891,2026-05-12 00:00:00,2026-05-16 00:00:00,Mobile,Paid,0,0
BILL668807,CUST10199,340465,340465,2026-03-13 00:00:00,2026-03-13 00:00:00,Web,Paid,0,0
BILL944711,CUST10615,189647,189647,2026-02-06 00:00:00,2026-02-06 00:00:00,Mobile,Paid,0,0
BILL967662,CUST10037,154510,154510,2026-04-12 00:00:00,2026-04-11 00:00:00,Mobile,Paid,0,0
BILL975723,CUST10326,131336,131336,2026-05-10 00:02:00,2026-05-10 00:02:00,Mobile,Paid,0,0
BILL211206,CUST10433,234061,234061,2026-04-07 00:00:00,2026-04-12 00:00:00,Web,Paid,0,0
BILL749074,CUST10295,382198,382198,2026-03-16 00:00:00,2026-03-19 00:00:00,Web,Paid,0,0
BILL416918,CUST10060,397340,397340,2026-03-04 00:00:00,2026-03-09 00:00:00,Web,Paid,0,0
BILL738247,CUST10324,340137,340137,2026-05-09 00:00:00,2026-05-13 00:00:00,Web,Paid,0,0
BILL318606,CUST10514,324503,324503,2026-05-10 00:00:00,2026-05-14 00:00:00,Web,Paid,0,0
BILL404194,CUST10348,149541,149541,2026-05-19 00:00:00,2026-05-22 00:00:00,Mobile,Paid,0,0
BILL260561,CUST10220,274271,274271,2026-04-12 00:00:00,2026-04-12 00:00:00,API,Paid,0,0
BILL686792,CUST10078,271954,271954,2026-03-06 00:00:00,2026-03-07 00:00:00,Web,Paid,0,0
BILL741191,CUST10119,348631,348631,2026-04-09 00:00:00,2026-04-10 00:00:00,Web,Paid,0,0
BILL502136,CUST10166,227405,227405,2026-02-02 00:00:00,2026-02-03 00:00:00,Mobile,Paid,0,0
BILL494025,CUST10483,165857,160582,2026-04-06 00:00:00,2026-04-09 00:00:00,Mobile,Paid,0,0
BILL115518,CUST10348,149541,149541,2026-06-21 00:00:00,2026-06-25 00:00:00,Mobile,Paid,0,0
BILL220746,CUST10301,366492,366492,2026-03-09 00:00:00,2026-03-10 00:00:00,API,Paid,0,0
BILL557867,CUST10566,323243,323243,2026-02-03 00:00:00,2026-02-05 00:00:00,Mobile,Paid,0,0
BILL654167,CUST10141,236549,236549,2026-03-12 00:00:00,2026-03-17 00:00:00,Mobile,Paid,0,0
BILL586481,CUST10077,278619,278619,2026-05-11 00:00:00,2026-05-15 00:00:00,Mobile,Paid,0,0
BILL140389,CUST10284,190045,190045,2026-03-12 00:00:00,2026-03-15 00:00:00,Web,Paid,0,0
BILL460723,CUST10467,160665,160665,2026-05-09 00:00:00,2026-05-12 00:00:00,Web,Paid,0,0
BILL904276,CUST10095,333349,317629,2026-03-11 00:00:00,2026-03-11 00:00:00,Mobile,Paid,0,0
BILL396700,CUST10264,175717,175717,2026-03-15 00:00:00,2026-03-19 00:00:00,Web,Paid,0,0
BILL890537,CUST10259,375640,375640,2026-03-10 00:00:00,2026-03-12 00:00:00,Mobile,Paid,0,0
BILL246935,CUST10362,343191,343225,2026-02-08 00:00:00,2026-02-08 00:00:00,Web,Paid,0,0
BILL585795,CUST10070,238824,238824,2026-03-07 00:00:00,2026-03-07 00:00:00,Web,Paid,0,0
BILL360056,CUST10205,223531,109114,2026-03-11 00:00:00,2026-03-14 00:00:00,Mobile,Paid,0,1
BILL933237,CUST10061,106864,106864,2026-02-01 00:00:00,2026-02-05 00:00:00,Web,Paid,0,0
BILL844348,CUST10040,130009,130009,2026-03-14 00:00:00,2026-03-17 00:00:00,Mobile,Paid,0,0
BILL462554,CUST10411,396965,396965,2026-03-08 00:00:00,2026-03-11 00:00:00,Web,Paid,0,0
BILL934547,CUST10486,305903,305903,2026-03-06 00:00:00,2026-03-09 00:00:00,Mobile,Paid,0,0
BILL686933,CUST10538,392023,392023,2026-03-13 00:00:00,2026-03-13 00:00:00,Mobile,Paid,0,0
BILL537601,CUST10350,268142,940702,2026-03-04 00:00:00,2026-03-09 00:00:00,Mobile,Paid,0,1
BILL450842,CUST10582,283005,283005,2026-04-18 00:00:00,2026-04-18 00:00:00,API,Paid,0,1
BILL935507,CUST10582,283005,283005,2026-04-18 00:00:00,2026-04-18 00:01:00,API,Paid,0,1
BILL325513,CUST10582,283005,283005,2026-04-18 00:00:00,2026-04-18 00:02:00,API,Paid,0,1
BILL564357,CUST10615,189647,189647,2026-03-08 00:00:00,2026-03-11 00:00:00,API,Paid,0,0
BILL488033,CUST10374,219008,219008,2026-02-07 00:00:00,2026-02-09 00:00:00,Mobile,Paid,0,0
BILL511430,CUST10227,202023,202023,2026-04-18 00:00:00,2026-04-23 00:00:00,Mobile,Paid,0,0
BILL981264,CUST10123,171669,171669,2026-03-13 00:00:00,2026-03-18 00:00:00,Web,Paid,0,0
BILL943682,CUST10129,180334,180334,2026-03-13 00:00:00,2026-03-13 00:00:00,Mobile,Paid,0,0
BILL726795,CUST10115,101216,101216,2026-03-02 00:00:00,2026-03-04 00:00:00,Mobile,Paid,0,0
BILL483855,CUST10183,231605,231201,2026-03-09 00:00:00,2026-03-12 00:00:00,Web,Paid,0,0
BILL663803,CUST10467,160665,160665,2026-06-11 00:00:00,2026-06-16 00:00:00,Web,Paid,0,0
BILL262256,CUST10347,381404,381404,2026-03-11 00:00:00,2026-03-15 00:00:00,Mobile,Paid,0,0
BILL193918,CUST10497,395180,395180,2026-06-21 00:00:00,2026-06-21 00:00:00,Web,Paid,0,0
BILL858749,CUST10320,182107,182107,2026-03-12 00:00:00,2026-03-17 00:00:00,Mobile,Paid,0,0
BILL426216,CUST10416,112475,112475,2026-04-15 00:00:00,2026-04-18 00:00:00,API,Paid,0,0
BILL126817,CUST10181,249674,249674,2026-02-02 00:00:00,2026-02-07 00:00:00,Mobile,Paid,0,0
BILL958330,CUST10271,312742,312742,2026-03-12 00:00:00,2026-03-14 00:00:00,Web,Paid,0,0
BILL755904,CUST10210,207564,207564,2026-02-04 00:00:00,2026-02-09 00:00:00,API,Paid,0,0
BILL941061,CUST10565,373664,373664,2026-06-21 00:00:00,2026-06-26 00:00:00,Web,Paid,0,0
BILL870999,CUST10056,158389,158389,2026-05-18 00:00:00,2026-05-21 00:00:00,Mobile,Paid,0,0
BILL945462,CUST10472,397250,397250,2026-02-09 00:00:00,2026-02-13 00:00:00,Web,Paid,0,0
BILL858418,CUST10063,183462,183462,2026-02-05 00:00:00,2026-02-05 00:00:00,Web,Paid,0,0
BILL953730,CUST10530,308513,308513,2026-03-12 00:00:00,2026-03-12 00:00:00,Mobile,Paid,0,0
BILL106155,CUST10178,352805,352805,2026-03-11 00:00:00,2026-03-13 00:00:00,Web,Paid,0,0
BILL139705,CUST10061,106864,106864,2026-03-07 00:00:00,2026-03-11 00:00:00,Web,Paid,0,0
BILL181829,CUST10409,373675,373675,2026-04-14 00:00:00,2026-04-14 00:00:00,Mobile,Paid,0,0
BILL807888,CUST10509,325008,325008,2026-03-10 00:00:00,2026-03-14 00:00:00,Mobile,Paid,0,0
BILL168103,CUST10333,267327,267327,2026-02-09 00:00:00,2026-02-10 00:00:00,Web,Paid,0,0
BILL111516,CUST10136,153321,153321,2026-03-12 00:00:00,2026-03-16 00:00:00,Web,Paid,0,0
BILL324472,CUST10065,278881,278881,2026-03-08 00:00:00,2026-03-12 00:00:00,Mobile,Paid,0,0
BILL485994,CUST10450,398981,398981,2026-03-06 00:00:00,2026-03-10 00:00:00,Web,Paid,0,0
BILL939662,CUST10503,172799,172799,2026-03-07 00:00:00,2026-03-08 00:00:00,Mobile,Paid,0,0
BILL292438,CUST10156,369239,369239,2026-04-14 00:00:00,2026-04-17 00:00:00,Web,Paid,0,0
BILL520209,CUST10427,359626,359626,2026-03-07 00:00:00,2026-03-07 00:00:00,Web,Paid,0,0
BILL710079,CUST10325,198086,198086,2026-02-09 00:00:00,2026-02-13 00:00:00,Web,Paid,0,0
BILL344027,CUST10612,137846,137846,2026-04-10 00:00:00,2026-04-13 00:00:00,Mobile,Paid,0,0
BILL902195,CUST10471,287323,287323,2026-05-03 00:00:00,2026-05-04 00:00:00,Web,Paid,0,0
BILL334595,CUST10364,236723,236723,2026-02-09 00:00:00,2026-02-14 00:00:00,Web,Paid,0,0
BILL971847,CUST10452,193937,193937,2026-07-13 00:00:00,2026-07-18 00:00:00,Web,Paid,0,0
BILL357507,CUST10326,131336,131336,2026-06-09 00:02:00,2026-06-12 00:02:00,Mobile,Paid,0,0
BILL713331,CUST10530,308513,308513,2026-04-11 00:00:00,2026-04-13 00:00:00,Mobile,Paid,0,0
BILL676972,CUST10184,299790,299790,2026-03-02 00:00:00,2026-03-02 00:00:00,Mobile,Paid,0,0
BILL517574,CUST10448,210601,210601,2026-05-10 00:00:00,2026-05-15 00:00:00,Web,Paid,0,0
BILL841281,CUST10440,125531,125531,2026-02-03 00:00:00,2026-02-07 00:00:00,Mobile,Paid,0,0
BILL762703,CUST10105,296911,296911,2026-03-08 00:00:00,2026-03-09 00:00:00,Mobile,Paid,0,0
BILL111196,CUST10039,358732,358732,2026-02-01 00:00:00,2026-02-06 00:00:00,Mobile,Paid,0,0
BILL444157,CUST10484,392556,389936,2026-03-16 00:00:00,2026-03-16 00:00:00,Mobile,Paid,0,0
BILL712013,CUST10049,229700,238419,2026-03-13 00:00:00,2026-03-17 00:00:00,Web,Paid,0,0
BILL713799,CUST10576,160191,160191,2026-03-11 00:00:00,2026-03-11 00:00:00,Web,Paid,0,0
BILL939083,CUST10193,149841,149841,2026-03-14 00:00:00,2026-03-14 00:00:00,Mobile,Paid,0,0
BILL618049,CUST10240,302111,302111,2026-04-11 00:00:00,2026-04-10 00:00:00,Web,Paid,0,0
BILL921725,CUST10507,295333,295333,2026-03-02 00:00:00,2026-03-02 00:00:00,Web,Paid,0,0
BILL339425,CUST10374,219008,219008,2026-03-11 00:00:00,2026-03-14 00:00:00,Mobile,Paid,0,0
BILL599595,CUST10055,380448,380448,2026-03-10 00:00:00,2026-03-14 00:00:00,Web,Paid,0,0
BILL426375,CUST10271,312742,312742,2026-04-13 00:00:00,2026-04-13 00:00:00,Web,Paid,0,0
BILL946538,CUST10313,263980,263980,2026-03-04 00:00:00,2026-03-09 00:00:00,Mobile,Paid,0,0
BILL226539,CUST10178,352805,352805,2026-04-12 00:00:00,2026-04-13 00:00:00,Web,Paid,0,0
BILL752910,CUST10378,379934,1619113,2026-02-03 00:00:00,2026-02-06 00:00:00,Mobile,Paid,0,1
BILL552769,CUST10493,113712,113712,2026-04-10 00:00:00,2026-04-10 00:00:00,Web,Paid,0,0
BILL178625,CUST10506,364730,364730,2026-04-10 00:00:00,2026-04-10 00:00:00,Web,Paid,0,0
BILL747496,CUST10151,169054,169054,2026-01-31 00:00:00,2026-02-01 00:00:00,Mobile,Paid,0,0
BILL222905,CUST10199,340465,340465,2026-04-12 00:00:00,2026-04-14 00:00:00,Web,Paid,0,0
BILL706911,CUST10500,173084,173084,2026-04-16 00:00:00,2026-04-16 00:00:00,Mobile,Paid,0,0
BILL901125,CUST10570,281667,281667,2026-03-16 00:00:00,2026-03-20 00:00:00,Mobile,Paid,0,0
BILL431276,CUST10282,191051,191051,2026-04-05 00:00:00,2026-04-09 00:00:00,Mobile,Paid,0,0
BILL912208,CUST10438,243716,243716,2026-06-07 00:00:00,2026-06-08 00:00:00,Web,Paid,0,0
BILL458159,CUST10370,105982,105982,2026-05-13 00:00:00,2026-05-18 00:00:00,Mobile,Paid,0,0
BILL641661,CUST10468,377171,377171,2026-04-11 00:00:00,2026-04-12 00:00:00,Mobile,Paid,0,0
BILL689960,CUST10443,155257,155257,2026-02-07 00:00:00,2026-02-11 00:00:00,Web,Paid,0,0
BILL964537,CUST10061,106864,106864,2026-04-10 00:00:00,2026-04-10 00:00:00,API,Paid,0,1
BILL129086,CUST10061,106864,106864,2026-04-10 00:00:00,2026-04-10 00:01:00,API,Paid,0,1
BILL505494,CUST10061,106864,106864,2026-04-10 00:00:00,2026-04-10 00:02:00,API,Paid,0,1
BILL168534,CUST10244,350035,350035,2026-04-09 00:00:00,2026-04-11 00:00:00,API,Paid,0,0
BILL314209,CUST10049,229700,229700,2026-04-16 00:00:00,2026-04-16 00:00:00,Web,Paid,0,0
BILL719821,CUST10256,225630,225630,2026-03-13 00:00:00,2026-03-14 00:00:00,Web,Paid,0,0
BILL346588,CUST10349,254414,244806,2026-02-05 00:00:00,2026-02-09 00:00:00,Web,Paid,0,0
BILL520201,CUST10490,322691,322691,2026-04-05 00:00:00,2026-04-08 00:00:00,API,Paid,0,0
BILL945035,CUST10032,168414,168414,2026-04-07 00:00:00,2026-04-12 00:00:00,Mobile,Paid,0,0
BILL484898,CUST10278,293986,293986,2026-03-04 00:00:00,2026-03-07 00:00:00,Web,Paid,0,0
BILL261183,CUST10306,279909,279909,2026-05-19 00:00:00,2026-05-19 00:00:00,Web,Paid,0,0
BILL713477,CUST10174,199876,199876,2026-03-01 00:00:00,2026-03-04 00:00:00,Mobile,Paid,0,0
BILL989177,CUST10508,227154,227154,2026-03-13 00:00:00,2026-03-13 00:00:00,Mobile,Paid,0,0
BILL304422,CUST10204,148331,148331,2026-02-03 00:00:00,2026-02-06 00:00:00,Mobile,Paid,0,0
BILL734759,CUST10262,112663,112663,2026-02-05 00:00:00,2026-02-08 00:00:00,Mobile,Paid,0,0
BILL748307,CUST10592,259732,259732,2026-02-06 00:00:00,2026-02-09 00:00:00,Web,Paid,0,0
BILL896602,CUST10437,218742,218742,2026-03-07 00:00:00,2026-03-07 00:00:00,Web,Paid,0,0
BILL772969,CUST10143,251424,251424,2026-06-14 00:00:00,2026-06-14 00:00:00,Web,Paid,0,0
BILL720299,CUST10230,233935,233935,2026-06-05 00:00:00,2026-06-05 00:00:00,Mobile,Paid,0,0
BILL735957,CUST10420,389530,389530,2026-03-12 00:00:00,2026-03-16 00:00:00,Mobile,Paid,0,0
BILL878010,CUST10118,164019,164019,2026-02-03 00:00:00,2026-02-04 00:00:00,Mobile,Paid,0,0
BILL857848,CUST10359,189439,189439,2026-04-12 00:00:00,2026-04-17 00:00:00,Web,Paid,0,0
BILL275656,CUST10312,323922,323922,2026-03-03 00:02:00,2026-03-06 00:02:00,Web,Paid,0,0
BILL740088,CUST10422,146855,146855,2026-02-09 00:00:00,2026-02-12 00:00:00,Mobile,Paid,0,0
BILL274796,CUST10069,240610,240610,2026-03-11 00:00:00,2026-03-11 00:00:00,API,Paid,0,0
BILL989018,CUST10366,335915,335915,2026-03-08 00:00:00,2026-03-10 00:00:00,Web,Paid,0,0
BILL766069,CUST10259,375640,375640,2026-04-11 00:00:00,2026-04-12 00:00:00,Mobile,Paid,0,0
BILL840402,CUST10353,153539,153539,2026-03-14 00:00:00,2026-03-18 00:00:00,Web,Paid,0,0
BILL720672,CUST10146,110250,110250,2026-02-03 00:00:00,2026-02-07 00:00:00,Web,Paid,0,0
BILL387381,CUST10102,275738,275738,2026-03-05 00:00:00,2026-03-08 00:00:00,Mobile,Paid,0,0
BILL500984,CUST10507,295333,295333,2026-04-01 00:00:00,2026-04-06 00:00:00,Web,Paid,0,0
BILL127508,CUST10471,287323,287323,2026-06-03 00:00:00,2026-06-08 00:00:00,Web,Paid,0,0
BILL307656,CUST10208,111049,111049,2026-05-14 00:00:00,2026-05-15 00:00:00,API,Paid,0,0
BILL412546,CUST10078,271954,271954,2026-04-06 00:00:00,2026-04-10 00:00:00,Web,Paid,0,0
BILL283987,CUST10461,326427,326427,2026-05-12 00:00:00,2026-05-11 00:00:00,Web,Paid,0,0
BILL668004,CUST10150,145174,145174,2026-03-07 00:00:00,2026-03-10 00:00:00,Web,Paid,0,0
BILL104547,CUST10117,331346,331346,2026-02-08 00:00:00,2026-02-10 00:00:00,Web,Paid,0,0
BILL337760,CUST10421,301889,301889,2026-03-05 00:00:00,2026-03-05 00:00:00,Web,Paid,0,0
BILL957370,CUST10371,292424,292424,2026-04-12 00:00:00,2026-04-15 00:00:00,Web,Paid,0,0
BILL718754,CUST10463,347787,347323,2026-03-03 00:00:00,2026-03-03 00:00:00,Mobile,Paid,0,0
BILL319677,CUST10404,225615,225615,2026-05-19 00:00:00,2026-05-19 00:00:00,Web,Paid,0,0
BILL995704,CUST10507,295333,295333,2026-05-06 00:00:00,2026-05-06 00:00:00,Web,Paid,0,0
BILL889787,CUST10479,261947,261947,2026-02-06 00:00:00,2026-02-08 00:00:00,API,Paid,0,1
BILL641938,CUST10387,245185,237492,2026-04-05 00:02:00,2026-04-08 00:02:00,Web,Paid,0,0
BILL796694,CUST10251,229490,229490,2026-02-02 00:00:00,2026-02-06 00:00:00,Mobile,Paid,0,0
BILL165011,CUST10296,126664,126664,2026-04-11 00:00:00,2026-04-15 00:00:00,Web,Paid,0,0
BILL814983,CUST10296,126664,126664,2026-05-15 00:00:00,2026-05-18 00:00:00,Web,Paid,0,0
BILL336136,CUST10322,249491,249491,2026-04-08 00:00:00,2026-04-11 00:00:00,Mobile,Paid,1,1
BILL767012,CUST10524,240935,240935,2026-03-06 00:00:00,2026-03-10 00:00:00,Mobile,Paid,0,0
BILL819385,CUST10605,277839,277839,2026-03-07 00:00:00,2026-03-10 00:00:00,Web,Paid,0,0
BILL674063,CUST10527,116854,116854,2026-03-05 00:00:00,2026-03-07 00:00:00,Web,Paid,0,0
BILL879821,CUST10508,227154,222101,2026-04-12 00:00:00,2026-04-13 00:00:00,Mobile,Paid,0,0
BILL176841,CUST10579,201838,201838,2026-05-15 00:00:00,2026-05-17 00:00:00,Web,Paid,0,0
BILL245658,CUST10338,347422,345243,2026-03-08 00:00:00,2026-03-09 00:00:00,Mobile,Paid,0,0
BILL782525,CUST10402,202316,202316,2026-03-08 00:00:00,2026-03-09 00:00:00,Web,Paid,0,0
BILL392745,CUST10530,308513,308513,2026-05-13 00:00:00,2026-05-17 00:00:00,Mobile,Paid,0,0
BILL174634,CUST10124,265731,265731,2026-03-09 00:00:00,2026-03-14 00:00:00,Web,Paid,0,0
BILL334698,CUST10466,222104,222104,2026-03-11 00:00:00,2026-03-12 00:00:00,Web,Paid,0,0
BILL713551,CUST10252,207634,207634,2026-03-11 00:00:00,2026-03-12 00:00:00,Mobile,Paid,0,0
BILL697289,CUST10615,189647,189647,2026-04-10 00:00:00,2026-04-09 00:00:00,Mobile,Paid,0,0
BILL752771,CUST10120,161286,161286,2026-04-15 00:00:00,2026-04-15 00:00:00,API,Paid,0,1
BILL199706,CUST10120,161286,161286,2026-04-15 00:00:00,2026-04-15 00:01:00,API,Paid,0,1
BILL593265,CUST10613,310870,310870,2026-03-08 00:00:00,2026-03-09 00:00:00,Mobile,Paid,0,0
BILL507341,CUST10546,396437,396437,2026-04-16 00:00:00,2026-04-16 00:00:00,Mobile,Paid,0,0
BILL523303,CUST10022,251640,258374,2026-03-05 00:00:00,2026-03-08 00:00:00,API,Paid,0,0
BILL950421,CUST10565,373664,373664,2026-07-26 00:00:00,2026-07-30 00:00:00,Web,Paid,0,0
BILL286046,CUST10284,190045,190045,2026-04-14 00:00:00,2026-04-15 00:00:00,Web,Paid,0,0
BILL396241,CUST10487,197958,197958,2026-03-06 00:00:00,2026-03-09 00:00:00,Mobile,Paid,0,0
BILL471937,CUST10036,372201,372201,2026-02-10 00:00:00,2026-02-11 00:00:00,API,Paid,0,0
BILL440646,CUST10271,312742,312742,2026-05-13 00:00:00,2026-05-14 00:00:00,Web,Paid,0,0
BILL865511,CUST10061,106864,106864,2026-05-10 00:03:00,2026-05-15 00:03:00,Web,Paid,0,0
BILL202043,CUST10209,224011,224011,2026-03-09 00:00:00,2026-03-09 00:00:00,Mobile,Paid,0,0
BILL956295,CUST10410,262188,262188,2026-01-31 00:00:00,2026-02-01 00:00:00,Web,Paid,0,0
BILL898524,CUST10365,232975,232975,2026-03-17 00:00:00,2026-03-17 00:00:00,Web,Paid,0,0
BILL528397,CUST10015,136740,136740,2026-03-07 00:00:00,2026-03-10 00:00:00,Mobile,Paid,0,0
BILL305142,CUST10431,233641,233641,2026-04-13 00:00:00,2026-04-13 00:00:00,API,Paid,0,1
BILL934709,CUST10431,233641,233641,2026-04-13 00:00:00,2026-04-13 00:01:00,API,Paid,0,1
BILL187304,CUST10421,301889,301889,2026-04-04 00:00:00,2026-04-07 00:00:00,Web,Paid,0,0
BILL406051,CUST10029,128035,128035,2026-02-02 00:00:00,2026-02-02 00:00:00,Mobile,Paid,0,0
BILL378015,CUST10416,112475,112475,2026-05-18 00:00:00,2026-05-18 00:00:00,Mobile,Paid,0,0
BILL698903,CUST10186,259377,259377,2026-05-17 00:00:00,2026-05-20 00:00:00,Mobile,Paid,0,0
BILL427771,CUST10483,165857,165857,2026-05-09 00:00:00,2026-05-11 00:00:00,Mobile,Paid,0,0
BILL702815,CUST10164,320265,320265,2026-03-09 00:00:00,2026-03-14 00:00:00,Mobile,Paid,0,0
BILL854986,CUST10050,162880,162880,2026-06-15 00:00:00,2026-06-20 00:00:00,Mobile,Paid,0,0
BILL872375,CUST10385,175372,175372,2026-05-10 00:00:00,2026-05-15 00:00:00,Mobile,Paid,0,0
BILL192346,CUST10305,290216,290216,2026-03-14 00:00:00,2026-03-19 00:00:00,Web,Paid,0,0
BILL666106,CUST10587,236036,236036,2026-03-09 00:00:00,2026-03-10 00:00:00,Mobile,Paid,0,0
BILL231096,CUST10115,101216,101216,2026-04-03 00:00:00,2026-04-08 00:00:00,Mobile,Paid,0,0
BILL920259,CUST10323,149822,156409,2026-04-07 00:00:00,2026-04-09 00:00:00,Mobile,Paid,0,0
BILL239427,CUST10534,108269,108269,2026-04-16 00:00:00,2026-04-18 00:00:00,API,Paid,0,1
BILL271893,CUST10257,386151,2099698,2026-04-10 00:00:00,2026-04-13 00:00:00,Mobile,Paid,0,1
BILL466571,CUST10241,197139,197139,2026-03-05 00:00:00,2026-03-06 00:00:00,Web,Paid,0,0
BILL146602,CUST10246,215001,215001,2026-04-13 00:00:00,2026-04-16 00:00:00,Mobile,Paid,0,0
BILL372783,CUST10135,357332,357332,2026-03-04 00:00:00,2026-03-07 00:00:00,Web,Paid,0,0
BILL262437,CUST10560,393518,384702,2026-03-05 00:00:00,2026-03-10 00:00:00,Mobile,Paid,0,0
BILL102465,CUST10293,306558,306558,2026-05-12 00:00:00,2026-05-14 00:00:00,Web,Paid,0,0
BILL634552,CUST10357,345533,345533,2026-04-13 00:00:00,2026-04-15 00:00:00,Web,Paid,0,0
BILL280433,CUST10134,185854,185854,2026-04-15 00:00:00,2026-04-18 00:00:00,Web,Paid,0,0
BILL870500,CUST10138,121975,121975,2026-04-06 00:00:00,2026-04-11 00:00:00,Mobile,Paid,0,0
BILL847279,CUST10269,168347,168347,2026-04-17 00:00:00,2026-04-19 00:00:00,API,Paid,0,1
BILL459377,CUST10406,109208,109208,2026-03-09 00:00:00,2026-03-13 00:00:00,Web,Paid,0,0
BILL948775,CUST10463,347787,347787,2026-04-02 00:00:00,2026-04-02 00:00:00,API,Paid,0,1
BILL168894,CUST10463,347787,347787,2026-04-02 00:00:00,2026-04-02 00:01:00,API,Paid,0,1
BILL929842,CUST10545,315493,315493,2026-03-11 00:00:00,2026-03-12 00:00:00,Web,Paid,0,0
BILL873797,CUST10558,283378,283378,2026-03-11 00:00:00,2026-03-14 00:00:00,Mobile,Paid,0,0
BILL441655,CUST10608,375374,375374,2026-03-08 00:00:00,2026-03-12 00:00:00,Mobile,Paid,0,0
BILL798152,CUST10246,215001,215001,2026-05-16 00:00:00,2026-05-19 00:00:00,Mobile,Paid,0,0
BILL698635,CUST10051,104563,104563,2026-05-11 00:00:00,2026-05-12 00:00:00,Web,Paid,0,0
BILL204590,CUST10266,348186,348186,2026-04-08 00:00:00,2026-04-08 00:00:00,Web,Paid,0,0
BILL446835,CUST10412,345344,345344,2026-05-11 00:00:00,2026-05-14 00:00:00,Mobile,Paid,0,0
BILL438554,CUST10048,283288,283288,2026-03-11 00:00:00,2026-03-12 00:00:00,Mobile,Paid,0,0
BILL879153,CUST10380,338212,338212,2026-03-13 00:00:00,2026-03-16 00:00:00,Mobile,Paid,0,0
BILL815804,CUST10028,364958,364958,2026-02-10 00:00:00,2026-02-10 00:00:00,Web,Paid,0,0
BILL869332,CUST10089,268535,268535,2026-04-09 00:00:00,2026-04-10 00:00:00,Web,Paid,0,0
BILL475099,CUST10087,309656,209322,2026-03-12 00:00:00,2026-03-16 00:00:00,Web,Paid,0,1
BILL766262,CUST10087,309656,309656,2026-04-15 00:00:00,2026-04-19 00:00:00,Web,Paid,0,0
BILL686760,CUST10386,396829,396829,2026-03-09 00:00:00,2026-03-14 00:00:00,Mobile,Paid,0,0
BILL321648,CUST10600,196490,196490,2026-02-08 00:00:00,2026-02-10 00:00:00,Mobile,Paid,0,0
BILL820319,CUST10169,282389,282389,2026-03-16 00:00:00,2026-03-18 00:00:00,Web,Paid,0,0
BILL647559,CUST10098,340529,340529,2026-02-04 00:00:00,2026-02-09 00:00:00,Web,Paid,1,1
BILL294909,CUST10281,179485,179485,2026-05-19 00:00:00,2026-05-23 00:00:00,Web,Paid,0,0
BILL134568,CUST10055,380448,380448,2026-04-13 00:00:00,2026-04-14 00:00:00,Web,Paid,0,0
BILL700502,CUST10358,310756,310756,2026-03-17 00:00:00,2026-03-21 00:00:00,Web,Paid,0,0
BILL977352,CUST10416,112475,112475,2026-06-17 00:00:00,2026-06-17 00:00:00,Mobile,Paid,0,0
BILL150570,CUST10012,345015,345015,2026-02-04 00:00:00,2026-02-04 00:00:00,Web,Paid,0,0
BILL600262,CUST10013,287233,287233,2026-04-17 00:00:00,2026-04-19 00:00:00,Mobile,Paid,0,0
BILL623576,CUST10203,266342,266342,2026-03-13 00:00:00,2026-03-15 00:00:00,Mobile,Paid,0,0
BILL736543,CUST10251,229490,235013,2026-03-08 00:00:00,2026-03-10 00:00:00,Mobile,Paid,0,0
BILL559769,CUST10123,171669,171669,2026-04-17 00:00:00,2026-04-19 00:00:00,Web,Paid,0,0
BILL945323,CUST10158,104243,104243,2026-03-11 00:00:00,2026-03-13 00:00:00,Web,Paid,0,0
BILL578458,CUST10404,225615,225615,2026-06-18 00:00:00,2026-06-18 00:00:00,Web,Paid,0,0
BILL611080,CUST10397,283502,283502,2026-02-09 00:00:00,2026-02-12 00:00:00,Mobile,Paid,0,0
BILL258957,CUST10491,196379,196379,2026-04-10 00:00:00,2026-04-12 00:00:00,Web,Paid,0,0
BILL282975,CUST10239,298439,298439,2026-04-10 00:00:00,2026-04-15 00:00:00,Mobile,Paid,0,0
BILL181700,CUST10058,101443,101443,2026-02-06 00:00:00,2026-02-08 00:00:00,API,Paid,0,0
BILL310248,CUST10312,323922,323922,2026-04-05 00:02:00,2026-04-09 00:02:00,Web,Paid,0,0
BILL978635,CUST10422,146855,146855,2026-03-14 00:00:00,2026-03-17 00:00:00,Mobile,Paid,0,0
BILL687523,CUST10093,290499,290499,2026-06-15 00:00:00,2026-06-16 00:00:00,Mobile,Paid,0,0
BILL941064,CUST10252,207634,207634,2026-04-11 00:00:00,2026-04-14 00:00:00,Mobile,Paid,0,0
BILL363221,CUST10052,298577,298577,2026-05-17 00:00:00,2026-05-17 00:00:00,Mobile,Paid,0,0
BILL603855,CUST10059,223989,223989,2026-02-09 00:00:00,2026-02-13 00:00:00,Mobile,Paid,0,0
BILL680008,CUST10069,240610,240610,2026-04-10 00:00:00,2026-04-15 00:00:00,API,Paid,0,0
BILL614301,CUST10415,352060,352060,2026-02-09 00:00:00,2026-02-09 00:00:00,Web,Paid,0,0
BILL818382,CUST10028,364958,364958,2026-03-12 00:00:00,2026-03-14 00:00:00,Web,Paid,0,0
BILL480079,CUST10416,112475,112475,2026-07-17 00:00:00,2026-07-22 00:00:00,Mobile,Paid,0,0
BILL474821,CUST10506,364730,364730,2026-05-10 00:00:00,2026-05-12 00:00:00,Web,Paid,0,0
BILL737648,CUST10398,190448,1132809,2026-03-09 00:00:00,2026-03-13 00:00:00,Web,Paid,0,1
BILL770831,CUST10076,142055,142055,2026-02-07 00:00:00,2026-02-10 00:00:00,Web,Paid,0,0
BILL552067,CUST10478,285626,285626,2026-04-11 00:00:00,2026-04-12 00:00:00,Mobile,Paid,0,0
BILL501239,CUST10217,165780,165780,2026-05-14 00:00:00,2026-05-15 00:00:00,Web,Paid,0,0
BILL615593,CUST10542,218385,722914,2026-03-14 00:00:00,2026-03-14 00:00:00,Web,Paid,0,1
BILL177994,CUST10594,328203,328203,2026-05-21 00:00:00,2026-05-26 00:00:00,Web,Paid,0,0
BILL773369,CUST10018,259095,259095,2026-05-20 00:00:00,2026-05-20 00:00:00,API,Paid,0,1
BILL194716,CUST10018,259095,259095,2026-05-20 00:00:00,2026-05-20 00:01:00,API,Paid,0,1
BILL855404,CUST10601,154862,154862,2026-02-05 00:00:00,2026-02-06 00:00:00,Web,Paid,0,0
BILL976458,CUST10135,357332,357332,2026-04-06 00:00:00,2026-04-09 00:00:00,Web,Paid,0,0
BILL913609,CUST10526,397628,397628,2026-04-12 00:00:00,2026-04-17 00:00:00,Web,Paid,0,0
BILL172776,CUST10576,160191,160191,2026-04-10 00:00:00,2026-04-11 00:00:00,Web,Paid,0,0
BILL452537,CUST10038,306468,306468,2026-05-18 00:00:00,2026-05-20 00:00:00,Mobile,Paid,0,0
BILL851652,CUST10609,109015,109015,2026-03-13 00:00:00,2026-03-13 00:00:00,Mobile,Paid,0,0
BILL751145,CUST10609,109015,109015,2026-04-12 00:00:00,2026-04-13 00:00:00,Mobile,Paid,0,0
BILL930584,CUST10546,396437,396437,2026-05-16 00:00:00,2026-05-16 00:00:00,Mobile,Paid,0,0
BILL138442,CUST10512,252894,252894,2026-04-08 00:00:00,2026-04-12 00:00:00,Mobile,Paid,0,0
BILL955437,CUST10512,252894,252894,2026-05-12 00:00:00,2026-05-13 00:00:00,API,Paid,0,0
BILL694290,CUST10023,387541,387541,2026-03-05 00:00:00,2026-03-09 00:00:00,Mobile,Paid,0,0
BILL646394,CUST10601,154862,154862,2026-03-08 00:00:00,2026-03-09 00:00:00,Web,Paid,0,0
BILL741759,CUST10184,299790,299790,2026-04-01 00:00:00,2026-04-02 00:00:00,Mobile,Paid,0,0
BILL274424,CUST10404,225615,225615,2026-07-18 00:00:00,2026-07-22 00:00:00,Web,Paid,0,0
BILL329833,CUST10173,393189,393189,2026-03-03 00:00:00,2026-03-05 00:00:00,Mobile,Paid,0,0
BILL572712,CUST10104,110694,110694,2026-03-12 00:00:00,2026-03-17 00:00:00,Mobile,Paid,0,0
BILL492175,CUST10126,171560,167504,2026-03-08 00:00:00,2026-03-13 00:00:00,API,Paid,0,0
BILL975977,CUST10357,345533,345533,2026-05-15 00:00:00,2026-05-15 00:00:00,API,Paid,0,1
BILL809321,CUST10357,345533,345533,2026-05-15 00:00:00,2026-05-15 00:01:00,API,Paid,0,1
BILL692926,CUST10432,345670,345670,2026-01-31 00:00:00,2026-02-05 00:00:00,Web,Paid,0,0
BILL964407,CUST10362,343191,343191,2026-03-10 00:00:00,2026-03-15 00:00:00,Web,Paid,0,0
BILL305036,CUST10055,380448,380448,2026-05-14 00:00:00,2026-05-14 00:00:00,Web,Paid,0,0
BILL743836,CUST10349,254414,254414,2026-03-11 00:00:00,2026-03-13 00:00:00,Web,Paid,0,0
BILL929275,CUST10546,396437,396437,2026-06-15 00:00:00,2026-06-18 00:00:00,API,Paid,0,0
BILL195923,CUST10035,369586,369586,2026-04-14 00:00:00,2026-04-15 00:00:00,Web,Paid,0,0
BILL496412,CUST10181,249674,245939,2026-03-09 00:00:00,2026-03-09 00:00:00,Mobile,Paid,0,0
BILL671842,CUST10033,239118,239118,2026-03-05 00:00:00,2026-03-05 00:00:00,Mobile,Paid,0,0
BILL328839,CUST10187,351559,349411,2026-02-03 00:00:00,2026-02-07 00:00:00,Web,Paid,0,0
BILL886169,CUST10121,130126,130126,2026-03-13 00:00:00,2026-03-16 00:00:00,Mobile,Paid,0,0
BILL440173,CUST10593,389266,389266,2026-04-19 00:00:00,2026-04-19 00:00:00,Mobile,Paid,0,0
BILL583658,CUST10398,190448,190448,2026-04-12 00:00:00,2026-04-17 00:00:00,API,Paid,0,0
BILL180000,CUST10262,112663,112663,2026-03-10 00:00:00,2026-03-10 00:00:00,API,Paid,0,0
BILL282699,CUST10231,109317,109317,2026-02-10 00:00:00,2026-02-11 00:00:00,Mobile,Paid,0,0
BILL365342,CUST10555,274885,274885,2026-03-06 00:00:00,2026-03-09 00:00:00,Web,Paid,0,0
BILL982892,CUST10435,251806,251806,2026-02-09 00:00:00,2026-02-14 00:00:00,API,Paid,0,0
BILL575867,CUST10318,300846,300846,2026-06-18 00:00:00,2026-06-18 00:00:00,Mobile,Paid,0,0
BILL513325,CUST10490,322691,322691,2026-05-08 00:00:00,2026-05-13 00:00:00,Mobile,Paid,0,0
BILL316305,CUST10286,205365,205365,2026-02-10 00:00:00,2026-02-14 00:00:00,API,Paid,0,0
BILL782395,CUST10335,250897,250897,2026-06-03 00:03:00,2026-06-07 00:03:00,Web,Paid,0,0
BILL555584,CUST10088,322327,322327,2026-04-13 00:00:00,2026-04-17 00:00:00,Web,Paid,0,0
BILL932391,CUST10320,182107,182107,2026-04-16 00:00:00,2026-04-21 00:00:00,Mobile,Paid,0,0
BILL921658,CUST10319,216307,216307,2026-03-04 00:00:00,2026-03-07 00:00:00,Mobile,Paid,0,0
BILL543892,CUST10318,300846,300846,2026-07-18 00:00:00,2026-07-20 00:00:00,Mobile,Paid,0,0
BILL386513,CUST10156,369239,372809,2026-05-17 00:00:00,2026-05-18 00:00:00,Web,Paid,0,0
BILL594808,CUST10291,235223,235223,2026-04-03 00:00:00,2026-04-03 00:00:00,Web,Paid,0,0
BILL315801,CUST10139,130766,130766,2026-05-10 00:00:00,2026-05-12 00:00:00,Mobile,Paid,0,0
BILL585554,CUST10366,335915,335915,2026-04-09 00:00:00,2026-04-09 00:00:00,API,Paid,0,1
BILL290222,CUST10366,335915,335915,2026-04-09 00:00:00,2026-04-09 00:01:00,API,Paid,0,1
BILL909170,CUST10074,356853,343676,2026-03-08 00:00:00,2026-03-13 00:00:00,API,Paid,0,0
BILL181981,CUST10587,236036,236036,2026-04-09 00:00:00,2026-04-11 00:00:00,Mobile,Paid,0,0
BILL476785,CUST10181,249674,254653,2026-04-08 00:00:00,2026-04-10 00:00:00,Mobile,Paid,0,0
BILL351145,CUST10217,165780,165780,2026-06-14 00:00:00,2026-06-18 00:00:00,Web,Paid,0,0
BILL910602,CUST10575,247910,247910,2026-04-14 00:00:00,2026-04-15 00:00:00,Mobile,Paid,0,0
BILL309946,CUST10068,217601,217601,2026-05-07 00:00:00,2026-05-09 00:00:00,Mobile,Paid,0,0
BILL644697,CUST10365,232975,232975,2026-04-16 00:00:00,2026-04-18 00:00:00,Web,Paid,0,0
BILL346068,CUST10500,173084,173084,2026-05-16 00:00:00,2026-05-19 00:00:00,Mobile,Paid,0,0
BILL655585,CUST10292,220196,220196,2026-03-09 00:00:00,2026-03-14 00:00:00,Mobile,Paid,0,0
BILL342880,CUST10383,330253,330253,2026-04-11 00:00:00,2026-04-12 00:00:00,Web,Paid,0,0
BILL916323,CUST10290,248997,248997,2026-04-14 00:00:00,2026-04-17 00:00:00,Mobile,Paid,0,0
BILL719018,CUST10150,145174,145174,2026-04-09 00:00:00,2026-04-11 00:00:00,Web,Paid,0,0
BILL854633,CUST10613,310870,310870,2026-04-08 00:00:00,2026-04-09 00:00:00,API,Paid,0,0
BILL865997,CUST10578,255524,255524,2026-03-06 00:00:00,2026-03-10 00:00:00,Mobile,Paid,0,0
BILL506280,CUST10386,396829,396829,2026-04-13 00:00:00,2026-04-18 00:00:00,API,Paid,0,0
BILL732710,CUST10413,118569,118569,2026-04-09 00:00:00,2026-04-12 00:00:00,API,Paid,0,0
BILL930085,CUST10367,161422,161422,2026-03-16 00:00:00,2026-03-18 00:00:00,Mobile,Paid,0,0
BILL350995,CUST10370,105982,105982,2026-06-17 00:00:00,2026-06-19 00:00:00,Mobile,Paid,0,0
BILL103330,CUST10354,212581,212581,2026-01-31 00:00:00,2026-02-02 00:00:00,Mobile,Paid,0,0
BILL429592,CUST10512,252894,252894,2026-06-12 00:00:00,2026-06-17 00:00:00,Mobile,Paid,0,0
BILL253113,CUST10193,149841,149841,2026-04-13 00:00:00,2026-04-17 00:00:00,Mobile,Paid,0,0
BILL185594,CUST10553,150140,385569,2026-03-12 00:00:00,2026-03-14 00:00:00,Mobile,Paid,0,1
BILL658665,CUST10611,330192,330192,2026-04-14 00:00:00,2026-04-17 00:00:00,Web,Paid,0,0
BILL876652,CUST10499,174133,174133,2026-07-16 00:00:00,2026-07-18 00:00:00,Mobile,Paid,0,0
BILL104833,CUST10616,239478,239478,2026-03-09 00:00:00,2026-03-10 00:00:00,Mobile,Paid,0,0
BILL435301,CUST10402,202316,202316,2026-04-08 00:00:00,2026-04-09 00:00:00,Web,Paid,0,0
BILL609194,CUST10267,212787,212787,2026-02-02 00:00:00,2026-02-03 00:00:00,Web,Paid,0,0
BILL588841,CUST10103,245102,245102,2026-05-16 00:00:00,2026-05-21 00:00:00,API,Paid,0,0
BILL593436,CUST10204,148331,148331,2026-03-08 00:00:00,2026-03-07 00:00:00,Mobile,Paid,0,0
BILL139103,CUST10200,383061,383061,2026-02-08 00:00:00,2026-02-10 00:00:00,Web,Paid,0,0
BILL798636,CUST10244,350035,350035,2026-05-11 00:00:00,2026-05-14 00:00:00,Web,Paid,0,0
BILL911500,CUST10328,305250,305250,2026-02-05 00:00:00,2026-02-06 00:00:00,Mobile,Paid,0,0
BILL569756,CUST10288,244660,244660,2026-03-07 00:00:00,2026-03-11 00:00:00,Web,Paid,0,0
BILL884047,CUST10309,119726,119726,2026-03-12 00:00:00,2026-03-12 00:00:00,Mobile,Paid,0,0
BILL683119,CUST10564,196445,196445,2026-02-08 00:00:00,2026-02-13 00:00:00,Mobile,Paid,0,0
BILL540228,CUST10239,298439,298439,2026-05-15 00:00:00,2026-05-20 00:00:00,Mobile,Paid,0,0
BILL861436,CUST10560,393518,393518,2026-04-09 00:00:00,2026-04-13 00:00:00,Mobile,Paid,0,0
BILL825776,CUST10382,144164,144164,2026-02-09 00:00:00,2026-02-11 00:00:00,Web,Paid,0,0
BILL839969,CUST10507,295333,295333,2026-06-05 00:00:00,2026-06-07 00:00:00,Web,Paid,0,0
BILL600245,CUST10023,387541,387541,2026-04-08 00:00:00,2026-04-09 00:00:00,Mobile,Paid,0,0
BILL804905,CUST10346,295566,295566,2026-03-14 00:00:00,2026-03-19 00:00:00,API,Paid,0,0
BILL690640,CUST10458,370672,370672,2026-03-06 00:00:00,2026-03-07 00:00:00,Mobile,Paid,0,0
BILL617771,CUST10470,231253,231253,2026-03-11 00:00:00,2026-03-12 00:00:00,Web,Paid,0,0
BILL428628,CUST10209,224011,224011,2026-04-08 00:00:00,2026-04-13 00:00:00,Mobile,Paid,0,0
BILL281658,CUST10349,254414,254414,2026-04-12 00:00:00,2026-04-13 00:00:00,Web,Paid,0,0
BILL724379,CUST10216,186571,186571,2026-02-02 00:00:00,2026-02-07 00:00:00,Web,Paid,0,0
BILL226071,CUST10108,186731,186731,2026-01-31 00:00:00,2026-02-01 00:00:00,Mobile,Paid,0,0
BILL161642,CUST10575,247910,247910,2026-05-15 00:00:00,2026-05-15 00:00:00,API,Paid,0,0
BILL835331,CUST10109,383003,383003,2026-03-17 00:00:00,2026-03-21 00:00:00,Web,Paid,0,0
BILL925640,CUST10418,162610,162610,2026-03-10 00:00:00,2026-03-10 00:00:00,Web,Paid,0,0
BILL386312,CUST10326,131336,131336,2026-07-12 00:02:00,2026-07-12 00:02:00,API,Paid,0,1
BILL468923,CUST10326,131336,131336,2026-07-12 00:02:00,2026-07-12 00:03:00,API,Paid,0,1
BILL573192,CUST10224,305967,305967,2026-02-06 00:00:00,2026-02-07 00:00:00,API,Paid,0,0
BILL869233,CUST10435,251806,251806,2026-03-16 00:00:00,2026-03-17 00:00:00,Mobile,Paid,0,0
BILL804990,CUST10218,180276,180276,2026-05-14 00:00:00,2026-05-18 00:00:00,Mobile,Paid,0,0
BILL226622,CUST10178,352805,352805,2026-05-13 00:00:00,2026-05-15 00:00:00,Web,Paid,0,0
BILL565701,CUST10340,189421,189421,2026-02-06 00:00:00,2026-02-06 00:00:00,API,Paid,0,1
BILL863888,CUST10340,189421,189421,2026-02-06 00:00:00,2026-02-06 00:01:00,API,Paid,0,1
BILL908858,CUST10340,189421,189421,2026-02-06 00:00:00,2026-02-06 00:02:00,API,Paid,0,1
BILL667046,CUST10061,106864,106864,2026-06-14 00:03:00,2026-06-19 00:03:00,API,Paid,0,0
BILL587112,CUST10599,287062,287062,2026-03-06 00:00:00,2026-03-07 00:00:00,API,Paid,0,1
BILL889136,CUST10028,364958,364958,2026-04-13 00:00:00,2026-04-13 00:00:00,Web,Paid,0,0
BILL537853,CUST10032,168414,168414,2026-05-12 00:00:00,2026-05-15 00:00:00,Mobile,Paid,0,0
BILL950654,CUST10266,348186,348186,2026-05-08 00:00:00,2026-05-09 00:00:00,API,Paid,0,0
BILL115043,CUST10231,109317,109317,2026-03-13 00:00:00,2026-03-15 00:00:00,API,Paid,0,0
BILL398301,CUST10543,341817,341817,2026-03-05 00:00:00,2026-03-08 00:00:00,Web,Paid,0,0
BILL704977,CUST10503,172799,172799,2026-04-07 00:00:00,2026-04-08 00:00:00,Mobile,Paid,0,0
BILL237853,CUST10218,180276,183330,2026-06-17 00:00:00,2026-06-20 00:00:00,Mobile,Paid,0,0
BILL540216,CUST10049,229700,229700,2026-05-16 00:00:00,2026-05-17 00:00:00,Web,Paid,1,1
BILL429858,CUST10012,345015,345015,2026-03-06 00:00:00,2026-03-05 00:00:00,Web,Paid,0,0
BILL560094,CUST10392,103166,103166,2026-03-15 00:00:00,2026-03-20 00:00:00,Mobile,Paid,0,0
BILL681329,CUST10104,110694,110694,2026-04-16 00:00:00,2026-04-20 00:00:00,Mobile,Paid,0,0
BILL542661,CUST10501,197521,197521,2026-03-06 00:00:00,2026-03-09 00:00:00,Web,Paid,0,0
BILL793834,CUST10493,113712,113712,2026-05-10 00:00:00,2026-05-15 00:00:00,Web,Paid,0,0
BILL798458,CUST10600,196490,196490,2026-03-12 00:00:00,2026-03-14 00:00:00,Mobile,Paid,0,0
BILL831308,CUST10029,128035,128035,2026-03-04 00:00:00,2026-03-06 00:00:00,Mobile,Paid,0,0
BILL743550,CUST10299,188311,188311,2026-02-02 00:00:00,2026-02-05 00:00:00,Mobile,Paid,0,0
BILL937509,CUST10312,323922,323922,2026-05-09 00:02:00,2026-05-10 00:02:00,Web,Paid,0,0
BILL772708,CUST10090,233891,233891,2026-06-15 00:00:00,2026-06-15 00:00:00,Mobile,Paid,0,0
BILL454352,CUST10298,306913,306913,2026-04-11 00:00:00,2026-04-14 00:00:00,Mobile,Paid,0,0
BILL637788,CUST10384,283831,283831,2026-01-31 00:00:00,2026-01-31 00:00:00,Mobile,Paid,0,0
BILL652204,CUST10498,382916,382916,2026-04-14 00:00:00,2026-04-15 00:00:00,Web,Paid,1,1
BILL213297,CUST10147,165632,167903,2026-04-13 00:00:00,2026-04-14 00:00:00,Mobile,Paid,0,0
BILL322249,CUST10590,265889,265889,2026-04-12 00:00:00,2026-04-16 00:00:00,Web,Paid,0,0
BILL148929,CUST10442,159799,154805,2026-05-15 00:00:00,2026-05-15 00:00:00,Web,Paid,0,0
BILL188260,CUST10598,132557,132557,2026-04-11 00:00:00,2026-04-13 00:00:00,API,Paid,0,0
BILL980239,CUST10152,353426,351868,2026-03-08 00:00:00,2026-03-11 00:00:00,Mobile,Paid,0,0
BILL560094,CUST10216,186571,186571,2026-03-09 00:00:00,2026-03-12 00:00:00,Web,Paid,0,0
BILL548618,CUST10019,106755,106755,2026-03-05 00:00:00,2026-03-06 00:00:00,Web,Paid,0,0
BILL716441,CUST10000,280462,280462,2026-02-03 00:00:00,2026-02-03 00:00:00,Web,Paid,0,0
BILL881395,CUST10398,190448,1004847,2026-05-17 00:00:00,2026-05-21 00:00:00,Web,Paid,0,1
BILL934473,CUST10176,140672,140672,2026-03-02 00:00:00,2026-03-05 00:00:00,Mobile,Paid,0,0
BILL600033,CUST10180,343281,343281,2026-02-08 00:00:00,2026-02-09 00:00:00,Web,Paid,0,0
BILL442238,CUST10564,196445,196445,2026-03-15 00:00:00,2026-03-18 00:00:00,Mobile,Paid,0,0
BILL666601,CUST10535,225969,225969,2026-02-06 00:00:00,2026-02-07 00:00:00,Mobile,Paid,0,0
BILL708285,CUST10195,215225,215225,2026-03-04 00:03:00,2026-03-04 00:03:00,Mobile,Paid,0,0
BILL192352,CUST10232,124686,127157,2026-04-06 00:00:00,2026-04-11 00:00:00,API,Paid,0,0
BILL833439,CUST10294,296583,296583,2026-02-03 00:00:00,2026-02-06 00:00:00,API,Paid,0,0
BILL624500,CUST10067,143557,143557,2026-03-11 00:00:00,2026-03-11 00:00:00,Mobile,Paid,0,0
BILL223320,CUST10154,146924,146924,2026-02-07 00:00:00,2026-02-11 00:00:00,Web,Paid,0,0
BILL342185,CUST10477,337604,337604,2026-03-12 00:00:00,2026-03-15 00:00:00,Mobile,Paid,0,0
BILL433073,CUST10238,308363,308363,2026-04-16 00:00:00,2026-04-16 00:00:00,Web,Paid,0,0
BILL949133,CUST10227,202023,202023,2026-05-23 00:00:00,2026-05-25 00:00:00,Mobile,Paid,0,0
BILL936882,CUST10402,202316,202316,2026-05-09 00:00:00,2026-05-12 00:00:00,Web,Paid,0,0
BILL618602,CUST10576,160191,160191,2026-05-11 00:00:00,2026-05-15 00:00:00,Web,Paid,0,0
BILL157541,CUST10458,370672,370672,2026-04-06 00:00:00,2026-04-07 00:00:00,Mobile,Paid,0,0
BILL268788,CUST10463,347787,347787,2026-05-02 00:02:00,2026-05-06 00:02:00,Mobile,Paid,0,0
BILL476327,CUST10443,155257,155257,2026-03-13 00:00:00,2026-03-15 00:00:00,Web,Paid,0,0
BILL692786,CUST10336,112017,112017,2026-03-03 00:00:00,2026-03-07 00:00:00,Mobile,Paid,0,0
BILL320436,CUST10406,109208,109208,2026-04-12 00:00:00,2026-04-17 00:00:00,Web,Paid,0,0
BILL915562,CUST10041,118023,118023,2026-05-14 00:00:00,2026-05-15 00:00:00,Mobile,Paid,0,0
BILL203143,CUST10015,136740,136740,2026-04-09 00:00:00,2026-04-09 00:00:00,Mobile,Paid,0,0
BILL380540,CUST10232,124686,120628,2026-05-11 00:00:00,2026-05-12 00:00:00,Web,Paid,0,0
BILL504544,CUST10511,360798,360798,2026-02-06 00:00:00,2026-02-07 00:00:00,API,Paid,0,1
BILL284691,CUST10014,265386,265386,2026-03-16 00:00:00,2026-03-21 00:00:00,Mobile,Paid,0,0
BILL291649,CUST10238,308363,308363,2026-05-16 00:00:00,2026-05-17 00:00:00,Web,Paid,0,0
BILL122400,CUST10366,335915,335915,2026-05-09 00:02:00,2026-05-09 00:02:00,Web,Paid,0,0
BILL934075,CUST10327,317238,317238,2026-03-16 00:00:00,2026-03-18 00:00:00,API,Paid,0,0
BILL286563,CUST10198,389783,389783,2026-03-15 00:00:00,2026-03-19 00:00:00,Web,Paid,0,0
BILL810277,CUST10584,205219,197060,2026-04-13 00:00:00,2026-04-12 00:00:00,Web,Paid,0,0
BILL603465,CUST10610,366644,778356,2026-02-06 00:00:00,2026-02-10 00:00:00,Web,Paid,0,1
BILL735967,CUST10470,231253,231253,2026-04-11 00:00:00,2026-04-16 00:00:00,Web,Paid,0,0
BILL357657,CUST10598,132557,132557,2026-05-13 00:00:00,2026-05-18 00:00:00,Mobile,Paid,0,0
BILL536959,CUST10256,225630,225630,2026-04-13 00:00:00,2026-04-17 00:00:00,Web,Paid,0,0
BILL481666,CUST10154,146924,146924,2026-03-13 00:00:00,2026-03-13 00:00:00,Web,Paid,0,0
BILL772825,CUST10123,171669,171669,2026-05-19 00:00:00,2026-05-18 00:00:00,Web,Paid,0,0
BILL307671,CUST10057,189967,189967,2026-05-17 00:00:00,2026-05-22 00:00:00,Web,Paid,0,0
BILL908913,CUST10381,388958,388958,2026-03-10 00:00:00,2026-03-14 00:00:00,Web,Paid,0,0
BILL820946,CUST10295,382198,247240,2026-04-18 00:00:00,2026-04-19 00:00:00,Web,Paid,0,1
BILL367733,CUST10440,125531,125531,2026-03-09 00:00:00,2026-03-13 00:00:00,Mobile,Paid,0,0
BILL776965,CUST10465,389187,389187,2026-06-12 00:00:00,2026-06-15 00:00:00,Mobile,Paid,0,0
BILL361534,CUST10314,321937,321937,2026-04-11 00:00:00,2026-04-14 00:00:00,Web,Paid,0,0
BILL377941,CUST10542,218385,218385,2026-04-13 00:00:00,2026-04-16 00:00:00,Web,Paid,0,0
BILL823231,CUST10550,205293,205293,2026-05-13 00:00:00,2026-05-13 00:00:00,Web,Paid,0,0
BILL811962,CUST10276,165605,165605,2026-02-07 00:00:00,2026-02-09 00:00:00,Web,Paid,0,0
BILL354007,CUST10554,216968,216968,2026-05-14 00:00:00,2026-05-19 00:00:00,Web,Paid,0,0
BILL900402,CUST10431,233641,233641,2026-05-13 00:02:00,2026-05-16 00:02:00,Mobile,Paid,0,0
BILL281361,CUST10312,323922,323922,2026-06-09 00:02:00,2026-06-10 00:02:00,Web,Paid,0,0
BILL379772,CUST10576,160191,160191,2026-06-14 00:00:00,2026-06-19 00:00:00,Web,Paid,0,0
BILL668049,CUST10479,261947,261947,2026-03-10 00:00:00,2026-03-13 00:00:00,Mobile,Paid,0,0
BILL937947,CUST10010,355644,355644,2026-02-10 00:00:00,2026-02-13 00:00:00,API,Paid,0,0
BILL705998,CUST10298,306913,306913,2026-05-14 00:00:00,2026-05-19 00:00:00,Mobile,Paid,0,0
BILL964258,CUST10171,191777,191777,2026-03-03 00:00:00,2026-03-02 00:00:00,Web,Paid,0,0
BILL324220,CUST10349,254414,254414,2026-05-13 00:00:00,2026-05-16 00:00:00,Web,Paid,0,0
BILL743109,CUST10541,373598,373598,2026-05-13 00:00:00,2026-05-16 00:00:00,Web,Paid,0,0
BILL972457,CUST10283,103807,103807,2026-03-08 00:00:00,2026-03-09 00:00:00,Web,Paid,0,0
BILL851198,CUST10067,143557,143557,2026-04-10 00:00:00,2026-04-15 00:00:00,Mobile,Paid,0,0
BILL580567,CUST10423,377888,377888,2026-03-13 00:00:00,2026-03-18 00:00:00,Mobile,Paid,0,0
BILL123123,CUST10524,240935,240935,2026-04-09 00:00:00,2026-04-13 00:00:00,Mobile,Paid,0,0
BILL842498,CUST10195,215225,215225,2026-04-03 00:03:00,2026-04-05 00:03:00,Mobile,Paid,0,0
BILL811046,CUST10326,131336,131336,2026-08-11 00:04:00,2026-08-12 00:04:00,Mobile,Paid,0,0
BILL491615,CUST10567,175282,175282,2026-04-14 00:00:00,2026-04-14 00:00:00,Web,Paid,0,0
BILL290555,CUST10281,179485,179485,2026-06-22 00:00:00,2026-06-26 00:00:00,Web,Paid,0,0
BILL157861,CUST10008,280575,280575,2026-03-05 00:00:00,2026-03-08 00:00:00,Web,Paid,0,0
BILL823627,CUST10235,240025,240025,2026-02-10 00:00:00,2026-02-14 00:00:00,Mobile,Paid,0,0
BILL164096,CUST10127,135804,135804,2026-05-15 00:00:00,2026-05-15 00:00:00,API,Paid,0,0
BILL153894,CUST10588,315845,315845,2026-05-17 00:00:00,2026-05-17 00:00:00,Mobile,Paid,0,0
BILL765213,CUST10288,244660,244660,2026-04-10 00:00:00,2026-04-11 00:00:00,Web,Paid,0,0
BILL603688,CUST10264,175717,175717,2026-04-18 00:00:00,2026-04-20 00:00:00,Web,Paid,0,0
BILL813359,CUST10506,364730,364730,2026-06-11 00:00:00,2026-06-15 00:00:00,Web,Paid,0,0
BILL454029,CUST10013,287233,287233,2026-05-19 00:00:00,2026-05-22 00:00:00,Mobile,Paid,0,0
BILL460277,CUST10484,392556,392556,2026-04-15 00:00:00,2026-04-18 00:00:00,Mobile,Paid,1,1
BILL940742,CUST10258,165224,165224,2026-04-11 00:00:00,2026-04-12 00:00:00,Mobile,Paid,0,0
BILL919955,CUST10016,116991,116991,2026-02-08 00:00:00,2026-02-12 00:00:00,Web,Paid,0,0
BILL351846,CUST10350,268142,268142,2026-04-08 00:00:00,2026-04-09 00:00:00,Mobile,Paid,0,0
BILL275864,CUST10378,379934,379934,2026-03-08 00:00:00,2026-03-13 00:00:00,Mobile,Paid,0,0
BILL366762,CUST10222,112320,112320,2026-05-16 00:00:00,2026-05-16 00:00:00,Web,Paid,0,0
BILL291418,CUST10211,267196,267196,2026-03-09 00:00:00,2026-03-11 00:00:00,Web,Paid,0,0
BILL438446,CUST10270,256786,256786,2026-03-03 00:00:00,2026-03-05 00:00:00,Mobile,Paid,0,0
BILL823691,CUST10580,140210,140210,2026-04-14 00:00:00,2026-04-14 00:00:00,Web,Paid,0,0
BILL319892,CUST10002,204619,204619,2026-06-13 00:00:00,2026-06-17 00:00:00,Web,Paid,0,0
BILL565462,CUST10144,361292,361292,2026-06-19 00:00:00,2026-06-19 00:00:00,Web,Paid,0,0
BILL693802,CUST10504,192508,192508,2026-03-11 00:00:00,2026-03-15 00:00:00,Web,Paid,0,0
BILL184544,CUST10463,347787,347787,2026-06-05 00:02:00,2026-06-09 00:02:00,API,Paid,0,0
BILL473548,CUST10064,334083,153895,2026-04-11 00:00:00,2026-04-11 00:00:00,Web,Paid,0,1
BILL626025,CUST10190,253576,259044,2026-02-05 00:00:00,2026-02-10 00:00:00,Mobile,Paid,0,0
BILL989245,CUST10329,233153,233153,2026-03-03 00:00:00,2026-03-05 00:00:00,Mobile,Paid,0,0
BILL879932,CUST10516,381906,381906,2026-03-10 00:00:00,2026-03-10 00:00:00,API,Paid,0,0
BILL479954,CUST10279,200340,200340,2026-04-13 00:00:00,2026-04-17 00:00:00,Mobile,Paid,0,0
BILL617921,CUST10027,156366,156366,2026-06-17 00:00:00,2026-06-17 00:00:00,Mobile,Paid,0,0
BILL633629,CUST10276,165605,165605,2026-03-11 00:00:00,2026-03-12 00:00:00,Web,Paid,0,0
BILL476371,CUST10399,205101,205101,2026-03-10 00:00:00,2026-03-13 00:00:00,Mobile,Paid,0,0
BILL622744,CUST10485,340510,340510,2026-02-10 00:00:00,2026-02-14 00:00:00,Web,Paid,0,0
BILL693154,CUST10341,124456,124456,2026-05-16 00:00:00,2026-05-19 00:00:00,Web,Paid,0,0
BILL528243,CUST10359,189439,189439,2026-05-17 00:00:00,2026-05-22 00:00:00,Web,Paid,0,0
BILL718511,CUST10528,123124,123124,2026-05-20 00:00:00,2026-05-20 00:00:00,Mobile,Paid,0,0
BILL444039,CUST10613,310870,310870,2026-05-09 00:00:00,2026-05-11 00:00:00,Mobile,Paid,0,0
BILL253609,CUST10143,251424,251424,2026-07-14 00:00:00,2026-07-14 00:00:00,Web,Paid,0,0
BILL891188,CUST10190,253576,253576,2026-03-12 00:00:00,2026-03-12 00:00:00,Mobile,Paid,0,0
BILL893700,CUST10023,387541,387541,2026-05-09 00:00:00,2026-05-12 00:00:00,Mobile,Paid,0,0
BILL679966,CUST10436,164241,164241,2026-03-10 00:00:00,2026-03-13 00:00:00,Web,Paid,0,0
BILL247553,CUST10160,212194,212194,2026-03-08 00:00:00,2026-03-09 00:00:00,Mobile,Paid,0,0
BILL495633,CUST10168,151714,157288,2026-02-08 00:00:00,2026-02-13 00:00:00,Mobile,Paid,0,0
BILL322687,CUST10473,333096,333096,2026-04-14 00:00:00,2026-04-19 00:00:00,Web,Paid,0,0
BILL850763,CUST10283,103807,103807,2026-04-08 00:00:00,2026-04-09 00:00:00,Web,Paid,0,0
BILL387293,CUST10557,232020,232020,2026-03-11 00:02:00,2026-03-12 00:02:00,Web,Paid,0,0
BILL611258,CUST10087,309656,309656,2026-05-19 00:00:00,2026-05-23 00:00:00,API,Paid,0,0
BILL293721,CUST10082,220068,220068,2026-04-13 00:00:00,2026-04-12 00:00:00,Mobile,Paid,0,0
BILL449948,CUST10572,340687,340687,2026-03-05 00:00:00,2026-03-08 00:00:00,Mobile,Paid,0,0
BILL301212,CUST10145,383532,383532,2026-05-16 00:00:00,2026-05-21 00:00:00,Web,Paid,0,0
BILL937923,CUST10253,123560,123560,2026-05-15 00:00:00,2026-05-16 00:00:00,API,Paid,0,0
BILL789186,CUST10212,216836,90579,2026-03-13 00:00:00,2026-03-16 00:00:00,Web,Paid,0,1
BILL377815,CUST10508,227154,227154,2026-05-13 00:00:00,2026-05-17 00:00:00,Mobile,Paid,0,0
BILL850712,CUST10171,191777,905665,2026-04-01 00:00:00,2026-04-02 00:00:00,Web,Paid,0,1
BILL840316,CUST10085,289887,289887,2026-02-06 00:00:00,2026-02-07 00:00:00,API,Paid,0,0
BILL883849,CUST10191,371457,371457,2026-03-10 00:00:00,2026-03-12 00:00:00,Mobile,Paid,0,0
BILL742530,CUST10169,282389,282389,2026-04-17 00:00:00,2026-04-18 00:00:00,Web,Paid,0,0
BILL651966,CUST10615,189647,189647,2026-05-09 00:00:00,2026-05-13 00:00:00,Mobile,Paid,0,0
BILL624554,CUST10478,285626,285626,2026-05-12 00:00:00,2026-05-12 00:00:00,Mobile,Paid,0,0
BILL294073,CUST10472,397250,397250,2026-03-15 00:00:00,2026-03-20 00:00:00,Web,Paid,0,0
BILL541813,CUST10117,331346,335914,2026-03-12 00:00:00,2026-03-14 00:00:00,Web,Paid,0,0
BILL106435,CUST10380,338212,1309145,2026-04-15 00:00:00,2026-04-18 00:00:00,Mobile,Paid,0,1
BILL971058,CUST10157,151503,151503,2026-04-19 00:00:00,2026-04-24 00:00:00,Mobile,Paid,0,0
BILL766755,CUST10296,126664,126664,2026-06-17 00:00:00,2026-06-17 00:00:00,Web,Paid,0,0
BILL888685,CUST10017,120945,120945,2026-01-31 00:00:00,2026-01-31 00:00:00,Mobile,Paid,0,0
BILL738325,CUST10032,168414,168414,2026-06-14 00:00:00,2026-06-16 00:00:00,Mobile,Paid,0,0
BILL802049,CUST10346,295566,295566,2026-04-18 00:00:00,2026-04-22 00:00:00,Web,Paid,0,0
BILL764981,CUST10082,220068,220068,2026-05-12 00:00:00,2026-05-12 00:00:00,Mobile,Paid,0,0
BILL960261,CUST10349,254414,254414,2026-06-15 00:00:00,2026-06-14 00:00:00,Web,Paid,0,0
BILL319507,CUST10455,228673,228673,2026-04-12 00:00:00,2026-04-13 00:00:00,Web,Paid,0,0
BILL890742,CUST10286,205365,755402,2026-03-16 00:00:00,2026-03-21 00:00:00,Web,Paid,0,1
BILL763507,CUST10612,137846,137846,2026-05-13 00:00:00,2026-05-14 00:00:00,Mobile,Paid,0,0
BILL297295,CUST10325,198086,198086,2026-03-15 00:00:00,2026-03-17 00:00:00,Web,Paid,0,0
BILL400297,CUST10054,281343,277568,2026-06-09 00:00:00,2026-06-12 00:00:00,Mobile,Paid,0,0
BILL392339,CUST10391,333242,333242,2026-03-13 00:00:00,2026-03-14 00:00:00,Mobile,Paid,0,0
BILL250463,CUST10435,251806,251806,2026-04-16 00:00:00,2026-04-21 00:00:00,Mobile,Paid,0,0
BILL159538,CUST10570,281667,281667,2026-04-19 00:00:00,2026-04-22 00:00:00,Mobile,Paid,0,0
BILL467844,CUST10583,284245,284245,2026-02-06 00:00:00,2026-02-11 00:00:00,Mobile,Paid,0,0
BILL215843,CUST10140,382812,382812,2026-03-03 00:00:00,2026-03-03 00:00:00,API,Paid,0,1
BILL878768,CUST10140,382812,382812,2026-03-03 00:00:00,2026-03-03 00:01:00,API,Paid,0,1
BILL420865,CUST10140,382812,382812,2026-03-03 00:00:00,2026-03-03 00:02:00,API,Paid,0,1
BILL391738,CUST10393,339430,352044,2026-03-14 00:00:00,2026-03-18 00:00:00,Mobile,Paid,0,0
BILL478060,CUST10006,161946,161946,2026-03-06 00:00:00,2026-03-09 00:00:00,Web,Paid,0,0
BILL672152,CUST10521,133647,135992,2026-02-03 00:00:00,2026-02-03 00:00:00,Web,Paid,0,0
BILL933764,CUST10603,276192,276192,2026-03-14 00:00:00,2026-03-19 00:00:00,Web,Paid,0,0
BILL829825,CUST10471,287323,287323,2026-07-08 00:00:00,2026-07-08 00:00:00,Web,Paid,0,0
BILL668419,CUST10266,348186,348186,2026-06-08 00:00:00,2026-06-09 00:00:00,Web,Paid,0,0
BILL481606,CUST10169,282389,281625,2026-05-18 00:00:00,2026-05-19 00:00:00,Web,Paid,0,0
BILL510203,CUST10184,299790,299790,2026-05-02 00:00:00,2026-05-02 00:00:00,Mobile,Paid,0,0
BILL742281,CUST10085,289887,289887,2026-03-09 00:00:00,2026-03-14 00:00:00,Mobile,Paid,0,0
BILL846399,CUST10405,306307,107589,2026-03-06 00:00:00,2026-03-06 00:00:00,Mobile,Paid,0,1
BILL916014,CUST10230,233935,233935,2026-07-05 00:00:00,2026-07-10 00:00:00,API,Paid,0,0
BILL477856,CUST10070,238824,238824,2026-04-06 00:00:00,2026-04-10 00:00:00,Web,Paid,0,0
BILL203829,CUST10301,366492,366492,2026-04-09 00:00:00,2026-04-11 00:00:00,API,Paid,0,0
BILL513565,CUST10377,321013,321013,2026-08-17 00:00:00,2026-08-16 00:00:00,Mobile,Paid,0,0
BILL403398,CUST10093,290499,290499,2026-07-16 00:00:00,2026-07-17 00:00:00,Mobile,Paid,0,0
BILL182875,CUST10394,163160,163160,2026-04-11 00:00:00,2026-04-13 00:00:00,Web,Paid,0,0
BILL657474,CUST10428,186119,186119,2026-05-11 00:00:00,2026-05-14 00:00:00,Mobile,Paid,0,0
BILL920542,CUST10369,232410,232410,2026-03-05 00:00:00,2026-03-08 00:00:00,Mobile,Paid,0,0
BILL943661,CUST10025,126760,126760,2026-06-19 00:00:00,2026-06-19 00:00:00,Web,Paid,0,0
BILL253696,CUST10483,165857,165857,2026-06-10 00:00:00,2026-06-10 00:00:00,Mobile,Paid,0,0
BILL308081,CUST10140,382812,382812,2026-04-02 00:03:00,2026-04-06 00:03:00,Web,Paid,0,0
BILL994750,CUST10249,169300,169300,2026-04-16 00:00:00,2026-04-21 00:00:00,Web,Paid,0,0
BILL203730,CUST10619,173494,173494,2026-03-09 00:00:00,2026-03-14 00:00:00,Mobile,Paid,0,0
BILL240074,CUST10586,278993,278993,2026-04-10 00:00:00,2026-04-12 00:00:00,Web,Paid,0,0
BILL589102,CUST10096,194180,194180,2026-05-02 00:00:00,2026-05-03 00:00:00,Mobile,Paid,0,0
BILL435588,CUST10592,259732,254041,2026-03-11 00:00:00,2026-03-16 00:00:00,Web,Paid,0,0
BILL542430,CUST10358,310756,310756,2026-04-20 00:00:00,2026-04-23 00:00:00,Web,Paid,0,0
BILL240299,CUST10485,340510,337455,2026-03-16 00:00:00,2026-03-20 00:00:00,API,Paid,0,0
BILL180492,CUST10230,233935,233935,2026-08-09 00:00:00,2026-08-09 00:00:00,Mobile,Paid,0,0
BILL972456,CUST10480,170314,884003,2026-04-14 00:00:00,2026-04-13 00:00:00,Web,Paid,0,1
BILL527547,CUST10593,389266,389266,2026-05-19 00:00:00,2026-05-24 00:00:00,Mobile,Paid,0,0
BILL641590,CUST10591,250067,242510,2026-04-15 00:00:00,2026-04-20 00:00:00,Web,Paid,0,0
BILL230240,CUST10123,171669,171669,2026-06-17 00:00:00,2026-06-22 00:00:00,Web,Paid,0,0
BILL711399,CUST10227,202023,202023,2026-06-24 00:00:00,2026-06-24 00:00:00,Mobile,Paid,0,0
BILL935011,CUST10204,148331,148331,2026-04-06 00:00:00,2026-04-07 00:00:00,Mobile,Paid,0,0
BILL153620,CUST10013,287233,287233,2026-06-21 00:00:00,2026-06-20 00:00:00,Mobile,Paid,0,0
BILL186722,CUST10606,301749,301749,2026-04-09 00:00:00,2026-04-13 00:00:00,Mobile,Paid,0,0
BILL497492,CUST10215,129546,126466,2026-03-14 00:00:00,2026-03-16 00:00:00,Web,Paid,0,0
BILL768746,CUST10080,308693,308693,2026-03-08 00:00:00,2026-03-13 00:00:00,Web,Paid,0,0
BILL671360,CUST10152,353426,353426,2026-04-10 00:00:00,2026-04-11 00:00:00,Mobile,Paid,0,0
BILL346134,CUST10111,229006,229006,2026-04-09 00:00:00,2026-04-09 00:00:00,Web,Paid,0,0
BILL905797,CUST10227,202023,193625,2026-07-24 00:00:00,2026-07-25 00:00:00,Mobile,Paid,0,0
BILL760254,CUST10209,224011,224011,2026-05-13 00:00:00,2026-05-14 00:00:00,Mobile,Paid,0,0
BILL161831,CUST10459,341806,341806,2026-02-10 00:00:00,2026-02-14 00:00:00,Web,Paid,0,0
BILL430003,CUST10436,164241,164241,2026-04-12 00:00:00,2026-04-17 00:00:00,Web,Paid,0,0
BILL914490,CUST10495,389174,389174,2026-04-11 00:00:00,2026-04-13 00:00:00,Web,Paid,0,0
BILL775482,CUST10555,274885,274885,2026-04-08 00:00:00,2026-04-12 00:00:00,Web,Paid,0,0
BILL594433,CUST10018,259095,1125615,2026-06-19 00:02:00,2026-06-23 00:02:00,Web,Paid,0,1
BILL980306,CUST10479,261947,261947,2026-04-12 00:00:00,2026-04-12 00:00:00,Mobile,Paid,0,0
BILL513940,CUST10220,274271,274271,2026-05-12 00:00:00,2026-05-12 00:00:00,API,Paid,0,1
BILL515139,CUST10220,274271,274271,2026-05-12 00:00:00,2026-05-12 00:01:00,API,Paid,0,1
BILL769049,CUST10034,308610,308610,2026-03-11 00:00:00,2026-03-12 00:00:00,Mobile,Paid,0,0
BILL568938,CUST10304,302555,1577072,2026-03-13 00:00:00,2026-03-15 00:00:00,Mobile,Paid,0,1
BILL653509,CUST10096,194180,200562,2026-06-02 00:00:00,2026-06-03 00:00:00,Mobile,Paid,0,0
BILL858476,CUST10425,336049,336049,2026-05-13 00:00:00,2026-05-15 00:00:00,Web,Paid,0,0
BILL911551,CUST10155,318440,318440,2026-07-22 00:00:00,2026-07-23 00:00:00,Web,Paid,0,0
BILL977585,CUST10115,101216,101216,2026-05-08 00:00:00,2026-05-10 00:00:00,Mobile,Paid,0,0
BILL320012,CUST10322,249491,249491,2026-05-11 00:00:00,2026-05-14 00:00:00,Mobile,Paid,0,0
BILL402861,CUST10563,168559,166613,2026-03-15 00:00:00,2026-03-18 00:00:00,Mobile,Paid,0,0
BILL970876,CUST10347,381404,381404,2026-04-14 00:00:00,2026-04-17 00:00:00,Mobile,Paid,0,0
BILL507915,CUST10603,276192,276192,2026-04-18 00:00:00,2026-04-22 00:00:00,Web,Paid,0,0
BILL106658,CUST10138,121975,121975,2026-05-11 00:00:00,2026-05-13 00:00:00,Mobile,Paid,0,0
BILL539608,CUST10114,174295,174295,2026-05-16 00:00:00,2026-05-18 00:00:00,Mobile,Paid,0,0
BILL322087,CUST10245,182230,84150,2026-03-12 00:00:00,2026-03-14 00:00:00,Web,Paid,0,1
BILL795930,CUST10451,349644,349644,2026-04-12 00:00:00,2026-04-17 00:00:00,Web,Paid,0,0
BILL955036,CUST10276,165605,165605,2026-04-11 00:00:00,2026-04-15 00:00:00,Web,Paid,0,0
BILL738180,CUST10596,368379,368379,2026-02-03 00:00:00,2026-02-08 00:00:00,Mobile,Paid,0,0
BILL569097,CUST10184,299790,299790,2026-06-01 00:00:00,2026-06-02 00:00:00,Mobile,Paid,0,0
BILL538498,CUST10051,104563,106164,2026-06-11 00:00:00,2026-06-13 00:00:00,Web,Paid,0,0
BILL260892,CUST10335,250897,250897,2026-07-07 00:03:00,2026-07-08 00:03:00,Web,Paid,0,0
BILL140167,CUST10312,323922,315467,2026-07-10 00:02:00,2026-07-12 00:02:00,Web,Paid,0,0
BILL293724,CUST10365,232975,232975,2026-05-18 00:00:00,2026-05-19 00:00:00,Web,Paid,0,0
BILL579108,CUST10374,219008,219008,2026-04-13 00:00:00,2026-04-17 00:00:00,Mobile,Paid,0,0
BILL676748,CUST10094,161838,161838,2026-05-09 00:00:00,2026-05-12 00:00:00,Mobile,Paid,0,0
BILL361953,CUST10425,336049,336049,2026-06-14 00:00:00,2026-06-17 00:00:00,Web,Paid,0,0
BILL665928,CUST10415,352060,352060,2026-03-11 00:00:00,2026-03-13 00:00:00,API,Paid,0,0
BILL151322,CUST10564,196445,196445,2026-04-17 00:00:00,2026-04-19 00:00:00,Mobile,Paid,0,0
BILL132736,CUST10077,278619,278619,2026-06-14 00:00:00,2026-06-19 00:00:00,Mobile,Paid,0,0
BILL710404,CUST10377,321013,321013,2026-09-15 00:00:00,2026-09-16 00:00:00,Mobile,Paid,0,0
BILL964067,CUST10014,265386,265386,2026-04-20 00:00:00,2026-04-21 00:00:00,Mobile,Paid,0,0
BILL710131,CUST10116,354488,354488,2026-03-08 00:00:00,2026-03-12 00:00:00,Mobile,Paid,0,0
BILL985559,CUST10350,268142,268142,2026-05-09 00:00:00,2026-05-11 00:00:00,Mobile,Paid,0,0
BILL148253,CUST10141,236549,236549,2026-04-16 00:00:00,2026-04-18 00:00:00,Mobile,Paid,0,0
BILL487570,CUST10202,157531,157531,2026-03-09 00:00:00,2026-03-13 00:00:00,Web,Paid,0,0
BILL235348,CUST10026,224210,224210,2026-03-09 00:00:00,2026-03-13 00:00:00,Mobile,Paid,0,0
BILL977887,CUST10059,223989,223989,2026-03-15 00:00:00,2026-03-18 00:00:00,API,Paid,0,0
BILL603985,CUST10080,308693,308693,2026-04-12 00:00:00,2026-04-15 00:00:00,Web,Paid,0,0
BILL650256,CUST10153,225835,225835,2026-03-12 00:00:00,2026-03-15 00:00:00,Web,Paid,0,0
BILL860746,CUST10083,169188,169188,2026-05-18 00:00:00,2026-05-23 00:00:00,Mobile,Paid,0,0
BILL754572,CUST10102,275738,275738,2026-04-07 00:00:00,2026-04-10 00:00:00,Mobile,Paid,0,0
BILL494547,CUST10162,365049,365049,2026-04-08 00:00:00,2026-04-12 00:00:00,Mobile,Paid,0,0
BILL358942,CUST10443,155257,155257,2026-04-14 00:00:00,2026-04-17 00:00:00,Web,Paid,0,0
BILL279691,CUST10409,373675,373675,2026-05-14 00:00:00,2026-05-14 00:00:00,Mobile,Paid,0,0
BILL217991,CUST10524,240935,240935,2026-05-13 00:00:00,2026-05-18 00:00:00,Mobile,Paid,0,0
BILL512877,CUST10047,311412,311412,2026-04-07 00:00:00,2026-04-07 00:00:00,Web,Paid,0,0
BILL804891,CUST10252,207634,207634,2026-05-14 00:00:00,2026-05-14 00:00:00,Mobile,Paid,0,0
BILL162588,CUST10282,191051,191051,2026-05-09 00:00:00,2026-05-14 00:00:00,Mobile,Paid,0,0
BILL472501,CUST10409,373675,373675,2026-06-13 00:00:00,2026-06-13 00:00:00,Mobile,Paid,0,0
BILL181077,CUST10129,180334,180334,2026-04-12 00:00:00,2026-04-14 00:00:00,Mobile,Paid,0,0
BILL540770,CUST10548,270524,270524,2026-05-13 00:00:00,2026-05-16 00:00:00,Web,Paid,0,0
BILL844380,CUST10590,265889,265889,2026-05-16 00:00:00,2026-05-19 00:00:00,Web,Paid,0,0
BILL778995,CUST10540,354795,354795,2026-04-13 00:00:00,2026-04-13 00:00:00,Web,Paid,0,0
BILL480032,CUST10147,165632,165632,2026-05-14 00:00:00,2026-05-14 00:00:00,Mobile,Paid,0,0
BILL976059,CUST10288,244660,244660,2026-05-11 00:00:00,2026-05-15 00:00:00,Web,Paid,0,0
BILL264721,CUST10095,333349,333349,2026-04-10 00:00:00,2026-04-10 00:00:00,Mobile,Paid,0,0
BILL182958,CUST10134,185854,185854,2026-05-18 00:00:00,2026-05-19 00:00:00,Web,Paid,0,0
BILL116730,CUST10578,255524,255524,2026-04-09 00:00:00,2026-04-11 00:00:00,Mobile,Paid,0,0
BILL562790,CUST10252,207634,207634,2026-06-13 00:00:00,2026-06-14 00:00:00,Mobile,Paid,0,0
BILL264123,CUST10288,244660,244660,2026-06-14 00:00:00,2026-06-16 00:00:00,Web,Paid,0,0
BILL488274,CUST10466,222104,222104,2026-04-11 00:00:00,2026-04-14 00:00:00,Web,Paid,0,0
BILL524474,CUST10497,395180,395180,2026-07-21 00:00:00,2026-07-20 00:00:00,Web,Paid,0,0
BILL229482,CUST10110,141393,141393,2026-03-16 00:00:00,2026-03-17 00:00:00,Web,Paid,0,0
BILL566372,CUST10439,385361,385361,2026-03-14 00:00:00,2026-03-14 00:00:00,API,Paid,0,1
BILL373111,CUST10439,385361,385361,2026-03-14 00:00:00,2026-03-14 00:01:00,API,Paid,0,1
BILL607347,CUST10439,385361,385361,2026-03-14 00:00:00,2026-03-14 00:02:00,API,Paid,0,1
BILL938599,CUST10042,162275,162275,2026-05-21 00:00:00,2026-05-21 00:00:00,Web,Paid,0,0
BILL376320,CUST10372,145857,145857,2026-04-17 00:00:00,2026-04-18 00:00:00,Web,Paid,0,0
BILL501359,CUST10077,278619,278619,2026-07-19 00:00:00,2026-07-24 00:00:00,Mobile,Paid,0,0
BILL929881,CUST10576,160191,160191,2026-07-19 00:00:00,2026-07-23 00:00:00,API,Paid,0,1
BILL841663,CUST10548,270524,270524,2026-06-15 00:00:00,2026-06-14 00:00:00,API,Paid,0,0
BILL530873,CUST10419,288784,288784,2026-04-11 00:00:00,2026-04-16 00:00:00,Web,Paid,0,0
BILL725564,CUST10603,276192,276192,2026-05-22 00:00:00,2026-05-25 00:00:00,Web,Paid,0,0
BILL640641,CUST10419,288784,288784,2026-05-16 00:00:00,2026-05-18 00:00:00,API,Paid,0,0
BILL759369,CUST10231,109317,109317,2026-04-14 00:00:00,2026-04-19 00:00:00,Mobile,Paid,0,0
BILL439809,CUST10242,350465,350465,2026-03-12 00:00:00,2026-03-14 00:00:00,Mobile,Paid,0,0
BILL768210,CUST10521,133647,133647,2026-03-05 00:00:00,2026-03-09 00:00:00,Web,Paid,0,0
BILL682772,CUST10086,360375,360375,2026-04-10 00:00:00,2026-04-11 00:00:00,Mobile,Paid,0,0
BILL731037,CUST10222,112320,108102,2026-06-15 00:00:00,2026-06-19 00:00:00,Web,Paid,0,0
BILL436847,CUST10121,130126,130126,2026-04-15 00:00:00,2026-04-16 00:00:00,Mobile,Paid,0,0
BILL314332,CUST10006,161946,161946,2026-04-08 00:00:00,2026-04-10 00:00:00,Web,Paid,0,0
BILL473835,CUST10080,308693,308693,2026-05-15 00:00:00,2026-05-16 00:00:00,Web,Paid,0,0
BILL382566,CUST10423,377888,377888,2026-04-17 00:00:00,2026-04-19 00:00:00,Mobile,Paid,0,0
BILL894289,CUST10586,278993,278993,2026-05-12 00:00:00,2026-05-12 00:00:00,Web,Paid,0,0
BILL282933,CUST10027,156366,156366,2026-07-17 00:00:00,2026-07-17 00:00:00,Mobile,Paid,0,0
BILL962716,CUST10502,167579,167579,2026-02-06 00:00:00,2026-02-11 00:00:00,Web,Paid,0,0
BILL375438,CUST10259,375640,375640,2026-05-12 00:00:00,2026-05-13 00:00:00,Mobile,Paid,0,0
BILL962910,CUST10103,245102,245102,2026-06-20 00:00:00,2026-06-24 00:00:00,API,Paid,0,0
BILL717123,CUST10330,208656,208656,2026-04-07 00:00:00,2026-04-11 00:00:00,Mobile,Paid,0,0
BILL831179,CUST10568,398581,398581,2026-02-04 00:00:00,2026-02-09 00:00:00,Web,Paid,0,0
BILL147750,CUST10573,219542,219542,2026-02-07 00:00:00,2026-02-08 00:00:00,Web,Paid,0,0
BILL844997,CUST10324,340137,340137,2026-06-12 00:00:00,2026-06-15 00:00:00,Web,Paid,0,0
BILL480670,CUST10102,275738,275738,2026-05-10 00:00:00,2026-05-12 00:00:00,Mobile,Paid,0,0
BILL723096,CUST10558,283378,283378,2026-04-13 00:00:00,2026-04-18 00:00:00,Mobile,Paid,0,0
BILL767649,CUST10074,356853,349421,2026-04-12 00:00:00,2026-04-14 00:00:00,Mobile,Paid,0,0
BILL984125,CUST10457,239593,239593,2026-03-10 00:00:00,2026-03-12 00:00:00,Web,Paid,0,0
BILL967837,CUST10519,147123,147123,2026-03-05 00:00:00,2026-03-08 00:00:00,Mobile,Paid,0,0
BILL667596,CUST10201,110219,110219,2026-03-11 00:00:00,2026-03-13 00:00:00,Mobile,Paid,0,0
BILL448543,CUST10095,333349,333349,2026-05-10 00:00:00,2026-05-15 00:00:00,Mobile,Paid,0,0
BILL850598,CUST10058,101443,101443,2026-03-10 00:00:00,2026-03-15 00:00:00,Mobile,Paid,0,0
BILL534366,CUST10558,283378,283378,2026-05-18 00:00:00,2026-05-20 00:00:00,Mobile,Paid,0,0
BILL234707,CUST10327,317238,317238,2026-04-17 00:00:00,2026-04-17 00:00:00,Mobile,Paid,0,0
BILL748106,CUST10364,236723,236723,2026-03-16 00:00:00,2026-03-21 00:00:00,Web,Paid,0,0
BILL890276,CUST10003,171760,171760,2026-03-13 00:00:00,2026-03-16 00:00:00,Mobile,Paid,0,0
BILL453638,CUST10258,165224,165224,2026-05-12 00:00:00,2026-05-13 00:00:00,Mobile,Paid,0,0
BILL411787,CUST10313,263980,263980,2026-04-08 00:00:00,2026-04-13 00:00:00,Mobile,Paid,0,0
BILL878720,CUST10392,103166,103166,2026-04-19 00:00:00,2026-04-24 00:00:00,Mobile,Paid,0,0
BILL767150,CUST10278,293986,293986,2026-04-06 00:00:00,2026-04-06 00:00:00,Web,Paid,0,0
BILL334584,CUST10073,338950,338950,2026-05-05 00:00:00,2026-05-06 00:00:00,Mobile,Paid,0,0
BILL162285,CUST10024,197978,197978,2026-06-18 00:00:00,2026-06-18 00:00:00,Web,Paid,0,0
BILL790965,CUST10261,313603,313603,2026-03-13 00:00:00,2026-03-14 00:00:00,API,Paid,0,0
BILL825684,CUST10130,234358,234358,2026-03-09 00:00:00,2026-03-14 00:00:00,Mobile,Paid,0,0
BILL996707,CUST10074,356853,356853,2026-05-14 00:00:00,2026-05-18 00:00:00,Mobile,Paid,0,0
BILL775095,CUST10431,233641,233641,2026-06-15 00:02:00,2026-06-20 00:02:00,Mobile,Paid,0,0
BILL753682,CUST10308,187089,187089,2026-04-15 00:00:00,2026-04-17 00:00:00,Mobile,Paid,0,0
BILL292653,CUST10165,302743,302743,2026-02-09 00:00:00,2026-02-08 00:00:00,Web,Paid,0,0
BILL275604,CUST10559,134695,134695,2026-04-10 00:00:00,2026-04-14 00:00:00,Web,Paid,0,0
BILL949555,CUST10559,134695,134695,2026-05-14 00:00:00,2026-05-16 00:00:00,Web,Paid,0,0
BILL530303,CUST10039,358732,369342,2026-03-08 00:00:00,2026-03-11 00:00:00,Mobile,Paid,0,0
BILL269264,CUST10278,293986,293986,2026-05-06 00:00:00,2026-05-08 00:00:00,Web,Paid,0,0
BILL853882,CUST10001,294419,294419,2026-03-11 00:00:00,2026-03-11 00:00:00,Web,Paid,0,0
BILL702740,CUST10459,341806,341806,2026-03-16 00:00:00,2026-03-19 00:00:00,Web,Paid,0,0
BILL748659,CUST10209,224011,224011,2026-06-13 00:00:00,2026-06-12 00:00:00,Mobile,Paid,0,0
BILL425268,CUST10372,145857,145857,2026-05-18 00:00:00,2026-05-18 00:00:00,Web,Paid,0,0
BILL963082,CUST10375,235313,235313,2026-04-06 00:00:00,2026-04-11 00:00:00,Mobile,Paid,0,0
BILL225898,CUST10582,283005,283005,2026-05-18 00:03:00,2026-05-22 00:03:00,Web,Paid,0,0
BILL783606,CUST10244,350035,350035,2026-06-13 00:00:00,2026-06-18 00:00:00,Web,Paid,0,0
BILL145522,CUST10524,240935,240935,2026-06-17 00:00:00,2026-06-19 00:00:00,Mobile,Paid,0,0
BILL359276,CUST10012,345015,345015,2026-04-04 00:00:00,2026-04-07 00:00:00,Web,Paid,0,0
BILL740477,CUST10372,145857,145857,2026-06-17 00:00:00,2026-06-17 00:00:00,Web,Paid,0,0
BILL351532,CUST10004,213029,213029,2026-05-08 00:00:00,2026-05-08 00:00:00,Mobile,Paid,0,0
BILL112780,CUST10446,277035,277035,2026-02-06 00:00:00,2026-02-09 00:00:00,Web,Paid,0,0
BILL294608,CUST10016,116991,116991,2026-03-14 00:00:00,2026-03-14 00:00:00,Web,Paid,0,0
BILL676519,CUST10131,361858,361858,2026-02-07 00:00:00,2026-02-11 00:00:00,Web,Paid,0,0
BILL951534,CUST10159,171080,171080,2026-04-16 00:00:00,2026-04-19 00:00:00,Web,Paid,0,0
BILL960463,CUST10605,277839,277839,2026-04-09 00:00:00,2026-04-14 00:00:00,Web,Paid,0,0
BILL636375,CUST10439,385361,385361,2026-04-13 00:03:00,2026-04-17 00:03:00,Web,Paid,0,0
BILL871397,CUST10510,122044,122044,2026-02-05 00:00:00,2026-02-07 00:00:00,Web,Paid,0,0
BILL171720,CUST10570,281667,90885,2026-05-22 00:00:00,2026-05-23 00:00:00,Mobile,Paid,0,1
BILL157627,CUST10455,228673,228673,2026-05-13 00:00:00,2026-05-18 00:00:00,Web,Paid,0,0
BILL521291,CUST10539,138041,138041,2026-05-06 00:00:00,2026-05-10 00:00:00,Mobile,Paid,0,0
BILL656728,CUST10267,212787,212787,2026-03-05 00:00:00,2026-03-09 00:00:00,Web,Paid,0,0
BILL162099,CUST10490,322691,322691,2026-06-12 00:00:00,2026-06-14 00:00:00,Mobile,Paid,0,0
BILL496573,CUST10305,290216,290216,2026-04-18 00:00:00,2026-04-22 00:00:00,Web,Paid,0,0
BILL429422,CUST10201,110219,110219,2026-04-12 00:00:00,2026-04-12 00:00:00,Mobile,Paid,0,0
BILL780371,CUST10600,196490,196490,2026-04-13 00:00:00,2026-04-13 00:00:00,Mobile,Paid,0,0
BILL970254,CUST10201,110219,110219,2026-05-12 00:00:00,2026-05-16 00:00:00,Mobile,Paid,0,0
BILL283163,CUST10501,197521,197521,2026-04-08 00:00:00,2026-04-11 00:00:00,Web,Paid,0,0
BILL481429,CUST10285,291410,291410,2026-02-08 00:00:00,2026-02-09 00:00:00,Web,Paid,0,0
BILL408461,CUST10286,205365,205365,2026-04-20 00:00:00,2026-04-20 00:00:00,API,Paid,0,0
BILL913790,CUST10472,397250,397250,2026-04-19 00:00:00,2026-04-20 00:00:00,Web,Paid,0,0
BILL930733,CUST10130,234358,234358,2026-04-13 00:00:00,2026-04-17 00:00:00,Mobile,Paid,0,0
BILL630546,CUST10425,336049,336049,2026-07-17 00:00:00,2026-07-22 00:00:00,Web,Paid,0,0
BILL578576,CUST10390,304339,304339,2026-02-03 00:00:00,2026-02-08 00:00:00,Web,Paid,0,0
BILL352009,CUST10495,389174,389174,2026-05-13 00:00:00,2026-05-13 00:00:00,Web,Paid,0,0
BILL618502,CUST10278,293986,293986,2026-06-07 00:00:00,2026-06-12 00:00:00,Web,Paid,0,0
BILL241139,CUST10237,112971,112971,2026-05-15 00:00:00,2026-05-15 00:00:00,Mobile,Paid,0,0
BILL676140,CUST10048,283288,283288,2026-04-11 00:00:00,2026-04-11 00:00:00,Mobile,Paid,0,0
BILL671784,CUST10068,217601,217601,2026-06-08 00:00:00,2026-06-07 00:00:00,Mobile,Paid,0,0
BILL233566,CUST10116,354488,354488,2026-04-11 00:00:00,2026-04-12 00:00:00,Mobile,Paid,0,0
BILL413956,CUST10392,103166,103166,2026-05-24 00:00:00,2026-05-25 00:00:00,Mobile,Paid,0,0
BILL291626,CUST10464,345977,345977,2026-06-15 00:00:00,2026-06-17 00:00:00,API,Paid,0,0
BILL124989,CUST10072,290755,290755,2026-04-19 00:00:00,2026-04-19 00:00:00,Web,Paid,0,0
BILL330296,CUST10343,293436,293436,2026-02-07 00:00:00,2026-02-10 00:00:00,Mobile,Paid,0,0
BILL783260,CUST10118,164019,164019,2026-03-06 00:00:00,2026-03-06 00:00:00,Mobile,Paid,0,0
BILL100635,CUST10290,248997,248997,2026-05-17 00:00:00,2026-05-21 00:00:00,Mobile,Paid,0,0
BILL997826,CUST10282,191051,191051,2026-06-13 00:00:00,2026-06-13 00:00:00,Mobile,Paid,0,0
BILL299642,CUST10391,333242,347496,2026-04-13 00:00:00,2026-04-15 00:00:00,Mobile,Paid,0,0
BILL147310,CUST10602,264550,264550,2026-04-07 00:00:00,2026-04-12 00:00:00,Web,Paid,0,0
BILL992546,CUST10560,393518,393518,2026-05-13 00:00:00,2026-05-16 00:00:00,Mobile,Paid,0,0
BILL353168,CUST10484,392556,392556,2026-05-18 00:00:00,2026-05-19 00:00:00,Mobile,Paid,0,0
BILL442617,CUST10239,298439,298439,2026-06-19 00:00:00,2026-06-24 00:00:00,Mobile,Paid,0,0
BILL240973,CUST10151,169054,169054,2026-03-03 00:00:00,2026-03-05 00:00:00,Mobile,Paid,0,0
BILL923993,CUST10502,167579,167579,2026-03-13 00:00:00,2026-03-16 00:00:00,Web,Paid,0,0
BILL580780,CUST10042,162275,162275,2026-06-20 00:00:00,2026-06-22 00:00:00,Web,Paid,0,0
BILL476515,CUST10502,167579,167579,2026-04-15 00:00:00,2026-04-20 00:00:00,Web,Paid,0,0
BILL123469,CUST10498,382916,382916,2026-05-15 00:00:00,2026-05-18 00:00:00,Web,Paid,0,0
BILL938821,CUST10063,183462,183462,2026-03-07 00:00:00,2026-03-11 00:00:00,Web,Paid,0,0
BILL482737,CUST10574,307059,307059,2026-03-13 00:00:00,2026-03-14 00:00:00,Mobile,Paid,0,0
BILL702630,CUST10438,243716,235991,2026-07-08 00:00:00,2026-07-10 00:00:00,API,Paid,0,0
BILL274851,CUST10406,109208,109208,2026-05-17 00:00:00,2026-05-18 00:00:00,Web,Paid,0,0
BILL382256,CUST10363,376658,376658,2026-03-15 00:00:00,2026-03-15 00:00:00,Web,Paid,1,1
BILL890089,CUST10179,286217,286217,2026-02-02 00:00:00,2026-02-05 00:00:00,Web,Paid,0,0
BILL790997,CUST10024,197978,197978,2026-07-18 00:00:00,2026-07-19 00:00:00,Web,Paid,0,0
BILL413141,CUST10515,364999,364999,2026-04-11 00:00:00,2026-04-16 00:00:00,Mobile,Paid,0,0
BILL918843,CUST10329,233153,233153,2026-04-04 00:00:00,2026-04-04 00:00:00,Mobile,Paid,0,0
BILL743220,CUST10154,146924,146924,2026-04-12 00:00:00,2026-04-17 00:00:00,Web,Paid,1,1
BILL344561,CUST10138,121975,121975,2026-06-12 00:00:00,2026-06-15 00:00:00,Mobile,Paid,0,0
BILL522782,CUST10114,174295,174295,2026-06-17 00:00:00,2026-06-17 00:00:00,Mobile,Paid,0,0
BILL749936,CUST10166,227405,227405,2026-03-05 00:00:00,2026-03-08 00:00:00,Mobile,Paid,0,0
BILL103842,CUST10264,175717,175717,2026-05-20 00:00:00,2026-05-20 00:00:00,Web,Paid,0,0
BILL181550,CUST10382,144164,144164,2026-03-13 00:00:00,2026-03-18 00:00:00,Web,Paid,0,0
BILL694421,CUST10021,195797,195797,2026-04-13 00:00:00,2026-04-15 00:00:00,Mobile,Paid,0,0
BILL652062,CUST10407,250699,250699,2026-03-13 00:00:00,2026-03-15 00:00:00,Web,Paid,0,0
BILL413958,CUST10330,208656,208656,2026-05-11 00:00:00,2026-05-12 00:00:00,Mobile,Paid,1,1
BILL588795,CUST10467,160665,160665,2026-07-16 00:00:00,2026-07-21 00:00:00,API,Paid,0,0
BILL181110,CUST10206,137104,137104,2026-02-05 00:00:00,2026-02-07 00:00:00,Mobile,Paid,0,0
BILL266485,CUST10065,278881,278881,2026-04-11 00:00:00,2026-04-16 00:00:00,Mobile,Paid,0,0
BILL250435,CUST10013,287233,287233,2026-07-20 00:00:00,2026-07-20 00:00:00,Mobile,Paid,0,0
BILL717656,CUST10029,128035,128035,2026-04-05 00:00:00,2026-04-06 00:00:00,Mobile,Paid,0,0
BILL208211,CUST10342,221121,221121,2026-05-13 00:00:00,2026-05-15 00:00:00,Mobile,Paid,0,0
BILL752533,CUST10380,338212,338212,2026-05-18 00:00:00,2026-05-18 00:00:00,Mobile,Paid,0,0
BILL683042,CUST10221,299263,299263,2026-04-10 00:00:00,2026-04-12 00:00:00,Web,Paid,0,0
BILL977793,CUST10153,225835,90751,2026-04-14 00:00:00,2026-04-17 00:00:00,Web,Paid,0,1
BILL255783,CUST10376,261912,261912,2026-05-08 00:00:00,2026-05-13 00:00:00,API,Paid,0,0
BILL933356,CUST10423,377888,377888,2026-05-19 00:00:00,2026-05-24 00:00:00,Mobile,Paid,0,0
BILL435052,CUST10542,218385,218385,2026-05-16 00:00:00,2026-05-20 00:00:00,Web,Paid,0,0
BILL896374,CUST10590,265889,265889,2026-06-18 00:00:00,2026-06-21 00:00:00,Web,Paid,0,0
BILL563299,CUST10222,112320,112320,2026-07-19 00:00:00,2026-07-20 00:00:00,Web,Paid,0,0
BILL689440,CUST10073,338950,338950,2026-06-05 00:00:00,2026-06-10 00:00:00,Mobile,Paid,0,0
BILL763569,CUST10468,377171,377171,2026-05-12 00:00:00,2026-05-14 00:00:00,Mobile,Paid,0,0
BILL382189,CUST10385,175372,175372,2026-06-14 00:00:00,2026-06-16 00:00:00,Mobile,Paid,0,0
BILL207066,CUST10483,165857,165857,2026-07-10 00:00:00,2026-07-11 00:00:00,Mobile,Paid,0,0
BILL959506,CUST10097,281179,281179,2026-04-11 00:00:00,2026-04-14 00:00:00,Mobile,Paid,0,0
BILL642517,CUST10268,130751,130751,2026-04-06 00:00:00,2026-04-07 00:00:00,API,Paid,0,0
BILL552044,CUST10322,249491,249491,2026-06-13 00:00:00,2026-06-16 00:00:00,Mobile,Paid,0,0
BILL765412,CUST10305,290216,290216,2026-05-22 00:00:00,2026-05-23 00:00:00,Web,Paid,0,0
BILL621256,CUST10203,266342,266342,2026-04-14 00:00:00,2026-04-14 00:00:00,API,Paid,0,0
BILL130006,CUST10402,202316,202316,2026-06-11 00:00:00,2026-06-14 00:00:00,Web,Paid,0,0
BILL717496,CUST10484,392556,392556,2026-06-18 00:00:00,2026-06-21 00:00:00,API,Paid,0,0
BILL525679,CUST10203,266342,266342,2026-05-14 00:00:00,2026-05-14 00:00:00,Mobile,Paid,0,0
BILL333869,CUST10606,301749,301749,2026-05-13 00:00:00,2026-05-17 00:00:00,Mobile,Paid,0,0
BILL776717,CUST10196,246448,246448,2026-04-07 00:00:00,2026-04-09 00:00:00,Web,Paid,0,0
BILL178957,CUST10474,218225,218225,2026-03-04 00:00:00,2026-03-05 00:00:00,Web,Paid,0,0
BILL439527,CUST10340,189421,189421,2026-03-08 00:03:00,2026-03-09 00:03:00,Web,Paid,0,0
BILL419199,CUST10244,350035,350035,2026-07-18 00:00:00,2026-07-19 00:00:00,API,Paid,0,0
BILL216750,CUST10424,126459,126459,2026-02-07 00:00:00,2026-02-11 00:00:00,Mobile,Paid,0,0
BILL180862,CUST10190,253576,253576,2026-04-11 00:00:00,2026-04-15 00:00:00,Mobile,Paid,0,0
BILL187844,CUST10483,165857,165857,2026-08-10 00:00:00,2026-08-12 00:00:00,Mobile,Paid,0,0
BILL645920,CUST10391,333242,333242,2026-05-15 00:00:00,2026-05-16 00:00:00,API,Paid,0,0
BILL455417,CUST10104,110694,110694,2026-05-20 00:00:00,2026-05-21 00:00:00,Mobile,Paid,0,0
BILL114259,CUST10169,282389,282389,2026-06-18 00:00:00,2026-06-18 00:00:00,API,Paid,0,1
BILL412733,CUST10210,207564,207564,2026-03-11 00:00:00,2026-03-13 00:00:00,Mobile,Paid,0,0
BILL853991,CUST10330,208656,208656,2026-06-11 00:00:00,2026-06-16 00:00:00,Mobile,Paid,0,0
BILL614773,CUST10197,231115,231115,2026-04-13 00:00:00,2026-04-16 00:00:00,API,Paid,0,0
BILL401049,CUST10286,205365,205365,2026-05-20 00:00:00,2026-05-25 00:00:00,Web,Paid,0,0
BILL610971,CUST10227,202023,202023,2026-08-24 00:00:00,2026-08-26 00:00:00,Mobile,Paid,0,0
BILL363344,CUST10230,233935,233935,2026-09-08 00:00:00,2026-09-11 00:00:00,Mobile,Paid,0,0
BILL528033,CUST10579,201838,201838,2026-06-16 00:00:00,2026-06-19 00:00:00,Web,Paid,0,0
BILL299951,CUST10175,184093,184093,2026-03-09 00:00:00,2026-03-08 00:00:00,Mobile,Paid,0,0
BILL176608,CUST10088,322327,322327,2026-05-17 00:00:00,2026-05-21 00:00:00,Web,Paid,0,0
BILL793082,CUST10224,305967,305967,2026-03-09 00:00:00,2026-03-14 00:00:00,Mobile,Paid,0,0
BILL168436,CUST10447,263252,262872,2026-07-17 00:00:00,2026-07-21 00:00:00,Mobile,Paid,0,0
BILL262245,CUST10383,330253,330253,2026-05-12 00:00:00,2026-05-15 00:00:00,Web,Paid,0,0
BILL127695,CUST10533,255457,255457,2026-01-31 00:00:00,2026-02-02 00:00:00,Mobile,Paid,0,0
BILL346847,CUST10555,274885,274885,2026-05-12 00:00:00,2026-05-13 00:00:00,Web,Paid,0,0
BILL129621,CUST10296,126664,126664,2026-07-17 00:00:00,2026-07-17 00:00:00,Web,Paid,0,0
BILL943190,CUST10061,106864,106864,2026-07-19 00:03:00,2026-07-19 00:03:00,Web,Paid,0,0
BILL577888,CUST10560,393518,393518,2026-06-15 00:00:00,2026-06-20 00:00:00,Mobile,Paid,0,0
BILL744638,CUST10394,163160,163160,2026-05-13 00:00:00,2026-05-16 00:00:00,Web,Paid,0,0
BILL363649,CUST10436,164241,171343,2026-05-17 00:00:00,2026-05-18 00:00:00,Web,Paid,0,0
BILL584268,CUST10587,236036,236036,2026-05-11 00:00:00,2026-05-14 00:00:00,Mobile,Paid,0,0
BILL761133,CUST10248,181826,181826,2026-03-10 00:00:00,2026-03-12 00:00:00,Web,Paid,0,0
BILL409816,CUST10070,238824,238824,2026-05-10 00:00:00,2026-05-10 00:00:00,Web,Paid,0,0
BILL645502,CUST10599,287062,287062,2026-04-06 00:00:00,2026-04-05 00:00:00,Mobile,Paid,0,0
BILL709292,CUST10203,266342,266342,2026-06-13 00:00:00,2026-06-14 00:00:00,Mobile,Paid,0,0
BILL276423,CUST10041,118023,118023,2026-06-14 00:00:00,2026-06-15 00:00:00,Mobile,Paid,0,0
BILL165949,CUST10410,262188,262188,2026-03-03 00:00:00,2026-03-07 00:00:00,Web,Paid,0,0
BILL426719,CUST10554,216968,103716,2026-06-18 00:00:00,2026-06-20 00:00:00,Web,Paid,0,1
BILL150551,CUST10542,218385,218385,2026-06-19 00:00:00,2026-06-19 00:00:00,Web,Paid,0,0
BILL854305,CUST10036,372201,372201,2026-03-13 00:00:00,2026-03-15 00:00:00,Web,Paid,0,0
BILL345897,CUST10373,133995,133995,2026-03-11 00:00:00,2026-03-13 00:00:00,Mobile,Paid,0,0
BILL194639,CUST10514,324503,324503,2026-06-13 00:00:00,2026-06-14 00:00:00,Web,Paid,0,0
BILL438515,CUST10455,228673,228673,2026-06-17 00:00:00,2026-06-22 00:00:00,Web,Paid,0,0
BILL343219,CUST10567,175282,175282,2026-05-14 00:00:00,2026-05-15 00:00:00,Web,Paid,0,0
BILL581672,CUST10195,215225,215225,2026-05-05 00:03:00,2026-05-07 00:03:00,Mobile,Paid,0,0
BILL379072,CUST10588,315845,315845,2026-06-16 00:00:00,2026-06-17 00:00:00,Mobile,Paid,0,0
BILL722174,CUST10102,275738,1338476,2026-06-11 00:00:00,2026-06-13 00:00:00,Mobile,Paid,0,1
BILL721698,CUST10316,155053,155053,2026-03-11 00:00:00,2026-03-12 00:00:00,Mobile,Paid,0,0
BILL268747,CUST10551,157266,157266,2026-03-08 00:00:00,2026-03-11 00:00:00,Web,Paid,0,0
BILL933137,CUST10106,153811,153811,2026-05-12 00:00:00,2026-05-12 00:00:00,Web,Paid,0,0
BILL578507,CUST10030,335724,335724,2026-03-11 00:00:00,2026-03-12 00:00:00,Mobile,Paid,0,0
BILL122219,CUST10215,129546,129546,2026-04-15 00:00:00,2026-04-19 00:00:00,Web,Paid,0,0
BILL836808,CUST10437,218742,218742,2026-04-06 00:00:00,2026-04-08 00:00:00,Web,Paid,0,0
BILL462179,CUST10591,250067,250067,2026-05-20 00:00:00,2026-05-23 00:00:00,Web,Paid,0,0
BILL821685,CUST10534,108269,108269,2026-05-18 00:00:00,2026-05-23 00:00:00,Mobile,Paid,0,0
BILL356821,CUST10141,236549,236549,2026-05-18 00:00:00,2026-05-22 00:00:00,Mobile,Paid,0,0
BILL828076,CUST10530,308513,298081,2026-06-16 00:00:00,2026-06-21 00:00:00,Mobile,Paid,0,0
BILL764420,CUST10566,323243,323243,2026-03-07 00:00:00,2026-03-07 00:00:00,Mobile,Paid,0,0
BILL902822,CUST10406,109208,109208,2026-06-17 00:00:00,2026-06-21 00:00:00,API,Paid,0,1
BILL526780,CUST10435,251806,251806,2026-05-21 00:00:00,2026-05-21 00:00:00,Mobile,Paid,0,0
BILL866939,CUST10216,186571,186571,2026-04-11 00:00:00,2026-04-13 00:00:00,Web,Paid,0,0
BILL840658,CUST10163,307698,307698,2026-03-08 00:00:00,2026-03-12 00:00:00,Web,Paid,0,0
BILL568760,CUST10062,294766,294766,2026-03-11 00:00:00,2026-03-10 00:00:00,Web,Paid,0,0
BILL835126,CUST10231,109317,109317,2026-05-19 00:00:00,2026-05-22 00:00:00,Mobile,Paid,0,0
BILL466608,CUST10186,259377,142496,2026-06-19 00:00:00,2026-06-23 00:00:00,Mobile,Paid,0,1
BILL647373,CUST10004,213029,213029,2026-06-07 00:00:00,2026-06-10 00:00:00,Mobile,Paid,0,0
BILL112505,CUST10589,291085,291085,2026-04-12 00:00:00,2026-04-16 00:00:00,Mobile,Paid,0,0
BILL760030,CUST10410,262188,262188,2026-04-06 00:00:00,2026-04-10 00:00:00,Web,Paid,0,0
BILL803765,CUST10106,153811,153811,2026-06-11 00:00:00,2026-06-16 00:00:00,Web,Paid,0,0
BILL549558,CUST10423,377888,377888,2026-06-23 00:00:00,2026-06-26 00:00:00,Mobile,Paid,0,0
BILL219326,CUST10468,377171,377171,2026-06-13 00:00:00,2026-06-16 00:00:00,Mobile,Paid,0,0
BILL383596,CUST10028,364958,364958,2026-05-13 00:00:00,2026-05-13 00:00:00,API,Paid,0,1
BILL624255,CUST10028,364958,364958,2026-05-13 00:00:00,2026-05-13 00:01:00,API,Paid,0,1
BILL497971,CUST10028,364958,364958,2026-05-13 00:00:00,2026-05-13 00:02:00,API,Paid,0,1
BILL831671,CUST10275,374848,374848,2026-02-08 00:00:00,2026-02-13 00:00:00,Web,Paid,0,0
BILL651214,CUST10288,244660,244660,2026-07-16 00:00:00,2026-07-17 00:00:00,Web,Paid,0,0
BILL130916,CUST10233,326389,326389,2026-06-16 00:00:00,2026-06-16 00:00:00,Mobile,Paid,0,0
BILL781321,CUST10462,340978,340978,2026-03-04 00:00:00,2026-03-05 00:00:00,Web,Paid,0,0
BILL150838,CUST10565,373664,373664,2026-08-29 00:00:00,2026-08-31 00:00:00,Web,Paid,0,0
BILL566316,CUST10136,153321,153321,2026-04-15 00:00:00,2026-04-19 00:00:00,Web,Paid,0,0
BILL248859,CUST10396,192856,192856,2026-03-14 00:00:00,2026-03-16 00:00:00,API,Paid,0,0
BILL661191,CUST10333,267327,267327,2026-03-12 00:00:00,2026-03-14 00:00:00,Web,Paid,0,0
BILL679980,CUST10456,217235,217235,2026-03-12 00:00:00,2026-03-16 00:00:00,Mobile,Paid,0,0
BILL686760,CUST10555,274885,274885,2026-06-12 00:00:00,2026-06-12 00:00:00,Web,Paid,0,0
BILL824612,CUST10295,382198,382198,2026-05-19 00:00:00,2026-05-23 00:00:00,Web,Paid,0,0
BILL281483,CUST10526,397628,397628,2026-05-17 00:00:00,2026-05-19 00:00:00,Web,Paid,0,0
BILL824399,CUST10040,130009,130009,2026-04-16 00:00:00,2026-04-17 00:00:00,Mobile,Paid,0,0
BILL813421,CUST10490,322691,322691,2026-07-14 00:00:00,2026-07-18 00:00:00,Mobile,Paid,0,0
BILL896986,CUST10385,175372,175372,2026-07-16 00:00:00,2026-07-17 00:00:00,Mobile,Paid,0,0
BILL924852,CUST10062,294766,294766,2026-04-09 00:00:00,2026-04-10 00:00:00,Web,Paid,0,0
BILL358869,CUST10514,324503,324503,2026-07-14 00:00:00,2026-07-17 00:00:00,Web,Paid,1,1
BILL261659,CUST10014,265386,265386,2026-05-21 00:00:00,2026-05-24 00:00:00,Mobile,Paid,0,0
BILL251936,CUST10471,287323,287323,2026-08-07 00:00:00,2026-08-07 00:00:00,Web,Paid,0,0
BILL672763,CUST10177,123749,123749,2026-03-11 00:00:00,2026-03-15 00:00:00,Mobile,Paid,0,0
BILL664800,CUST10049,229700,229700,2026-06-16 00:00:00,2026-06-20 00:00:00,Web,Paid,0,0
BILL984816,CUST10198,389783,389783,2026-04-18 00:00:00,2026-04-23 00:00:00,Web,Paid,0,0
BILL816340,CUST10373,133995,133995,2026-04-12 00:00:00,2026-04-16 00:00:00,API,Paid,0,0
BILL240334,CUST10088,322327,322327,2026-06-20 00:00:00,2026-06-24 00:00:00,Web,Paid,0,0
BILL629474,CUST10188,357477,357477,2026-06-12 00:00:00,2026-06-15 00:00:00,Web,Paid,0,0
BILL889667,CUST10133,226033,226033,2026-04-20 00:00:00,2026-04-22 00:00:00,Web,Paid,0,0
BILL497259,CUST10240,302111,302111,2026-05-10 00:00:00,2026-05-14 00:00:00,API,Paid,0,1
BILL331196,CUST10532,138272,138272,2026-04-13 00:00:00,2026-04-13 00:00:00,API,Paid,0,1
BILL720028,CUST10532,138272,138272,2026-04-13 00:00:00,2026-04-13 00:01:00,API,Paid,0,1
BILL187611,CUST10362,343191,343191,2026-04-14 00:00:00,2026-04-14 00:00:00,Web,Paid,0,0
BILL833814,CUST10113,160758,160758,2026-02-02 00:00:00,2026-02-04 00:00:00,Web,Paid,0,0
BILL185378,CUST10512,252894,247656,2026-07-17 00:00:00,2026-07-17 00:00:00,API,Paid,0,0
BILL785290,CUST10283,103807,103807,2026-05-09 00:00:00,2026-05-12 00:00:00,Web,Paid,0,0
BILL808485,CUST10207,229700,229700,2026-04-16 00:00:00,2026-04-16 00:00:00,Web,Paid,0,0
BILL182406,CUST10529,356052,356052,2026-02-08 00:00:00,2026-02-11 00:00:00,Mobile,Paid,0,0
BILL826947,CUST10430,329033,329033,2026-04-09 00:00:00,2026-04-10 00:00:00,API,Paid,0,0
BILL978755,CUST10097,281179,281179,2026-05-14 00:00:00,2026-05-17 00:00:00,Mobile,Paid,0,0
BILL760016,CUST10068,217601,217601,2026-07-07 00:00:00,2026-07-07 00:00:00,Mobile,Paid,0,0
BILL514294,CUST10022,251640,255263,2026-04-07 00:00:00,2026-04-10 00:00:00,API,Paid,0,0
BILL571199,CUST10186,259377,259377,2026-07-23 00:00:00,2026-07-28 00:00:00,Mobile,Paid,0,0
BILL766287,CUST10204,148331,148331,2026-05-07 00:00:00,2026-05-09 00:00:00,Mobile,Paid,0,0
BILL929911,CUST10331,259349,259349,2026-04-03 00:00:00,2026-04-07 00:00:00,Mobile,Paid,0,0
BILL952343,CUST10432,345670,349203,2026-03-07 00:00:00,2026-03-07 00:00:00,Web,Paid,0,0
BILL440513,CUST10284,190045,190045,2026-05-15 00:00:00,2026-05-17 00:00:00,Web,Paid,0,0
BILL585526,CUST10401,263793,263793,2026-02-03 00:00:00,2026-02-07 00:00:00,Mobile,Paid,0,0
BILL584563,CUST10185,363569,363569,2026-03-06 00:00:00,2026-03-11 00:00:00,Web,Paid,0,0
BILL593780,CUST10328,305250,305250,2026-03-08 00:00:00,2026-03-08 00:00:00,Mobile,Paid,0,0
BILL743686,CUST10401,263793,263793,2026-03-09 00:00:00,2026-03-09 00:00:00,Mobile,Paid,0,0
BILL748983,CUST10187,351559,351559,2026-03-09 00:00:00,2026-03-11 00:00:00,Web,Paid,0,0
BILL423476,CUST10292,220196,220196,2026-04-13 00:00:00,2026-04-14 00:00:00,Mobile,Paid,1,1
BILL981495,CUST10257,386151,386151,2026-05-13 00:00:00,2026-05-14 00:00:00,Mobile,Paid,0,0
BILL823128,CUST10555,274885,274885,2026-07-12 00:00:00,2026-07-16 00:00:00,Web,Paid,0,0
BILL463195,CUST10110,141393,141393,2026-04-16 00:00:00,2026-04-16 00:00:00,Web,Paid,0,0
BILL975232,CUST10438,243716,243716,2026-08-09 00:00:00,2026-08-14 00:00:00,Web,Paid,0,0
BILL800414,CUST10399,205101,205101,2026-04-12 00:00:00,2026-04-12 00:00:00,Mobile,Paid,0,0
BILL808892,CUST10391,333242,333242,2026-06-15 00:00:00,2026-06-18 00:00:00,Mobile,Paid,0,0
BILL498100,CUST10277,359643,359643,2026-04-13 00:00:00,2026-04-18 00:00:00,Mobile,Paid,0,0
BILL425171,CUST10343,293436,293436,2026-03-12 00:00:00,2026-03-14 00:00:00,Mobile,Paid,0,0
BILL117479,CUST10135,357332,357332,2026-05-09 00:00:00,2026-05-10 00:00:00,Web,Paid,0,0
BILL404609,CUST10243,108833,108833,2026-05-08 00:02:00,2026-05-12 00:02:00,API,Paid,0,0
BILL246464,CUST10017,120945,120945,2026-03-02 00:00:00,2026-03-03 00:00:00,Mobile,Paid,0,0
BILL247765,CUST10382,144164,144164,2026-04-17 00:00:00,2026-04-20 00:00:00,Web,Paid,0,0
BILL649511,CUST10302,309550,309550,2026-06-06 00:02:00,2026-06-07 00:02:00,Web,Paid,0,0
BILL909305,CUST10462,340978,340978,2026-04-04 00:00:00,2026-04-09 00:00:00,Web,Paid,0,0
BILL615026,CUST10618,222795,222795,2026-04-06 00:00:00,2026-04-06 00:00:00,Web,Paid,0,0
BILL171703,CUST10078,271954,271954,2026-05-10 00:00:00,2026-05-10 00:00:00,Web,Paid,0,0
BILL604918,CUST10530,308513,308513,2026-07-21 00:00:00,2026-07-23 00:00:00,API,Paid,0,0
BILL746141,CUST10349,254414,254414,2026-07-14 00:00:00,2026-07-16 00:00:00,Web,Paid,0,0
BILL334513,CUST10313,263980,263980,2026-05-13 00:00:00,2026-05-18 00:00:00,Mobile,Paid,0,0
BILL537992,CUST10041,118023,118023,2026-07-15 00:00:00,2026-07-20 00:00:00,Mobile,Paid,0,0
BILL551428,CUST10487,197958,197958,2026-04-08 00:00:00,2026-04-11 00:00:00,Mobile,Paid,0,0
BILL895539,CUST10234,321736,1591105,2026-06-14 00:00:00,2026-06-17 00:00:00,API,Paid,0,1
BILL496047,CUST10053,103972,103972,2026-01-31 00:00:00,2026-02-01 00:00:00,Mobile,Paid,0,0
BILL531212,CUST10346,295566,295566,2026-05-22 00:00:00,2026-05-25 00:00:00,API,Paid,0,1
BILL483159,CUST10022,251640,251640,2026-05-10 00:00:00,2026-05-15 00:00:00,Mobile,Paid,0,0
BILL918286,CUST10264,175717,175717,2026-06-19 00:00:00,2026-06-21 00:00:00,API,Paid,0,0
BILL889102,CUST10613,310870,310870,2026-06-10 00:00:00,2026-06-15 00:00:00,Mobile,Paid,0,0
BILL426754,CUST10409,373675,368016,2026-07-13 00:00:00,2026-07-16 00:00:00,API,Paid,0,1
BILL319139,CUST10062,294766,299738,2026-05-10 00:00:00,2026-05-14 00:00:00,Web,Paid,0,0
BILL337281,CUST10150,145174,145174,2026-05-11 00:00:00,2026-05-10 00:00:00,Web,Paid,0,0
BILL363355,CUST10286,205365,205365,2026-06-24 00:00:00,2026-06-27 00:00:00,API,Paid,0,0
BILL891654,CUST10003,171760,171760,2026-04-15 00:00:00,2026-04-19 00:00:00,Mobile,Paid,0,0
BILL350617,CUST10490,322691,322691,2026-08-17 00:00:00,2026-08-20 00:00:00,Mobile,Paid,0,0
BILL248365,CUST10400,201664,201664,2026-04-13 00:00:00,2026-04-17 00:00:00,Mobile,Paid,0,0
BILL558211,CUST10333,267327,267327,2026-04-13 00:00:00,2026-04-16 00:00:00,Web,Paid,0,0
BILL701282,CUST10315,102741,102741,2026-03-15 00:00:00,2026-03-16 00:00:00,Web,Paid,0,0
BILL378183,CUST10010,355644,355644,2026-03-15 00:00:00,2026-03-19 00:00:00,Mobile,Paid,0,0
BILL299023,CUST10517,283169,283169,2026-04-15 00:00:00,2026-04-16 00:00:00,Mobile,Paid,0,0
BILL975129,CUST10567,175282,175282,2026-06-14 00:00:00,2026-06-18 00:00:00,Web,Paid,0,0
BILL917889,CUST10348,149541,149541,2026-07-25 00:00:00,2026-07-27 00:00:00,Mobile,Paid,0,0
BILL229920,CUST10139,130766,130766,2026-06-11 00:00:00,2026-06-12 00:00:00,Mobile,Paid,0,0
BILL668800,CUST10045,127039,127039,2026-04-11 00:00:00,2026-04-10 00:00:00,Mobile,Paid,0,0
BILL523820,CUST10474,218225,218225,2026-04-04 00:00:00,2026-04-05 00:00:00,Web,Paid,0,0
BILL261759,CUST10320,182107,182107,2026-05-21 00:00:00,2026-05-26 00:00:00,Mobile,Paid,0,0
BILL403977,CUST10073,338950,338950,2026-07-10 00:00:00,2026-07-10 00:00:00,Mobile,Paid,0,0
BILL524900,CUST10462,340978,340978,2026-05-09 00:00:00,2026-05-14 00:00:00,Web,Paid,0,0
BILL472918,CUST10492,371225,371225,2026-02-07 00:00:00,2026-02-11 00:00:00,Mobile,Paid,0,0
BILL157454,CUST10231,109317,109317,2026-06-21 00:00:00,2026-06-23 00:00:00,Mobile,Paid,0,0
BILL265152,CUST10401,263793,123763,2026-04-08 00:00:00,2026-04-12 00:00:00,Mobile,Paid,0,1
BILL839677,CUST10290,248997,248997,2026-06-20 00:00:00,2026-06-23 00:00:00,Mobile,Paid,0,0
BILL453901,CUST10245,182230,182230,2026-04-13 00:00:00,2026-04-18 00:00:00,API,Paid,0,0
BILL686488,CUST10052,298577,298577,2026-06-16 00:00:00,2026-06-17 00:00:00,Mobile,Paid,0,0
BILL427758,CUST10497,395180,395180,2026-08-19 00:00:00,2026-08-21 00:00:00,Web,Paid,0,0
BILL375858,CUST10522,340137,340137,2026-03-03 00:00:00,2026-03-06 00:00:00,Mobile,Paid,0,0
BILL337910,CUST10082,220068,220068,2026-06-11 00:00:00,2026-06-13 00:00:00,Mobile,Paid,0,0
BILL944478,CUST10291,235223,235223,2026-05-03 00:00:00,2026-05-06 00:00:00,Web,Paid,0,0
BILL144663,CUST10357,345533,345533,2026-06-14 00:02:00,2026-06-15 00:02:00,Web,Paid,0,0
BILL847373,CUST10201,110219,110219,2026-06-15 00:00:00,2026-06-18 00:00:00,Mobile,Paid,0,0
BILL212981,CUST10287,340091,340091,2026-04-21 00:00:00,2026-04-21 00:00:00,Mobile,Paid,0,0
BILL503754,CUST10120,161286,161286,2026-05-15 00:02:00,2026-05-15 00:02:00,Web,Paid,0,0
BILL926628,CUST10076,142055,142055,2026-03-12 00:00:00,2026-03-12 00:00:00,Web,Paid,0,0
BILL305374,CUST10000,280462,280462,2026-03-05 00:00:00,2026-03-06 00:00:00,Web,Paid,0,0
BILL929626,CUST10381,388958,388958,2026-04-13 00:00:00,2026-04-14 00:00:00,Web,Paid,0,0
BILL240942,CUST10517,283169,283169,2026-05-16 00:00:00,2026-05-18 00:00:00,Mobile,Paid,0,0
BILL689577,CUST10032,168414,168414,2026-07-16 00:00:00,2026-07-17 00:00:00,Mobile,Paid,0,0
BILL157205,CUST10190,253576,253576,2026-05-15 00:00:00,2026-05-15 00:00:00,Mobile,Paid,0,0
BILL935010,CUST10369,232410,232410,2026-04-07 00:00:00,2026-04-12 00:00:00,Mobile,Paid,0,0
BILL113225,CUST10253,123560,123560,2026-06-15 00:00:00,2026-06-20 00:00:00,Mobile,Paid,0,0
BILL432672,CUST10370,105982,105982,2026-07-19 00:00:00,2026-07-23 00:00:00,Mobile,Paid,0,0
BILL888741,CUST10105,296911,296911,2026-04-08 00:00:00,2026-04-08 00:00:00,Mobile,Paid,0,0
BILL221870,CUST10248,181826,181826,2026-04-11 00:00:00,2026-04-13 00:00:00,API,Paid,0,0
BILL996262,CUST10169,282389,282389,2026-07-18 00:00:00,2026-07-20 00:00:00,Web,Paid,0,0
BILL957492,CUST10360,195992,195992,2026-04-14 00:00:00,2026-04-18 00:00:00,Mobile,Paid,0,0
BILL504742,CUST10040,130009,130009,2026-05-17 00:00:00,2026-05-20 00:00:00,Mobile,Paid,0,0
BILL396257,CUST10222,112320,112320,2026-08-19 00:00:00,2026-08-21 00:00:00,Web,Paid,0,0
BILL666597,CUST10238,308363,308363,2026-06-16 00:00:00,2026-06-16 00:00:00,API,Paid,0,0
BILL334677,CUST10500,173084,173084,2026-06-18 00:00:00,2026-06-23 00:00:00,Mobile,Paid,0,0
BILL300109,CUST10184,299790,299790,2026-07-02 00:00:00,2026-07-03 00:00:00,Mobile,Paid,0,0
BILL558240,CUST10421,301889,301889,2026-05-07 00:00:00,2026-05-09 00:00:00,Web,Paid,0,0
BILL766961,CUST10274,126815,126815,2026-02-06 00:00:00,2026-02-10 00:00:00,Web,Paid,0,0
BILL483165,CUST10068,217601,217601,2026-08-06 00:00:00,2026-08-10 00:00:00,Mobile,Paid,0,0
BILL997492,CUST10379,362880,362880,2026-04-13 00:00:00,2026-04-13 00:00:00,Mobile,Paid,0,0
BILL623925,CUST10391,333242,333242,2026-07-18 00:00:00,2026-07-19 00:00:00,Mobile,Paid,0,0
BILL933974,CUST10343,293436,293436,2026-04-13 00:00:00,2026-04-13 00:00:00,Mobile,Paid,0,0
BILL448290,CUST10373,133995,133995,2026-05-16 00:00:00,2026-05-17 00:00:00,Mobile,Paid,0,0
BILL139831,CUST10521,133647,133647,2026-04-08 00:00:00,2026-04-12 00:00:00,Web,Paid,0,0
BILL388566,CUST10174,199876,199876,2026-04-03 00:00:00,2026-04-04 00:00:00,API,Paid,0,0
BILL232900,CUST10157,151503,151503,2026-05-24 00:00:00,2026-05-25 00:00:00,Mobile,Paid,0,0
BILL613753,CUST10485,340510,345211,2026-04-19 00:00:00,2026-04-24 00:00:00,Web,Paid,0,0
BILL316232,CUST10180,343281,343281,2026-03-11 00:00:00,2026-03-13 00:00:00,Web,Paid,0,0
BILL778702,CUST10182,333834,333834,2026-02-07 00:00:00,2026-02-09 00:00:00,Web,Paid,0,0
BILL916434,CUST10270,256786,256786,2026-04-04 00:00:00,2026-04-08 00:00:00,Mobile,Paid,0,0
BILL775300,CUST10423,377888,377888,2026-07-26 00:00:00,2026-07-27 00:00:00,API,Paid,0,0
BILL139142,CUST10389,170321,170321,2026-05-11 00:00:00,2026-05-11 00:00:00,Web,Paid,0,0
BILL851763,CUST10569,259259,259259,2026-03-10 00:00:00,2026-03-11 00:00:00,Web,Paid,0,0
BILL810385,CUST10109,383003,383003,2026-04-20 00:00:00,2026-04-24 00:00:00,Web,Paid,0,0
BILL914669,CUST10533,255457,255457,2026-03-04 00:00:00,2026-03-04 00:00:00,Mobile,Paid,0,0
BILL653163,CUST10066,210041,210041,2026-03-13 00:00:00,2026-03-18 00:00:00,Mobile,Paid,0,0
BILL147036,CUST10019,106755,106755,2026-04-05 00:00:00,2026-04-05 00:00:00,Web,Paid,0,0
BILL301681,CUST10228,132650,132650,2026-04-05 00:00:00,2026-04-06 00:00:00,Web,Paid,0,0
BILL440684,CUST10432,345670,345670,2026-04-06 00:00:00,2026-04-08 00:00:00,Web,Paid,0,0
BILL500091,CUST10253,123560,123560,2026-07-20 00:00:00,2026-07-22 00:00:00,Mobile,Paid,0,0
BILL281898,CUST10326,131336,131336,2026-09-11 00:04:00,2026-09-15 00:04:00,Mobile,Paid,0,0
BILL995107,CUST10380,338212,338212,2026-06-17 00:00:00,2026-06-19 00:00:00,Mobile,Paid,1,1
BILL410132,CUST10364,236723,236723,2026-04-20 00:00:00,2026-04-25 00:00:00,API,Paid,0,0
BILL427195,CUST10020,307245,307245,2026-03-03 00:00:00,2026-03-03 00:00:00,Mobile,Paid,0,0
BILL143858,CUST10283,103807,103807,2026-06-11 00:00:00,2026-06-11 00:00:00,Web,Paid,0,0
BILL844852,CUST10058,101443,101443,2026-04-14 00:00:00,2026-04-19 00:00:00,Mobile,Paid,0,0
BILL275778,CUST10502,167579,167579,2026-05-20 00:00:00,2026-05-20 00:00:00,API,Paid,0,1
BILL704977,CUST10502,167579,167579,2026-05-20 00:00:00,2026-05-20 00:01:00,API,Paid,0,1
BILL464801,CUST10502,167579,167579,2026-05-20 00:00:00,2026-05-20 00:02:00,API,Paid,0,1
BILL605522,CUST10429,321625,321625,2026-04-13 00:00:00,2026-04-15 00:00:00,Web,Paid,0,0
BILL979140,CUST10512,252894,252894,2026-08-16 00:00:00,2026-08-16 00:00:00,Mobile,Paid,0,0
BILL560135,CUST10593,389266,2155183,2026-06-23 00:00:00,2026-06-23 00:00:00,Mobile,Paid,0,1
BILL873523,CUST10509,325008,325008,2026-04-13 00:00:00,2026-04-18 00:00:00,Mobile,Paid,0,0
BILL174843,CUST10152,353426,353426,2026-05-11 00:00:00,2026-05-11 00:00:00,Mobile,Paid,0,0
BILL357175,CUST10607,185478,185478,2026-03-13 00:00:00,2026-03-18 00:00:00,Web,Paid,0,0
BILL668849,CUST10618,222795,222795,2026-05-06 00:00:00,2026-05-11 00:00:00,Web,Paid,0,0
BILL201618,CUST10113,160758,160758,2026-03-06 00:00:00,2026-03-08 00:00:00,Web,Paid,0,0
BILL825471,CUST10607,185478,185478,2026-04-17 00:00:00,2026-04-22 00:00:00,Web,Paid,0,0
BILL646204,CUST10163,307698,307698,2026-04-11 00:00:00,2026-04-14 00:00:00,Web,Paid,0,0
BILL945365,CUST10374,219008,219008,2026-05-17 00:00:00,2026-05-21 00:00:00,Mobile,Paid,0,0
BILL271026,CUST10462,340978,340978,2026-06-13 00:00:00,2026-06-14 00:00:00,Web,Paid,0,0
BILL209255,CUST10075,274772,274772,2026-07-20 00:00:00,2026-07-23 00:00:00,Web,Paid,0,0
BILL833232,CUST10436,164241,164241,2026-06-17 00:00:00,2026-06-18 00:00:00,Web,Paid,0,0
BILL405231,CUST10546,396437,396437,2026-07-18 00:00:00,2026-07-18 00:00:00,Mobile,Paid,0,0
BILL461865,CUST10299,188311,188311,2026-03-07 00:00:00,2026-03-09 00:00:00,API,Paid,0,1
BILL248790,CUST10084,206469,127139,2026-04-14 00:00:00,2026-04-14 00:00:00,Mobile,Paid,0,1
BILL649637,CUST10031,174879,174879,2026-03-12 00:00:00,2026-03-17 00:00:00,Mobile,Paid,0,0
BILL668793,CUST10507,295333,295333,2026-07-07 00:00:00,2026-07-08 00:00:00,Web,Paid,0,0
BILL749360,CUST10098,340529,340529,2026-03-11 00:00:00,2026-03-13 00:00:00,Web,Paid,0,0
BILL184975,CUST10057,189967,189967,2026-06-21 00:00:00,2026-06-25 00:00:00,API,Paid,0,0
BILL371013,CUST10326,131336,131336,2026-10-15 00:04:00,2026-10-19 00:04:00,Mobile,Paid,0,0
BILL703829,CUST10104,110694,110694,2026-06-20 00:00:00,2026-06-22 00:00:00,Mobile,Paid,0,0
BILL740633,CUST10378,379934,379934,2026-04-12 00:00:00,2026-04-14 00:00:00,Mobile,Paid,0,0
BILL644763,CUST10118,164019,164019,2026-04-05 00:00:00,2026-04-09 00:00:00,Mobile,Paid,0,0
BILL177783,CUST10477,337604,337604,2026-04-14 00:00:00,2026-04-15 00:00:00,Mobile,Paid,0,0
BILL942722,CUST10337,389332,389332,2026-02-07 00:00:00,2026-02-08 00:00:00,Mobile,Paid,0,0
BILL195792,CUST10417,378264,378264,2026-03-13 00:00:00,2026-03-17 00:00:00,Mobile,Paid,0,0
BILL109601,CUST10463,347787,347787,2026-07-09 00:02:00,2026-07-09 00:02:00,Mobile,Paid,0,0
BILL880265,CUST10469,348401,348401,2026-02-08 00:00:00,2026-02-09 00:00:00,Mobile,Paid,0,0
BILL139030,CUST10199,340465,331661,2026-05-14 00:00:00,2026-05-15 00:00:00,Web,Paid,0,0
BILL341679,CUST10530,308513,308513,2026-08-22 00:00:00,2026-08-22 00:00:00,Mobile,Paid,0,0
BILL223221,CUST10594,328203,328203,2026-06-25 00:00:00,2026-06-27 00:00:00,Web,Paid,0,0
BILL381575,CUST10254,369955,369955,2026-03-10 00:00:00,2026-03-13 00:00:00,Mobile,Paid,0,0
BILL488035,CUST10234,321736,321736,2026-07-17 00:00:00,2026-07-21 00:00:00,Web,Paid,0,0
BILL272505,CUST10222,112320,112320,2026-09-20 00:00:00,2026-09-22 00:00:00,Web,Paid,0,0
BILL915948,CUST10353,153539,153539,2026-04-17 00:00:00,2026-04-19 00:00:00,Web,Paid,0,0
BILL633922,CUST10352,375803,375803,2026-05-16 00:00:00,2026-05-19 00:00:00,Mobile,Paid,0,0
BILL323205,CUST10207,229700,229700,2026-05-16 00:00:00,2026-05-16 00:00:00,Web,Paid,0,0
BILL720378,CUST10044,162242,668511,2026-02-03 00:00:00,2026-02-06 00:00:00,Mobile,Paid,0,1
BILL983977,CUST10099,330512,330512,2026-02-07 00:00:00,2026-02-12 00:00:00,Web,Paid,0,0
BILL469920,CUST10463,347787,347787,2026-08-08 00:02:00,2026-08-09 00:02:00,API,Paid,0,0
BILL772357,CUST10508,227154,227154,2026-06-16 00:00:00,2026-06-18 00:00:00,Mobile,Paid,0,0
BILL568352,CUST10033,239118,239118,2026-04-04 00:00:00,2026-04-04 00:00:00,Mobile,Paid,0,0
BILL187861,CUST10214,166032,166032,2026-02-03 00:00:00,2026-02-08 00:00:00,Mobile,Paid,0,0
BILL483814,CUST10436,164241,164241,2026-07-18 00:00:00,2026-07-22 00:00:00,Web,Paid,0,0
BILL500267,CUST10574,307059,307059,2026-04-13 00:00:00,2026-04-13 00:00:00,Mobile,Paid,0,0
BILL957864,CUST10093,290499,290499,2026-08-16 00:00:00,2026-08-17 00:00:00,Mobile,Paid,0,0
BILL548710,CUST10498,382916,382916,2026-06-17 00:00:00,2026-06-18 00:00:00,Web,Paid,0,0
BILL137776,CUST10153,225835,225835,2026-05-17 00:00:00,2026-05-20 00:00:00,API,Paid,0,0
BILL609914,CUST10270,256786,256786,2026-05-08 00:00:00,2026-05-13 00:00:00,Mobile,Paid,0,0
BILL995112,CUST10333,267327,267327,2026-05-16 00:00:00,2026-05-16 00:00:00,Web,Paid,0,0
BILL350983,CUST10368,186153,186153,2026-03-14 00:00:00,2026-03-16 00:00:00,Web,Paid,1,1
BILL163508,CUST10312,323922,323922,2026-08-11 00:02:00,2026-08-14 00:02:00,Web,Paid,0,0
BILL737671,CUST10384,283831,283831,2026-03-02 00:00:00,2026-03-04 00:00:00,Mobile,Paid,0,0
BILL898555,CUST10509,325008,325008,2026-05-18 00:00:00,2026-05-18 00:00:00,Mobile,Paid,0,0
BILL420644,CUST10372,145857,145857,2026-07-17 00:00:00,2026-07-22 00:00:00,Web,Paid,0,0
BILL131958,CUST10295,382198,250199,2026-06-22 00:00:00,2026-06-24 00:00:00,Web,Paid,0,1
BILL989921,CUST10094,161838,161838,2026-06-11 00:00:00,2026-06-16 00:00:00,Mobile,Paid,0,0
BILL559423,CUST10090,233891,233891,2026-07-15 00:00:00,2026-07-19 00:00:00,API,Paid,0,0
BILL387107,CUST10369,232410,241908,2026-05-12 00:00:00,2026-05-16 00:00:00,Mobile,Paid,0,0
BILL562344,CUST10330,208656,208656,2026-07-16 00:00:00,2026-07-17 00:00:00,Mobile,Paid,0,0
BILL472185,CUST10266,348186,348186,2026-07-09 00:00:00,2026-07-09 00:00:00,API,Paid,0,1
BILL681385,CUST10266,348186,348186,2026-07-09 00:00:00,2026-07-09 00:01:00,API,Paid,0,1
BILL326458,CUST10375,235313,235313,2026-05-11 00:00:00,2026-05-12 00:00:00,Mobile,Paid,0,0
BILL546707,CUST10130,234358,234358,2026-05-17 00:00:00,2026-05-17 00:00:00,Mobile,Paid,0,0
BILL316769,CUST10322,249491,249491,2026-07-16 00:00:00,2026-07-17 00:00:00,Mobile,Paid,0,0
BILL318500,CUST10323,149822,149822,2026-05-09 00:00:00,2026-05-09 00:00:00,Mobile,Paid,0,0
BILL423285,CUST10114,174295,174295,2026-07-17 00:00:00,2026-07-21 00:00:00,Mobile,Paid,0,0
BILL463227,CUST10179,286217,286217,2026-03-07 00:00:00,2026-03-09 00:00:00,Web,Paid,0,0
BILL844492,CUST10203,266342,266342,2026-07-14 00:00:00,2026-07-16 00:00:00,API,Paid,0,0
BILL771745,CUST10250,147265,147265,2026-02-03 00:00:00,2026-02-06 00:00:00,Web,Paid,0,0
BILL834854,CUST10434,189170,189170,2026-06-16 00:00:00,2026-06-18 00:00:00,Web,Paid,0,0
BILL550284,CUST10476,116759,116759,2026-05-10 00:00:00,2026-05-14 00:00:00,API,Paid,0,0
BILL787723,CUST10395,155968,155968,2026-02-02 00:00:00,2026-02-03 00:00:00,API,Paid,0,0
BILL212982,CUST10341,124456,124456,2026-06-18 00:00:00,2026-06-23 00:00:00,Web,Paid,0,0
BILL620110,CUST10547,377662,377662,2026-03-03 00:00:00,2026-03-08 00:00:00,Mobile,Paid,1,1
BILL439977,CUST10174,199876,199876,2026-05-04 00:00:00,2026-05-04 00:00:00,Mobile,Paid,0,0
BILL912386,CUST10348,149541,149541,2026-08-26 00:00:00,2026-08-29 00:00:00,Mobile,Paid,0,0
BILL608682,CUST10328,305250,305250,2026-04-07 00:00:00,2026-04-10 00:00:00,Mobile,Paid,1,1
BILL520338,CUST10177,123749,123749,2026-04-14 00:00:00,2026-04-16 00:00:00,API,Paid,0,0
BILL923207,CUST10519,147123,147123,2026-04-07 00:00:00,2026-04-08 00:00:00,Mobile,Paid,0,0
BILL841620,CUST10476,116759,116759,2026-06-13 00:00:00,2026-06-14 00:00:00,Web,Paid,0,0
BILL315583,CUST10611,330192,330192,2026-05-17 00:00:00,2026-05-18 00:00:00,Web,Paid,0,0
BILL179022,CUST10461,326427,326427,2026-06-10 00:00:00,2026-06-14 00:00:00,Web,Paid,0,0
BILL970102,CUST10101,364600,364600,2026-02-04 00:00:00,2026-02-04 00:00:00,Web,Paid,0,0
BILL781008,CUST10586,278993,278993,2026-06-11 00:00:00,2026-06-12 00:00:00,API,Paid,0,0
BILL582453,CUST10088,322327,322327,2026-07-24 00:00:00,2026-07-25 00:00:00,Web,Paid,0,0
BILL334492,CUST10112,287238,287238,2026-03-08 00:00:00,2026-03-12 00:00:00,Web,Paid,0,0
BILL292007,CUST10478,285626,285626,2026-06-11 00:00:00,2026-06-10 00:00:00,Mobile,Paid,0,0
BILL284654,CUST10507,295333,295333,2026-08-07 00:00:00,2026-08-08 00:00:00,Web,Paid,0,0
BILL752819,CUST10314,321937,330662,2026-05-14 00:00:00,2026-05-15 00:00:00,API,Paid,0,0
BILL638727,CUST10175,184093,184093,2026-04-07 00:00:00,2026-04-10 00:00:00,Mobile,Paid,0,0
BILL175560,CUST10498,382916,382916,2026-07-18 00:00:00,2026-07-21 00:00:00,Web,Paid,0,0
BILL512455,CUST10482,198775,198775,2026-03-12 00:00:00,2026-03-12 00:00:00,Web,Paid,0,0
BILL615049,CUST10425,336049,221403,2026-08-21 00:00:00,2026-08-24 00:00:00,API,Paid,0,1
BILL863414,CUST10514,324503,324503,2026-08-16 00:00:00,2026-08-19 00:00:00,Web,Paid,0,0
BILL124810,CUST10417,378264,378264,2026-04-16 00:00:00,2026-04-16 00:00:00,Mobile,Paid,0,0
BILL177610,CUST10365,232975,232975,2026-06-18 00:00:00,2026-06-23 00:00:00,Web,Paid,0,0
BILL131669,CUST10108,186731,186731,2026-03-03 00:00:00,2026-03-02 00:00:00,Mobile,Paid,0,0
BILL470932,CUST10312,323922,323922,2026-09-13 00:02:00,2026-09-14 00:02:00,Web,Paid,0,0
BILL461814,CUST10581,355990,355990,2026-05-10 00:00:00,2026-05-10 00:00:00,Web,Paid,0,0
BILL486948,CUST10070,238824,238824,2026-06-09 00:00:00,2026-06-14 00:00:00,API,Paid,0,0
BILL319882,CUST10118,164019,164019,2026-05-09 00:00:00,2026-05-13 00:00:00,Mobile,Paid,0,0
BILL511690,CUST10155,318440,318440,2026-08-22 00:00:00,2026-08-26 00:00:00,Web,Paid,0,0
BILL168214,CUST10061,106864,106864,2026-08-18 00:03:00,2026-08-22 00:03:00,Web,Paid,0,0
BILL362999,CUST10240,302111,167123,2026-06-13 00:00:00,2026-06-13 00:00:00,Web,Paid,0,1
BILL926952,CUST10333,267327,267327,2026-06-15 00:00:00,2026-06-15 00:00:00,Web,Paid,0,0
BILL523546,CUST10357,345533,345533,2026-07-15 00:02:00,2026-07-17 00:02:00,Web,Paid,0,0
BILL657859,CUST10074,356853,356853,2026-06-17 00:00:00,2026-06-21 00:00:00,Mobile,Paid,0,0
BILL634692,CUST10582,283005,283005,2026-06-21 00:03:00,2026-06-25 00:03:00,API,Paid,0,0
BILL877890,CUST10587,236036,236036,2026-06-13 00:00:00,2026-06-13 00:00:00,Mobile,Paid,0,0
BILL974844,CUST10367,161422,726225,2026-04-17 00:00:00,2026-04-19 00:00:00,Mobile,Paid,0,1
BILL534183,CUST10582,283005,283005,2026-07-25 00:03:00,2026-07-26 00:03:00,Web,Paid,0,0
BILL403736,CUST10075,274772,274772,2026-08-22 00:00:00,2026-08-27 00:00:00,Web,Paid,0,0
BILL462744,CUST10405,306307,306307,2026-04-05 00:00:00,2026-04-08 00:00:00,Mobile,Paid,0,0
BILL636352,CUST10219,352327,352327,2026-03-09 00:00:00,2026-03-13 00:00:00,Mobile,Paid,0,0
BILL336411,CUST10535,225969,225969,2026-03-09 00:00:00,2026-03-09 00:00:00,Mobile,Paid,0,0
BILL651947,CUST10071,158308,158308,2026-02-03 00:00:00,2026-02-08 00:00:00,Mobile,Paid,0,0
BILL731349,CUST10476,116759,116759,2026-07-14 00:00:00,2026-07-15 00:00:00,Web,Paid,0,0
BILL592091,CUST10022,251640,251640,2026-06-14 00:00:00,2026-06-19 00:00:00,Mobile,Paid,0,0
BILL317091,CUST10398,190448,190448,2026-06-20 00:00:00,2026-06-20 00:00:00,API,Paid,0,0
BILL587642,CUST10578,255524,255524,2026-05-11 00:00:00,2026-05-13 00:00:00,Mobile,Paid,0,0
BILL115490,CUST10558,283378,283378,2026-06-19 00:00:00,2026-06-19 00:00:00,Mobile,Paid,0,0
BILL906447,CUST10230,233935,233935,2026-10-11 00:00:00,2026-10-13 00:00:00,Mobile,Paid,0,0
BILL853758,CUST10000,280462,280462,2026-04-05 00:00:00,2026-04-05 00:00:00,Web,Paid,0,0
BILL315092,CUST10333,267327,267327,2026-07-15 00:00:00,2026-07-17 00:00:00,Web,Paid,0,0
BILL952455,CUST10024,197978,197978,2026-08-18 00:00:00,2026-08-22 00:00:00,Web,Paid,0,0
BILL577966,CUST10562,347308,347308,2026-04-12 00:00:00,2026-04-13 00:00:00,Web,Paid,0,0
BILL881221,CUST10134,185854,185854,2026-06-18 00:00:00,2026-06-22 00:00:00,Web,Paid,0,0
BILL313904,CUST10386,396829,396829,2026-05-18 00:00:00,2026-05-22 00:00:00,Mobile,Paid,0,0
BILL293361,CUST10001,294419,294419,2026-04-10 00:00:00,2026-04-11 00:00:00,Web,Paid,0,0
BILL247881,CUST10286,205365,205365,2026-07-27 00:00:00,2026-07-28 00:00:00,Web,Paid,0,0
BILL543171,CUST10175,184093,184093,2026-05-10 00:00:00,2026-05-14 00:00:00,Mobile,Paid,0,0
BILL767019,CUST10415,352060,962894,2026-04-12 00:00:00,2026-04-17 00:00:00,Web,Paid,0,1
BILL768122,CUST10146,110250,110250,2026-03-09 00:00:00,2026-03-11 00:00:00,Web,Paid,0,0
BILL792289,CUST10273,267851,267851,2026-04-13 00:00:00,2026-04-16 00:00:00,Web,Paid,0,0
BILL947450,CUST10015,136740,136740,2026-05-09 00:00:00,2026-05-10 00:00:00,Mobile,Paid,0,0
BILL850894,CUST10355,167264,167264,2026-04-19 00:00:00,2026-04-23 00:00:00,Web,Paid,0,0
BILL988434,CUST10276,165605,165605,2026-05-15 00:00:00,2026-05-17 00:00:00,API,Paid,0,0
BILL334211,CUST10521,133647,133647,2026-05-12 00:00:00,2026-05-12 00:00:00,Web,Paid,0,0
BILL752457,CUST10261,313603,313603,2026-04-13 00:00:00,2026-04-18 00:00:00,Mobile,Paid,0,0
BILL853223,CUST10362,343191,343191,2026-05-14 00:00:00,2026-05-19 00:00:00,Web,Paid,0,0
BILL749204,CUST10232,124686,124686,2026-06-11 00:00:00,2026-06-14 00:00:00,Web,Paid,0,0
BILL200232,CUST10342,221121,221121,2026-06-14 00:00:00,2026-06-14 00:00:00,Mobile,Paid,0,0
BILL661002,CUST10166,227405,227405,2026-04-07 00:00:00,2026-04-12 00:00:00,Mobile,Paid,0,0
BILL191620,CUST10176,140672,140672,2026-04-04 00:00:00,2026-04-07 00:00:00,Mobile,Paid,0,0
BILL638292,CUST10372,145857,145857,2026-08-21 00:00:00,2026-08-26 00:00:00,Web,Paid,0,0
BILL309805,CUST10544,395821,395821,2026-04-06 00:00:00,2026-04-08 00:00:00,Web,Paid,0,0
BILL224314,CUST10489,309142,309142,2026-04-10 00:00:00,2026-04-12 00:00:00,Mobile,Paid,0,0
BILL352711,CUST10084,206469,206469,2026-05-14 00:00:00,2026-05-18 00:00:00,API,Paid,0,0
BILL344504,CUST10344,259225,259225,2026-04-08 00:00:00,2026-04-10 00:00:00,Web,Paid,0,0
BILL768696,CUST10607,185478,185478,2026-05-22 00:00:00,2026-05-26 00:00:00,Web,Paid,0,0
BILL470009,CUST10007,198682,198682,2026-03-16 00:00:00,2026-03-21 00:00:00,Mobile,Paid,0,0
BILL472188,CUST10540,354795,354795,2026-05-13 00:00:00,2026-05-18 00:00:00,Web,Paid,0,0
BILL265535,CUST10318,300846,300846,2026-08-19 00:00:00,2026-08-20 00:00:00,Mobile,Paid,0,0
BILL984153,CUST10031,174879,174879,2026-04-16 00:00:00,2026-04-18 00:00:00,Mobile,Paid,0,0
BILL839496,CUST10160,212194,212194,2026-04-08 00:00:00,2026-04-11 00:00:00,Mobile,Paid,0,0
BILL272385,CUST10226,328761,328761,2026-04-10 00:00:00,2026-04-11 00:00:00,Mobile,Paid,0,0
BILL772033,CUST10185,363569,363569,2026-04-10 00:00:00,2026-04-11 00:00:00,Web,Paid,0,0
BILL371609,CUST10518,266405,266405,2026-04-08 00:00:00,2026-04-13 00:00:00,Web,Paid,0,0
BILL417432,CUST10122,272193,272193,2026-02-06 00:00:00,2026-02-07 00:00:00,Mobile,Paid,0,0
BILL161855,CUST10462,340978,340978,2026-07-14 00:00:00,2026-07-18 00:00:00,Web,Paid,0,0
BILL590050,CUST10594,328203,328203,2026-07-27 00:00:00,2026-07-31 00:00:00,Web,Paid,0,0
BILL332736,CUST10413,118569,118569,2026-05-12 00:00:00,2026-05-13 00:00:00,Mobile,Paid,0,0
BILL411010,CUST10353,153539,153539,2026-05-19 00:00:00,2026-05-21 00:00:00,Web,Paid,0,0
BILL416363,CUST10240,302111,302111,2026-07-13 00:00:00,2026-07-18 00:00:00,Web,Paid,0,0
BILL885575,CUST10552,289154,289154,2026-04-07 00:00:00,2026-04-09 00:00:00,Mobile,Paid,1,1
BILL494094,CUST10223,367891,367891,2026-04-03 00:00:00,2026-04-07 00:00:00,API,Paid,0,0
BILL112024,CUST10198,389783,389783,2026-05-23 00:00:00,2026-05-27 00:00:00,Web,Paid,0,0
BILL125231,CUST10454,352626,352626,2026-04-08 00:00:00,2026-04-08 00:00:00,Mobile,Paid,0,0
BILL441031,CUST10596,368379,368379,2026-03-10 00:00:00,2026-03-12 00:00:00,Mobile,Paid,0,0
BILL839328,CUST10405,306307,306307,2026-05-08 00:00:00,2026-05-11 00:00:00,API,Paid,0,0
BILL922098,CUST10585,164323,164323,2026-04-13 00:00:00,2026-04-17 00:00:00,Web,Paid,0,0
BILL358997,CUST10152,353426,353426,2026-06-10 00:00:00,2026-06-10 00:00:00,Mobile,Paid,0,0
BILL436087,CUST10201,110219,110219,2026-07-18 00:00:00,2026-07-23 00:00:00,Mobile,Paid,0,0
BILL744495,CUST10321,221950,221950,2026-02-06 00:00:00,2026-02-08 00:00:00,Mobile,Paid,0,0
BILL759352,CUST10057,189967,189967,2026-07-25 00:00:00,2026-07-27 00:00:00,Web,Paid,0,0
BILL984454,CUST10031,174879,174879,2026-05-18 00:00:00,2026-05-19 00:00:00,Mobile,Paid,0,0
BILL951820,CUST10063,183462,183462,2026-04-10 00:00:00,2026-04-13 00:00:00,Web,Paid,0,0
BILL233988,CUST10252,207634,207634,2026-07-14 00:00:00,2026-07-17 00:00:00,Mobile,Paid,0,0
BILL820370,CUST10417,378264,378264,2026-05-16 00:00:00,2026-05-19 00:00:00,Mobile,Paid,0,0
BILL710337,CUST10612,137846,137846,2026-06-13 00:00:00,2026-06-14 00:00:00,Mobile,Paid,0,0
BILL583681,CUST10176,140672,140672,2026-05-07 00:00:00,2026-05-11 00:00:00,Mobile,Paid,0,0
BILL161186,CUST10317,128349,128349,2026-03-06 00:00:00,2026-03-09 00:00:00,Web,Paid,0,0
BILL493248,CUST10549,217355,217355,2026-04-13 00:00:00,2026-04-14 00:00:00,Mobile,Paid,0,0
BILL195852,CUST10400,201664,201664,2026-05-17 00:00:00,2026-05-17 00:00:00,Mobile,Paid,0,0
BILL109928,CUST10389,170321,170321,2026-06-10 00:00:00,2026-06-14 00:00:00,API,Paid,0,0
BILL169659,CUST10356,282080,282080,2026-02-01 00:00:00,2026-02-01 00:00:00,Web,Paid,0,0
BILL152304,CUST10524,240935,240935,2026-07-19 00:00:00,2026-07-22 00:00:00,Mobile,Paid,0,0
BILL407713,CUST10425,336049,336049,2026-09-23 00:00:00,2026-09-27 00:00:00,Web,Paid,0,0
BILL438394,CUST10194,399827,415265,2026-03-10 00:00:00,2026-03-14 00:00:00,Mobile,Paid,0,0
BILL588877,CUST10025,126760,126760,2026-07-19 00:00:00,2026-07-19 00:00:00,Web,Paid,0,0
BILL100839,CUST10617,240366,240366,2026-03-06 00:00:00,2026-03-10 00:00:00,Web,Paid,0,0
BILL308686,CUST10568,398581,398581,2026-03-11 00:00:00,2026-03-16 00:00:00,Web,Paid,0,0
BILL840011,CUST10022,251640,903060,2026-07-19 00:00:00,2026-07-20 00:00:00,Mobile,Paid,0,1
BILL224355,CUST10118,164019,168268,2026-06-12 00:00:00,2026-06-17 00:00:00,Mobile,Paid,0,0
BILL111944,CUST10003,171760,171760,2026-05-19 00:00:00,2026-05-24 00:00:00,Mobile,Paid,0,0
BILL850394,CUST10402,202316,202316,2026-07-14 00:00:00,2026-07-14 00:00:00,Web,Paid,0,0
BILL137539,CUST10324,340137,340137,2026-07-15 00:00:00,2026-07-18 00:00:00,Web,Paid,0,0
BILL430670,CUST10297,289586,289586,2026-03-04 00:00:00,2026-03-08 00:00:00,Mobile,Paid,0,0
BILL545560,CUST10006,161946,161946,2026-05-10 00:00:00,2026-05-15 00:00:00,Web,Paid,0,0
BILL454226,CUST10001,294419,294419,2026-05-11 00:00:00,2026-05-12 00:00:00,Web,Paid,0,0
BILL142953,CUST10240,302111,302111,2026-08-17 00:00:00,2026-08-17 00:00:00,Web,Paid,0,0
BILL362568,CUST10468,377171,377171,2026-07-16 00:00:00,2026-07-17 00:00:00,Mobile,Paid,0,0
BILL270527,CUST10132,280308,280308,2026-04-10 00:00:00,2026-04-11 00:00:00,Mobile,Paid,0,0
BILL561959,CUST10582,283005,283005,2026-08-25 00:03:00,2026-08-28 00:03:00,Web,Paid,0,0
BILL301565,CUST10317,128349,128349,2026-04-08 00:00:00,2026-04-09 00:00:00,Web,Paid,0,0
BILL131207,CUST10298,306913,306913,2026-06-18 00:00:00,2026-06-18 00:00:00,Mobile,Paid,0,0
BILL720284,CUST10586,278993,278993,2026-07-12 00:00:00,2026-07-17 00:00:00,Web,Paid,0,0
BILL478668,CUST10322,249491,249491,2026-08-16 00:00:00,2026-08-17 00:00:00,Mobile,Paid,1,1
BILL865885,CUST10347,381404,381404,2026-05-17 00:00:00,2026-05-17 00:00:00,Mobile,Paid,0,0
BILL614536,CUST10306,279909,279909,2026-06-18 00:00:00,2026-06-20 00:00:00,Web,Paid,0,0
BILL613508,CUST10263,377150,377150,2026-03-05 00:00:00,2026-03-10 00:00:00,Web,Paid,0,0
BILL466751,CUST10490,322691,322691,2026-09-19 00:00:00,2026-09-19 00:00:00,Mobile,Paid,0,0
BILL262658,CUST10476,116759,116759,2026-08-14 00:00:00,2026-08-16 00:00:00,Web,Paid,0,0
BILL432356,CUST10382,144164,144164,2026-05-20 00:00:00,2026-05-21 00:00:00,Web,Paid,0,0
BILL957581,CUST10255,242003,242003,2026-04-10 00:00:00,2026-04-14 00:00:00,Web,Paid,0,0
BILL530702,CUST10267,212787,212787,2026-04-08 00:00:00,2026-04-11 00:00:00,API,Paid,0,0
BILL221792,CUST10042,162275,162275,2026-07-22 00:00:00,2026-07-25 00:00:00,Web,Paid,1,1
BILL888022,CUST10168,151714,151714,2026-03-15 00:00:00,2026-03-17 00:00:00,Mobile,Paid,0,0
BILL548909,CUST10584,205219,205219,2026-05-12 00:00:00,2026-05-16 00:00:00,API,Paid,0,1
BILL827293,CUST10576,160191,160191,2026-08-22 00:00:00,2026-08-25 00:00:00,Web,Paid,0,0
BILL846465,CUST10498,382916,382916,2026-08-20 00:00:00,2026-08-24 00:00:00,Web,Paid,0,0
BILL655746,CUST10093,290499,281594,2026-09-16 00:00:00,2026-09-17 00:00:00,Mobile,Paid,0,0
BILL660694,CUST10262,112663,112663,2026-04-09 00:00:00,2026-04-13 00:00:00,Mobile,Paid,0,0
BILL796664,CUST10281,179485,179485,2026-07-26 00:00:00,2026-07-26 00:00:00,Web,Paid,0,0
BILL860083,CUST10427,359626,359626,2026-04-06 00:00:00,2026-04-07 00:00:00,Web,Paid,0,0
BILL924329,CUST10167,187924,187924,2026-03-17 00:00:00,2026-03-20 00:00:00,Mobile,Paid,0,0
BILL149170,CUST10595,311615,311615,2026-04-12 00:00:00,2026-04-16 00:00:00,Mobile,Paid,0,0
BILL500444,CUST10519,147123,147123,2026-05-08 00:00:00,2026-05-08 00:00:00,API,Paid,0,1
BILL282502,CUST10519,147123,147123,2026-05-08 00:00:00,2026-05-08 00:01:00,API,Paid,0,1
BILL399171,CUST10575,247910,247910,2026-06-14 00:00:00,2026-06-19 00:00:00,Mobile,Paid,0,0
BILL584928,CUST10290,248997,248997,2026-07-23 00:00:00,2026-07-28 00:00:00,Mobile,Paid,0,0
BILL717764,CUST10048,283288,283288,2026-05-11 00:00:00,2026-05-11 00:00:00,Mobile,Paid,0,0
BILL712661,CUST10114,174295,174295,2026-08-20 00:00:00,2026-08-21 00:00:00,Mobile,Paid,0,0
BILL882615,CUST10331,259349,259349,2026-05-07 00:00:00,2026-05-12 00:00:00,Mobile,Paid,0,0
BILL866387,CUST10457,239593,239593,2026-04-11 00:00:00,2026-04-16 00:00:00,Web,Paid,0,0
BILL707048,CUST10143,251424,251424,2026-08-13 00:00:00,2026-08-15 00:00:00,Web,Paid,0,0
BILL440340,CUST10092,397873,397873,2026-03-15 00:00:00,2026-03-16 00:00:00,API,Paid,0,0
BILL727221,CUST10133,226033,226033,2026-05-22 00:00:00,2026-05-24 00:00:00,Web,Paid,0,0
BILL888441,CUST10553,150140,150140,2026-04-13 00:00:00,2026-04-13 00:00:00,Mobile,Paid,0,0
BILL320631,CUST10442,159799,159799,2026-06-14 00:00:00,2026-06-18 00:00:00,Web,Paid,0,0
BILL699878,CUST10546,396437,396437,2026-08-17 00:00:00,2026-08-17 00:00:00,Mobile,Paid,0,0
BILL904769,CUST10110,141393,141393,2026-05-16 00:00:00,2026-05-19 00:00:00,Web,Paid,0,0
BILL618803,CUST10014,265386,265386,2026-06-23 00:00:00,2026-06-23 00:00:00,Mobile,Paid,0,0
BILL480495,CUST10254,369955,369955,2026-04-12 00:00:00,2026-04-17 00:00:00,Mobile,Paid,0,0
BILL934390,CUST10213,118930,118930,2026-03-10 00:00:00,2026-03-10 00:00:00,API,Paid,0,1
BILL140019,CUST10213,118930,118930,2026-03-10 00:00:00,2026-03-10 00:01:00,API,Paid,0,1
BILL632021,CUST10213,118930,118930,2026-03-10 00:00:00,2026-03-10 00:02:00,API,Paid,0,1
BILL969957,CUST10582,283005,283005,2026-09-27 00:03:00,2026-10-02 00:03:00,Web,Paid,0,0
BILL145332,CUST10443,155257,155257,2026-05-17 00:00:00,2026-05-19 00:00:00,Web,Paid,0,0
BILL269717,CUST10341,124456,124456,2026-07-23 00:00:00,2026-07-24 00:00:00,Web,Paid,0,0
BILL157150,CUST10595,311615,311615,2026-05-16 00:00:00,2026-05-20 00:00:00,Mobile,Paid,0,0
BILL108701,CUST10459,341806,341806,2026-04-18 00:00:00,2026-04-23 00:00:00,Web,Paid,0,0
BILL675220,CUST10090,233891,233891,2026-08-18 00:00:00,2026-08-23 00:00:00,Mobile,Paid,0,0
BILL150777,CUST10203,266342,266342,2026-08-15 00:00:00,2026-08-19 00:00:00,Mobile,Paid,0,0
BILL258519,CUST10104,110694,110694,2026-07-22 00:00:00,2026-07-25 00:00:00,Mobile,Paid,0,0
BILL135484,CUST10580,140210,140210,2026-05-14 00:00:00,2026-05-19 00:00:00,Web,Paid,0,0
BILL528217,CUST10238,308363,308363,2026-07-16 00:00:00,2026-07-17 00:00:00,Web,Paid,0,0
BILL270922,CUST10264,175717,175717,2026-07-21 00:00:00,2026-07-21 00:00:00,Web,Paid,0,0
BILL821356,CUST10117,331346,331346,2026-04-13 00:00:00,2026-04-17 00:00:00,API,Paid,1,1
BILL766258,CUST10484,392556,392556,2026-07-21 00:00:00,2026-07-23 00:00:00,Mobile,Paid,0,0
BILL643989,CUST10513,314825,314825,2026-02-02 00:00:00,2026-02-04 00:00:00,Web,Paid,0,0
BILL446453,CUST10416,112475,112475,2026-08-21 00:00:00,2026-08-25 00:00:00,Mobile,Paid,0,0
BILL970950,CUST10608,375374,375374,2026-04-11 00:00:00,2026-04-15 00:00:00,Mobile,Paid,0,0
BILL150053,CUST10389,170321,170321,2026-07-14 00:00:00,2026-07-15 00:00:00,Web,Paid,0,0
BILL261874,CUST10181,249674,246939,2026-05-10 00:00:00,2026-05-10 00:00:00,Mobile,Paid,0,0
BILL897179,CUST10077,278619,278619,2026-08-23 00:00:00,2026-08-26 00:00:00,Mobile,Paid,0,0
BILL579320,CUST10019,106755,106755,2026-05-05 00:00:00,2026-05-08 00:00:00,Web,Paid,0,0
BILL506541,CUST10278,293986,293986,2026-07-12 00:00:00,2026-07-12 00:00:00,Web,Paid,0,0
BILL627576,CUST10026,224210,229074,2026-04-12 00:00:00,2026-04-14 00:00:00,Mobile,Paid,0,0
BILL222099,CUST10098,340529,340529,2026-04-12 00:00:00,2026-04-13 00:00:00,Web,Paid,0,0
BILL101766,CUST10156,369239,369239,2026-06-17 00:00:00,2026-06-21 00:00:00,Web,Paid,0,0
BILL804134,CUST10030,335724,335724,2026-04-11 00:00:00,2026-04-16 00:00:00,Mobile,Paid,0,0
BILL855279,CUST10065,278881,278881,2026-05-16 00:00:00,2026-05-18 00:00:00,Mobile,Paid,0,0
BILL193983,CUST10343,293436,293436,2026-05-13 00:00:00,2026-05-13 00:00:00,Mobile,Paid,0,0
BILL185232,CUST10350,268142,268142,2026-06-10 00:00:00,2026-06-15 00:00:00,Mobile,Paid,0,0
BILL744403,CUST10190,253576,253576,2026-06-14 00:00:00,2026-06-18 00:00:00,Mobile,Paid,0,0
BILL597312,CUST10136,153321,156415,2026-05-19 00:00:00,2026-05-20 00:00:00,Web,Paid,0,0
BILL799425,CUST10390,304339,304339,2026-03-10 00:00:00,2026-03-11 00:00:00,Web,Paid,0,0
BILL174095,CUST10352,375803,375803,2026-06-18 00:00:00,2026-06-20 00:00:00,Mobile,Paid,0,0
BILL376041,CUST10544,395821,388829,2026-05-08 00:00:00,2026-05-09 00:00:00,Web,Paid,0,0
BILL229037,CUST10392,103166,103166,2026-06-24 00:00:00,2026-06-24 00:00:00,Mobile,Paid,0,0
BILL733124,CUST10143,251424,251424,2026-09-14 00:00:00,2026-09-15 00:00:00,Web,Paid,0,0
BILL919637,CUST10204,148331,148331,2026-06-08 00:00:00,2026-06-08 00:00:00,Mobile,Paid,0,0
BILL921439,CUST10539,138041,138041,2026-06-09 00:00:00,2026-06-09 00:00:00,Mobile,Paid,0,0
BILL309590,CUST10332,159917,159917,2026-04-11 00:00:00,2026-04-12 00:00:00,Web,Paid,0,0
BILL470594,CUST10584,205219,205219,2026-06-15 00:00:00,2026-06-18 00:00:00,Web,Paid,0,0
BILL576068,CUST10003,171760,171760,2026-06-23 00:00:00,2026-06-25 00:00:00,Mobile,Paid,0,0
BILL770804,CUST10553,150140,142884,2026-05-13 00:00:00,2026-05-15 00:00:00,API,Paid,0,0
BILL147194,CUST10215,129546,129546,2026-05-19 00:00:00,2026-05-23 00:00:00,Web,Paid,0,0
BILL382180,CUST10569,259259,259259,2026-04-10 00:00:00,2026-04-15 00:00:00,Web,Paid,0,0
BILL534190,CUST10415,352060,352060,2026-05-17 00:00:00,2026-05-20 00:00:00,Web,Paid,0,0
BILL279250,CUST10168,151714,151714,2026-04-16 00:00:00,2026-04-19 00:00:00,Mobile,Paid,0,0
BILL168229,CUST10331,259349,259349,2026-06-11 00:00:00,2026-06-16 00:00:00,Mobile,Paid,0,0
BILL639575,CUST10559,134695,134695,2026-06-15 00:00:00,2026-06-20 00:00:00,Web,Paid,0,0
BILL153645,CUST10073,338950,338950,2026-08-09 00:00:00,2026-08-12 00:00:00,Mobile,Paid,0,0
BILL551930,CUST10585,164323,164323,2026-05-17 00:00:00,2026-05-19 00:00:00,Web,Paid,0,0
BILL600639,CUST10414,356739,356739,2026-02-10 00:00:00,2026-02-13 00:00:00,Web,Paid,0,0
BILL454098,CUST10418,162610,162610,2026-04-09 00:00:00,2026-04-12 00:00:00,Web,Paid,0,0
BILL507261,CUST10069,240610,240610,2026-05-15 00:00:00,2026-05-20 00:00:00,Web,Paid,0,0
BILL822411,CUST10213,118930,118930,2026-04-09 00:03:00,2026-04-10 00:03:00,Mobile,Paid,0,0
BILL145711,CUST10015,136740,136740,2026-06-09 00:00:00,2026-06-09 00:00:00,Mobile,Paid,0,0
BILL696810,CUST10308,187089,187089,2026-05-17 00:00:00,2026-05-18 00:00:00,Mobile,Paid,0,0
BILL926464,CUST10611,330192,314831,2026-06-17 00:00:00,2026-06-20 00:00:00,Web,Paid,0,0
BILL816135,CUST10103,245102,245102,2026-07-24 00:00:00,2026-07-25 00:00:00,API,Paid,0,0
BILL625833,CUST10428,186119,186119,2026-06-13 00:00:00,2026-06-17 00:00:00,Mobile,Paid,0,0
BILL860318,CUST10257,386151,386151,2026-06-13 00:00:00,2026-06-16 00:00:00,Mobile,Paid,0,0
BILL121557,CUST10548,270524,270524,2026-07-14 00:00:00,2026-07-17 00:00:00,Web,Paid,0,0
BILL820113,CUST10341,124456,124456,2026-08-23 00:00:00,2026-08-25 00:00:00,Web,Paid,0,0
BILL517251,CUST10437,218742,218742,2026-05-08 00:00:00,2026-05-08 00:00:00,Web,Paid,0,0
BILL850375,CUST10313,263980,263980,2026-06-17 00:00:00,2026-06-18 00:00:00,Mobile,Paid,0,0
BILL256906,CUST10549,217355,217355,2026-05-14 00:00:00,2026-05-19 00:00:00,Mobile,Paid,0,0
BILL775006,CUST10483,165857,165857,2026-09-11 00:00:00,2026-09-16 00:00:00,API,Paid,0,0
BILL223814,CUST10056,158389,158389,2026-06-20 00:00:00,2026-06-24 00:00:00,Mobile,Paid,0,0
BILL914153,CUST10379,362880,362880,2026-05-13 00:00:00,2026-05-18 00:00:00,Mobile,Paid,0,0
BILL939072,CUST10298,306913,306913,2026-07-18 00:00:00,2026-07-18 00:00:00,Mobile,Paid,0,0
BILL527866,CUST10230,233935,233935,2026-11-12 00:00:00,2026-11-14 00:00:00,Mobile,Paid,0,0
BILL973987,CUST10055,380448,380448,2026-06-13 00:00:00,2026-06-17 00:00:00,Web,Paid,0,0
BILL697137,CUST10599,287062,287062,2026-05-05 00:00:00,2026-05-08 00:00:00,Mobile,Paid,0,0
BILL803337,CUST10001,294419,164734,2026-06-11 00:00:00,2026-06-12 00:00:00,Web,Paid,0,1
BILL359575,CUST10532,138272,58647,2026-05-13 00:02:00,2026-05-13 00:02:00,Mobile,Paid,0,1
BILL369451,CUST10577,383781,383781,2026-02-02 00:00:00,2026-02-03 00:00:00,Web,Paid,0,0
BILL726077,CUST10266,348186,348186,2026-08-08 00:02:00,2026-08-10 00:02:00,Web,Paid,0,0
BILL601879,CUST10396,192856,192856,2026-04-15 00:00:00,2026-04-18 00:00:00,Mobile,Paid,0,0
BILL260737,CUST10273,267851,267851,2026-05-16 00:00:00,2026-05-17 00:00:00,Web,Paid,0,0
BILL820234,CUST10306,279909,279909,2026-07-20 00:00:00,2026-07-22 00:00:00,Web,Paid,0,0
BILL695689,CUST10162,365049,365049,2026-05-12 00:00:00,2026-05-17 00:00:00,Mobile,Paid,0,0
BILL252055,CUST10615,189647,189647,2026-06-12 00:00:00,2026-06-12 00:00:00,Mobile,Paid,0,0
BILL328177,CUST10054,281343,281343,2026-07-12 00:00:00,2026-07-16 00:00:00,Mobile,Paid,0,0
BILL561311,CUST10232,124686,124686,2026-07-14 00:00:00,2026-07-17 00:00:00,Web,Paid,0,0
BILL529153,CUST10438,243716,243716,2026-09-13 00:00:00,2026-09-16 00:00:00,Web,Paid,0,0
BILL966220,CUST10186,259377,259377,2026-08-27 00:00:00,2026-08-29 00:00:00,Mobile,Paid,0,0
BILL441063,CUST10176,140672,140672,2026-06-10 00:00:00,2026-06-10 00:00:00,Mobile,Paid,0,0
BILL694016,CUST10401,263793,263793,2026-05-12 00:00:00,2026-05-13 00:00:00,Mobile,Paid,0,0
BILL592701,CUST10381,388958,388958,2026-05-14 00:00:00,2026-05-16 00:00:00,Web,Paid,0,0
BILL967596,CUST10020,307245,307245,2026-04-02 00:00:00,2026-04-06 00:00:00,Mobile,Paid,0,0
BILL638555,CUST10293,306558,306558,2026-06-13 00:00:00,2026-06-14 00:00:00,Web,Paid,0,0
BILL490000,CUST10597,121035,121738,2026-04-07 00:00:00,2026-04-10 00:00:00,Web,Paid,0,0
BILL588719,CUST10256,225630,225630,2026-05-17 00:00:00,2026-05-21 00:00:00,Web,Paid,0,0
BILL704476,CUST10614,317766,317766,2026-04-04 00:00:00,2026-04-07 00:00:00,Mobile,Paid,0,0
BILL289662,CUST10122,272193,272193,2026-03-09 00:00:00,2026-03-12 00:00:00,API,Paid,0,1
BILL413200,CUST10424,126459,126459,2026-03-13 00:00:00,2026-03-14 00:00:00,Mobile,Paid,0,0
BILL504798,CUST10006,161946,161946,2026-06-14 00:00:00,2026-06-19 00:00:00,API,Paid,0,0
BILL500505,CUST10062,294766,294766,2026-06-13 00:00:00,2026-06-15 00:00:00,API,Paid,0,0
BILL378484,CUST10039,358732,358732,2026-04-10 00:00:00,2026-04-12 00:00:00,Mobile,Paid,0,0
BILL855816,CUST10547,377662,377662,2026-04-07 00:00:00,2026-04-09 00:00:00,Mobile,Paid,0,0
BILL223531,CUST10500,173084,173084,2026-07-23 00:00:00,2026-07-26 00:00:00,Mobile,Paid,0,0
BILL808012,CUST10019,106755,106755,2026-06-07 00:00:00,2026-06-08 00:00:00,Web,Paid,0,0
BILL346072,CUST10230,233935,233935,2026-12-14 00:00:00,2026-12-15 00:00:00,Mobile,Paid,0,0
BILL930361,CUST10026,224210,224210,2026-05-14 00:00:00,2026-05-17 00:00:00,Mobile,Paid,0,0
BILL880082,CUST10334,265988,265988,2026-02-10 00:00:00,2026-02-12 00:00:00,Mobile,Paid,0,0
BILL756832,CUST10432,345670,345670,2026-05-08 00:00:00,2026-05-12 00:00:00,Web,Paid,0,0
BILL999689,CUST10096,194180,197283,2026-07-03 00:00:00,2026-07-07 00:00:00,Mobile,Paid,0,0
BILL786378,CUST10380,338212,338212,2026-07-19 00:00:00,2026-07-24 00:00:00,Mobile,Paid,0,0
BILL542262,CUST10424,126459,126459,2026-04-13 00:00:00,2026-04-14 00:00:00,Mobile,Paid,0,0
BILL664143,CUST10485,340510,340510,2026-05-24 00:00:00,2026-05-24 00:00:00,Web,Paid,0,0
BILL174172,CUST10411,396965,396965,2026-04-10 00:00:00,2026-04-15 00:00:00,Web,Paid,0,0
BILL876500,CUST10181,249674,249674,2026-06-09 00:00:00,2026-06-10 00:00:00,Mobile,Paid,0,0
BILL913214,CUST10427,359626,1397800,2026-05-07 00:00:00,2026-05-09 00:00:00,Web,Paid,0,1
BILL878073,CUST10618,222795,222795,2026-06-10 00:00:00,2026-06-14 00:00:00,Web,Paid,0,0
BILL304976,CUST10205,223531,223531,2026-04-13 00:00:00,2026-04-13 00:00:00,Mobile,Paid,0,0
BILL649885,CUST10452,193937,193937,2026-08-17 00:00:00,2026-08-18 00:00:00,Web,Paid,0,0
BILL954868,CUST10271,312742,312742,2026-06-13 00:00:00,2026-06-15 00:00:00,Web,Paid,0,0
BILL186015,CUST10071,158308,158308,2026-03-10 00:00:00,2026-03-11 00:00:00,API,Paid,0,0
BILL975256,CUST10537,229841,229841,2026-03-12 00:00:00,2026-03-15 00:00:00,Mobile,Paid,0,0
BILL937836,CUST10618,222795,222795,2026-07-14 00:00:00,2026-07-18 00:00:00,Web,Paid,0,0
BILL316861,CUST10564,196445,196445,2026-05-19 00:00:00,2026-05-22 00:00:00,Mobile,Paid,0,0
BILL374855,CUST10002,204619,204619,2026-07-17 00:00:00,2026-07-22 00:00:00,Web,Paid,0,0
BILL443088,CUST10391,333242,333242,2026-08-18 00:00:00,2026-08-23 00:00:00,API,Paid,0,0
BILL715527,CUST10147,165632,165632,2026-06-13 00:00:00,2026-06-14 00:00:00,API,Paid,0,0
BILL390129,CUST10511,360798,360798,2026-03-09 00:00:00,2026-03-10 00:00:00,Web,Paid,0,0
BILL482194,CUST10117,331346,331346,2026-05-17 00:00:00,2026-05-22 00:00:00,Web,Paid,0,0
BILL569384,CUST10302,309550,309550,2026-07-07 00:02:00,2026-07-08 00:02:00,Web,Paid,0,0
BILL339692,CUST10449,196322,196322,2026-03-14 00:00:00,2026-03-17 00:00:00,Web,Paid,0,0
BILL425912,CUST10229,164951,162313,2026-05-13 00:00:00,2026-05-14 00:00:00,Web,Paid,0,0
BILL499687,CUST10323,149822,149822,2026-06-08 00:00:00,2026-06-08 00:00:00,Mobile,Paid,0,0
BILL639384,CUST10139,130766,130766,2026-07-12 00:00:00,2026-07-15 00:00:00,Mobile,Paid,0,0
BILL564097,CUST10352,375803,375803,2026-07-20 00:00:00,2026-07-25 00:00:00,Mobile,Paid,0,0
BILL198686,CUST10089,268535,268535,2026-05-10 00:00:00,2026-05-12 00:00:00,Web,Paid,0,0
BILL153143,CUST10309,119726,119726,2026-04-11 00:00:00,2026-04-15 00:00:00,Mobile,Paid,0,0
BILL159251,CUST10085,289887,289887,2026-04-13 00:00:00,2026-04-15 00:00:00,Mobile,Paid,0,0
BILL744644,CUST10566,323243,323243,2026-04-06 00:00:00,2026-04-07 00:00:00,Mobile,Paid,0,0
BILL837640,CUST10408,222785,233509,2026-04-11 00:00:00,2026-04-14 00:00:00,Mobile,Paid,0,0
BILL578842,CUST10480,170314,170314,2026-05-13 00:00:00,2026-05-13 00:00:00,API,Paid,0,0
BILL266190,CUST10526,397628,397628,2026-06-18 00:00:00,2026-06-22 00:00:00,Web,Paid,0,0
BILL605885,CUST10140,382812,382812,2026-05-06 00:03:00,2026-05-08 00:03:00,Web,Paid,0,0
BILL194468,CUST10158,104243,104243,2026-04-12 00:00:00,2026-04-14 00:00:00,Web,Paid,0,0
BILL134790,CUST10497,395180,395180,2026-09-20 00:00:00,2026-09-20 00:00:00,Web,Paid,0,0
BILL920957,CUST10395,155968,155968,2026-03-05 00:00:00,2026-03-04 00:00:00,Web,Paid,0,0
BILL947404,CUST10013,287233,287233,2026-08-19 00:00:00,2026-08-20 00:00:00,Mobile,Paid,0,0
BILL345577,CUST10440,125531,125531,2026-04-12 00:00:00,2026-04-16 00:00:00,Mobile,Paid,0,0
BILL410275,CUST10137,153623,153623,2026-05-08 00:00:00,2026-05-10 00:00:00,API,Paid,0,0
BILL275432,CUST10415,352060,352060,2026-06-19 00:00:00,2026-06-19 00:00:00,Web,Paid,0,0
BILL984861,CUST10534,108269,108269,2026-06-22 00:00:00,2026-06-26 00:00:00,Mobile,Paid,0,0
BILL988828,CUST10388,355509,355509,2026-02-10 00:00:00,2026-02-10 00:00:00,Mobile,Paid,0,0
BILL930547,CUST10401,263793,263793,2026-06-12 00:00:00,2026-06-17 00:00:00,API,Paid,0,0
BILL473909,CUST10291,235223,229549,2026-06-05 00:00:00,2026-06-06 00:00:00,Web,Paid,0,0
BILL759628,CUST10301,366492,366492,2026-05-11 00:00:00,2026-05-15 00:00:00,Mobile,Paid,0,0
BILL324133,CUST10078,271954,271954,2026-06-09 00:00:00,2026-06-12 00:00:00,Web,Paid,0,0
BILL816032,CUST10571,146646,146646,2026-05-15 00:00:00,2026-05-20 00:00:00,Web,Paid,0,0
BILL246674,CUST10001,294419,185946,2026-07-12 00:00:00,2026-07-14 00:00:00,Web,Paid,0,1
BILL318067,CUST10312,323922,323922,2026-10-14 00:02:00,2026-10-17 00:02:00,Web,Paid,0,0
BILL395236,CUST10048,283288,283288,2026-06-10 00:00:00,2026-06-12 00:00:00,Mobile,Paid,0,0
BILL873882,CUST10171,191777,191777,2026-05-02 00:00:00,2026-05-07 00:00:00,API,Paid,0,0
BILL994246,CUST10423,377888,377888,2026-08-26 00:00:00,2026-08-29 00:00:00,API,Paid,0,0
BILL859922,CUST10037,154510,154510,2026-05-11 00:00:00,2026-05-13 00:00:00,Mobile,Paid,0,0
BILL713836,CUST10156,369239,369239,2026-07-21 00:00:00,2026-07-21 00:00:00,Web,Paid,0,0
BILL345613,CUST10428,186119,186119,2026-07-17 00:00:00,2026-07-18 00:00:00,Mobile,Paid,0,0
BILL677305,CUST10202,157531,157531,2026-04-12 00:00:00,2026-04-13 00:00:00,Web,Paid,0,0
BILL527671,CUST10261,313603,313603,2026-05-18 00:00:00,2026-05-22 00:00:00,Mobile,Paid,0,0
BILL197034,CUST10033,239118,239118,2026-05-04 00:00:00,2026-05-07 00:00:00,Mobile,Paid,0,0
BILL192185,CUST10449,196322,196322,2026-04-16 00:00:00,2026-04-16 00:00:00,Web,Paid,1,1
BILL183733,CUST10493,113712,113712,2026-06-14 00:00:00,2026-06-18 00:00:00,Web,Paid,0,0
BILL273371,CUST10522,340137,340137,2026-04-05 00:00:00,2026-04-05 00:00:00,Mobile,Paid,0,0
BILL414255,CUST10063,183462,183462,2026-05-13 00:00:00,2026-05-16 00:00:00,Web,Paid,0,0
BILL110755,CUST10064,334083,334083,2026-05-11 00:00:00,2026-05-10 00:00:00,API,Paid,0,0
BILL927302,CUST10439,385361,385361,2026-05-17 00:03:00,2026-05-19 00:03:00,Web,Paid,0,0
BILL577477,CUST10558,283378,281185,2026-07-19 00:00:00,2026-07-24 00:00:00,API,Paid,0,0
BILL715337,CUST10426,388662,388662,2026-06-16 00:00:00,2026-06-17 00:00:00,Web,Paid,0,0
BILL962614,CUST10384,283831,283831,2026-04-03 00:00:00,2026-04-03 00:00:00,API,Paid,0,1
BILL502004,CUST10470,231253,231253,2026-05-16 00:00:00,2026-05-21 00:00:00,Web,Paid,0,0
BILL718945,CUST10361,259740,259740,2026-02-06 00:00:00,2026-02-11 00:00:00,Mobile,Paid,0,0
BILL446839,CUST10542,218385,218385,2026-07-19 00:00:00,2026-07-21 00:00:00,API,Paid,0,0
BILL205093,CUST10267,212787,212787,2026-05-11 00:00:00,2026-05-11 00:00:00,API,Paid,0,1
BILL144280,CUST10267,212787,212787,2026-05-11 00:00:00,2026-05-11 00:01:00,API,Paid,0,1
BILL664117,CUST10267,212787,212787,2026-05-11 00:00:00,2026-05-11 00:02:00,API,Paid,0,1
BILL331721,CUST10488,237166,237166,2026-04-07 00:00:00,2026-04-09 00:00:00,Web,Paid,0,0
BILL692251,CUST10245,182230,182230,2026-05-18 00:00:00,2026-05-17 00:00:00,Web,Paid,0,0
BILL283015,CUST10459,341806,341806,2026-05-23 00:00:00,2026-05-26 00:00:00,Web,Paid,0,0
BILL582240,CUST10310,282058,282058,2026-03-08 00:00:00,2026-03-09 00:00:00,Web,Paid,0,0
BILL212808,CUST10215,129546,129546,2026-06-22 00:00:00,2026-06-25 00:00:00,Web,Paid,0,0
BILL595403,CUST10496,125211,125211,2026-02-10 00:00:00,2026-02-12 00:00:00,Mobile,Paid,0,0
BILL420968,CUST10219,352327,352327,2026-04-12 00:00:00,2026-04-12 00:00:00,Mobile,Paid,0,0
BILL668769,CUST10477,337604,337604,2026-05-15 00:00:00,2026-05-16 00:00:00,API,Paid,0,0
BILL388930,CUST10261,313603,313603,2026-06-21 00:00:00,2026-06-20 00:00:00,Mobile,Paid,0,0
BILL234580,CUST10327,317238,317238,2026-05-17 00:00:00,2026-05-20 00:00:00,Mobile,Paid,0,0
BILL663468,CUST10254,369955,369955,2026-05-17 00:00:00,2026-05-20 00:00:00,Mobile,Paid,0,0
BILL906164,CUST10428,186119,186119,2026-08-17 00:00:00,2026-08-20 00:00:00,Mobile,Paid,0,0
BILL570361,CUST10510,122044,122044,2026-03-09 00:00:00,2026-03-11 00:00:00,Web,Paid,0,0
BILL579353,CUST10084,206469,206469,2026-06-17 00:00:00,2026-06-22 00:00:00,Mobile,Paid,0,0
BILL524503,CUST10127,135804,132114,2026-06-14 00:00:00,2026-06-14 00:00:00,Web,Paid,0,0
BILL608160,CUST10318,300846,300846,2026-09-19 00:00:00,2026-09-22 00:00:00,Mobile,Paid,0,0
BILL782266,CUST10527,116854,116854,2026-04-06 00:00:00,2026-04-09 00:00:00,API,Paid,0,0
BILL606172,CUST10310,282058,282058,2026-04-08 00:00:00,2026-04-10 00:00:00,Web,Paid,0,0
BILL411282,CUST10433,234061,234061,2026-05-12 00:00:00,2026-05-14 00:00:00,Web,Paid,0,0
BILL656583,CUST10348,149541,149541,2026-09-28 00:00:00,2026-09-30 00:00:00,Mobile,Paid,0,0
BILL385055,CUST10336,112017,112017,2026-04-06 00:00:00,2026-04-06 00:00:00,Mobile,Paid,0,0
BILL790487,CUST10360,195992,195992,2026-05-18 00:00:00,2026-05-19 00:00:00,Mobile,Paid,0,0
BILL702484,CUST10059,223989,223989,2026-04-17 00:00:00,2026-04-20 00:00:00,Mobile,Paid,0,0
BILL483628,CUST10178,352805,352805,2026-06-14 00:00:00,2026-06-16 00:00:00,Web,Paid,0,0
BILL326547,CUST10151,169054,169054,2026-04-04 00:00:00,2026-04-06 00:00:00,Mobile,Paid,0,0
BILL161964,CUST10323,149822,149822,2026-07-08 00:00:00,2026-07-09 00:00:00,Mobile,Paid,0,0
BILL550162,CUST10155,318440,318440,2026-09-25 00:00:00,2026-09-25 00:00:00,API,Paid,0,1
BILL148616,CUST10155,318440,318440,2026-09-25 00:00:00,2026-09-25 00:01:00,API,Paid,0,1
BILL844666,CUST10155,318440,318440,2026-09-25 00:00:00,2026-09-25 00:02:00,API,Paid,0,1
BILL852358,CUST10529,356052,356052,2026-03-13 00:00:00,2026-03-16 00:00:00,Mobile,Paid,0,0
BILL529308,CUST10124,265731,265731,2026-04-13 00:00:00,2026-04-18 00:00:00,Web,Paid,0,0
BILL436475,CUST10482,198775,198775,2026-04-11 00:00:00,2026-04-12 00:00:00,Web,Paid,0,0
BILL925969,CUST10569,259259,259259,2026-05-15 00:00:00,2026-05-15 00:00:00,Web,Paid,0,0
BILL918579,CUST10295,382198,382198,2026-07-24 00:00:00,2026-07-29 00:00:00,Web,Paid,0,0
BILL653022,CUST10233,326389,326389,2026-07-16 00:00:00,2026-07-21 00:00:00,Mobile,Paid,0,0
BILL660532,CUST10604,236828,236828,2026-04-06 00:00:00,2026-04-11 00:00:00,Web,Paid,0,0
BILL295950,CUST10023,387541,387541,2026-06-11 00:00:00,2026-06-15 00:00:00,Mobile,Paid,0,0
BILL653778,CUST10051,104563,104563,2026-07-13 00:00:00,2026-07-14 00:00:00,Web,Paid,0,0
BILL366450,CUST10050,162880,162880,2026-07-20 00:00:00,2026-07-23 00:00:00,Mobile,Paid,0,0
BILL470648,CUST10092,397873,397873,2026-04-15 00:00:00,2026-04-18 00:00:00,Mobile,Paid,0,0
BILL773557,CUST10131,361858,361858,2026-03-13 00:00:00,2026-03-17 00:00:00,API,Paid,0,0
BILL419127,CUST10382,144164,144164,2026-06-20 00:00:00,2026-06-22 00:00:00,Web,Paid,0,0
BILL635192,CUST10475,126556,126556,2026-04-17 00:00:00,2026-04-19 00:00:00,Mobile,Paid,0,0
BILL143143,CUST10098,340529,340529,2026-05-13 00:00:00,2026-05-13 00:00:00,Web,Paid,0,0
BILL222478,CUST10090,233891,233891,2026-09-22 00:00:00,2026-09-26 00:00:00,Mobile,Paid,0,0
BILL741405,CUST10233,326389,326389,2026-08-20 00:00:00,2026-08-20 00:00:00,Mobile,Paid,0,0
BILL657829,CUST10030,335724,335724,2026-05-16 00:00:00,2026-05-19 00:00:00,Mobile,Paid,0,0
BILL546955,CUST10461,326427,326427,2026-07-14 00:00:00,2026-07-14 00:00:00,Web,Paid,0,0
BILL569990,CUST10107,163049,163049,2026-04-09 00:00:00,2026-04-10 00:00:00,Mobile,Paid,0,0
BILL854666,CUST10019,106755,106755,2026-07-08 00:00:00,2026-07-12 00:00:00,API,Paid,0,0
BILL819219,CUST10576,160191,160191,2026-09-24 00:00:00,2026-09-26 00:00:00,Web,Paid,0,0
BILL462064,CUST10204,148331,148331,2026-07-08 00:00:00,2026-07-07 00:00:00,Mobile,Paid,0,0
BILL874414,CUST10542,218385,218385,2026-08-20 00:00:00,2026-08-22 00:00:00,Web,Paid,0,0
BILL532585,CUST10554,216968,216968,2026-07-20 00:00:00,2026-07-20 00:00:00,Web,Paid,0,0
BILL820321,CUST10173,393189,393189,2026-04-04 00:00:00,2026-04-09 00:00:00,Mobile,Paid,0,0
BILL991487,CUST10526,397628,397628,2026-07-22 00:00:00,2026-07-24 00:00:00,Web,Paid,0,0
BILL498870,CUST10344,259225,259225,2026-05-10 00:00:00,2026-05-12 00:00:00,Web,Paid,0,0
BILL417232,CUST10344,259225,259225,2026-06-11 00:00:00,2026-06-11 00:00:00,Web,Paid,0,0
BILL540469,CUST10477,337604,337604,2026-06-15 00:00:00,2026-06-17 00:00:00,API,Paid,0,0
BILL240675,CUST10031,174879,174879,2026-06-18 00:00:00,2026-06-19 00:00:00,API,Paid,0,0
BILL243569,CUST10539,138041,138041,2026-07-09 00:00:00,2026-07-08 00:00:00,Mobile,Paid,0,0
BILL482632,CUST10100,157108,157108,2026-03-13 00:00:00,2026-03-16 00:00:00,API,Paid,0,0
BILL331237,CUST10271,312742,312742,2026-07-15 00:00:00,2026-07-20 00:00:00,Web,Paid,0,0
BILL381991,CUST10291,235223,235223,2026-07-06 00:00:00,2026-07-09 00:00:00,Web,Paid,0,0
BILL765933,CUST10296,126664,126664,2026-08-16 00:00:00,2026-08-16 00:00:00,API,Paid,0,1
BILL977652,CUST10296,126664,126664,2026-08-16 00:00:00,2026-08-16 00:01:00,API,Paid,0,1
BILL231682,CUST10444,246138,246138,2026-03-10 00:00:00,2026-03-14 00:00:00,Mobile,Paid,0,0
BILL508015,CUST10197,231115,231115,2026-05-16 00:00:00,2026-05-20 00:00:00,Web,Paid,0,0
BILL935856,CUST10162,365049,355962,2026-06-16 00:00:00,2026-06-20 00:00:00,Mobile,Paid,0,0
BILL319630,CUST10518,266405,259138,2026-05-13 00:00:00,2026-05-16 00:00:00,Web,Paid,0,0
BILL253652,CUST10052,298577,298577,2026-07-17 00:00:00,2026-07-17 00:00:00,API,Paid,0,0
BILL279637,CUST10547,377662,377662,2026-05-09 00:00:00,2026-05-11 00:00:00,Mobile,Paid,0,0
BILL522363,CUST10532,138272,138272,2026-06-12 00:02:00,2026-06-13 00:02:00,Mobile,Paid,0,0
BILL772245,CUST10017,120945,120945,2026-04-02 00:00:00,2026-04-02 00:00:00,Mobile,Paid,0,0
BILL487580,CUST10108,186731,186731,2026-04-01 00:00:00,2026-04-01 00:00:00,Mobile,Paid,0,0
BILL436600,CUST10144,361292,361292,2026-07-19 00:00:00,2026-07-24 00:00:00,Web,Paid,0,0
BILL950650,CUST10552,289154,289154,2026-05-09 00:00:00,2026-05-13 00:00:00,API,Paid,0,1
BILL876575,CUST10473,333096,333096,2026-05-19 00:00:00,2026-05-20 00:00:00,Web,Paid,0,0
BILL192758,CUST10084,206469,206469,2026-07-22 00:00:00,2026-07-25 00:00:00,Mobile,Paid,0,0
BILL603480,CUST10170,132224,132224,2026-05-14 00:00:00,2026-05-17 00:00:00,Mobile,Paid,0,0
BILL536352,CUST10585,164323,168651,2026-06-18 00:00:00,2026-06-19 00:00:00,Web,Paid,0,0
BILL673161,CUST10344,259225,259225,2026-07-11 00:00:00,2026-07-15 00:00:00,Web,Paid,0,0
BILL590628,CUST10059,223989,223989,2026-05-20 00:00:00,2026-05-24 00:00:00,Mobile,Paid,0,0
BILL403693,CUST10153,225835,225835,2026-06-19 00:00:00,2026-06-22 00:00:00,Web,Paid,0,0
BILL573734,CUST10518,266405,266405,2026-06-15 00:00:00,2026-06-19 00:00:00,Web,Paid,0,0
BILL841337,CUST10454,352626,352626,2026-05-08 00:00:00,2026-05-13 00:00:00,Mobile,Paid,0,0
BILL651567,CUST10115,101216,101216,2026-06-09 00:00:00,2026-06-14 00:00:00,Mobile,Paid,0,0
BILL453207,CUST10181,249674,249674,2026-07-10 00:00:00,2026-07-11 00:00:00,Mobile,Paid,0,0
BILL826457,CUST10174,199876,199876,2026-06-03 00:00:00,2026-06-04 00:00:00,Mobile,Paid,0,0
BILL123510,CUST10479,261947,261947,2026-05-12 00:00:00,2026-05-12 00:00:00,Mobile,Paid,0,0
BILL577366,CUST10433,234061,234061,2026-06-13 00:00:00,2026-06-15 00:00:00,Web,Paid,0,0
BILL132684,CUST10126,171560,171560,2026-04-12 00:00:00,2026-04-12 00:00:00,Web,Paid,0,0
BILL223639,CUST10265,345851,345851,2026-02-01 00:00:00,2026-02-04 00:00:00,Mobile,Paid,0,0
BILL245707,CUST10491,196379,196379,2026-05-12 00:00:00,2026-05-11 00:00:00,Web,Paid,0,0
BILL956580,CUST10545,315493,315493,2026-04-11 00:00:00,2026-04-10 00:00:00,Web,Paid,0,0
BILL349878,CUST10302,309550,309550,2026-08-07 00:02:00,2026-08-07 00:02:00,Web,Paid,0,0
BILL736237,CUST10319,216307,216307,2026-04-06 00:00:00,2026-04-10 00:00:00,Mobile,Paid,0,0
BILL229964,CUST10269,168347,168347,2026-05-19 00:00:00,2026-05-19 00:00:00,Web,Paid,0,0
BILL263448,CUST10502,167579,167579,2026-06-19 00:03:00,2026-06-20 00:03:00,Web,Paid,0,0
BILL367564,CUST10378,379934,379934,2026-05-14 00:00:00,2026-05-14 00:00:00,Mobile,Paid,0,0
BILL724466,CUST10262,112663,112663,2026-05-13 00:00:00,2026-05-16 00:00:00,Mobile,Paid,0,0
BILL732696,CUST10337,389332,389332,2026-03-10 00:00:00,2026-03-11 00:00:00,Mobile,Paid,0,0
BILL369050,CUST10233,326389,337915,2026-09-19 00:00:00,2026-09-21 00:00:00,Mobile,Paid,0,0
BILL700954,CUST10040,130009,130009,2026-06-19 00:00:00,2026-06-19 00:00:00,API,Paid,0,0
BILL864586,CUST10249,169300,169300,2026-05-21 00:00:00,2026-05-22 00:00:00,Web,Paid,0,0
BILL542699,CUST10539,138041,138041,2026-08-07 00:00:00,2026-08-12 00:00:00,Mobile,Paid,0,0
BILL657126,CUST10432,345670,345670,2026-06-11 00:00:00,2026-06-15 00:00:00,Web,Paid,0,0
BILL375781,CUST10356,282080,282080,2026-03-03 00:00:00,2026-03-08 00:00:00,Web,Paid,0,0
BILL118754,CUST10425,336049,336049,2026-10-27 00:00:00,2026-10-30 00:00:00,Web,Paid,0,0
BILL137228,CUST10578,255524,255524,2026-06-12 00:00:00,2026-06-14 00:00:00,Mobile,Paid,0,0
BILL671795,CUST10511,360798,360798,2026-04-09 00:00:00,2026-04-13 00:00:00,Web,Paid,0,0
BILL725989,CUST10267,212787,212787,2026-06-10 00:03:00,2026-06-12 00:03:00,Web,Paid,0,0
BILL741606,CUST10309,119726,119726,2026-05-15 00:00:00,2026-05-16 00:00:00,Mobile,Paid,0,0
BILL216738,CUST10367,161422,161422,2026-05-19 00:00:00,2026-05-21 00:00:00,Mobile,Paid,0,0
BILL937582,CUST10044,162242,162242,2026-03-08 00:00:00,2026-03-12 00:00:00,API,Paid,0,0
BILL535398,CUST10478,285626,285626,2026-07-10 00:00:00,2026-07-10 00:00:00,Mobile,Paid,0,0
BILL107651,CUST10308,187089,187089,2026-06-17 00:00:00,2026-06-17 00:00:00,Mobile,Paid,0,0
BILL627327,CUST10122,272193,272193,2026-04-11 00:00:00,2026-04-16 00:00:00,Mobile,Paid,0,0
BILL644481,CUST10169,282389,1530828,2026-08-19 00:00:00,2026-08-22 00:00:00,Web,Paid,0,1
BILL531485,CUST10053,103972,103972,2026-03-03 00:00:00,2026-03-08 00:00:00,Mobile,Paid,0,0
BILL615424,CUST10411,396965,396965,2026-05-15 00:00:00,2026-05-16 00:00:00,Web,Paid,0,0
BILL548432,CUST10514,324503,324503,2026-09-18 00:00:00,2026-09-22 00:00:00,Web,Paid,0,0
BILL773222,CUST10197,231115,231115,2026-06-19 00:00:00,2026-06-19 00:00:00,Web,Paid,0,0
BILL223468,CUST10584,205219,205219,2026-07-18 00:00:00,2026-07-21 00:00:00,Web,Paid,0,0
BILL978857,CUST10058,101443,101443,2026-05-19 00:00:00,2026-05-19 00:00:00,Mobile,Paid,0,0
BILL226530,CUST10310,282058,282058,2026-05-10 00:00:00,2026-05-14 00:00:00,Web,Paid,0,0
BILL144144,CUST10179,286217,286217,2026-04-08 00:00:00,2026-04-13 00:00:00,Web,Paid,0,0
BILL692047,CUST10264,175717,175717,2026-08-20 00:00:00,2026-08-24 00:00:00,API,Paid,0,0
BILL353951,CUST10427,359626,359626,2026-06-08 00:00:00,2026-06-13 00:00:00,Web,Paid,0,0
BILL666224,CUST10120,161286,161286,2026-06-14 00:02:00,2026-06-18 00:02:00,Web,Paid,0,0
BILL250119,CUST10559,134695,134695,2026-07-20 00:00:00,2026-07-24 00:00:00,Web,Paid,0,0
BILL235165,CUST10316,155053,155053,2026-04-11 00:00:00,2026-04-13 00:00:00,Mobile,Paid,0,0
BILL395341,CUST10056,158389,158389,2026-07-24 00:00:00,2026-07-27 00:00:00,Mobile,Paid,0,0
BILL991963,CUST10185,363569,381018,2026-05-11 00:00:00,2026-05-15 00:00:00,Web,Paid,0,0
BILL308744,CUST10458,370672,370672,2026-05-07 00:00:00,2026-05-06 00:00:00,Mobile,Paid,0,0
BILL246472,CUST10332,159917,159917,2026-05-12 00:00:00,2026-05-17 00:00:00,Web,Paid,0,0
BILL242136,CUST10394,163160,163160,2026-06-15 00:00:00,2026-06-18 00:00:00,Web,Paid,0,0
BILL998992,CUST10617,240366,688063,2026-04-09 00:00:00,2026-04-10 00:00:00,Web,Paid,0,1
BILL496849,CUST10453,317420,317420,2026-02-10 00:00:00,2026-02-10 00:00:00,Mobile,Paid,0,0
BILL567020,CUST10039,358732,358732,2026-05-12 00:00:00,2026-05-17 00:00:00,API,Paid,0,0
BILL415255,CUST10526,397628,397628,2026-08-23 00:00:00,2026-08-27 00:00:00,Web,Paid,1,1
BILL741819,CUST10161,101122,101122,2026-04-16 00:00:00,2026-04-17 00:00:00,Web,Paid,0,0
BILL696573,CUST10304,302555,302555,2026-04-14 00:00:00,2026-04-18 00:00:00,Mobile,Paid,0,0
BILL918352,CUST10154,146924,146924,2026-05-17 00:00:00,2026-05-17 00:00:00,Web,Paid,0,0
BILL118225,CUST10173,393189,393189,2026-05-09 00:00:00,2026-05-13 00:00:00,Mobile,Paid,0,0
BILL129424,CUST10426,388662,388662,2026-07-17 00:00:00,2026-07-18 00:00:00,API,Paid,0,0
BILL265895,CUST10093,290499,290499,2026-10-17 00:00:00,2026-10-20 00:00:00,Mobile,Paid,0,0
BILL511554,CUST10166,227405,227405,2026-05-12 00:00:00,2026-05-15 00:00:00,Mobile,Paid,0,0
BILL496147,CUST10381,388958,388958,2026-06-15 00:00:00,2026-06-19 00:00:00,API,Paid,0,0
BILL361162,CUST10328,305250,305250,2026-05-10 00:00:00,2026-05-11 00:00:00,Mobile,Paid,0,0
BILL717126,CUST10402,202316,202316,2026-08-13 00:00:00,2026-08-13 00:00:00,Web,Paid,0,0
BILL470473,CUST10229,164951,164951,2026-06-13 00:00:00,2026-06-18 00:00:00,Web,Paid,0,0
BILL505007,CUST10247,162100,162100,2026-04-15 00:00:00,2026-04-16 00:00:00,Web,Paid,0,0
BILL979818,CUST10601,154862,154862,2026-04-08 00:00:00,2026-04-12 00:00:00,Web,Paid,0,0
BILL705620,CUST10550,205293,205293,2026-06-12 00:00:00,2026-06-17 00:00:00,Web,Paid,0,0
BILL657861,CUST10398,190448,190448,2026-07-20 00:00:00,2026-07-22 00:00:00,Web,Paid,0,0
BILL434748,CUST10378,379934,379934,2026-06-13 00:00:00,2026-06-13 00:00:00,Mobile,Paid,0,0
BILL426971,CUST10468,377171,377171,2026-08-16 00:00:00,2026-08-21 00:00:00,Mobile,Paid,0,0
BILL577349,CUST10375,235313,235313,2026-06-11 00:00:00,2026-06-11 00:00:00,Mobile,Paid,0,0
BILL811784,CUST10030,335724,335724,2026-06-18 00:00:00,2026-06-20 00:00:00,Mobile,Paid,0,0
BILL151628,CUST10342,221121,221121,2026-07-14 00:00:00,2026-07-15 00:00:00,Mobile,Paid,0,0
BILL706064,CUST10567,175282,175282,2026-07-18 00:00:00,2026-07-22 00:00:00,API,Paid,0,0
BILL882906,CUST10610,366644,366644,2026-03-12 00:00:00,2026-03-16 00:00:00,Web,Paid,0,0
BILL252344,CUST10009,210512,210512,2026-02-10 00:00:00,2026-02-14 00:00:00,Web,Paid,0,0
BILL439837,CUST10414,356739,356739,2026-03-15 00:00:00,2026-03-14 00:00:00,Web,Paid,0,0
BILL969587,CUST10179,286217,286217,2026-05-13 00:00:00,2026-05-17 00:00:00,API,Paid,0,0
BILL962708,CUST10013,287233,287233,2026-09-19 00:00:00,2026-09-19 00:00:00,Mobile,Paid,0,0
BILL963563,CUST10047,311412,311412,2026-05-07 00:00:00,2026-05-09 00:00:00,API,Paid,0,0
BILL106292,CUST10291,235223,235223,2026-08-08 00:00:00,2026-08-10 00:00:00,Web,Paid,0,0
BILL776636,CUST10078,271954,271954,2026-07-12 00:00:00,2026-07-15 00:00:00,Web,Paid,0,0
BILL695317,CUST10166,227405,227405,2026-06-14 00:00:00,2026-06-15 00:00:00,Mobile,Paid,0,0
BILL627450,CUST10029,128035,128035,2026-05-06 00:00:00,2026-05-10 00:00:00,Mobile,Paid,0,0
BILL463816,CUST10288,244660,244660,2026-08-16 00:00:00,2026-08-16 00:00:00,API,Paid,0,1
BILL272703,CUST10288,244660,244660,2026-08-16 00:00:00,2026-08-16 00:01:00,API,Paid,0,1
BILL399609,CUST10532,138272,138272,2026-07-13 00:02:00,2026-07-18 00:02:00,Mobile,Paid,0,0
BILL174097,CUST10453,317420,317420,2026-03-12 00:00:00,2026-03-13 00:00:00,Mobile,Paid,0,0
BILL501851,CUST10264,175717,175717,2026-09-23 00:00:00,2026-09-23 00:00:00,API,Paid,0,0
BILL597484,CUST10318,300846,300846,2026-10-22 00:00:00,2026-10-23 00:00:00,Mobile,Paid,0,0
BILL217598,CUST10385,175372,175372,2026-08-16 00:00:00,2026-08-19 00:00:00,Mobile,Paid,0,0
BILL212341,CUST10319,216307,216307,2026-05-10 00:00:00,2026-05-14 00:00:00,Mobile,Paid,0,0
BILL935473,CUST10236,133634,133634,2026-04-09 00:00:00,2026-04-10 00:00:00,Mobile,Paid,0,0
BILL683788,CUST10434,189170,189170,2026-07-18 00:00:00,2026-07-23 00:00:00,Web,Paid,0,0
BILL583668,CUST10592,259732,259732,2026-04-15 00:00:00,2026-04-18 00:00:00,Web,Paid,0,0
BILL558359,CUST10158,104243,104243,2026-05-14 00:00:00,2026-05-17 00:00:00,Web,Paid,0,0
BILL155064,CUST10121,130126,130126,2026-05-16 00:00:00,2026-05-16 00:00:00,Mobile,Paid,0,0
BILL939283,CUST10194,399827,399827,2026-04-13 00:00:00,2026-04-16 00:00:00,Mobile,Paid,0,0
BILL983769,CUST10023,387541,387541,2026-07-15 00:00:00,2026-07-17 00:00:00,Mobile,Paid,0,0
BILL837580,CUST10490,322691,322691,2026-10-19 00:00:00,2026-10-21 00:00:00,Mobile,Paid,0,0
BILL340953,CUST10531,130975,130975,2026-02-07 00:00:00,2026-02-12 00:00:00,Mobile,Paid,0,0
BILL309821,CUST10212,216836,216836,2026-04-15 00:00:00,2026-04-17 00:00:00,Web,Paid,0,0
BILL493012,CUST10136,153321,153321,2026-06-19 00:00:00,2026-06-20 00:00:00,Web,Paid,0,0
BILL820055,CUST10017,120945,120945,2026-05-02 00:00:00,2026-05-04 00:00:00,Mobile,Paid,0,0
BILL600547,CUST10385,175372,175372,2026-09-18 00:00:00,2026-09-22 00:00:00,Mobile,Paid,0,0
BILL475697,CUST10395,155968,46588,2026-04-03 00:00:00,2026-04-04 00:00:00,Web,Paid,0,1
BILL451642,CUST10570,281667,281667,2026-06-22 00:00:00,2026-06-22 00:00:00,API,Paid,0,0
BILL423939,CUST10116,354488,354488,2026-05-12 00:00:00,2026-05-17 00:00:00,Mobile,Paid,0,0
BILL814387,CUST10084,206469,206469,2026-08-24 00:00:00,2026-08-26 00:00:00,Mobile,Paid,0,0
BILL986482,CUST10337,389332,389332,2026-04-10 00:00:00,2026-04-14 00:00:00,Mobile,Paid,0,0
BILL948365,CUST10157,151503,151503,2026-06-24 00:00:00,2026-06-25 00:00:00,Mobile,Paid,0,0
BILL712691,CUST10315,102741,102741,2026-04-15 00:00:00,2026-04-19 00:00:00,Web,Paid,0,0
BILL323477,CUST10301,366492,366492,2026-06-14 00:00:00,2026-06-17 00:00:00,Mobile,Paid,0,0
BILL978084,CUST10048,283288,283288,2026-07-12 00:00:00,2026-07-15 00:00:00,Mobile,Paid,0,0
BILL917843,CUST10090,233891,233891,2026-10-26 00:00:00,2026-10-29 00:00:00,Mobile,Paid,0,0
BILL202073,CUST10015,136740,136740,2026-07-09 00:00:00,2026-07-11 00:00:00,Mobile,Paid,0,0
BILL379188,CUST10353,153539,153539,2026-06-20 00:00:00,2026-06-23 00:00:00,API,Paid,0,0
BILL302068,CUST10398,190448,190448,2026-08-21 00:00:00,2026-08-25 00:00:00,Web,Paid,0,0
BILL807742,CUST10039,358732,357884,2026-06-16 00:00:00,2026-06-16 00:00:00,Mobile,Paid,0,0
BILL268246,CUST10401,263793,263793,2026-07-17 00:00:00,2026-07-20 00:00:00,Mobile,Paid,0,0
BILL102808,CUST10119,348631,348631,2026-05-10 00:00:00,2026-05-10 00:00:00,Web,Paid,0,0
BILL297527,CUST10405,306307,306307,2026-06-10 00:00:00,2026-06-11 00:00:00,Mobile,Paid,0,0
BILL844590,CUST10321,221950,153986,2026-03-10 00:00:00,2026-03-14 00:00:00,Mobile,Paid,0,1
BILL413571,CUST10375,235313,235313,2026-07-11 00:00:00,2026-07-15 00:00:00,API,Paid,0,0
BILL640791,CUST10350,268142,268142,2026-07-15 00:00:00,2026-07-15 00:00:00,Mobile,Paid,0,0
BILL991031,CUST10499,174133,166086,2026-08-17 00:00:00,2026-08-19 00:00:00,Mobile,Paid,0,0
BILL585915,CUST10439,385361,399786,2026-06-18 00:03:00,2026-06-17 00:03:00,Web,Paid,0,0
BILL133705,CUST10451,349644,349644,2026-05-17 00:00:00,2026-05-19 00:00:00,Web,Paid,0,0
BILL207174,CUST10458,370672,370672,2026-06-05 00:00:00,2026-06-07 00:00:00,Mobile,Paid,0,0
BILL958490,CUST10157,151503,151503,2026-07-25 00:00:00,2026-07-26 00:00:00,Mobile,Paid,1,1
BILL549278,CUST10410,262188,262188,2026-05-10 00:00:00,2026-05-09 00:00:00,Web,Paid,0,0
BILL253879,CUST10076,142055,49237,2026-04-11 00:00:00,2026-04-11 00:00:00,Web,Paid,0,1
BILL490927,CUST10466,222104,229320,2026-05-14 00:00:00,2026-05-19 00:00:00,API,Paid,0,0
BILL506660,CUST10113,160758,160758,2026-04-07 00:00:00,2026-04-09 00:00:00,Web,Paid,0,0
BILL356717,CUST10459,341806,337021,2026-06-25 00:00:00,2026-06-26 00:00:00,Web,Paid,0,0
BILL376240,CUST10445,342383,342383,2026-05-06 00:00:00,2026-05-11 00:00:00,Mobile,Paid,0,0
BILL741915,CUST10016,116991,116991,2026-04-13 00:00:00,2026-04-17 00:00:00,Web,Paid,0,0
BILL450101,CUST10303,117880,117880,2026-03-03 00:00:00,2026-03-08 00:00:00,Web,Paid,0,0
BILL740368,CUST10004,213029,213029,2026-07-10 00:00:00,2026-07-11 00:00:00,Mobile,Paid,0,0
BILL693421,CUST10032,168414,168414,2026-08-16 00:00:00,2026-08-15 00:00:00,Mobile,Paid,0,0
BILL302795,CUST10074,356853,356853,2026-07-21 00:00:00,2026-07-22 00:00:00,Mobile,Paid,0,0
BILL505189,CUST10338,347422,347422,2026-04-08 00:00:00,2026-04-08 00:00:00,Mobile,Paid,0,0
BILL523812,CUST10348,149541,149541,2026-10-30 00:00:00,2026-10-30 00:00:00,Mobile,Paid,0,0
BILL653050,CUST10023,387541,387541,2026-08-16 00:00:00,2026-08-16 00:00:00,Mobile,Paid,0,0
BILL652013,CUST10552,289154,289154,2026-06-12 00:00:00,2026-06-13 00:00:00,Mobile,Paid,0,0
BILL799159,CUST10088,322327,322327,2026-08-24 00:00:00,2026-08-24 00:00:00,Web,Paid,0,0
BILL599689,CUST10067,143557,143557,2026-05-15 00:00:00,2026-05-16 00:00:00,Mobile,Paid,0,0
BILL843848,CUST10180,343281,343281,2026-04-12 00:00:00,2026-04-13 00:00:00,API,Paid,0,0
BILL392066,CUST10208,111049,111049,2026-06-14 00:00:00,2026-06-18 00:00:00,Mobile,Paid,0,0
BILL774355,CUST10099,330512,330512,2026-03-14 00:00:00,2026-03-15 00:00:00,Web,Paid,0,0
BILL873495,CUST10068,217601,217601,2026-09-09 00:00:00,2026-09-13 00:00:00,Mobile,Paid,0,0
BILL428818,CUST10340,189421,189421,2026-04-08 00:03:00,2026-04-08 00:03:00,Web,Paid,0,0
BILL798695,CUST10611,330192,330192,2026-07-20 00:00:00,2026-07-21 00:00:00,Web,Paid,0,0
BILL122756,CUST10232,124686,124686,2026-08-16 00:00:00,2026-08-19 00:00:00,Web,Paid,0,0
BILL824588,CUST10610,366644,366644,2026-04-15 00:00:00,2026-04-18 00:00:00,API,Paid,0,0
BILL358383,CUST10067,143557,143557,2026-06-15 00:00:00,2026-06-15 00:00:00,Mobile,Paid,0,0
BILL262905,CUST10215,129546,129546,2026-07-25 00:00:00,2026-07-27 00:00:00,Web,Paid,0,0
BILL679398,CUST10040,130009,130009,2026-07-19 00:00:00,2026-07-19 00:00:00,Mobile,Paid,0,0
BILL995997,CUST10543,341817,341817,2026-04-07 00:00:00,2026-04-10 00:00:00,API,Paid,1,1
BILL608602,CUST10198,389783,389783,2026-06-26 00:00:00,2026-06-28 00:00:00,Web,Paid,0,0
BILL792049,CUST10383,330253,330253,2026-06-14 00:00:00,2026-06-18 00:00:00,Web,Paid,0,0
BILL797071,CUST10356,282080,282080,2026-04-07 00:00:00,2026-04-12 00:00:00,Web,Paid,0,0
BILL900987,CUST10313,263980,263980,2026-07-18 00:00:00,2026-07-23 00:00:00,Mobile,Paid,0,0
BILL240520,CUST10510,122044,122044,2026-04-10 00:00:00,2026-04-15 00:00:00,Web,Paid,0,0
BILL606734,CUST10602,264550,264550,2026-05-12 00:00:00,2026-05-14 00:00:00,Web,Paid,0,0
BILL537098,CUST10602,264550,264550,2026-06-13 00:00:00,2026-06-13 00:00:00,API,Paid,0,0
BILL419567,CUST10099,330512,330512,2026-04-14 00:00:00,2026-04-14 00:00:00,Web,Paid,0,0
BILL150609,CUST10367,161422,161422,2026-06-20 00:00:00,2026-06-20 00:00:00,Mobile,Paid,0,0
BILL624627,CUST10220,274271,1268652,2026-06-11 00:02:00,2026-06-16 00:02:00,Web,Paid,0,1
BILL155659,CUST10289,171824,171824,2026-02-09 00:00:00,2026-02-11 00:00:00,Web,Paid,0,0
BILL544275,CUST10563,168559,168559,2026-04-17 00:00:00,2026-04-17 00:00:00,Mobile,Paid,0,0
BILL148004,CUST10493,113712,113712,2026-07-18 00:00:00,2026-07-23 00:00:00,Web,Paid,0,0
BILL102583,CUST10327,317238,317238,2026-06-19 00:00:00,2026-06-19 00:00:00,Mobile,Paid,0,0
BILL158136,CUST10111,229006,229006,2026-05-09 00:00:00,2026-05-09 00:00:00,Web,Paid,0,0
BILL840854,CUST10609,109015,109015,2026-05-13 00:00:00,2026-05-13 00:00:00,Mobile,Paid,0,0
BILL977868,CUST10000,280462,280462,2026-05-05 00:00:00,2026-05-06 00:00:00,Web,Paid,0,0
BILL612408,CUST10520,148768,148768,2026-02-09 00:00:00,2026-02-13 00:00:00,Web,Paid,0,0
BILL774565,CUST10443,155257,155257,2026-06-18 00:00:00,2026-06-18 00:00:00,Web,Paid,0,0
BILL762210,CUST10563,168559,168559,2026-05-17 00:00:00,2026-05-20 00:00:00,Mobile,Paid,0,0
BILL580576,CUST10501,197521,197521,2026-05-11 00:00:00,2026-05-10 00:00:00,Web,Paid,0,0
BILL996350,CUST10042,162275,162275,2026-08-24 00:00:00,2026-08-26 00:00:00,Web,Paid,0,0
BILL697756,CUST10109,383003,382032,2026-05-24 00:00:00,2026-05-29 00:00:00,Web,Paid,0,0
BILL149831,CUST10591,250067,249841,2026-06-22 00:00:00,2026-06-27 00:00:00,Web,Paid,0,0
BILL327920,CUST10263,377150,377150,2026-04-09 00:00:00,2026-04-09 00:00:00,Web,Paid,0,0
BILL199435,CUST10441,199152,199152,2026-02-10 00:00:00,2026-02-13 00:00:00,Web,Paid,0,0
BILL754638,CUST10133,226033,226033,2026-06-23 00:00:00,2026-06-23 00:00:00,API,Paid,0,0
BILL537500,CUST10262,112663,112663,2026-06-15 00:00:00,2026-06-15 00:00:00,Mobile,Paid,0,0
BILL340556,CUST10264,175717,175717,2026-10-23 00:00:00,2026-10-28 00:00:00,Web,Paid,0,0
BILL762231,CUST10190,253576,253576,2026-07-18 00:00:00,2026-07-21 00:00:00,Mobile,Paid,0,0
BILL689046,CUST10023,387541,387541,2026-09-15 00:00:00,2026-09-20 00:00:00,Mobile,Paid,0,0
BILL647800,CUST10545,315493,315493,2026-05-10 00:00:00,2026-05-12 00:00:00,Web,Paid,0,0
BILL654887,CUST10477,337604,337604,2026-07-17 00:00:00,2026-07-16 00:00:00,Mobile,Paid,0,0
BILL966333,CUST10511,360798,360798,2026-05-13 00:00:00,2026-05-14 00:00:00,Web,Paid,0,0
BILL733965,CUST10339,233388,233388,2026-04-15 00:00:00,2026-04-18 00:00:00,Mobile,Paid,0,0
BILL560860,CUST10538,392023,392023,2026-04-12 00:00:00,2026-04-13 00:00:00,Mobile,Paid,0,0
BILL584258,CUST10332,159917,159917,2026-06-16 00:00:00,2026-06-20 00:00:00,Web,Paid,0,0
BILL436203,CUST10254,369955,369955,2026-06-19 00:00:00,2026-06-19 00:00:00,Mobile,Paid,0,0
BILL522567,CUST10567,175282,175282,2026-08-21 00:00:00,2026-08-22 00:00:00,Web,Paid,0,0
BILL752779,CUST10034,308610,310933,2026-04-11 00:00:00,2026-04-12 00:00:00,Mobile,Paid,0,0
BILL380392,CUST10117,331346,331346,2026-06-21 00:00:00,2026-06-23 00:00:00,Web,Paid,0,0
BILL499923,CUST10007,198682,198682,2026-04-20 00:00:00,2026-04-25 00:00:00,Mobile,Paid,0,0
BILL324670,CUST10434,189170,189170,2026-08-22 00:00:00,2026-08-27 00:00:00,Web,Paid,0,0
BILL545268,CUST10206,137104,137104,2026-03-09 00:00:00,2026-03-09 00:00:00,Mobile,Paid,0,0
BILL326941,CUST10503,172799,440447,2026-05-08 00:00:00,2026-05-13 00:00:00,Mobile,Paid,0,1
BILL297371,CUST10148,119046,119046,2026-03-07 00:00:00,2026-03-10 00:00:00,Web,Paid,0,0
BILL993547,CUST10520,148768,148768,2026-03-15 00:00:00,2026-03-19 00:00:00,Web,Paid,0,0
BILL889291,CUST10469,348401,348401,2026-03-11 00:00:00,2026-03-15 00:00:00,Mobile,Paid,0,0
BILL590512,CUST10558,283378,283378,2026-08-23 00:00:00,2026-08-25 00:00:00,Mobile,Paid,0,0
BILL498153,CUST10538,392023,392023,2026-05-13 00:00:00,2026-05-13 00:00:00,Mobile,Paid,0,0
BILL153636,CUST10043,193406,193406,2026-03-12 00:00:00,2026-03-13 00:00:00,Web,Paid,0,0
BILL222150,CUST10007,198682,198682,2026-05-25 00:00:00,2026-05-30 00:00:00,Mobile,Paid,0,0
BILL173300,CUST10423,377888,377888,2026-09-28 00:00:00,2026-10-03 00:00:00,Mobile,Paid,0,0
BILL118259,CUST10000,280462,277028,2026-06-05 00:00:00,2026-06-06 00:00:00,API,Paid,0,0
BILL655208,CUST10164,320265,222931,2026-04-13 00:00:00,2026-04-14 00:00:00,Mobile,Paid,0,1
BILL190466,CUST10009,210512,210512,2026-03-16 00:00:00,2026-03-16 00:00:00,Web,Paid,0,0
BILL183589,CUST10303,117880,117880,2026-04-07 00:00:00,2026-04-11 00:00:00,Web,Paid,0,0
BILL861560,CUST10148,119046,119046,2026-04-09 00:00:00,2026-04-12 00:00:00,Web,Paid,0,0
BILL189040,CUST10153,225835,225835,2026-07-22 00:00:00,2026-07-22 00:00:00,Web,Paid,0,0
BILL303508,CUST10083,169188,169188,2026-06-22 00:00:00,2026-06-24 00:00:00,API,Paid,0,0
BILL423456,CUST10200,383061,383061,2026-03-12 00:00:00,2026-03-15 00:00:00,Web,Paid,0,0
BILL129924,CUST10027,156366,156366,2026-08-16 00:00:00,2026-08-19 00:00:00,Mobile,Paid,0,0
BILL950217,CUST10287,340091,340091,2026-05-21 00:00:00,2026-05-21 00:00:00,Mobile,Paid,0,0
BILL651283,CUST10059,223989,223989,2026-06-23 00:00:00,2026-06-24 00:00:00,API,Paid,0,0
BILL310146,CUST10096,194180,194180,2026-08-06 00:00:00,2026-08-08 00:00:00,Mobile,Paid,0,0
BILL914464,CUST10019,106755,106755,2026-08-11 00:00:00,2026-08-10 00:00:00,Web,Paid,0,0
BILL101707,CUST10210,207564,207564,2026-04-12 00:00:00,2026-04-15 00:00:00,Mobile,Paid,0,0
BILL168474,CUST10536,367293,367293,2026-03-05 00:00:00,2026-03-08 00:00:00,Web,Paid,0,0
BILL650637,CUST10611,330192,330192,2026-08-20 00:00:00,2026-08-21 00:00:00,Web,Paid,0,0
BILL685406,CUST10009,210512,210512,2026-04-15 00:00:00,2026-04-17 00:00:00,Web,Paid,0,0
BILL178861,CUST10573,219542,219542,2026-03-10 00:00:00,2026-03-13 00:00:00,Web,Paid,0,0
BILL477216,CUST10618,222795,222795,2026-08-17 00:00:00,2026-08-21 00:00:00,Web,Paid,0,0
BILL466457,CUST10126,171560,171560,2026-05-12 00:00:00,2026-05-14 00:00:00,Web,Paid,0,0
BILL456000,CUST10364,236723,236723,2026-05-25 00:00:00,2026-05-25 00:00:00,Web,Paid,0,0
BILL119114,CUST10549,217355,227380,2026-06-18 00:00:00,2026-06-20 00:00:00,API,Paid,0,1
BILL890101,CUST10071,158308,158308,2026-04-10 00:00:00,2026-04-15 00:00:00,Mobile,Paid,0,0
BILL502843,CUST10017,120945,120945,2026-06-03 00:00:00,2026-06-03 00:00:00,Mobile,Paid,0,0
BILL997662,CUST10214,166032,166032,2026-03-10 00:00:00,2026-03-13 00:00:00,Mobile,Paid,0,0
BILL113486,CUST10495,389174,389174,2026-06-12 00:00:00,2026-06-17 00:00:00,Web,Paid,0,0
BILL673504,CUST10576,160191,160191,2026-10-26 00:00:00,2026-10-31 00:00:00,Web,Paid,0,0
BILL505447,CUST10154,146924,146924,2026-06-16 00:00:00,2026-06-20 00:00:00,Web,Paid,0,0
BILL145480,CUST10392,103166,103166,2026-07-24 00:00:00,2026-07-25 00:00:00,Mobile,Paid,0,0
BILL977391,CUST10287,340091,340091,2026-06-20 00:00:00,2026-06-23 00:00:00,API,Paid,0,0
BILL528041,CUST10265,345851,345851,2026-03-06 00:00:00,2026-03-10 00:00:00,Mobile,Paid,0,0
BILL849922,CUST10036,372201,365801,2026-04-14 00:00:00,2026-04-18 00:00:00,Web,Paid,0,0
BILL422034,CUST10269,168347,168347,2026-06-18 00:00:00,2026-06-20 00:00:00,Web,Paid,0,0
BILL386126,CUST10100,157108,157108,2026-04-15 00:00:00,2026-04-15 00:00:00,API,Paid,0,1
BILL204420,CUST10100,157108,157108,2026-04-15 00:00:00,2026-04-15 00:01:00,API,Paid,0,1
BILL746245,CUST10100,157108,157108,2026-04-15 00:00:00,2026-04-15 00:02:00,API,Paid,0,1
BILL909153,CUST10349,254414,254414,2026-08-15 00:00:00,2026-08-14 00:00:00,Web,Paid,0,0
BILL120960,CUST10140,382812,382812,2026-06-07 00:03:00,2026-06-12 00:03:00,Web,Paid,0,0
BILL792427,CUST10088,322327,322327,2026-09-23 00:00:00,2026-09-23 00:00:00,Web,Paid,0,0
BILL413483,CUST10542,218385,208555,2026-09-21 00:00:00,2026-09-22 00:00:00,API,Paid,0,0
BILL247643,CUST10437,218742,218742,2026-06-07 00:00:00,2026-06-10 00:00:00,Web,Paid,0,0
BILL836771,CUST10567,175282,175282,2026-09-21 00:00:00,2026-09-24 00:00:00,Web,Paid,0,0
BILL434062,CUST10102,275738,275738,2026-07-13 00:00:00,2026-07-13 00:00:00,API,Paid,0,0
BILL984312,CUST10252,207634,207634,2026-08-16 00:00:00,2026-08-19 00:00:00,API,Paid,0,0
BILL723124,CUST10486,305903,305903,2026-04-08 00:00:00,2026-04-08 00:00:00,Mobile,Paid,0,0
BILL606648,CUST10255,242003,242003,2026-05-14 00:00:00,2026-05-18 00:00:00,Web,Paid,0,0
BILL896125,CUST10055,380448,380448,2026-07-17 00:00:00,2026-07-21 00:00:00,Web,Paid,0,0
BILL575128,CUST10235,240025,240025,2026-03-16 00:00:00,2026-03-21 00:00:00,Mobile,Paid,0,0
BILL476410,CUST10039,358732,358732,2026-07-16 00:00:00,2026-07-16 00:00:00,Mobile,Paid,0,0
BILL711223,CUST10277,359643,359643,2026-05-18 00:00:00,2026-05-22 00:00:00,Mobile,Paid,0,0
BILL959983,CUST10218,180276,180276,2026-07-20 00:00:00,2026-07-24 00:00:00,Mobile,Paid,0,0
BILL190092,CUST10412,345344,345344,2026-06-13 00:00:00,2026-06-18 00:00:00,Mobile,Paid,0,0
BILL620472,CUST10373,133995,133995,2026-06-16 00:00:00,2026-06-20 00:00:00,Mobile,Paid,0,0
BILL950278,CUST10516,381906,381906,2026-04-09 00:00:00,2026-04-13 00:00:00,Mobile,Paid,0,0
BILL788744,CUST10527,116854,116854,2026-05-09 00:00:00,2026-05-14 00:00:00,Web,Paid,0,0
BILL145486,CUST10601,154862,154862,2026-05-12 00:00:00,2026-05-12 00:00:00,Web,Paid,0,0
BILL558824,CUST10418,162610,162610,2026-05-12 00:00:00,2026-05-14 00:00:00,Web,Paid,0,0
BILL154037,CUST10321,221950,221950,2026-04-13 00:00:00,2026-04-13 00:00:00,Mobile,Paid,0,0
BILL543763,CUST10173,393189,393189,2026-06-12 00:00:00,2026-06-13 00:00:00,Mobile,Paid,0,0
BILL823322,CUST10502,167579,167579,2026-07-20 00:03:00,2026-07-20 00:03:00,Web,Paid,0,0
BILL816550,CUST10369,232410,232410,2026-06-15 00:00:00,2026-06-20 00:00:00,Mobile,Paid,0,0
BILL159912,CUST10227,202023,202023,2026-09-25 00:00:00,2026-09-30 00:00:00,Mobile,Paid,0,0
BILL179837,CUST10287,340091,340091,2026-07-23 00:00:00,2026-07-24 00:00:00,Mobile,Paid,0,0
BILL932521,CUST10594,328203,328203,2026-08-30 00:00:00,2026-08-31 00:00:00,Web,Paid,0,0
BILL435192,CUST10119,348631,348631,2026-06-09 00:00:00,2026-06-14 00:00:00,Web,Paid,0,0
BILL719991,CUST10086,360375,360375,2026-05-11 00:00:00,2026-05-15 00:00:00,Mobile,Paid,0,0
BILL107724,CUST10118,164019,164019,2026-07-17 00:00:00,2026-07-21 00:00:00,Mobile,Paid,0,0
BILL808790,CUST10193,149841,149841,2026-05-17 00:00:00,2026-05-18 00:00:00,Mobile,Paid,0,0
BILL246257,CUST10538,392023,392023,2026-06-12 00:00:00,2026-06-12 00:00:00,Mobile,Paid,0,0
BILL645254,CUST10151,169054,847506,2026-05-06 00:00:00,2026-05-08 00:00:00,Mobile,Paid,0,1
BILL394525,CUST10224,305967,305967,2026-04-13 00:00:00,2026-04-15 00:00:00,Mobile,Paid,1,1
BILL758637,CUST10191,371457,371457,2026-04-11 00:00:00,2026-04-11 00:00:00,Mobile,Paid,0,0
BILL474208,CUST10379,362880,362880,2026-06-17 00:00:00,2026-06-18 00:00:00,Mobile,Paid,0,0
BILL415053,CUST10444,246138,246138,2026-04-13 00:00:00,2026-04-14 00:00:00,Mobile,Paid,0,0
BILL600767,CUST10415,352060,352060,2026-07-19 00:00:00,2026-07-19 00:00:00,Web,Paid,0,0
BILL705913,CUST10402,202316,202316,2026-09-12 00:00:00,2026-09-14 00:00:00,Web,Paid,0,0
BILL841798,CUST10532,138272,138272,2026-08-17 00:02:00,2026-08-20 00:02:00,Mobile,Paid,0,0
BILL536143,CUST10228,132650,132650,2026-05-06 00:00:00,2026-05-10 00:00:00,API,Paid,0,0
BILL316633,CUST10437,218742,218742,2026-07-10 00:00:00,2026-07-13 00:00:00,Web,Paid,0,0
BILL146485,CUST10210,207564,721599,2026-05-15 00:00:00,2026-05-18 00:00:00,Mobile,Paid,0,1
BILL277155,CUST10062,294766,294766,2026-07-15 00:00:00,2026-07-17 00:00:00,Web,Paid,0,0
BILL632996,CUST10416,112475,112475,2026-09-24 00:00:00,2026-09-29 00:00:00,Mobile,Paid,0,0
BILL316484,CUST10076,142055,142055,2026-05-11 00:00:00,2026-05-16 00:00:00,Web,Paid,0,0
BILL186867,CUST10401,263793,263793,2026-08-19 00:00:00,2026-08-21 00:00:00,Mobile,Paid,0,0
BILL953520,CUST10314,321937,315879,2026-06-14 00:00:00,2026-06-14 00:00:00,API,Paid,0,0
BILL512618,CUST10618,222795,222795,2026-09-20 00:00:00,2026-09-20 00:00:00,API,Paid,0,0
BILL305283,CUST10359,189439,189439,2026-06-21 00:00:00,2026-06-26 00:00:00,Web,Paid,1,1
BILL661540,CUST10178,352805,352805,2026-07-16 00:00:00,2026-07-17 00:00:00,Web,Paid,0,0
BILL286038,CUST10255,242003,242003,2026-06-17 00:00:00,2026-06-16 00:00:00,Web,Paid,0,0
BILL387269,CUST10425,336049,336049,2026-11-29 00:00:00,2026-11-29 00:00:00,Web,Paid,0,0
BILL932402,CUST10548,270524,270524,2026-08-16 00:00:00,2026-08-21 00:00:00,Web,Paid,0,0
BILL943726,CUST10484,392556,392556,2026-08-22 00:00:00,2026-08-25 00:00:00,Mobile,Paid,0,0
BILL100207,CUST10026,224210,224210,2026-06-16 00:00:00,2026-06-16 00:00:00,Mobile,Paid,0,0
BILL521462,CUST10237,112971,112971,2026-06-14 00:00:00,2026-06-15 00:00:00,Mobile,Paid,0,0
BILL676965,CUST10224,305967,305967,2026-05-15 00:00:00,2026-05-18 00:00:00,Mobile,Paid,0,0
BILL211500,CUST10209,224011,224011,2026-07-12 00:00:00,2026-07-14 00:00:00,Mobile,Paid,0,0
BILL419672,CUST10198,389783,389783,2026-07-28 00:00:00,2026-07-31 00:00:00,Web,Paid,0,0
BILL899395,CUST10459,341806,341806,2026-07-26 00:00:00,2026-07-27 00:00:00,Web,Paid,0,0
BILL402646,CUST10381,388958,388958,2026-07-19 00:00:00,2026-07-20 00:00:00,Web,Paid,0,0
BILL380673,CUST10475,126556,126556,2026-05-19 00:00:00,2026-05-22 00:00:00,Mobile,Paid,0,0
BILL429539,CUST10181,249674,249674,2026-08-10 00:00:00,2026-08-11 00:00:00,Mobile,Paid,0,0
BILL220489,CUST10613,310870,310870,2026-07-15 00:00:00,2026-07-20 00:00:00,API,Paid,0,0
BILL384988,CUST10486,305903,305903,2026-05-08 00:00:00,2026-05-09 00:00:00,Mobile,Paid,0,0
BILL915495,CUST10558,283378,283378,2026-09-24 00:00:00,2026-09-25 00:00:00,Mobile,Paid,0,0
BILL427249,CUST10031,174879,174879,2026-07-19 00:00:00,2026-07-22 00:00:00,Mobile,Paid,0,0
BILL561291,CUST10084,206469,206469,2026-09-25 00:00:00,2026-09-28 00:00:00,Mobile,Paid,1,1
BILL250821,CUST10185,363569,363569,2026-06-14 00:00:00,2026-06-17 00:00:00,Web,Paid,0,0
BILL195414,CUST10611,330192,330192,2026-09-20 00:00:00,2026-09-19 00:00:00,Web,Paid,0,0
BILL203090,CUST10042,162275,162275,2026-09-25 00:00:00,2026-09-28 00:00:00,Web,Paid,0,0
BILL857685,CUST10542,218385,218385,2026-10-22 00:00:00,2026-10-24 00:00:00,API,Paid,0,0
BILL758593,CUST10027,156366,156366,2026-09-18 00:00:00,2026-09-19 00:00:00,Mobile,Paid,0,0
BILL900000,CUST10079,262578,262578,2026-01-31 00:00:00,2026-02-05 00:00:00,Mobile,Paid,0,0
BILL747555,CUST10389,170321,170321,2026-08-14 00:00:00,2026-08-19 00:00:00,Web,Paid,0,0
BILL561579,CUST10069,240610,240610,2026-06-19 00:00:00,2026-06-20 00:00:00,Web,Paid,0,0
BILL534449,CUST10168,151714,641815,2026-05-19 00:00:00,2026-05-20 00:00:00,Mobile,Paid,0,1
BILL623045,CUST10494,260626,260626,2026-03-10 00:00:00,2026-03-13 00:00:00,Web,Paid,0,0
BILL663029,CUST10248,181826,181826,2026-05-13 00:00:00,2026-05-13 00:00:00,Web,Paid,0,0
BILL440103,CUST10013,287233,287233,2026-10-19 00:00:00,2026-10-19 00:00:00,Mobile,Paid,0,0
BILL423908,CUST10343,293436,293436,2026-06-12 00:00:00,2026-06-17 00:00:00,Mobile,Paid,0,0
BILL716435,CUST10027,156366,107708,2026-10-19 00:00:00,2026-10-19 00:00:00,Mobile,Paid,0,1
BILL943002,CUST10403,388178,388178,2026-02-08 00:00:00,2026-02-13 00:00:00,API,Paid,0,0
BILL743695,CUST10569,259259,259259,2026-06-14 00:00:00,2026-06-18 00:00:00,Web,Paid,0,0
BILL760978,CUST10225,336520,350474,2026-04-15 00:00:00,2026-04-17 00:00:00,Web,Paid,0,0
BILL556604,CUST10039,358732,358732,2026-08-15 00:00:00,2026-08-17 00:00:00,Mobile,Paid,0,0
BILL260299,CUST10149,368631,368631,2026-05-13 00:00:00,2026-05-15 00:00:00,Web,Paid,0,0
BILL312111,CUST10077,278619,278619,2026-09-25 00:00:00,2026-09-25 00:00:00,Mobile,Paid,0,0
BILL575351,CUST10479,261947,261947,2026-06-11 00:00:00,2026-06-15 00:00:00,API,Paid,0,0
BILL227399,CUST10225,336520,336520,2026-05-17 00:00:00,2026-05-19 00:00:00,Web,Paid,0,0
BILL606021,CUST10351,168423,168423,2026-03-10 00:00:00,2026-03-10 00:00:00,Mobile,Paid,0,0
BILL997970,CUST10195,215225,215225,2026-06-06 00:03:00,2026-06-09 00:03:00,Mobile,Paid,0,0
BILL410366,CUST10260,318492,318492,2026-04-09 00:00:00,2026-04-14 00:00:00,Mobile,Paid,0,0
BILL735395,CUST10201,110219,110219,2026-08-22 00:00:00,2026-08-26 00:00:00,Mobile,Paid,0,0
BILL187984,CUST10146,110250,110212,2026-04-10 00:00:00,2026-04-15 00:00:00,Web,Paid,0,0
BILL247764,CUST10256,225630,225630,2026-06-20 00:00:00,2026-06-25 00:00:00,Web,Paid,0,0
BILL252391,CUST10145,383532,383532,2026-06-20 00:00:00,2026-06-24 00:00:00,Web,Paid,0,0
BILL246429,CUST10559,134695,134695,2026-08-23 00:00:00,2026-08-28 00:00:00,Web,Paid,0,0
BILL952215,CUST10530,308513,308513,2026-09-21 00:00:00,2026-09-22 00:00:00,Mobile,Paid,0,0
BILL130979,CUST10374,219008,219008,2026-06-20 00:00:00,2026-06-21 00:00:00,Mobile,Paid,0,0
BILL105730,CUST10065,278881,278881,2026-06-17 00:00:00,2026-06-22 00:00:00,Mobile,Paid,0,0
BILL926444,CUST10315,102741,102741,2026-05-19 00:00:00,2026-05-23 00:00:00,Web,Paid,0,0
BILL671814,CUST10310,282058,282058,2026-06-13 00:00:00,2026-06-17 00:00:00,Web,Paid,0,0
BILL630760,CUST10431,233641,233641,2026-07-20 00:02:00,2026-07-20 00:02:00,Mobile,Paid,0,0
BILL445112,CUST10320,182107,177255,2026-06-25 00:00:00,2026-06-25 00:00:00,Mobile,Paid,0,0
BILL126000,CUST10289,171824,171824,2026-03-13 00:00:00,2026-03-13 00:00:00,Web,Paid,0,0
BILL747372,CUST10591,250067,250067,2026-07-27 00:00:00,2026-07-26 00:00:00,API,Paid,0,1
BILL967977,CUST10009,210512,210512,2026-05-17 00:00:00,2026-05-18 00:00:00,Web,Paid,0,0
BILL970989,CUST10502,167579,167579,2026-08-19 00:03:00,2026-08-23 00:03:00,Web,Paid,0,0
BILL115538,CUST10503,172799,172799,2026-06-12 00:00:00,2026-06-14 00:00:00,Mobile,Paid,0,0
BILL810888,CUST10560,393518,393518,2026-07-20 00:00:00,2026-07-22 00:00:00,Mobile,Paid,0,0
BILL951264,CUST10023,387541,387541,2026-10-20 00:00:00,2026-10-25 00:00:00,Mobile,Paid,0,0
BILL826216,CUST10122,272193,272193,2026-05-16 00:00:00,2026-05-20 00:00:00,Mobile,Paid,0,0
BILL973178,CUST10164,320265,331960,2026-05-14 00:00:00,2026-05-17 00:00:00,Mobile,Paid,0,0
BILL981785,CUST10588,315845,315845,2026-07-17 00:00:00,2026-07-19 00:00:00,Mobile,Paid,0,0
BILL610267,CUST10509,325008,325008,2026-06-17 00:00:00,2026-06-19 00:00:00,Mobile,Paid,0,0
BILL720082,CUST10619,173494,173494,2026-04-13 00:00:00,2026-04-17 00:00:00,Mobile,Paid,0,0
BILL593740,CUST10114,174295,174295,2026-09-20 00:00:00,2026-09-25 00:00:00,Mobile,Paid,0,0
BILL276888,CUST10052,298577,298577,2026-08-16 00:00:00,2026-08-21 00:00:00,API,Paid,0,0
BILL363920,CUST10326,131336,131336,2026-11-18 00:04:00,2026-11-20 00:04:00,Mobile,Paid,0,0
BILL762974,CUST10097,281179,281179,2026-06-16 00:00:00,2026-06-16 00:00:00,API,Paid,0,0
BILL801231,CUST10267,212787,207572,2026-07-12 00:03:00,2026-07-12 00:03:00,Web,Paid,0,0
BILL712188,CUST10507,295333,295333,2026-09-07 00:00:00,2026-09-12 00:00:00,Web,Paid,0,0
BILL611253,CUST10387,245185,245185,2026-05-08 00:02:00,2026-05-12 00:02:00,Web,Paid,0,0
BILL964226,CUST10569,259259,253757,2026-07-18 00:00:00,2026-07-20 00:00:00,Web,Paid,0,0
BILL597722,CUST10332,159917,159917,2026-07-20 00:00:00,2026-07-22 00:00:00,Web,Paid,0,0
BILL823549,CUST10119,348631,348631,2026-07-14 00:00:00,2026-07-14 00:00:00,Web,Paid,0,0
BILL116548,CUST10552,289154,289154,2026-07-13 00:00:00,2026-07-17 00:00:00,API,Paid,0,1
BILL625727,CUST10396,192856,192856,2026-05-18 00:00:00,2026-05-19 00:00:00,Mobile,Paid,0,0
BILL717490,CUST10134,185854,194227,2026-07-22 00:00:00,2026-07-23 00:00:00,Web,Paid,0,0
BILL711459,CUST10312,323922,323922,2026-11-16 00:02:00,2026-11-20 00:02:00,API,Paid,0,1
BILL899804,CUST10593,389266,389266,2026-07-23 00:00:00,2026-07-25 00:00:00,Mobile,Paid,0,0
BILL219950,CUST10436,164241,164241,2026-08-21 00:00:00,2026-08-21 00:00:00,Web,Paid,0,0
BILL702779,CUST10392,103166,103166,2026-08-24 00:00:00,2026-08-27 00:00:00,Mobile,Paid,0,0
BILL998157,CUST10389,170321,170321,2026-09-18 00:00:00,2026-09-19 00:00:00,Web,Paid,0,0
BILL562993,CUST10582,283005,283005,2026-11-01 00:03:00,2026-11-05 00:03:00,Web,Paid,0,0
BILL167679,CUST10144,361292,361292,2026-08-23 00:00:00,2026-08-26 00:00:00,Web,Paid,0,0
BILL250275,CUST10560,393518,393518,2026-08-21 00:00:00,2026-08-23 00:00:00,API,Paid,0,0
BILL779004,CUST10605,277839,277839,2026-05-14 00:00:00,2026-05-19 00:00:00,Web,Paid,0,0
BILL437936,CUST10579,201838,201838,2026-07-19 00:00:00,2026-07-19 00:00:00,Web,Paid,0,0
BILL756400,CUST10057,189967,189967,2026-08-26 00:00:00,2026-08-29 00:00:00,Web,Paid,0,0
BILL949049,CUST10278,293986,293986,2026-08-11 00:00:00,2026-08-12 00:00:00,Web,Paid,0,0
BILL761200,CUST10301,366492,366492,2026-07-17 00:00:00,2026-07-18 00:00:00,Mobile,Paid,0,0
BILL139239,CUST10436,164241,164241,2026-09-20 00:00:00,2026-09-23 00:00:00,Web,Paid,0,0
BILL630943,CUST10611,330192,330192,2026-10-19 00:00:00,2026-10-22 00:00:00,Web,Paid,0,0
BILL619788,CUST10445,342383,342383,2026-06-10 00:00:00,2026-06-13 00:00:00,Mobile,Paid,0,0
BILL999392,CUST10221,299263,1750579,2026-05-12 00:00:00,2026-05-14 00:00:00,Web,Paid,0,1
BILL745488,CUST10300,207505,207505,2026-02-01 00:00:00,2026-02-04 00:00:00,Web,Paid,0,0
BILL893630,CUST10579,201838,201838,2026-08-18 00:00:00,2026-08-20 00:00:00,Web,Paid,0,0
BILL404967,CUST10246,215001,215001,2026-06-18 00:00:00,2026-06-19 00:00:00,Mobile,Paid,0,0
BILL117370,CUST10603,276192,276421,2026-06-24 00:00:00,2026-06-28 00:00:00,API,Paid,0,0
BILL681990,CUST10436,164241,164241,2026-10-23 00:00:00,2026-10-26 00:00:00,Web,Paid,0,0
BILL824976,CUST10266,348186,218225,2026-09-09 00:02:00,2026-09-12 00:02:00,Web,Paid,0,1
BILL266195,CUST10036,372201,372201,2026-05-18 00:00:00,2026-05-20 00:00:00,Web,Paid,0,0
BILL253525,CUST10493,113712,113712,2026-08-22 00:00:00,2026-08-26 00:00:00,Web,Paid,0,0
BILL740203,CUST10240,302111,302111,2026-09-16 00:00:00,2026-09-16 00:00:00,API,Paid,0,1
BILL177770,CUST10240,302111,302111,2026-09-16 00:00:00,2026-09-16 00:01:00,API,Paid,0,1
BILL325803,CUST10501,197521,197521,2026-06-09 00:00:00,2026-06-12 00:00:00,Web,Paid,0,0
BILL160123,CUST10385,175372,175372,2026-10-22 00:00:00,2026-10-26 00:00:00,Mobile,Paid,0,0
BILL886784,CUST10576,160191,160191,2026-11-30 00:00:00,2026-11-30 00:00:00,Web,Paid,0,0
BILL750927,CUST10365,232975,232975,2026-07-23 00:00:00,2026-07-26 00:00:00,Web,Paid,0,0
BILL803788,CUST10122,272193,272193,2026-06-19 00:00:00,2026-06-22 00:00:00,Mobile,Paid,0,0
BILL756927,CUST10278,293986,293986,2026-09-11 00:00:00,2026-09-15 00:00:00,Web,Paid,0,0
BILL541889,CUST10388,355509,355509,2026-03-12 00:00:00,2026-03-17 00:00:00,Mobile,Paid,0,0
BILL433411,CUST10024,197978,195066,2026-09-21 00:00:00,2026-09-21 00:00:00,Web,Paid,0,0
BILL633904,CUST10534,108269,108269,2026-07-26 00:00:00,2026-07-26 00:00:00,API,Paid,0,0
BILL431445,CUST10168,151714,151714,2026-06-19 00:00:00,2026-06-22 00:00:00,API,Paid,0,0
BILL691170,CUST10224,305967,305967,2026-06-17 00:00:00,2026-06-17 00:00:00,Mobile,Paid,0,0
BILL856164,CUST10314,321937,321937,2026-07-14 00:00:00,2026-07-16 00:00:00,Web,Paid,0,0
BILL492967,CUST10147,165632,79940,2026-07-14 00:00:00,2026-07-16 00:00:00,Mobile,Paid,0,1
BILL343297,CUST10571,146646,146646,2026-06-19 00:00:00,2026-06-24 00:00:00,API,Paid,0,0
BILL193243,CUST10358,310756,310756,2026-05-23 00:00:00,2026-05-22 00:00:00,Web,Paid,0,0
BILL666036,CUST10402,202316,202316,2026-10-14 00:00:00,2026-10-16 00:00:00,Web,Paid,0,0
BILL368605,CUST10490,322691,322691,2026-11-20 00:00:00,2026-11-23 00:00:00,Mobile,Paid,0,0
BILL534757,CUST10268,130751,130751,2026-05-07 00:00:00,2026-05-07 00:00:00,API,Paid,0,0
BILL629254,CUST10049,229700,229700,2026-07-20 00:00:00,2026-07-25 00:00:00,Web,Paid,0,0
BILL609254,CUST10174,199876,199876,2026-07-04 00:00:00,2026-07-07 00:00:00,Mobile,Paid,0,0
BILL262267,CUST10231,109317,109317,2026-07-23 00:00:00,2026-07-24 00:00:00,Mobile,Paid,0,0
BILL134350,CUST10184,299790,299790,2026-08-02 00:00:00,2026-08-03 00:00:00,Mobile,Paid,0,0
BILL605056,CUST10129,180334,180334,2026-05-14 00:00:00,2026-05-19 00:00:00,Mobile,Paid,0,0
BILL864767,CUST10469,348401,348401,2026-04-14 00:00:00,2026-04-15 00:00:00,Mobile,Paid,0,0
BILL592357,CUST10374,219008,219008,2026-07-21 00:00:00,2026-07-26 00:00:00,Mobile,Paid,0,0
BILL469718,CUST10548,270524,270524,2026-09-20 00:00:00,2026-09-20 00:00:00,Web,Paid,0,0
BILL949165,CUST10235,240025,240025,2026-04-20 00:00:00,2026-04-21 00:00:00,Mobile,Paid,0,0
BILL434987,CUST10524,240935,240935,2026-08-21 00:00:00,2026-08-22 00:00:00,Mobile,Paid,0,0
BILL462617,CUST10121,130126,130126,2026-06-15 00:00:00,2026-06-18 00:00:00,API,Paid,0,0
BILL292778,CUST10160,212194,212194,2026-05-11 00:00:00,2026-05-11 00:00:00,Mobile,Paid,0,0
BILL678618,CUST10362,343191,343191,2026-06-18 00:00:00,2026-06-18 00:00:00,Web,Paid,0,0
BILL176240,CUST10023,387541,387541,2026-11-24 00:00:00,2026-11-25 00:00:00,Mobile,Paid,0,0
BILL217374,CUST10499,174133,174133,2026-09-18 00:00:00,2026-09-20 00:00:00,API,Paid,0,0
BILL362096,CUST10617,240366,240366,2026-05-10 00:00:00,2026-05-13 00:00:00,Web,Paid,0,0
BILL390622,CUST10046,129309,129309,2026-04-06 00:00:00,2026-04-06 00:00:00,Mobile,Paid,0,0
BILL495031,CUST10468,377171,377171,2026-09-20 00:00:00,2026-09-25 00:00:00,Mobile,Paid,0,0
BILL679488,CUST10541,373598,373598,2026-06-15 00:00:00,2026-06-20 00:00:00,Web,Paid,0,0
BILL272642,CUST10020,307245,307245,2026-05-06 00:00:00,2026-05-08 00:00:00,Mobile,Paid,0,0
BILL781654,CUST10236,133634,133634,2026-05-10 00:00:00,2026-05-11 00:00:00,Mobile,Paid,0,0
BILL811089,CUST10531,130975,130975,2026-03-14 00:00:00,2026-03-19 00:00:00,API,Paid,0,0
BILL498896,CUST10355,167264,167264,2026-05-23 00:00:00,2026-05-27 00:00:00,Web,Paid,0,0
BILL672078,CUST10135,357332,357332,2026-06-09 00:00:00,2026-06-11 00:00:00,Web,Paid,0,0
BILL821889,CUST10561,142207,142207,2026-03-12 00:00:00,2026-03-13 00:00:00,Mobile,Paid,0,0
BILL122543,CUST10287,340091,340091,2026-08-23 00:00:00,2026-08-25 00:00:00,Mobile,Paid,0,0
BILL234711,CUST10028,364958,364958,2026-06-12 00:03:00,2026-06-17 00:03:00,Web,Paid,0,0
BILL226247,CUST10293,306558,306558,2026-07-14 00:00:00,2026-07-19 00:00:00,API,Paid,0,0
BILL891021,CUST10179,286217,286217,2026-06-16 00:00:00,2026-06-21 00:00:00,Web,Paid,0,0
BILL653267,CUST10362,343191,343191,2026-07-18 00:00:00,2026-07-23 00:00:00,Web,Paid,0,0
BILL300511,CUST10449,196322,196322,2026-05-16 00:00:00,2026-05-18 00:00:00,Web,Paid,0,0
BILL630905,CUST10372,145857,145857,2026-09-25 00:00:00,2026-09-27 00:00:00,Web,Paid,0,0
BILL317442,CUST10431,233641,233641,2026-08-19 00:02:00,2026-08-23 00:02:00,Mobile,Paid,0,0
BILL899717,CUST10216,186571,186571,2026-05-13 00:00:00,2026-05-16 00:00:00,Web,Paid,0,0
BILL440493,CUST10476,116759,116759,2026-09-15 00:00:00,2026-09-16 00:00:00,Web,Paid,0,0
BILL740704,CUST10457,239593,239593,2026-05-16 00:00:00,2026-05-17 00:00:00,Web,Paid,0,0
BILL992857,CUST10029,128035,128035,2026-06-09 00:00:00,2026-06-09 00:00:00,Mobile,Paid,0,0
BILL540969,CUST10259,375640,375640,2026-06-12 00:00:00,2026-06-12 00:00:00,Mobile,Paid,0,0
BILL676631,CUST10159,171080,171080,2026-05-19 00:00:00,2026-05-23 00:00:00,Web,Paid,0,0
BILL864955,CUST10123,171669,171669,2026-07-22 00:00:00,2026-07-23 00:00:00,Web,Paid,0,0
BILL625804,CUST10538,392023,392023,2026-07-12 00:00:00,2026-07-13 00:00:00,Mobile,Paid,0,0
BILL247064,CUST10352,375803,375803,2026-08-24 00:00:00,2026-08-29 00:00:00,Mobile,Paid,0,0
BILL717745,CUST10496,125211,125211,2026-03-14 00:00:00,2026-03-14 00:00:00,Mobile,Paid,0,0
BILL386129,CUST10265,345851,345851,2026-04-09 00:00:00,2026-04-10 00:00:00,Mobile,Paid,0,0
BILL248605,CUST10540,354795,354795,2026-06-17 00:00:00,2026-06-21 00:00:00,Web,Paid,0,0
BILL992028,CUST10414,356739,356739,2026-04-13 00:00:00,2026-04-14 00:00:00,Web,Paid,0,0
BILL972933,CUST10257,386151,386151,2026-07-16 00:00:00,2026-07-16 00:00:00,Mobile,Paid,0,0
BILL245883,CUST10207,229700,229700,2026-06-15 00:00:00,2026-06-15 00:00:00,Web,Paid,0,0
BILL757703,CUST10583,284245,284245,2026-03-13 00:00:00,2026-03-17 00:00:00,Mobile,Paid,0,0
BILL251964,CUST10318,300846,300846,2026-11-22 00:00:00,2026-11-26 00:00:00,Mobile,Paid,0,0
BILL511668,CUST10448,210601,210601,2026-06-14 00:00:00,2026-06-17 00:00:00,Web,Paid,0,0
BILL257335,CUST10012,345015,345015,2026-05-07 00:00:00,2026-05-07 00:00:00,Web,Paid,0,0
BILL908502,CUST10409,373675,373675,2026-08-15 00:00:00,2026-08-16 00:00:00,Mobile,Paid,0,0
BILL669674,CUST10150,145174,834767,2026-06-09 00:00:00,2026-06-10 00:00:00,Web,Paid,0,1
BILL184743,CUST10009,210512,210512,2026-06-17 00:00:00,2026-06-20 00:00:00,Web,Paid,0,0
BILL677477,CUST10321,221950,221950,2026-05-13 00:00:00,2026-05-14 00:00:00,Mobile,Paid,0,0
BILL473028,CUST10062,294766,294766,2026-08-16 00:00:00,2026-08-17 00:00:00,Web,Paid,0,0
BILL820417,CUST10596,368379,358898,2026-04-11 00:00:00,2026-04-15 00:00:00,API,Paid,1,1
BILL313672,CUST10055,380448,380448,2026-08-20 00:00:00,2026-08-21 00:00:00,Web,Paid,0,0
BILL450357,CUST10102,275738,275738,2026-08-12 00:00:00,2026-08-13 00:00:00,Mobile,Paid,0,0
BILL590476,CUST10319,216307,216307,2026-06-13 00:00:00,2026-06-17 00:00:00,Mobile,Paid,0,0
BILL931089,CUST10327,317238,317238,2026-07-19 00:00:00,2026-07-23 00:00:00,Mobile,Paid,0,0
BILL300443,CUST10420,389530,389530,2026-04-15 00:00:00,2026-04-19 00:00:00,Mobile,Paid,0,0
BILL647850,CUST10396,192856,192856,2026-06-18 00:00:00,2026-06-23 00:00:00,Mobile,Paid,0,0
BILL500577,CUST10227,202023,202023,2026-10-30 00:00:00,2026-11-04 00:00:00,Mobile,Paid,0,0
BILL111909,CUST10504,192508,192508,2026-04-14 00:00:00,2026-04-16 00:00:00,Web,Paid,0,0
BILL818978,CUST10085,289887,289887,2026-05-15 00:00:00,2026-05-18 00:00:00,Mobile,Paid,0,0
BILL861289,CUST10010,355644,355644,2026-04-18 00:00:00,2026-04-19 00:00:00,Mobile,Paid,0,0
BILL306061,CUST10461,326427,326427,2026-08-13 00:00:00,2026-08-15 00:00:00,Web,Paid,0,0
BILL463449,CUST10423,377888,377888,2026-11-02 00:00:00,2026-11-04 00:00:00,Mobile,Paid,0,0
BILL746839,CUST10094,161838,161838,2026-07-16 00:00:00,2026-07-19 00:00:00,API,Paid,0,0
BILL653630,CUST10128,121453,121453,2026-03-15 00:00:00,2026-03-17 00:00:00,Web,Paid,0,0
BILL511595,CUST10571,146646,146646,2026-07-24 00:00:00,2026-07-28 00:00:00,Web,Paid,0,0
BILL332013,CUST10376,261912,261912,2026-06-12 00:00:00,2026-06-17 00:00:00,Mobile,Paid,0,0
BILL807613,CUST10586,278993,278993,2026-08-16 00:00:00,2026-08-20 00:00:00,Web,Paid,0,0
BILL585844,CUST10222,112320,112320,2026-10-22 00:00:00,2026-10-24 00:00:00,Web,Paid,0,0
BILL903076,CUST10158,104243,104243,2026-06-16 00:00:00,2026-06-19 00:00:00,Web,Paid,0,0
BILL740085,CUST10550,205293,205293,2026-07-17 00:00:00,2026-07-22 00:00:00,Web,Paid,0,0
BILL813179,CUST10487,197958,197958,2026-05-11 00:00:00,2026-05-14 00:00:00,Mobile,Paid,0,0
BILL163095,CUST10430,329033,329033,2026-05-10 00:00:00,2026-05-15 00:00:00,Mobile,Paid,0,0
BILL710579,CUST10249,169300,169300,2026-06-21 00:00:00,2026-06-21 00:00:00,API,Paid,0,1
BILL942924,CUST10249,169300,169300,2026-06-21 00:00:00,2026-06-21 00:01:00,API,Paid,0,1
BILL426188,CUST10489,309142,309142,2026-05-12 00:00:00,2026-05-17 00:00:00,Mobile,Paid,0,0
BILL824905,CUST10133,226033,226033,2026-07-23 00:00:00,2026-07-24 00:00:00,Web,Paid,0,0
BILL387898,CUST10061,106864,106864,2026-09-21 00:03:00,2026-09-21 00:03:00,Web,Paid,0,0
BILL843664,CUST10246,215001,215001,2026-07-19 00:00:00,2026-07-24 00:00:00,Mobile,Paid,0,0
BILL639039,CUST10308,187089,187089,2026-07-17 00:00:00,2026-07-19 00:00:00,Mobile,Paid,0,0
BILL435223,CUST10468,377171,377171,2026-10-25 00:00:00,2026-10-24 00:00:00,Mobile,Paid,0,0
BILL151957,CUST10029,128035,128035,2026-07-09 00:00:00,2026-07-13 00:00:00,Mobile,Paid,0,0
BILL746898,CUST10143,251424,251424,2026-10-15 00:00:00,2026-10-17 00:00:00,Web,Paid,0,0
BILL198141,CUST10564,196445,196445,2026-06-21 00:00:00,2026-06-23 00:00:00,Mobile,Paid,0,0
BILL349832,CUST10067,143557,143557,2026-07-15 00:00:00,2026-07-18 00:00:00,Mobile,Paid,0,0
BILL710495,CUST10442,159799,159799,2026-07-18 00:00:00,2026-07-20 00:00:00,Web,Paid,0,0
BILL120467,CUST10431,233641,233641,2026-09-22 00:02:00,2026-09-25 00:02:00,Mobile,Paid,0,0
BILL392315,CUST10239,298439,298439,2026-07-24 00:00:00,2026-07-26 00:00:00,API,Paid,0,0
BILL619905,CUST10411,396965,393268,2026-06-15 00:00:00,2026-06-17 00:00:00,Web,Paid,0,0
BILL823988,CUST10037,154510,154510,2026-06-12 00:00:00,2026-06-15 00:00:00,API,Paid,0,0
BILL816569,CUST10242,350465,350465,2026-04-13 00:00:00,2026-04-17 00:00:00,Mobile,Paid,0,0
BILL649060,CUST10212,216836,216836,2026-05-17 00:00:00,2026-05-18 00:00:00,Web,Paid,0,0
BILL188800,CUST10169,282389,282389,2026-09-21 00:00:00,2026-09-21 00:00:00,API,Paid,0,1
BILL287683,CUST10169,282389,282389,2026-09-21 00:00:00,2026-09-21 00:01:00,API,Paid,0,1
BILL875344,CUST10314,321937,321937,2026-08-15 00:00:00,2026-08-18 00:00:00,Web,Paid,0,0
BILL209761,CUST10061,106864,106864,2026-10-21 00:03:00,2026-10-23 00:03:00,Web,Paid,0,0
BILL931284,CUST10618,222795,222795,2026-10-20 00:00:00,2026-10-21 00:00:00,Web,Paid,0,0
BILL702541,CUST10165,302743,1768337,2026-03-10 00:00:00,2026-03-13 00:00:00,Web,Paid,0,1
BILL147196,CUST10055,380448,380448,2026-09-20 00:00:00,2026-09-24 00:00:00,Web,Paid,0,0
BILL127728,CUST10425,336049,336049,2026-12-29 00:00:00,2027-01-01 00:00:00,Web,Paid,0,0
BILL521873,CUST10390,304339,304339,2026-04-10 00:00:00,2026-04-15 00:00:00,Web,Paid,0,0
BILL397807,CUST10194,399827,399827,2026-05-16 00:00:00,2026-05-20 00:00:00,Mobile,Paid,0,0
BILL973363,CUST10059,223989,223989,2026-07-24 00:00:00,2026-07-24 00:00:00,Mobile,Paid,0,0
BILL867203,CUST10191,371457,371457,2026-05-11 00:00:00,2026-05-13 00:00:00,Mobile,Paid,0,0
BILL786631,CUST10430,329033,329033,2026-06-14 00:00:00,2026-06-17 00:00:00,Mobile,Paid,0,0
BILL540042,CUST10121,130126,130126,2026-07-18 00:00:00,2026-07-21 00:00:00,Mobile,Paid,0,0
BILL541485,CUST10340,189421,189421,2026-05-08 00:03:00,2026-05-11 00:03:00,Web,Paid,0,0
BILL768283,CUST10206,137104,137104,2026-04-08 00:00:00,2026-04-12 00:00:00,Mobile,Paid,0,0
BILL559423,CUST10274,126815,126815,2026-03-12 00:00:00,2026-03-13 00:00:00,Web,Paid,0,0
BILL700205,CUST10092,397873,397873,2026-05-18 00:00:00,2026-05-21 00:00:00,Mobile,Paid,0,0
BILL850248,CUST10283,103807,103807,2026-07-11 00:00:00,2026-07-11 00:00:00,Web,Paid,0,0
BILL537619,CUST10107,163049,163049,2026-05-10 00:00:00,2026-05-10 00:00:00,API,Paid,0,1
BILL181822,CUST10107,163049,163049,2026-05-10 00:00:00,2026-05-10 00:01:00,API,Paid,0,1
BILL543507,CUST10229,164951,164951,2026-07-18 00:00:00,2026-07-20 00:00:00,API,Paid,0,0
BILL846974,CUST10009,210512,210512,2026-07-20 00:00:00,2026-07-20 00:00:00,Web,Paid,0,0
BILL717204,CUST10459,341806,341806,2026-08-26 00:00:00,2026-08-29 00:00:00,Web,Paid,0,0
BILL954763,CUST10001,294419,294419,2026-08-13 00:00:00,2026-08-14 00:00:00,Web,Paid,0,0
BILL594609,CUST10192,350038,350038,2026-03-07 00:00:00,2026-03-08 00:00:00,Mobile,Paid,0,0
BILL225914,CUST10084,206469,206469,2026-10-28 00:00:00,2026-10-28 00:00:00,API,Paid,0,1
BILL524080,CUST10084,206469,206469,2026-10-28 00:00:00,2026-10-28 00:01:00,API,Paid,0,1
BILL466399,CUST10084,206469,206469,2026-10-28 00:00:00,2026-10-28 00:02:00,API,Paid,0,1
BILL131242,CUST10233,326389,326389,2026-10-21 00:00:00,2026-10-24 00:00:00,Mobile,Paid,0,0
BILL355404,CUST10098,340529,340529,2026-06-12 00:00:00,2026-06-15 00:00:00,Web,Paid,0,0
BILL635410,CUST10473,333096,333096,2026-06-19 00:00:00,2026-06-19 00:00:00,Web,Paid,0,0
BILL628949,CUST10588,315845,315845,2026-08-18 00:00:00,2026-08-20 00:00:00,Mobile,Paid,0,0
BILL182977,CUST10289,171824,171824,2026-04-12 00:00:00,2026-04-11 00:00:00,Web,Paid,0,0
BILL627365,CUST10495,389174,389174,2026-07-17 00:00:00,2026-07-17 00:00:00,Web,Paid,0,0
BILL696757,CUST10118,164019,164019,2026-08-20 00:00:00,2026-08-23 00:00:00,Mobile,Paid,0,0
BILL486415,CUST10213,118930,118930,2026-05-10 00:03:00,2026-05-09 00:03:00,Mobile,Paid,0,0
BILL859661,CUST10252,207634,207634,2026-09-18 00:00:00,2026-09-18 00:00:00,Mobile,Paid,0,0
BILL335016,CUST10027,156366,156366,2026-11-18 00:00:00,2026-11-20 00:00:00,Mobile,Paid,0,0
BILL768286,CUST10180,343281,343281,2026-05-13 00:00:00,2026-05-16 00:00:00,Web,Paid,0,0
BILL310004,CUST10265,345851,355645,2026-05-10 00:00:00,2026-05-10 00:00:00,Mobile,Paid,0,0
BILL282027,CUST10080,308693,308693,2026-06-15 00:00:00,2026-06-19 00:00:00,Web,Paid,0,0
BILL260863,CUST10419,288784,288784,2026-06-17 00:00:00,2026-06-22 00:00:00,Web,Paid,0,0
BILL151305,CUST10314,321937,337661,2026-09-17 00:00:00,2026-09-19 00:00:00,Web,Paid,0,0
BILL620991,CUST10206,137104,137104,2026-05-12 00:00:00,2026-05-12 00:00:00,Mobile,Paid,0,0
BILL290625,CUST10450,398981,398981,2026-04-09 00:00:00,2026-04-10 00:00:00,Web,Paid,0,0
BILL961702,CUST10112,287238,287238,2026-04-11 00:00:00,2026-04-12 00:00:00,Web,Paid,0,0
BILL572837,CUST10251,229490,229490,2026-04-09 00:00:00,2026-04-10 00:00:00,Mobile,Paid,0,0
BILL381486,CUST10222,112320,112320,2026-11-23 00:00:00,2026-11-26 00:00:00,Web,Paid,0,0
BILL123971,CUST10607,185478,185478,2026-06-25 00:00:00,2026-06-25 00:00:00,API,Paid,0,0
BILL503960,CUST10163,307698,307698,2026-05-14 00:00:00,2026-05-19 00:00:00,Web,Paid,0,0
BILL230450,CUST10249,169300,169300,2026-07-21 00:02:00,2026-07-22 00:02:00,Web,Paid,0,0
BILL126691,CUST10280,316106,316106,2026-02-08 00:00:00,2026-02-10 00:00:00,Web,Paid,0,0
BILL957366,CUST10350,268142,268142,2026-08-14 00:00:00,2026-08-15 00:00:00,Mobile,Paid,0,0
BILL963879,CUST10471,287323,287323,2026-09-06 00:00:00,2026-09-06 00:00:00,Web,Paid,0,0
BILL137085,CUST10059,223989,223989,2026-08-23 00:00:00,2026-08-26 00:00:00,Mobile,Paid,0,0
BILL515226,CUST10599,287062,287062,2026-06-07 00:00:00,2026-06-12 00:00:00,Mobile,Paid,0,0
BILL191900,CUST10080,308693,308693,2026-07-19 00:00:00,2026-07-19 00:00:00,Web,Paid,0,0
BILL975520,CUST10054,281343,281343,2026-08-15 00:00:00,2026-08-19 00:00:00,Mobile,Paid,0,0
BILL906344,CUST10117,331346,331346,2026-07-23 00:00:00,2026-07-22 00:00:00,Web,Paid,0,0
BILL376572,CUST10289,171824,171824,2026-05-11 00:00:00,2026-05-11 00:00:00,Web,Paid,0,0
BILL452268,CUST10543,341817,341817,2026-05-10 00:00:00,2026-05-11 00:00:00,Web,Paid,0,0
BILL309386,CUST10079,262578,262578,2026-03-07 00:00:00,2026-03-12 00:00:00,Mobile,Paid,0,0
BILL266878,CUST10228,132650,132650,2026-06-09 00:00:00,2026-06-10 00:00:00,Web,Paid,0,0
BILL749751,CUST10067,143557,143557,2026-08-17 00:00:00,2026-08-19 00:00:00,Mobile,Paid,0,0
BILL910422,CUST10611,330192,330192,2026-11-21 00:00:00,2026-11-21 00:00:00,Web,Paid,0,0
BILL607747,CUST10277,359643,359643,2026-06-21 00:00:00,2026-06-23 00:00:00,Mobile,Paid,0,0
BILL700108,CUST10326,131336,131336,2026-12-20 00:04:00,2026-12-21 00:04:00,Mobile,Paid,0,0
BILL833706,CUST10346,295566,295566,2026-06-24 00:00:00,2026-06-29 00:00:00,Web,Paid,0,0
BILL473894,CUST10072,290755,290755,2026-05-19 00:00:00,2026-05-20 00:00:00,API,Paid,0,1
BILL120890,CUST10027,156366,156366,2026-12-20 00:00:00,2026-12-21 00:00:00,API,Paid,0,0
BILL440382,CUST10154,146924,146924,2026-07-20 00:00:00,2026-07-20 00:00:00,Web,Paid,0,0
BILL125000,CUST10403,388178,388178,2026-03-15 00:00:00,2026-03-18 00:00:00,Web,Paid,1,1
BILL678809,CUST10532,138272,138272,2026-09-19 00:02:00,2026-09-20 00:02:00,Mobile,Paid,0,0
BILL891366,CUST10394,163160,163160,2026-07-18 00:00:00,2026-07-21 00:00:00,Web,Paid,0,0
BILL459064,CUST10000,280462,280462,2026-07-06 00:00:00,2026-07-08 00:00:00,Web,Paid,0,0
BILL449472,CUST10452,193937,193937,2026-09-17 00:00:00,2026-09-22 00:00:00,Web,Paid,0,0
BILL992868,CUST10218,180276,180276,2026-08-23 00:00:00,2026-08-25 00:00:00,Mobile,Paid,0,0
BILL825899,CUST10043,193406,193406,2026-04-12 00:00:00,2026-04-12 00:00:00,Web,Paid,0,0
BILL908000,CUST10135,357332,357332,2026-07-11 00:00:00,2026-07-14 00:00:00,Web,Paid,0,0
BILL853047,CUST10229,164951,162142,2026-08-19 00:00:00,2026-08-22 00:00:00,Web,Paid,0,0
BILL305719,CUST10413,118569,118569,2026-06-12 00:00:00,2026-06-15 00:00:00,Mobile,Paid,0,0
BILL389555,CUST10021,195797,195797,2026-05-15 00:00:00,2026-05-18 00:00:00,Mobile,Paid,0,0
BILL378517,CUST10513,314825,314825,2026-03-06 00:00:00,2026-03-08 00:00:00,Web,Paid,0,0
BILL983264,CUST10297,289586,289586,2026-04-07 00:00:00,2026-04-08 00:00:00,Mobile,Paid,0,0
BILL996964,CUST10131,361858,361858,2026-04-16 00:00:00,2026-04-15 00:00:00,Web,Paid,0,0
BILL714999,CUST10570,281667,281667,2026-07-22 00:00:00,2026-07-27 00:00:00,Mobile,Paid,0,0
BILL689875,CUST10163,307698,307698,2026-06-18 00:00:00,2026-06-19 00:00:00,Web,Paid,0,0
BILL465104,CUST10147,165632,165632,2026-08-15 00:00:00,2026-08-17 00:00:00,Mobile,Paid,0,0
BILL127614,CUST10493,113712,113712,2026-09-25 00:00:00,2026-09-30 00:00:00,Web,Paid,0,0
BILL435010,CUST10107,163049,163049,2026-06-09 00:02:00,2026-06-13 00:02:00,API,Paid,0,0
BILL126044,CUST10062,294766,294766,2026-09-16 00:00:00,2026-09-19 00:00:00,Web,Paid,0,0
BILL351765,CUST10356,282080,282080,2026-05-12 00:00:00,2026-05-14 00:00:00,Web,Paid,0,0
BILL696557,CUST10197,231115,231115,2026-07-19 00:00:00,2026-07-21 00:00:00,Web,Paid,0,0
BILL329323,CUST10425,336049,336049,2027-01-31 00:00:00,2027-02-03 00:00:00,Web,Paid,0,0
BILL122535,CUST10522,340137,340137,2026-05-05 00:00:00,2026-05-08 00:00:00,Mobile,Paid,0,0
BILL337000,CUST10361,259740,259740,2026-03-13 00:00:00,2026-03-13 00:00:00,Mobile,Paid,0,0
BILL617635,CUST10028,364958,364958,2026-07-17 00:03:00,2026-07-21 00:03:00,Web,Paid,0,0
BILL635403,CUST10292,220196,220196,2026-05-14 00:00:00,2026-05-17 00:00:00,Mobile,Paid,0,0
BILL862380,CUST10283,103807,103807,2026-08-10 00:00:00,2026-08-13 00:00:00,Web,Paid,0,0
BILL651754,CUST10135,357332,357332,2026-08-13 00:00:00,2026-08-14 00:00:00,Web,Paid,0,0
BILL920621,CUST10227,202023,208959,2026-12-04 00:00:00,2026-12-05 00:00:00,Mobile,Paid,0,0
BILL908539,CUST10002,204619,204619,2026-08-21 00:00:00,2026-08-23 00:00:00,Web,Paid,0,0
BILL438678,CUST10000,280462,280462,2026-08-07 00:00:00,2026-08-06 00:00:00,Web,Paid,0,0
BILL759922,CUST10399,205101,205101,2026-05-12 00:00:00,2026-05-17 00:00:00,API,Paid,0,0
BILL909012,CUST10112,287238,287238,2026-05-12 00:00:00,2026-05-14 00:00:00,Web,Paid,0,0
BILL444761,CUST10254,369955,369955,2026-07-19 00:00:00,2026-07-19 00:00:00,API,Paid,0,0
BILL745954,CUST10179,286217,286217,2026-07-21 00:00:00,2026-07-25 00:00:00,Web,Paid,0,0
BILL899782,CUST10376,261912,261912,2026-07-17 00:00:00,2026-07-22 00:00:00,Mobile,Paid,0,0
BILL799252,CUST10144,361292,361292,2026-09-25 00:00:00,2026-09-27 00:00:00,Web,Paid,0,0
BILL459776,CUST10354,212581,212581,2026-03-04 00:00:00,2026-03-06 00:00:00,Mobile,Paid,0,0
BILL856188,CUST10162,365049,365049,2026-07-20 00:00:00,2026-07-24 00:00:00,Mobile,Paid,0,0
BILL132071,CUST10566,323243,323243,2026-05-07 00:00:00,2026-05-08 00:00:00,Mobile,Paid,0,0
BILL221231,CUST10097,281179,281179,2026-07-16 00:00:00,2026-07-19 00:00:00,Mobile,Paid,0,0
BILL338256,CUST10036,372201,372201,2026-06-19 00:00:00,2026-06-20 00:00:00,Web,Paid,0,0
BILL390733,CUST10005,143030,143030,2026-02-09 00:00:00,2026-02-08 00:00:00,Mobile,Paid,0,0
BILL361464,CUST10077,278619,278619,2026-10-25 00:00:00,2026-10-26 00:00:00,Mobile,Paid,0,0
BILL371449,CUST10417,378264,378264,2026-06-18 00:00:00,2026-06-21 00:00:00,Mobile,Paid,0,0
BILL106522,CUST10197,231115,231115,2026-08-20 00:00:00,2026-08-22 00:00:00,Web,Paid,0,0
BILL509320,CUST10549,217355,217355,2026-07-20 00:00:00,2026-07-21 00:00:00,Mobile,Paid,0,0
BILL112668,CUST10402,202316,202316,2026-11-15 00:00:00,2026-11-19 00:00:00,Web,Paid,0,0
BILL519597,CUST10188,357477,357477,2026-07-15 00:00:00,2026-07-16 00:00:00,Web,Paid,0,0
BILL387248,CUST10466,222104,222104,2026-06-18 00:00:00,2026-06-21 00:00:00,Web,Paid,0,0
BILL259322,CUST10195,215225,215225,2026-07-09 00:03:00,2026-07-09 00:03:00,Mobile,Paid,0,0
BILL919949,CUST10320,182107,182107,2026-07-25 00:00:00,2026-07-25 00:00:00,Mobile,Paid,0,0
BILL287417,CUST10463,347787,347787,2026-09-08 00:02:00,2026-09-13 00:02:00,Mobile,Paid,0,0
BILL685133,CUST10291,235223,235223,2026-09-09 00:00:00,2026-09-12 00:00:00,Web,Paid,0,0
BILL822963,CUST10108,186731,186731,2026-05-01 00:00:00,2026-05-02 00:00:00,Mobile,Paid,0,0
BILL705896,CUST10129,180334,180334,2026-06-18 00:00:00,2026-06-20 00:00:00,Mobile,Paid,0,0
BILL901500,CUST10092,397873,397873,2026-06-20 00:00:00,2026-06-20 00:00:00,Mobile,Paid,0,0
BILL770946,CUST10412,345344,345344,2026-07-18 00:00:00,2026-07-23 00:00:00,Mobile,Paid,0,0
BILL882590,CUST10045,127039,127039,2026-05-10 00:00:00,2026-05-14 00:00:00,API,Paid,0,0
BILL310165,CUST10045,127039,127039,2026-06-13 00:00:00,2026-06-12 00:00:00,Mobile,Paid,0,0
BILL118392,CUST10292,220196,220196,2026-06-16 00:00:00,2026-06-16 00:00:00,Mobile,Paid,0,0
BILL808431,CUST10275,374848,374848,2026-03-15 00:00:00,2026-03-20 00:00:00,Web,Paid,0,0
BILL529251,CUST10440,125531,125531,2026-05-16 00:00:00,2026-05-20 00:00:00,Mobile,Paid,0,0
BILL635830,CUST10080,308693,308693,2026-08-18 00:00:00,2026-08-21 00:00:00,Web,Paid,0,0
BILL818649,CUST10521,133647,133647,2026-06-11 00:00:00,2026-06-12 00:00:00,Web,Paid,0,0
BILL272849,CUST10019,106755,106755,2026-09-09 00:00:00,2026-09-10 00:00:00,Web,Paid,0,0
BILL708494,CUST10196,246448,246448,2026-05-09 00:00:00,2026-05-12 00:00:00,Web,Paid,0,0
BILL946967,CUST10144,361292,361292,2026-10-27 00:00:00,2026-10-29 00:00:00,Web,Paid,0,0
BILL603775,CUST10179,286217,290156,2026-08-24 00:00:00,2026-08-29 00:00:00,Web,Paid,0,0
BILL123948,CUST10071,158308,158308,2026-05-15 00:00:00,2026-05-18 00:00:00,Mobile,Paid,0,0
BILL403925,CUST10145,383532,383532,2026-07-24 00:00:00,2026-07-24 00:00:00,Web,Paid,0,0
BILL193663,CUST10339,233388,243579,2026-05-18 00:00:00,2026-05-19 00:00:00,Mobile,Paid,0,0
BILL452489,CUST10209,224011,224011,2026-08-13 00:00:00,2026-08-14 00:00:00,Mobile,Paid,0,0
BILL190342,CUST10128,121453,121453,2026-04-16 00:00:00,2026-04-16 00:00:00,Web,Paid,0,0
BILL455679,CUST10599,287062,287062,2026-07-12 00:00:00,2026-07-13 00:00:00,Mobile,Paid,0,0
BILL973002,CUST10415,352060,352060,2026-08-18 00:00:00,2026-08-19 00:00:00,Web,Paid,0,0
BILL336683,CUST10113,160758,160758,2026-05-09 00:00:00,2026-05-14 00:00:00,Web,Paid,0,0
BILL269661,CUST10329,233153,233153,2026-05-04 00:00:00,2026-05-07 00:00:00,Mobile,Paid,0,0
BILL668730,CUST10504,192508,192508,2026-05-16 00:00:00,2026-05-19 00:00:00,Web,Paid,0,0
BILL366060,CUST10451,349644,349644,2026-06-18 00:00:00,2026-06-20 00:00:00,API,Paid,0,0
BILL487588,CUST10504,192508,192508,2026-06-18 00:00:00,2026-06-20 00:00:00,Web,Paid,0,0
BILL417873,CUST10041,118023,118023,2026-08-19 00:00:00,2026-08-22 00:00:00,Mobile,Paid,0,0
BILL165663,CUST10611,330192,330192,2026-12-21 00:00:00,2026-12-21 00:00:00,Web,Paid,0,0
BILL507478,CUST10344,259225,259225,2026-08-14 00:00:00,2026-08-15 00:00:00,Web,Paid,0,0
BILL553145,CUST10421,301889,293421,2026-06-08 00:00:00,2026-06-13 00:00:00,Web,Paid,0,0
BILL243942,CUST10223,367891,367891,2026-05-07 00:00:00,2026-05-09 00:00:00,Web,Paid,0,0
BILL535541,CUST10458,370672,370672,2026-07-07 00:00:00,2026-07-07 00:00:00,API,Paid,0,1
BILL921072,CUST10458,370672,370672,2026-07-07 00:00:00,2026-07-07 00:01:00,API,Paid,0,1
BILL127183,CUST10458,370672,370672,2026-07-07 00:00:00,2026-07-07 00:02:00,API,Paid,0,1
BILL669340,CUST10411,396965,396965,2026-07-17 00:00:00,2026-07-17 00:00:00,API,Paid,0,1
BILL542834,CUST10605,277839,277839,2026-06-18 00:00:00,2026-06-22 00:00:00,Web,Paid,0,0
BILL220804,CUST10612,137846,137846,2026-07-14 00:00:00,2026-07-18 00:00:00,Mobile,Paid,0,0
BILL305613,CUST10401,263793,263793,2026-09-20 00:00:00,2026-09-25 00:00:00,Mobile,Paid,0,0
BILL268840,CUST10539,138041,138041,2026-09-11 00:00:00,2026-09-15 00:00:00,Mobile,Paid,0,0
BILL164850,CUST10212,216836,216836,2026-06-17 00:00:00,2026-06-20 00:00:00,Web,Paid,0,0
BILL993053,CUST10606,301749,122502,2026-06-16 00:00:00,2026-06-16 00:00:00,Mobile,Paid,0,1
BILL216671,CUST10136,153321,153321,2026-07-20 00:00:00,2026-07-21 00:00:00,Web,Paid,0,0
BILL853719,CUST10039,358732,358732,2026-09-16 00:00:00,2026-09-21 00:00:00,Mobile,Paid,0,0
BILL628834,CUST10466,222104,222104,2026-07-21 00:00:00,2026-07-25 00:00:00,Web,Paid,0,0
BILL632675,CUST10385,175372,175372,2026-11-25 00:00:00,2026-11-29 00:00:00,Mobile,Paid,0,0
BILL594337,CUST10090,233891,233891,2026-11-28 00:00:00,2026-12-02 00:00:00,API,Paid,0,0
BILL805756,CUST10130,234358,234358,2026-06-16 00:00:00,2026-06-21 00:00:00,Mobile,Paid,0,0
BILL113230,CUST10347,381404,381404,2026-06-16 00:00:00,2026-06-19 00:00:00,API,Paid,0,0
BILL165850,CUST10071,158308,158308,2026-06-17 00:00:00,2026-06-17 00:00:00,Mobile,Paid,0,0
BILL651073,CUST10300,207505,207505,2026-03-06 00:00:00,2026-03-09 00:00:00,Web,Paid,0,0
BILL680353,CUST10060,397340,397340,2026-04-08 00:00:00,2026-04-07 00:00:00,Web,Paid,0,0
BILL810170,CUST10299,188311,188311,2026-04-08 00:00:00,2026-04-09 00:00:00,Mobile,Paid,0,0
BILL951433,CUST10233,326389,326389,2026-11-23 00:00:00,2026-11-24 00:00:00,Mobile,Paid,0,0
BILL743909,CUST10345,245919,245919,2026-03-12 00:00:00,2026-03-17 00:00:00,Mobile,Paid,0,0
BILL841806,CUST10537,229841,229841,2026-04-14 00:00:00,2026-04-16 00:00:00,Mobile,Paid,0,0
BILL285257,CUST10235,240025,240025,2026-05-21 00:00:00,2026-05-22 00:00:00,Mobile,Paid,0,0
BILL600131,CUST10453,317420,317420,2026-04-12 00:00:00,2026-04-13 00:00:00,Mobile,Paid,0,0
BILL172964,CUST10534,108269,113519,2026-08-25 00:00:00,2026-08-29 00:00:00,Mobile,Paid,0,0
BILL252775,CUST10295,382198,382198,2026-08-28 00:00:00,2026-08-29 00:00:00,API,Paid,0,0
BILL357940,CUST10265,345851,345851,2026-06-09 00:00:00,2026-06-10 00:00:00,Mobile,Paid,0,0
BILL839023,CUST10551,157266,157266,2026-04-10 00:00:00,2026-04-12 00:00:00,Web,Paid,0,0
BILL831237,CUST10116,354488,354488,2026-06-16 00:00:00,2026-06-17 00:00:00,Mobile,Paid,0,0
BILL662414,CUST10335,250897,250897,2026-08-07 00:03:00,2026-08-10 00:03:00,Web,Paid,0,0
BILL802533,CUST10340,189421,195436,2026-06-10 00:03:00,2026-06-14 00:03:00,Web,Paid,0,0
BILL881782,CUST10343,293436,293436,2026-07-17 00:00:00,2026-07-22 00:00:00,Mobile,Paid,0,0
BILL420327,CUST10284,190045,190045,2026-06-16 00:00:00,2026-06-16 00:00:00,Web,Paid,0,0
BILL757774,CUST10618,222795,222795,2026-11-20 00:00:00,2026-11-20 00:00:00,Web,Paid,0,0
BILL637212,CUST10120,161286,106223,2026-07-18 00:02:00,2026-07-19 00:02:00,Web,Paid,0,1
BILL643948,CUST10369,232410,232410,2026-07-20 00:00:00,2026-07-23 00:00:00,Mobile,Paid,0,0
BILL391755,CUST10055,380448,380448,2026-10-24 00:00:00,2026-10-24 00:00:00,Web,Paid,0,0
BILL480228,CUST10496,125211,130406,2026-04-13 00:00:00,2026-04-14 00:00:00,Mobile,Paid,0,0
BILL214145,CUST10108,186731,186731,2026-06-01 00:00:00,2026-06-04 00:00:00,Mobile,Paid,0,0
BILL587748,CUST10302,309550,309550,2026-09-06 00:02:00,2026-09-08 00:02:00,Web,Paid,0,0
BILL635491,CUST10192,350038,350038,2026-04-07 00:00:00,2026-04-10 00:00:00,Mobile,Paid,0,0
BILL804388,CUST10131,361858,361858,2026-05-15 00:00:00,2026-05-17 00:00:00,Web,Paid,0,0
BILL298919,CUST10341,124456,124456,2026-09-24 00:00:00,2026-09-29 00:00:00,Web,Paid,0,0
BILL305969,CUST10339,233388,233388,2026-06-18 00:00:00,2026-06-23 00:00:00,Mobile,Paid,0,0
BILL634377,CUST10246,215001,215001,2026-08-23 00:00:00,2026-08-26 00:00:00,Mobile,Paid,0,0
BILL778921,CUST10298,306913,306913,2026-08-17 00:00:00,2026-08-21 00:00:00,Mobile,Paid,0,0
BILL229158,CUST10338,347422,347422,2026-05-08 00:00:00,2026-05-12 00:00:00,Mobile,Paid,0,0
BILL728932,CUST10391,333242,333242,2026-09-22 00:00:00,2026-09-27 00:00:00,Mobile,Paid,0,0
BILL893532,CUST10446,277035,277035,2026-03-11 00:00:00,2026-03-14 00:00:00,Web,Paid,0,0
BILL487711,CUST10250,147265,147265,2026-03-08 00:00:00,2026-03-08 00:00:00,Web,Paid,0,0
BILL853940,CUST10113,160758,160758,2026-06-13 00:00:00,2026-06-14 00:00:00,Web,Paid,0,0
BILL644265,CUST10411,396965,396965,2026-08-16 00:00:00,2026-08-18 00:00:00,Web,Paid,0,0
BILL402508,CUST10044,162242,162242,2026-04-11 00:00:00,2026-04-10 00:00:00,Mobile,Paid,0,0
BILL847909,CUST10283,103807,103807,2026-09-12 00:00:00,2026-09-14 00:00:00,API,Paid,0,0
BILL869274,CUST10594,328203,328203,2026-09-30 00:00:00,2026-10-01 00:00:00,API,Paid,1,1
BILL453775,CUST10543,341817,341817,2026-06-10 00:00:00,2026-06-13 00:00:00,Web,Paid,0,0
BILL668018,CUST10205,223531,212902,2026-05-13 00:00:00,2026-05-16 00:00:00,Mobile,Paid,0,0
BILL330885,CUST10517,283169,283169,2026-06-17 00:00:00,2026-06-18 00:00:00,Mobile,Paid,0,0
BILL252182,CUST10243,108833,108833,2026-06-11 00:02:00,2026-06-12 00:02:00,Web,Paid,0,0
BILL481598,CUST10205,223531,223531,2026-06-15 00:00:00,2026-06-19 00:00:00,Mobile,Paid,0,0
BILL832241,CUST10008,280575,280575,2026-04-07 00:00:00,2026-04-07 00:00:00,Web,Paid,0,0
BILL592662,CUST10377,321013,321013,2026-10-16 00:00:00,2026-10-17 00:00:00,Mobile,Paid,0,0
BILL818061,CUST10078,271954,271954,2026-08-14 00:00:00,2026-08-14 00:00:00,Web,Paid,0,0
BILL925685,CUST10512,252894,252894,2026-09-15 00:00:00,2026-09-17 00:00:00,Mobile,Paid,0,0
BILL636738,CUST10446,277035,275382,2026-04-13 00:00:00,2026-04-13 00:00:00,Web,Paid,0,0
BILL128305,CUST10041,118023,118023,2026-09-21 00:00:00,2026-09-25 00:00:00,Mobile,Paid,0,0
BILL248582,CUST10140,382812,245981,2026-07-12 00:03:00,2026-07-13 00:03:00,Web,Paid,0,1
BILL517396,CUST10024,197978,197978,2026-10-21 00:00:00,2026-10-24 00:00:00,Web,Paid,0,0
BILL557930,CUST10162,365049,365049,2026-08-23 00:00:00,2026-08-28 00:00:00,Mobile,Paid,0,0
BILL963566,CUST10557,232020,232020,2026-04-11 00:02:00,2026-04-11 00:02:00,Web,Paid,0,0
BILL654061,CUST10595,311615,311615,2026-06-19 00:00:00,2026-06-19 00:00:00,Mobile,Paid,0,0
BILL711469,CUST10132,280308,280308,2026-05-11 00:00:00,2026-05-16 00:00:00,Mobile,Paid,0,0
BILL804966,CUST10224,305967,321200,2026-07-17 00:00:00,2026-07-19 00:00:00,Mobile,Paid,0,0
BILL520073,CUST10216,186571,186571,2026-06-15 00:00:00,2026-06-19 00:00:00,API,Paid,0,0
BILL468878,CUST10169,282389,282389,2026-10-21 00:02:00,2026-10-24 00:02:00,API,Paid,0,0
BILL550454,CUST10472,397250,397250,2026-05-20 00:00:00,2026-05-21 00:00:00,Web,Paid,0,0
BILL950291,CUST10567,175282,171296,2026-10-24 00:00:00,2026-10-23 00:00:00,Web,Paid,0,0
BILL731079,CUST10052,298577,298577,2026-09-20 00:00:00,2026-09-20 00:00:00,Mobile,Paid,0,0
BILL661480,CUST10034,308610,308610,2026-05-12 00:00:00,2026-05-16 00:00:00,Mobile,Paid,0,0
BILL108013,CUST10348,149541,149541,2026-11-29 00:00:00,2026-11-30 00:00:00,Mobile,Paid,0,0
BILL642474,CUST10158,104243,104243,2026-07-19 00:00:00,2026-07-20 00:00:00,Web,Paid,0,0
BILL151537,CUST10551,157266,157266,2026-05-12 00:00:00,2026-05-13 00:00:00,Web,Paid,0,0
BILL851980,CUST10313,263980,263980,2026-08-22 00:00:00,2026-08-23 00:00:00,Mobile,Paid,1,1
BILL798234,CUST10098,340529,340529,2026-07-15 00:00:00,2026-07-18 00:00:00,Web,Paid,0,0
BILL257871,CUST10145,383532,383532,2026-08-23 00:00:00,2026-08-26 00:00:00,Web,Paid,0,0
BILL780606,CUST10498,382916,382916,2026-09-23 00:00:00,2026-09-24 00:00:00,Web,Paid,0,0
BILL292853,CUST10310,282058,282825,2026-07-17 00:00:00,2026-07-19 00:00:00,Web,Paid,0,0
BILL587326,CUST10306,279909,279909,2026-08-21 00:00:00,2026-08-26 00:00:00,Web,Paid,0,0
BILL338511,CUST10155,318440,312663,2026-10-25 00:03:00,2026-10-28 00:03:00,Web,Paid,0,0
BILL214273,CUST10189,232919,232919,2026-05-14 00:00:00,2026-05-19 00:00:00,Web,Paid,0,0
BILL935735,CUST10222,112320,112320,2026-12-26 00:00:00,2026-12-30 00:00:00,Web,Paid,0,0
BILL647425,CUST10500,173084,173084,2026-08-25 00:00:00,2026-08-27 00:00:00,Mobile,Paid,0,0
BILL952182,CUST10563,168559,168559,2026-06-19 00:00:00,2026-06-21 00:00:00,Mobile,Paid,0,0
BILL659869,CUST10573,219542,219542,2026-04-12 00:00:00,2026-04-14 00:00:00,API,Paid,0,0
BILL349455,CUST10224,305967,305967,2026-08-18 00:00:00,2026-08-18 00:00:00,Mobile,Paid,0,0
BILL640716,CUST10384,283831,283831,2026-05-03 00:00:00,2026-05-08 00:00:00,Mobile,Paid,0,0
BILL980114,CUST10112,287238,287238,2026-06-13 00:00:00,2026-06-15 00:00:00,Web,Paid,0,0
BILL889277,CUST10248,181826,181826,2026-06-12 00:00:00,2026-06-15 00:00:00,Web,Paid,0,0
BILL698891,CUST10032,168414,168414,2026-09-14 00:00:00,2026-09-16 00:00:00,Mobile,Paid,0,0
BILL606295,CUST10263,377150,377150,2026-05-09 00:00:00,2026-05-12 00:00:00,Web,Paid,0,0
BILL967829,CUST10110,141393,141393,2026-06-18 00:00:00,2026-06-22 00:00:00,Web,Paid,0,0
BILL703577,CUST10235,240025,240025,2026-06-21 00:00:00,2026-06-26 00:00:00,Mobile,Paid,0,0
BILL490217,CUST10049,229700,229700,2026-08-24 00:00:00,2026-08-24 00:00:00,Web,Paid,0,0
BILL373600,CUST10066,210041,210041,2026-04-17 00:00:00,2026-04-17 00:00:00,Mobile,Paid,0,0
BILL703574,CUST10203,266342,266342,2026-09-18 00:00:00,2026-09-20 00:00:00,Mobile,Paid,0,0
BILL870817,CUST10182,333834,333834,2026-03-11 00:00:00,2026-03-13 00:00:00,Web,Paid,0,0
BILL111648,CUST10454,352626,352626,2026-06-12 00:00:00,2026-06-14 00:00:00,Mobile,Paid,0,0
BILL633180,CUST10019,106755,106755,2026-10-10 00:00:00,2026-10-15 00:00:00,Web,Paid,0,0
BILL773624,CUST10344,259225,259225,2026-09-14 00:00:00,2026-09-14 00:00:00,Web,Paid,0,0
BILL763447,CUST10036,372201,372201,2026-07-20 00:00:00,2026-07-19 00:00:00,API,Paid,0,0
BILL940524,CUST10279,200340,200340,2026-05-17 00:00:00,2026-05-17 00:00:00,API,Paid,0,0
BILL694607,CUST10520,148768,148768,2026-04-18 00:00:00,2026-04-20 00:00:00,Web,Paid,0,0
BILL627958,CUST10038,306468,306468,2026-06-19 00:00:00,2026-06-20 00:00:00,Mobile,Paid,0,0
BILL369360,CUST10049,229700,229700,2026-09-23 00:00:00,2026-09-27 00:00:00,Web,Paid,0,0
BILL288872,CUST10408,222785,218004,2026-05-14 00:00:00,2026-05-15 00:00:00,Mobile,Paid,0,0
BILL837357,CUST10265,345851,345851,2026-07-10 00:00:00,2026-07-13 00:00:00,Mobile,Paid,0,0
BILL258397,CUST10029,128035,489811,2026-08-12 00:00:00,2026-08-12 00:00:00,API,Paid,0,1
BILL691705,CUST10383,330253,330253,2026-07-18 00:00:00,2026-07-20 00:00:00,Web,Paid,0,0
BILL244675,CUST10575,247910,247910,2026-07-19 00:00:00,2026-07-20 00:00:00,Mobile,Paid,0,0
BILL700036,CUST10520,148768,148768,2026-05-20 00:00:00,2026-05-20 00:00:00,Web,Paid,0,0
BILL835699,CUST10259,375640,375640,2026-07-12 00:00:00,2026-07-16 00:00:00,Mobile,Paid,0,0
BILL841380,CUST10399,205101,205101,2026-06-16 00:00:00,2026-06-16 00:00:00,Mobile,Paid,0,0
BILL416692,CUST10524,240935,240935,2026-09-21 00:00:00,2026-09-21 00:00:00,Mobile,Paid,0,0
BILL752236,CUST10266,348186,348186,2026-10-12 00:02:00,2026-10-14 00:02:00,Web,Paid,0,0
BILL260681,CUST10551,157266,157266,2026-06-12 00:00:00,2026-06-17 00:00:00,Web,Paid,0,0
BILL230430,CUST10537,229841,229841,2026-05-16 00:00:00,2026-05-16 00:00:00,Mobile,Paid,0,0
BILL569160,CUST10008,280575,151860,2026-05-07 00:00:00,2026-05-09 00:00:00,Web,Paid,0,1
BILL628529,CUST10254,369955,369955,2026-08-18 00:00:00,2026-08-23 00:00:00,Mobile,Paid,0,0
BILL702544,CUST10388,355509,355509,2026-04-16 00:00:00,2026-04-18 00:00:00,Mobile,Paid,0,0
BILL276706,CUST10416,112475,112475,2026-10-29 00:00:00,2026-10-29 00:00:00,Mobile,Paid,0,0
BILL653075,CUST10369,232410,232410,2026-08-22 00:00:00,2026-08-24 00:00:00,Mobile,Paid,0,0
BILL212688,CUST10028,364958,364958,2026-08-20 00:03:00,2026-08-20 00:03:00,Web,Paid,0,0
BILL468347,CUST10412,345344,345344,2026-08-22 00:00:00,2026-08-26 00:00:00,Mobile,Paid,0,0
BILL298767,CUST10352,375803,375803,2026-09-28 00:00:00,2026-09-28 00:00:00,Mobile,Paid,0,0
BILL861926,CUST10134,185854,185854,2026-08-22 00:00:00,2026-08-25 00:00:00,Web,Paid,0,0
BILL621630,CUST10255,242003,242003,2026-07-16 00:00:00,2026-07-16 00:00:00,Web,Paid,0,0
BILL561448,CUST10504,192508,192508,2026-07-20 00:00:00,2026-07-21 00:00:00,Web,Paid,0,0
BILL368772,CUST10393,339430,339430,2026-04-17 00:00:00,2026-04-21 00:00:00,Mobile,Paid,0,0
BILL203365,CUST10404,225615,225615,2026-08-21 00:00:00,2026-08-20 00:00:00,Web,Paid,0,0
BILL656520,CUST10219,352327,352327,2026-05-12 00:00:00,2026-05-14 00:00:00,Mobile,Paid,0,0
BILL982829,CUST10366,335915,335915,2026-06-08 00:02:00,2026-06-12 00:02:00,Web,Paid,0,0
BILL784730,CUST10142,210354,210354,2026-05-13 00:00:00,2026-05-14 00:00:00,Web,Paid,0,0
BILL172457,CUST10545,315493,315493,2026-06-11 00:00:00,2026-06-15 00:00:00,Web,Paid,0,0
BILL819062,CUST10445,342383,342383,2026-07-13 00:00:00,2026-07-14 00:00:00,Mobile,Paid,0,0
BILL150465,CUST10354,212581,212581,2026-04-05 00:00:00,2026-04-05 00:00:00,Mobile,Paid,1,1
BILL916396,CUST10433,234061,234061,2026-07-15 00:00:00,2026-07-16 00:00:00,Web,Paid,0,0
BILL164895,CUST10455,228673,228673,2026-07-22 00:00:00,2026-07-25 00:00:00,Web,Paid,0,0
BILL220768,CUST10599,287062,287062,2026-08-12 00:00:00,2026-08-12 00:00:00,Mobile,Paid,0,0
BILL179756,CUST10155,318440,318440,2026-11-27 00:03:00,2026-12-01 00:03:00,Web,Paid,0,0
BILL150977,CUST10417,378264,378264,2026-07-21 00:00:00,2026-07-22 00:00:00,Mobile,Paid,0,0
BILL733297,CUST10000,280462,280462,2026-09-05 00:00:00,2026-09-09 00:00:00,Web,Paid,0,0
BILL618956,CUST10344,259225,259225,2026-10-14 00:00:00,2026-10-16 00:00:00,Web,Paid,0,0
BILL966180,CUST10075,274772,274772,2026-09-26 00:00:00,2026-09-25 00:00:00,API,Paid,0,0
BILL586509,CUST10125,257003,257003,2026-03-09 00:00:00,2026-03-13 00:00:00,Web,Paid,0,0
BILL668511,CUST10548,270524,270524,2026-10-20 00:00:00,2026-10-21 00:00:00,Web,Paid,0,0
BILL114379,CUST10009,210512,210512,2026-08-19 00:00:00,2026-08-22 00:00:00,API,Paid,0,0
BILL839641,CUST10424,126459,126459,2026-05-14 00:00:00,2026-05-18 00:00:00,Mobile,Paid,0,0
BILL151068,CUST10361,259740,259740,2026-04-12 00:00:00,2026-04-13 00:00:00,API,Paid,0,0
BILL524951,CUST10374,219008,219008,2026-08-25 00:00:00,2026-08-28 00:00:00,Mobile,Paid,0,0
BILL110084,CUST10349,254414,254414,2026-09-13 00:00:00,2026-09-15 00:00:00,Web,Paid,0,0
BILL601559,CUST10340,189421,189421,2026-07-14 00:03:00,2026-07-14 00:03:00,Web,Paid,0,0
BILL790368,CUST10155,318440,318440,2026-12-31 00:03:00,2027-01-03 00:03:00,Web,Paid,0,0
BILL302564,CUST10346,295566,295566,2026-07-29 00:00:00,2026-07-30 00:00:00,Web,Paid,0,0
BILL926165,CUST10340,189421,189421,2026-08-13 00:03:00,2026-08-14 00:03:00,Web,Paid,1,1
BILL268494,CUST10097,281179,281179,2026-08-18 00:00:00,2026-08-22 00:00:00,Mobile,Paid,0,0
BILL996736,CUST10574,307059,307059,2026-05-13 00:00:00,2026-05-14 00:00:00,Mobile,Paid,0,0
BILL337716,CUST10287,340091,340091,2026-09-24 00:00:00,2026-09-25 00:00:00,Mobile,Paid,0,0
BILL712448,CUST10360,195992,195992,2026-06-18 00:00:00,2026-06-21 00:00:00,Mobile,Paid,0,0
BILL723147,CUST10214,166032,166032,2026-04-12 00:00:00,2026-04-16 00:00:00,Mobile,Paid,0,0
BILL236375,CUST10240,302111,302111,2026-10-16 00:02:00,2026-10-21 00:02:00,Web,Paid,0,0
BILL832971,CUST10516,381906,381906,2026-05-13 00:00:00,2026-05-17 00:00:00,Mobile,Paid,0,0
BILL883713,CUST10410,262188,262188,2026-06-08 00:00:00,2026-06-09 00:00:00,Web,Paid,0,0
BILL550657,CUST10035,369586,355303,2026-05-15 00:00:00,2026-05-16 00:00:00,API,Paid,0,0
BILL239284,CUST10070,238824,238824,2026-07-14 00:00:00,2026-07-16 00:00:00,API,Paid,0,0
BILL708899,CUST10050,162880,162880,2026-08-22 00:00:00,2026-08-27 00:00:00,Mobile,Paid,0,0
BILL812246,CUST10153,225835,225835,2026-08-21 00:00:00,2026-08-22 00:00:00,Web,Paid,0,0
BILL373901,CUST10351,168423,168423,2026-04-09 00:00:00,2026-04-14 00:00:00,Mobile,Paid,0,0
BILL699293,CUST10460,305172,305172,2026-03-14 00:00:00,2026-03-13 00:00:00,Mobile,Paid,0,0
BILL304260,CUST10216,186571,186571,2026-07-19 00:00:00,2026-07-18 00:00:00,Web,Paid,0,0
BILL882213,CUST10451,349644,349644,2026-07-20 00:00:00,2026-07-20 00:00:00,Web,Paid,0,0
BILL374764,CUST10394,163160,163160,2026-08-20 00:00:00,2026-08-24 00:00:00,Web,Paid,0,0
BILL837624,CUST10565,373664,373664,2026-09-30 00:00:00,2026-10-02 00:00:00,Web,Paid,0,0
BILL557863,CUST10159,171080,171080,2026-06-22 00:00:00,2026-06-26 00:00:00,Web,Paid,0,0
BILL188691,CUST10306,279909,279909,2026-09-25 00:00:00,2026-09-26 00:00:00,Web,Paid,0,0
BILL526403,CUST10311,151937,151937,2026-06-11 00:00:00,2026-06-12 00:00:00,Mobile,Paid,0,0
BILL461785,CUST10550,205293,205293,2026-08-21 00:00:00,2026-08-26 00:00:00,Web,Paid,0,0
BILL793045,CUST10557,232020,232020,2026-05-11 00:02:00,2026-05-12 00:02:00,Web,Paid,0,0
BILL770774,CUST10321,221950,221950,2026-06-13 00:00:00,2026-06-17 00:00:00,Mobile,Paid,0,0
BILL331090,CUST10277,359643,149611,2026-07-23 00:00:00,2026-07-25 00:00:00,Mobile,Paid,0,1
BILL875647,CUST10577,383781,383781,2026-03-05 00:00:00,2026-03-05 00:00:00,Web,Paid,0,0
BILL971251,CUST10501,197521,197521,2026-07-12 00:00:00,2026-07-16 00:00:00,Web,Paid,0,0
BILL424751,CUST10539,138041,138041,2026-10-15 00:00:00,2026-10-18 00:00:00,Mobile,Paid,0,0
BILL609121,CUST10213,118930,118930,2026-06-08 00:03:00,2026-06-11 00:03:00,API,Paid,0,1
BILL773972,CUST10071,158308,158308,2026-07-17 00:00:00,2026-07-17 00:00:00,API,Paid,0,0
BILL370110,CUST10594,328203,1325481,2026-10-31 00:00:00,2026-11-04 00:00:00,Web,Paid,0,1
BILL981072,CUST10033,239118,239118,2026-06-06 00:00:00,2026-06-06 00:00:00,API,Paid,1,1
BILL977579,CUST10590,265889,265889,2026-07-21 00:00:00,2026-07-22 00:00:00,Web,Paid,0,0
BILL940278,CUST10484,392556,392556,2026-09-24 00:00:00,2026-09-25 00:00:00,Mobile,Paid,0,0
BILL875518,CUST10354,212581,212581,2026-05-05 00:00:00,2026-05-10 00:00:00,Mobile,Paid,0,0
BILL108900,CUST10364,236723,236723,2026-06-24 00:00:00,2026-06-24 00:00:00,Web,Paid,0,0
BILL106698,CUST10554,216968,216968,2026-08-19 00:00:00,2026-08-24 00:00:00,API,Paid,0,0
BILL549263,CUST10052,298577,298577,2026-10-20 00:00:00,2026-10-23 00:00:00,Mobile,Paid,0,0
BILL819126,CUST10367,161422,161422,2026-07-20 00:00:00,2026-07-20 00:00:00,Mobile,Paid,0,0
BILL982329,CUST10249,169300,169300,2026-08-21 00:02:00,2026-08-25 00:02:00,Web,Paid,0,0
BILL552458,CUST10055,380448,380448,2026-11-23 00:00:00,2026-11-26 00:00:00,Web,Paid,0,0
BILL628685,CUST10069,240610,240610,2026-07-20 00:00:00,2026-07-24 00:00:00,Web,Paid,0,0
BILL725303,CUST10102,275738,1152297,2026-09-12 00:00:00,2026-09-12 00:00:00,Mobile,Paid,0,1
BILL290644,CUST10009,210512,210512,2026-09-21 00:00:00,2026-09-24 00:00:00,Web,Paid,0,0
BILL584462,CUST10033,239118,239118,2026-07-06 00:00:00,2026-07-06 00:00:00,Mobile,Paid,0,0
BILL722508,CUST10161,101122,101122,2026-05-17 00:00:00,2026-05-17 00:00:00,Web,Paid,0,0
BILL601243,CUST10522,340137,337801,2026-06-07 00:00:00,2026-06-10 00:00:00,Mobile,Paid,0,0
BILL927323,CUST10078,271954,271954,2026-09-13 00:00:00,2026-09-17 00:00:00,Web,Paid,0,0
BILL459256,CUST10036,372201,372201,2026-08-18 00:00:00,2026-08-23 00:00:00,Web,Paid,0,0
BILL660544,CUST10026,224210,224210,2026-07-16 00:00:00,2026-07-19 00:00:00,Mobile,Paid,0,0
BILL600241,CUST10504,192508,192508,2026-08-20 00:00:00,2026-08-22 00:00:00,Web,Paid,0,0
BILL558398,CUST10482,198775,198775,2026-05-12 00:00:00,2026-05-12 00:00:00,Web,Paid,0,0
BILL984794,CUST10481,153319,153319,2026-02-03 00:00:00,2026-02-08 00:00:00,Mobile,Paid,0,0
BILL726977,CUST10424,126459,126459,2026-06-17 00:00:00,2026-06-18 00:00:00,Mobile,Paid,0,0
BILL400277,CUST10618,222795,222795,2026-12-20 00:00:00,2026-12-23 00:00:00,Web,Paid,0,0
BILL399545,CUST10001,294419,294419,2026-09-13 00:00:00,2026-09-17 00:00:00,Web,Paid,0,0
BILL969348,CUST10034,308610,308610,2026-06-15 00:00:00,2026-06-20 00:00:00,Mobile,Paid,0,0
BILL568469,CUST10300,207505,207505,2026-04-08 00:00:00,2026-04-12 00:00:00,Web,Paid,0,0
BILL423362,CUST10022,251640,251640,2026-08-19 00:00:00,2026-08-22 00:00:00,Mobile,Paid,0,0
BILL731743,CUST10096,194180,194180,2026-09-07 00:00:00,2026-09-11 00:00:00,Mobile,Paid,0,0
BILL197896,CUST10382,144164,144164,2026-07-22 00:00:00,2026-07-27 00:00:00,Web,Paid,0,0
BILL132964,CUST10016,116991,116991,2026-05-17 00:00:00,2026-05-20 00:00:00,Web,Paid,0,0
BILL224439,CUST10598,132557,132557,2026-06-17 00:00:00,2026-06-17 00:00:00,Mobile,Paid,0,0
BILL777660,CUST10066,210041,210041,2026-05-17 00:00:00,2026-05-19 00:00:00,Mobile,Paid,0,0
BILL744592,CUST10224,305967,305967,2026-09-17 00:00:00,2026-09-18 00:00:00,Mobile,Paid,0,0
BILL884039,CUST10252,207634,207634,2026-10-18 00:00:00,2026-10-22 00:00:00,Mobile,Paid,0,0
BILL216603,CUST10449,196322,196322,2026-06-17 00:00:00,2026-06-20 00:00:00,Web,Paid,0,0
BILL456356,CUST10199,340465,340465,2026-06-14 00:00:00,2026-06-17 00:00:00,API,Paid,0,0
BILL961080,CUST10483,165857,165857,2026-10-16 00:00:00,2026-10-16 00:00:00,Mobile,Paid,0,0
BILL487348,CUST10036,372201,372201,2026-09-22 00:00:00,2026-09-22 00:00:00,API,Paid,0,0
BILL713552,CUST10360,195992,195992,2026-07-21 00:00:00,2026-07-25 00:00:00,Mobile,Paid,0,0
BILL994049,CUST10487,197958,197958,2026-06-13 00:00:00,2026-06-17 00:00:00,API,Paid,0,0
BILL971567,CUST10014,265386,265386,2026-07-23 00:00:00,2026-07-27 00:00:00,API,Paid,0,0
BILL264398,CUST10253,123560,123560,2026-08-21 00:00:00,2026-08-21 00:00:00,Mobile,Paid,0,0
BILL758911,CUST10086,360375,360375,2026-06-14 00:00:00,2026-06-17 00:00:00,Mobile,Paid,0,0
BILL521517,CUST10106,153811,153811,2026-07-16 00:00:00,2026-07-21 00:00:00,Web,Paid,0,0
BILL191923,CUST10505,154065,154065,2026-02-06 00:00:00,2026-02-06 00:00:00,Mobile,Paid,0,0
BILL248910,CUST10286,205365,205365,2026-08-27 00:00:00,2026-08-31 00:00:00,Web,Paid,0,0
BILL262510,CUST10077,278619,278619,2026-11-25 00:00:00,2026-11-26 00:00:00,Mobile,Paid,0,0
BILL298035,CUST10359,189439,189439,2026-07-26 00:00:00,2026-07-27 00:00:00,Web,Paid,0,0
BILL339945,CUST10073,338950,338950,2026-09-11 00:00:00,2026-09-16 00:00:00,Mobile,Paid,0,0
BILL277074,CUST10470,231253,223981,2026-06-20 00:00:00,2026-06-25 00:00:00,Web,Paid,0,0
BILL110931,CUST10213,118930,118930,2026-07-11 00:03:00,2026-07-16 00:03:00,Mobile,Paid,0,0
BILL549088,CUST10074,356853,356853,2026-08-21 00:00:00,2026-08-26 00:00:00,Mobile,Paid,0,0
BILL161589,CUST10136,153321,153321,2026-08-20 00:00:00,2026-08-25 00:00:00,Web,Paid,0,0
BILL702148,CUST10288,244660,244660,2026-09-15 00:02:00,2026-09-16 00:02:00,Web,Paid,0,0
BILL577905,CUST10541,373598,377703,2026-07-20 00:00:00,2026-07-23 00:00:00,Web,Paid,0,0
BILL477951,CUST10587,236036,236036,2026-07-13 00:00:00,2026-07-16 00:00:00,Mobile,Paid,0,0
BILL274855,CUST10393,339430,339430,2026-05-21 00:00:00,2026-05-22 00:00:00,Mobile,Paid,0,0
BILL990554,CUST10433,234061,234061,2026-08-15 00:00:00,2026-08-20 00:00:00,API,Paid,0,0
BILL442872,CUST10306,279909,279909,2026-10-26 00:00:00,2026-10-29 00:00:00,Web,Paid,0,0
BILL160175,CUST10340,189421,189421,2026-09-13 00:03:00,2026-09-17 00:03:00,Web,Paid,0,0
BILL465529,CUST10212,216836,216836,2026-07-20 00:00:00,2026-07-22 00:00:00,Web,Paid,0,0
BILL393263,CUST10569,259259,259259,2026-08-19 00:00:00,2026-08-19 00:00:00,Web,Paid,0,0
BILL541050,CUST10104,110694,110694,2026-08-24 00:00:00,2026-08-24 00:00:00,API,Paid,0,1
BILL417692,CUST10104,110694,110694,2026-08-24 00:00:00,2026-08-24 00:01:00,API,Paid,0,1
BILL769543,CUST10104,110694,110694,2026-08-24 00:00:00,2026-08-24 00:02:00,API,Paid,0,1
BILL726118,CUST10016,116991,116991,2026-06-19 00:00:00,2026-06-21 00:00:00,Web,Paid,0,0
BILL757252,CUST10400,201664,201664,2026-06-16 00:00:00,2026-06-18 00:00:00,Mobile,Paid,0,0
BILL698947,CUST10076,142055,142055,2026-06-15 00:00:00,2026-06-19 00:00:00,Web,Paid,0,0
BILL271246,CUST10580,140210,140210,2026-06-18 00:00:00,2026-06-19 00:00:00,Web,Paid,0,0
BILL805043,CUST10158,104243,104243,2026-08-19 00:00:00,2026-08-19 00:00:00,Web,Paid,0,0
BILL175661,CUST10272,398549,398549,2026-02-08 00:00:00,2026-02-12 00:00:00,Mobile,Paid,0,0
BILL485557,CUST10151,169054,169054,2026-06-07 00:00:00,2026-06-12 00:00:00,Mobile,Paid,0,0
BILL600284,CUST10410,262188,262188,2026-07-09 00:00:00,2026-07-12 00:00:00,Web,Paid,0,0
BILL788589,CUST10184,299790,299790,2026-09-02 00:00:00,2026-09-04 00:00:00,Mobile,Paid,0,0
BILL995687,CUST10087,309656,309656,2026-06-22 00:00:00,2026-06-23 00:00:00,Web,Paid,0,0
BILL318787,CUST10223,367891,367891,2026-06-08 00:00:00,2026-06-11 00:00:00,Web,Paid,0,0
BILL957156,CUST10533,255457,255457,2026-04-03 00:00:00,2026-04-03 00:00:00,Mobile,Paid,0,0
BILL994846,CUST10492,371225,371225,2026-03-13 00:00:00,2026-03-13 00:00:00,Mobile,Paid,0,0
BILL104489,CUST10536,367293,367293,2026-04-07 00:00:00,2026-04-09 00:00:00,Web,Paid,0,0
BILL464955,CUST10238,308363,308363,2026-08-16 00:00:00,2026-08-16 00:00:00,Web,Paid,0,0
BILL754684,CUST10489,309142,309142,2026-06-16 00:00:00,2026-06-21 00:00:00,Mobile,Paid,0,0
BILL244909,CUST10109,383003,383003,2026-06-28 00:00:00,2026-06-29 00:00:00,Web,Paid,0,0
BILL813218,CUST10395,155968,155968,2026-05-04 00:00:00,2026-05-07 00:00:00,Web,Paid,0,0
BILL360192,CUST10302,309550,309550,2026-10-08 00:02:00,2026-10-08 00:02:00,Web,Paid,0,0
BILL699579,CUST10000,280462,280462,2026-10-09 00:00:00,2026-10-09 00:00:00,Web,Paid,0,0
BILL621834,CUST10117,331346,331346,2026-08-21 00:00:00,2026-08-24 00:00:00,API,Paid,0,0
BILL396558,CUST10188,357477,357477,2026-08-15 00:00:00,2026-08-18 00:00:00,Web,Paid,0,0
BILL876538,CUST10449,196322,196322,2026-07-20 00:00:00,2026-07-22 00:00:00,API,Paid,0,0
BILL765784,CUST10213,118930,118930,2026-08-15 00:03:00,2026-08-16 00:03:00,Mobile,Paid,0,0
BILL801212,CUST10140,382812,382812,2026-08-12 00:03:00,2026-08-17 00:03:00,Web,Paid,0,0
BILL154513,CUST10593,389266,389266,2026-08-24 00:00:00,2026-08-26 00:00:00,Mobile,Paid,0,0
BILL566457,CUST10079,262578,262578,2026-04-11 00:00:00,2026-04-14 00:00:00,API,Paid,0,0
BILL408089,CUST10326,131336,131336,2027-01-20 00:04:00,2027-01-20 00:04:00,Mobile,Paid,0,0
BILL648135,CUST10205,223531,223531,2026-07-19 00:00:00,2026-07-19 00:00:00,Mobile,Paid,0,0
BILL461486,CUST10161,101122,101122,2026-06-16 00:00:00,2026-06-21 00:00:00,Web,Paid,1,1
BILL953102,CUST10250,147265,147265,2026-04-07 00:00:00,2026-04-07 00:00:00,Web,Paid,0,0
BILL515060,CUST10179,286217,286217,2026-09-28 00:00:00,2026-10-01 00:00:00,Web,Paid,0,0
BILL996459,CUST10334,265988,265988,2026-03-14 00:00:00,2026-03-19 00:00:00,Mobile,Paid,0,0
BILL906196,CUST10052,298577,298577,2026-11-22 00:00:00,2026-11-26 00:00:00,Mobile,Paid,0,0
BILL988518,CUST10262,112663,112663,2026-07-15 00:00:00,2026-07-19 00:00:00,Mobile,Paid,0,0
BILL297840,CUST10610,366644,366644,2026-05-18 00:00:00,2026-05-19 00:00:00,Web,Paid,0,0
BILL157880,CUST10441,199152,199152,2026-03-15 00:00:00,2026-03-19 00:00:00,Web,Paid,0,0
BILL115179,CUST10252,207634,207634,2026-11-21 00:00:00,2026-11-25 00:00:00,Mobile,Paid,1,1
BILL496225,CUST10423,377888,377888,2026-12-04 00:00:00,2026-12-06 00:00:00,Mobile,Paid,0,0
BILL338303,CUST10200,383061,383061,2026-04-14 00:00:00,2026-04-18 00:00:00,Web,Paid,0,0
BILL290166,CUST10338,347422,347422,2026-06-11 00:00:00,2026-06-16 00:00:00,Mobile,Paid,0,0
BILL674264,CUST10298,306913,306913,2026-09-20 00:00:00,2026-09-20 00:00:00,Mobile,Paid,0,0
BILL922612,CUST10087,309656,309656,2026-07-23 00:00:00,2026-07-24 00:00:00,Web,Paid,0,0
BILL321460,CUST10178,352805,352805,2026-08-16 00:00:00,2026-08-16 00:00:00,Web,Paid,0,0
BILL626674,CUST10481,153319,153319,2026-03-10 00:00:00,2026-03-14 00:00:00,Mobile,Paid,0,0
BILL521987,CUST10017,120945,120945,2026-07-03 00:00:00,2026-07-07 00:00:00,Mobile,Paid,0,0
BILL206706,CUST10357,345533,343974,2026-08-16 00:02:00,2026-08-19 00:02:00,Web,Paid,1,1
BILL563437,CUST10469,348401,348401,2026-05-15 00:00:00,2026-05-18 00:00:00,Mobile,Paid,0,0
BILL846000,CUST10156,369239,369239,2026-08-20 00:00:00,2026-08-21 00:00:00,Web,Paid,0,0
BILL569150,CUST10328,305250,305250,2026-06-10 00:00:00,2026-06-11 00:00:00,Mobile,Paid,0,0
BILL126836,CUST10449,196322,196322,2026-08-21 00:00:00,2026-08-23 00:00:00,Web,Paid,0,0
BILL280177,CUST10577,383781,383781,2026-04-04 00:00:00,2026-04-03 00:00:00,Web,Paid,0,0
BILL410139,CUST10342,221121,221121,2026-08-14 00:00:00,2026-08-15 00:00:00,Mobile,Paid,1,1
BILL354671,CUST10034,308610,308610,2026-07-20 00:00:00,2026-07-24 00:00:00,Mobile,Paid,0,0
BILL644953,CUST10270,256786,256786,2026-06-12 00:00:00,2026-06-13 00:00:00,Mobile,Paid,0,0
BILL786297,CUST10265,345851,345851,2026-08-12 00:00:00,2026-08-12 00:00:00,Mobile,Paid,0,0
BILL867452,CUST10538,392023,392023,2026-08-12 00:00:00,2026-08-12 00:00:00,Mobile,Paid,0,0
BILL576936,CUST10033,239118,239118,2026-08-05 00:00:00,2026-08-09 00:00:00,Mobile,Paid,0,0
BILL277644,CUST10054,281343,281343,2026-09-18 00:00:00,2026-09-20 00:00:00,Mobile,Paid,0,0
BILL876751,CUST10217,165780,165780,2026-07-18 00:00:00,2026-07-18 00:00:00,Web,Paid,0,0
BILL356551,CUST10223,367891,367891,2026-07-11 00:00:00,2026-07-16 00:00:00,Web,Paid,0,0
BILL497573,CUST10414,356739,356739,2026-05-14 00:00:00,2026-05-16 00:00:00,API,Paid,0,0
BILL648054,CUST10049,229700,229700,2026-10-27 00:00:00,2026-10-31 00:00:00,Web,Paid,0,0
BILL224043,CUST10169,282389,282389,2026-11-23 00:02:00,2026-11-28 00:02:00,Web,Paid,0,0
BILL937389,CUST10354,212581,212581,2026-06-09 00:00:00,2026-06-11 00:00:00,Mobile,Paid,0,0
BILL570030,CUST10224,305967,305967,2026-10-18 00:00:00,2026-10-18 00:00:00,Mobile,Paid,0,0
BILL522001,CUST10068,217601,217601,2026-10-13 00:00:00,2026-10-14 00:00:00,Mobile,Paid,0,0
BILL498007,CUST10597,121035,121035,2026-05-10 00:00:00,2026-05-13 00:00:00,Web,Paid,0,0
BILL610335,CUST10346,295566,295566,2026-08-29 00:00:00,2026-08-31 00:00:00,Web,Paid,0,0
BILL801625,CUST10309,119726,119726,2026-06-15 00:00:00,2026-06-17 00:00:00,Mobile,Paid,0,0
BILL998731,CUST10151,169054,169054,2026-07-12 00:00:00,2026-07-14 00:00:00,Mobile,Paid,0,0
BILL814182,CUST10204,148331,148331,2026-08-06 00:00:00,2026-08-07 00:00:00,Mobile,Paid,0,0
BILL794287,CUST10218,180276,180276,2026-09-24 00:00:00,2026-09-25 00:00:00,Mobile,Paid,0,0
BILL380878,CUST10305,290216,290216,2026-06-22 00:00:00,2026-06-27 00:00:00,Web,Paid,0,0
BILL957700,CUST10542,218385,227123,2026-11-23 00:00:00,2026-11-26 00:00:00,Web,Paid,0,0
BILL960710,CUST10095,333349,333349,2026-06-14 00:00:00,2026-06-19 00:00:00,Mobile,Paid,0,0
BILL203375,CUST10345,245919,245919,2026-04-16 00:00:00,2026-04-16 00:00:00,Mobile,Paid,0,0
BILL451003,CUST10269,168347,168347,2026-07-20 00:00:00,2026-07-21 00:00:00,Web,Paid,0,0
BILL965196,CUST10158,104243,103471,2026-09-18 00:00:00,2026-09-21 00:00:00,API,Paid,0,0
BILL132039,CUST10536,367293,367293,2026-05-09 00:00:00,2026-05-10 00:00:00,API,Paid,0,0
BILL773974,CUST10342,221121,221121,2026-09-14 00:00:00,2026-09-15 00:00:00,Mobile,Paid,0,0
BILL740062,CUST10300,207505,207505,2026-05-12 00:00:00,2026-05-15 00:00:00,API,Paid,0,1
BILL874820,CUST10342,221121,221121,2026-10-15 00:00:00,2026-10-20 00:00:00,Mobile,Paid,0,0
BILL671629,CUST10243,108833,108833,2026-07-12 00:02:00,2026-07-12 00:02:00,Web,Paid,0,0
BILL446237,CUST10420,389530,389530,2026-05-19 00:00:00,2026-05-20 00:00:00,Mobile,Paid,0,0
BILL694410,CUST10476,116759,116759,2026-10-16 00:00:00,2026-10-18 00:00:00,Web,Paid,0,0
BILL662627,CUST10299,188311,115098,2026-05-09 00:00:00,2026-05-09 00:00:00,Mobile,Paid,0,1
BILL283794,CUST10372,145857,145857,2026-10-27 00:00:00,2026-10-29 00:00:00,Web,Paid,0,0
BILL269519,CUST10029,128035,128035,2026-09-11 00:00:00,2026-09-13 00:00:00,Mobile,Paid,0,0
BILL115744,CUST10095,333349,333349,2026-07-19 00:00:00,2026-07-19 00:00:00,Mobile,Paid,0,0
BILL113366,CUST10222,112320,112320,2027-01-29 00:00:00,2027-01-31 00:00:00,Web,Paid,0,0
BILL962036,CUST10379,362880,362880,2026-07-18 00:00:00,2026-07-20 00:00:00,Mobile,Paid,0,0
BILL936845,CUST10278,293986,293986,2026-10-15 00:00:00,2026-10-15 00:00:00,Web,Paid,0,0
BILL263604,CUST10237,112971,112971,2026-07-15 00:00:00,2026-07-18 00:00:00,Mobile,Paid,0,0
BILL646171,CUST10277,359643,359643,2026-08-24 00:00:00,2026-08-26 00:00:00,API,Paid,0,0
BILL234211,CUST10370,105982,105982,2026-08-22 00:00:00,2026-08-23 00:00:00,Mobile,Paid,0,0
BILL787430,CUST10284,190045,190045,2026-07-16 00:00:00,2026-07-18 00:00:00,Web,Paid,0,0
BILL205431,CUST10034,308610,308610,2026-08-23 00:00:00,2026-08-24 00:00:00,Mobile,Paid,0,0
BILL703980,CUST10155,318440,318440,2027-02-02 00:03:00,2027-02-04 00:03:00,Web,Paid,0,0
BILL920245,CUST10078,271954,271954,2026-10-17 00:00:00,2026-10-17 00:00:00,Web,Paid,0,0
BILL487815,CUST10388,355509,355509,2026-05-18 00:00:00,2026-05-18 00:00:00,Mobile,Paid,0,0
BILL502019,CUST10538,392023,392023,2026-09-11 00:00:00,2026-09-11 00:00:00,Mobile,Paid,0,0
BILL459775,CUST10193,149841,149841,2026-06-17 00:00:00,2026-06-21 00:00:00,Mobile,Paid,0,0
BILL408866,CUST10522,340137,340137,2026-07-10 00:00:00,2026-07-11 00:00:00,Mobile,Paid,0,0
BILL242450,CUST10189,232919,232919,2026-06-18 00:00:00,2026-06-19 00:00:00,API,Paid,0,0
BILL633854,CUST10544,395821,395821,2026-06-08 00:00:00,2026-06-13 00:00:00,Web,Paid,0,0
BILL239305,CUST10226,328761,328761,2026-05-11 00:00:00,2026-05-13 00:00:00,API,Paid,0,0
BILL291456,CUST10268,130751,130751,2026-06-06 00:00:00,2026-06-09 00:00:00,Mobile,Paid,0,0
BILL667122,CUST10408,222785,222785,2026-06-14 00:00:00,2026-06-17 00:00:00,Mobile,Paid,0,0
BILL695084,CUST10407,250699,250699,2026-04-14 00:00:00,2026-04-17 00:00:00,Web,Paid,0,0
BILL597196,CUST10194,399827,399827,2026-06-19 00:00:00,2026-06-21 00:00:00,Mobile,Paid,0,0
BILL972436,CUST10227,202023,202023,2027-01-04 00:00:00,2027-01-04 00:00:00,Mobile,Paid,0,0
BILL486504,CUST10215,129546,129546,2026-08-26 00:00:00,2026-08-31 00:00:00,Web,Paid,0,0
BILL952233,CUST10205,223531,223531,2026-08-18 00:00:00,2026-08-19 00:00:00,Mobile,Paid,0,0
BILL437899,CUST10340,189421,189421,2026-10-17 00:03:00,2026-10-19 00:03:00,API,Paid,0,0
BILL325168,CUST10213,118930,118930,2026-09-15 00:03:00,2026-09-19 00:03:00,Mobile,Paid,0,0
BILL576805,CUST10581,355990,355990,2026-06-09 00:00:00,2026-06-13 00:00:00,Web,Paid,0,0
BILL500333,CUST10196,246448,246448,2026-06-11 00:00:00,2026-06-15 00:00:00,Web,Paid,0,0
BILL464952,CUST10333,267327,267327,2026-08-16 00:00:00,2026-08-16 00:00:00,Web,Paid,0,0
BILL730892,CUST10327,317238,317238,2026-08-22 00:00:00,2026-08-26 00:00:00,Mobile,Paid,0,0
BILL808815,CUST10327,317238,317238,2026-09-25 00:00:00,2026-09-30 00:00:00,Mobile,Paid,0,0
BILL343262,CUST10604,236828,236828,2026-05-11 00:00:00,2026-05-16 00:00:00,Web,Paid,0,0
BILL996890,CUST10092,397873,397873,2026-07-20 00:00:00,2026-07-24 00:00:00,Mobile,Paid,0,0
BILL119925,CUST10123,171669,171669,2026-08-22 00:00:00,2026-08-24 00:00:00,Web,Paid,0,0
BILL520219,CUST10617,240366,240366,2026-06-12 00:00:00,2026-06-13 00:00:00,Web,Paid,0,0
BILL722669,CUST10608,375374,375374,2026-05-15 00:00:00,2026-05-19 00:00:00,Mobile,Paid,0,0
BILL712032,CUST10274,126815,126815,2026-04-12 00:00:00,2026-04-17 00:00:00,Web,Paid,0,0
BILL489523,CUST10524,240935,240935,2026-10-21 00:00:00,2026-10-21 00:00:00,Mobile,Paid,0,0
BILL199835,CUST10499,174133,174133,2026-10-20 00:00:00,2026-10-21 00:00:00,Mobile,Paid,0,0
BILL358594,CUST10412,345344,345344,2026-09-25 00:00:00,2026-09-27 00:00:00,Mobile,Paid,0,0
BILL360547,CUST10240,302111,302111,2026-11-20 00:02:00,2026-11-22 00:02:00,Web,Paid,0,0
BILL416591,CUST10048,283288,283288,2026-08-14 00:00:00,2026-08-14 00:00:00,Mobile,Paid,0,0
BILL577396,CUST10089,268535,268535,2026-06-11 00:00:00,2026-06-15 00:00:00,Web,Paid,0,0
BILL981700,CUST10075,274772,274772,2026-10-25 00:00:00,2026-10-29 00:00:00,Web,Paid,0,0
BILL983015,CUST10601,154862,154862,2026-06-11 00:00:00,2026-06-11 00:00:00,Web,Paid,0,0
BILL536264,CUST10210,207564,207564,2026-06-17 00:00:00,2026-06-22 00:00:00,Mobile,Paid,0,0
BILL104997,CUST10188,357477,357477,2026-09-17 00:00:00,2026-09-19 00:00:00,Web,Paid,0,0
BILL173875,CUST10289,171824,171824,2026-06-10 00:00:00,2026-06-12 00:00:00,Web,Paid,0,0
BILL633615,CUST10198,389783,389783,2026-08-30 00:00:00,2026-08-31 00:00:00,Web,Paid,0,0
BILL222718,CUST10365,232975,232975,2026-08-25 00:00:00,2026-08-25 00:00:00,Web,Paid,0,0
BILL830752,CUST10124,265731,265731,2026-05-18 00:00:00,2026-05-19 00:00:00,API,Paid,0,0
BILL811764,CUST10021,195797,195797,2026-06-17 00:00:00,2026-06-19 00:00:00,Mobile,Paid,0,0
BILL660506,CUST10224,305967,305967,2026-11-17 00:00:00,2026-11-17 00:00:00,Mobile,Paid,0,0
BILL726475,CUST10583,284245,284245,2026-04-16 00:00:00,2026-04-21 00:00:00,API,Paid,0,0
BILL204987,CUST10504,192508,192508,2026-09-21 00:00:00,2026-09-26 00:00:00,Web,Paid,0,0
BILL644070,CUST10450,398981,398981,2026-05-10 00:00:00,2026-05-10 00:00:00,Web,Paid,0,0
BILL949502,CUST10431,233641,233641,2026-10-25 00:02:00,2026-10-28 00:02:00,Mobile,Paid,0,0
BILL590514,CUST10134,185854,185854,2026-09-24 00:00:00,2026-09-29 00:00:00,Web,Paid,0,0
BILL975603,CUST10536,367293,367293,2026-06-09 00:00:00,2026-06-14 00:00:00,Web,Paid,0,0
BILL811848,CUST10269,168347,168347,2026-08-20 00:00:00,2026-08-23 00:00:00,Web,Paid,0,0
BILL110733,CUST10395,155968,155968,2026-06-06 00:00:00,2026-06-11 00:00:00,Web,Paid,0,0
BILL837701,CUST10287,340091,340091,2026-10-25 00:00:00,2026-10-25 00:00:00,Mobile,Paid,0,0
BILL792330,CUST10136,153321,153321,2026-09-24 00:00:00,2026-09-24 00:00:00,Web,Paid,0,0
BILL186179,CUST10400,201664,201664,2026-07-18 00:00:00,2026-07-23 00:00:00,Mobile,Paid,0,0
BILL225212,CUST10395,155968,155968,2026-07-11 00:00:00,2026-07-16 00:00:00,API,Paid,0,0
BILL662114,CUST10029,128035,129127,2026-10-13 00:00:00,2026-10-16 00:00:00,Mobile,Paid,0,0
BILL420455,CUST10535,225969,225969,2026-04-08 00:00:00,2026-04-08 00:00:00,Mobile,Paid,0,0
BILL419793,CUST10199,340465,340465,2026-07-17 00:00:00,2026-07-16 00:00:00,Web,Paid,0,0
BILL873926,CUST10510,122044,122044,2026-05-15 00:00:00,2026-05-20 00:00:00,Web,Paid,0,0
BILL780707,CUST10607,185478,185478,2026-07-25 00:00:00,2026-07-27 00:00:00,Web,Paid,0,0
BILL670548,CUST10201,110219,110219,2026-09-25 00:00:00,2026-09-25 00:00:00,Mobile,Paid,0,0
BILL116749,CUST10448,210601,210601,2026-07-17 00:00:00,2026-07-20 00:00:00,Web,Paid,0,0
BILL631004,CUST10428,186119,188990,2026-09-19 00:00:00,2026-09-20 00:00:00,Mobile,Paid,0,0
BILL185260,CUST10245,182230,182230,2026-06-16 00:00:00,2026-06-20 00:00:00,Web,Paid,0,0
BILL553373,CUST10413,118569,118569,2026-07-15 00:00:00,2026-07-15 00:00:00,Mobile,Paid,0,0
BILL898013,CUST10413,118569,118569,2026-08-14 00:00:00,2026-08-14 00:00:00,API,Paid,0,0
BILL212030,CUST10495,389174,389174,2026-08-16 00:00:00,2026-08-19 00:00:00,Web,Paid,0,0
BILL391175,CUST10518,266405,266405,2026-07-19 00:00:00,2026-07-23 00:00:00,API,Paid,0,1
BILL258314,CUST10483,165857,165857,2026-11-15 00:00:00,2026-11-18 00:00:00,Mobile,Paid,0,0
BILL843578,CUST10258,165224,165224,2026-06-12 00:00:00,2026-06-12 00:00:00,API,Paid,0,1
BILL549696,CUST10258,165224,165224,2026-06-12 00:00:00,2026-06-12 00:01:00,API,Paid,0,1
BILL827224,CUST10435,251806,251806,2026-06-20 00:00:00,2026-06-25 00:00:00,Mobile,Paid,0,0
BILL103145,CUST10555,274885,274885,2026-08-15 00:00:00,2026-08-18 00:00:00,Web,Paid,0,0
BILL721243,CUST10341,124456,124456,2026-10-29 00:00:00,2026-10-31 00:00:00,Web,Paid,0,0
BILL434290,CUST10487,197958,197958,2026-07-17 00:00:00,2026-07-19 00:00:00,Mobile,Paid,0,0
BILL458327,CUST10588,315845,315845,2026-09-19 00:00:00,2026-09-19 00:00:00,Mobile,Paid,1,1
BILL906753,CUST10438,243716,775072,2026-10-16 00:00:00,2026-10-16 00:00:00,Web,Paid,0,1
BILL356674,CUST10535,225969,225969,2026-05-08 00:00:00,2026-05-10 00:00:00,Mobile,Paid,0,0
BILL291815,CUST10401,263793,263793,2026-10-25 00:00:00,2026-10-28 00:00:00,Mobile,Paid,0,0
BILL180841,CUST10315,102741,102741,2026-06-22 00:00:00,2026-06-22 00:00:00,Web,Paid,0,0
BILL827249,CUST10111,229006,229006,2026-06-08 00:00:00,2026-06-13 00:00:00,Web,Paid,0,0
BILL873456,CUST10298,306913,306913,2026-10-20 00:00:00,2026-10-20 00:00:00,Mobile,Paid,0,0
BILL195812,CUST10077,278619,278619,2026-12-26 00:00:00,2026-12-27 00:00:00,Mobile,Paid,0,0
BILL488706,CUST10495,389174,389174,2026-09-18 00:00:00,2026-09-23 00:00:00,Web,Paid,0,0
BILL243574,CUST10031,174879,174879,2026-08-21 00:00:00,2026-08-25 00:00:00,Mobile,Paid,0,0
BILL456459,CUST10027,156366,156366,2027-01-20 00:00:00,2027-01-25 00:00:00,Mobile,Paid,0,0
BILL702677,CUST10373,133995,133995,2026-07-20 00:00:00,2026-07-23 00:00:00,Mobile,Paid,0,0
BILL898306,CUST10412,345344,345344,2026-10-27 00:00:00,2026-10-28 00:00:00,Mobile,Paid,0,0
BILL273755,CUST10453,317420,317420,2026-05-13 00:00:00,2026-05-16 00:00:00,Mobile,Paid,0,0
BILL363074,CUST10340,189421,189421,2026-11-18 00:03:00,2026-11-18 00:03:00,API,Paid,0,1
BILL388312,CUST10340,189421,189421,2026-11-18 00:03:00,2026-11-18 00:04:00,API,Paid,0,1
BILL811107,CUST10216,186571,186571,2026-08-17 00:00:00,2026-08-19 00:00:00,Web,Paid,0,0
BILL585790,CUST10597,121035,121035,2026-06-12 00:00:00,2026-06-17 00:00:00,Web,Paid,0,0
BILL654722,CUST10364,236723,236723,2026-07-24 00:00:00,2026-07-27 00:00:00,Web,Paid,0,0
BILL420488,CUST10580,140210,140210,2026-07-19 00:00:00,2026-07-18 00:00:00,Web,Paid,0,0
BILL958294,CUST10605,277839,277839,2026-07-22 00:00:00,2026-07-27 00:00:00,Web,Paid,0,0
BILL472756,CUST10268,130751,130751,2026-07-09 00:00:00,2026-07-09 00:00:00,Mobile,Paid,0,0
BILL679363,CUST10076,142055,142055,2026-07-19 00:00:00,2026-07-24 00:00:00,Web,Paid,0,0
BILL444234,CUST10099,330512,330512,2026-05-14 00:00:00,2026-05-18 00:00:00,API,Paid,0,0
BILL872949,CUST10511,360798,360798,2026-06-13 00:00:00,2026-06-18 00:00:00,Web,Paid,0,0
BILL607863,CUST10039,358732,358732,2026-10-21 00:00:00,2026-10-23 00:00:00,Mobile,Paid,0,0
BILL136217,CUST10459,341806,341806,2026-09-28 00:00:00,2026-09-28 00:00:00,Web,Paid,0,0
BILL370743,CUST10482,198775,198775,2026-06-11 00:00:00,2026-06-11 00:00:00,API,Paid,0,0
BILL895668,CUST10235,240025,240025,2026-07-26 00:00:00,2026-07-29 00:00:00,Mobile,Paid,0,0
BILL904827,CUST10159,171080,171080,2026-07-26 00:00:00,2026-07-26 00:00:00,API,Paid,0,1
BILL595532,CUST10159,171080,171080,2026-07-26 00:00:00,2026-07-26 00:01:00,API,Paid,0,1
BILL583971,CUST10159,171080,171080,2026-07-26 00:00:00,2026-07-26 00:02:00,API,Paid,0,1
BILL856497,CUST10115,101216,101216,2026-07-14 00:00:00,2026-07-16 00:00:00,Mobile,Paid,0,0
BILL843661,CUST10444,246138,246138,2026-05-14 00:00:00,2026-05-16 00:00:00,Mobile,Paid,0,0
BILL303343,CUST10161,101122,101122,2026-07-21 00:00:00,2026-07-21 00:00:00,Web,Paid,0,0
BILL848169,CUST10120,161286,161286,2026-08-18 00:02:00,2026-08-22 00:02:00,Web,Paid,0,0
BILL551111,CUST10116,354488,354488,2026-07-17 00:00:00,2026-07-21 00:00:00,Mobile,Paid,0,0
BILL723954,CUST10520,148768,148768,2026-06-19 00:00:00,2026-06-24 00:00:00,Web,Paid,0,0
BILL168530,CUST10379,362880,362880,2026-08-19 00:00:00,2026-08-23 00:00:00,Mobile,Paid,0,0
BILL752725,CUST10520,148768,148768,2026-07-24 00:00:00,2026-07-29 00:00:00,Web,Paid,0,0
BILL651181,CUST10618,222795,222795,2027-01-22 00:00:00,2027-01-24 00:00:00,Web,Paid,0,0
BILL304632,CUST10581,355990,355990,2026-07-13 00:00:00,2026-07-14 00:00:00,Web,Paid,0,0
BILL286244,CUST10051,104563,104563,2026-08-13 00:00:00,2026-08-17 00:00:00,Web,Paid,0,0
BILL731175,CUST10020,307245,307245,2026-06-07 00:00:00,2026-06-10 00:00:00,Mobile,Paid,0,0
BILL853391,CUST10133,226033,226033,2026-08-23 00:00:00,2026-08-27 00:00:00,Web,Paid,0,0
BILL238036,CUST10119,348631,348631,2026-08-13 00:00:00,2026-08-13 00:00:00,Web,Paid,0,0
BILL370232,CUST10531,130975,130975,2026-04-18 00:00:00,2026-04-19 00:00:00,Mobile,Paid,0,0
BILL549177,CUST10032,168414,168414,2026-10-16 00:00:00,2026-10-21 00:00:00,Mobile,Paid,0,0
BILL189447,CUST10353,153539,153539,2026-07-23 00:00:00,2026-07-27 00:00:00,API,Paid,0,0
BILL686709,CUST10392,103166,103166,2026-09-26 00:00:00,2026-09-30 00:00:00,Mobile,Paid,0,0
BILL315463,CUST10255,242003,242003,2026-08-15 00:00:00,2026-08-18 00:00:00,Web,Paid,0,0
BILL843501,CUST10160,212194,207135,2026-06-10 00:00:00,2026-06-11 00:00:00,Mobile,Paid,0,0
BILL749186,CUST10027,156366,156366,2027-02-24 00:00:00,2027-02-25 00:00:00,Mobile,Paid,0,0
BILL570574,CUST10047,311412,311412,2026-06-08 00:00:00,2026-06-13 00:00:00,Web,Paid,0,0
BILL490267,CUST10297,289586,289586,2026-05-08 00:00:00,2026-05-13 00:00:00,Mobile,Paid,0,0
BILL372335,CUST10298,306913,306913,2026-11-19 00:00:00,2026-11-22 00:00:00,Mobile,Paid,0,0
BILL169103,CUST10577,383781,383781,2026-05-03 00:00:00,2026-05-03 00:00:00,Web,Paid,0,0
BILL800717,CUST10493,113712,113712,2026-10-30 00:00:00,2026-11-02 00:00:00,Web,Paid,0,0
BILL169560,CUST10091,178268,178268,2026-02-07 00:00:00,2026-02-07 00:00:00,Mobile,Paid,0,0
BILL119288,CUST10373,133995,133995,2026-08-22 00:00:00,2026-08-26 00:00:00,Mobile,Paid,0,0
BILL738951,CUST10410,262188,262188,2026-08-11 00:00:00,2026-08-14 00:00:00,Web,Paid,0,0
BILL391008,CUST10402,202316,202316,2026-12-19 00:00:00,2026-12-23 00:00:00,Web,Paid,0,0
BILL773932,CUST10076,142055,142055,2026-08-23 00:00:00,2026-08-23 00:00:00,Web,Paid,0,0
BILL584176,CUST10551,157266,157266,2026-07-17 00:00:00,2026-07-21 00:00:00,Web,Paid,0,0
BILL159792,CUST10135,357332,357332,2026-09-13 00:00:00,2026-09-17 00:00:00,Web,Paid,0,0
BILL201749,CUST10117,331346,331346,2026-09-23 00:00:00,2026-09-25 00:00:00,Web,Paid,0,0
BILL392382,CUST10058,101443,101443,2026-06-18 00:00:00,2026-06-17 00:00:00,Mobile,Paid,0,0
BILL195681,CUST10103,245102,245102,2026-08-24 00:00:00,2026-08-25 00:00:00,API,Paid,0,0
BILL679011,CUST10266,348186,348186,2026-11-13 00:02:00,2026-11-17 00:02:00,Web,Paid,0,0
BILL649677,CUST10369,232410,232410,2026-09-23 00:00:00,2026-09-23 00:00:00,API,Paid,0,1
BILL653185,CUST10117,331346,331346,2026-10-25 00:00:00,2026-10-25 00:00:00,Web,Paid,0,0
BILL832071,CUST10555,274885,274885,2026-09-17 00:00:00,2026-09-22 00:00:00,Web,Paid,0,0
BILL321303,CUST10080,308693,307755,2026-09-20 00:00:00,2026-09-20 00:00:00,Web,Paid,0,0
BILL610180,CUST10529,356052,356052,2026-04-15 00:00:00,2026-04-16 00:00:00,Mobile,Paid,0,0
BILL266048,CUST10002,204619,204619,2026-09-22 00:00:00,2026-09-23 00:00:00,Web,Paid,0,0
BILL122124,CUST10036,372201,372201,2026-10-22 00:00:00,2026-10-27 00:00:00,Web,Paid,0,0
BILL305733,CUST10084,206469,206469,2026-11-27 00:03:00,2026-11-27 00:03:00,Mobile,Paid,0,0
BILL803839,CUST10473,333096,333096,2026-07-19 00:00:00,2026-07-21 00:00:00,Web,Paid,0,0
BILL773186,CUST10553,150140,150140,2026-06-14 00:00:00,2026-06-16 00:00:00,Mobile,Paid,0,0
BILL118855,CUST10348,149541,149541,2026-12-30 00:00:00,2026-12-31 00:00:00,Mobile,Paid,0,0
BILL600708,CUST10135,357332,357332,2026-10-17 00:00:00,2026-10-18 00:00:00,Web,Paid,0,0
BILL849785,CUST10447,263252,263252,2026-08-20 00:00:00,2026-08-22 00:00:00,Mobile,Paid,0,0
BILL310070,CUST10532,138272,138272,2026-10-20 00:02:00,2026-10-22 00:02:00,Mobile,Paid,0,0
BILL953126,CUST10382,144164,340463,2026-08-26 00:00:00,2026-08-31 00:00:00,Web,Paid,0,1
BILL557610,CUST10213,118930,118930,2026-10-19 00:03:00,2026-10-23 00:03:00,API,Paid,0,0
BILL800534,CUST10254,369955,369955,2026-09-22 00:00:00,2026-09-27 00:00:00,Mobile,Paid,0,0
BILL516707,CUST10225,336520,336520,2026-06-18 00:00:00,2026-06-18 00:00:00,Web,Paid,0,0
BILL693890,CUST10356,282080,282080,2026-06-13 00:00:00,2026-06-13 00:00:00,Web,Paid,0,0
BILL535450,CUST10508,227154,227154,2026-07-18 00:00:00,2026-07-21 00:00:00,Mobile,Paid,0,0
BILL239858,CUST10003,171760,171760,2026-07-25 00:00:00,2026-07-28 00:00:00,Mobile,Paid,0,0
BILL383974,CUST10411,396965,396965,2026-09-17 00:00:00,2026-09-17 00:00:00,API,Paid,0,1
BILL612819,CUST10411,396965,396965,2026-09-17 00:00:00,2026-09-17 00:01:00,API,Paid,0,1
BILL356367,CUST10292,220196,220196,2026-07-16 00:00:00,2026-07-20 00:00:00,Mobile,Paid,0,0
BILL837279,CUST10602,264550,264550,2026-07-13 00:00:00,2026-07-17 00:00:00,Web,Paid,0,0
BILL535350,CUST10041,118023,118023,2026-10-25 00:00:00,2026-10-25 00:00:00,Mobile,Paid,0,0
BILL492527,CUST10402,202316,202316,2027-01-22 00:00:00,2027-01-26 00:00:00,Web,Paid,0,0
BILL195773,CUST10193,149841,149841,2026-07-21 00:00:00,2026-07-24 00:00:00,Mobile,Paid,0,0
BILL118096,CUST10439,385361,951411,2026-07-17 00:03:00,2026-07-22 00:03:00,Web,Paid,0,1
BILL113783,CUST10259,375640,375640,2026-08-15 00:00:00,2026-08-19 00:00:00,Mobile,Paid,0,0
BILL367965,CUST10599,287062,150920,2026-09-11 00:00:00,2026-09-11 00:00:00,Mobile,Paid,0,1
BILL793949,CUST10122,272193,272193,2026-07-22 00:00:00,2026-07-23 00:00:00,Mobile,Paid,0,0
BILL813754,CUST10123,171669,171669,2026-09-23 00:00:00,2026-09-28 00:00:00,Web,Paid,0,0
BILL199642,CUST10416,112475,112475,2026-11-28 00:00:00,2026-12-01 00:00:00,Mobile,Paid,0,0
BILL100495,CUST10418,162610,162610,2026-06-13 00:00:00,2026-06-13 00:00:00,Web,Paid,0,0
BILL929539,CUST10574,307059,300771,2026-06-13 00:00:00,2026-06-14 00:00:00,Mobile,Paid,0,0
BILL247791,CUST10404,225615,225615,2026-09-19 00:00:00,2026-09-22 00:00:00,Web,Paid,0,0
BILL599592,CUST10382,144164,144164,2026-09-30 00:00:00,2026-09-29 00:00:00,Web,Paid,0,0
BILL235897,CUST10342,221121,221121,2026-11-19 00:00:00,2026-11-22 00:00:00,Mobile,Paid,0,0
BILL466498,CUST10438,243716,241178,2026-11-15 00:00:00,2026-11-18 00:00:00,Web,Paid,0,0
BILL804217,CUST10545,315493,330003,2026-07-15 00:00:00,2026-07-18 00:00:00,Web,Paid,0,0
BILL396270,CUST10477,337604,337604,2026-08-15 00:00:00,2026-08-18 00:00:00,Mobile,Paid,0,0
BILL298373,CUST10356,282080,282080,2026-07-13 00:00:00,2026-07-14 00:00:00,Web,Paid,0,0
BILL882235,CUST10161,101122,101122,2026-08-20 00:00:00,2026-08-24 00:00:00,API,Paid,0,0
BILL500217,CUST10407,250699,250699,2026-05-17 00:00:00,2026-05-20 00:00:00,Web,Paid,0,0
BILL909727,CUST10467,160665,160665,2026-08-20 00:00:00,2026-08-24 00:00:00,Web,Paid,0,0
BILL871857,CUST10405,306307,306307,2026-07-11 00:00:00,2026-07-14 00:00:00,Mobile,Paid,0,0
BILL503935,CUST10249,169300,169300,2026-09-24 00:02:00,2026-09-27 00:02:00,API,Paid,0,0
BILL330822,CUST10135,357332,357332,2026-11-17 00:00:00,2026-11-17 00:00:00,Web,Paid,0,0
BILL716961,CUST10009,210512,210512,2026-10-24 00:00:00,2026-10-27 00:00:00,Web,Paid,0,0
BILL472974,CUST10325,198086,198086,2026-04-16 00:00:00,2026-04-17 00:00:00,Web,Paid,0,0
BILL503785,CUST10343,293436,293436,2026-08-21 00:00:00,2026-08-26 00:00:00,Mobile,Paid,0,0
BILL610409,CUST10173,393189,393189,2026-07-13 00:00:00,2026-07-16 00:00:00,Mobile,Paid,0,0
BILL555921,CUST10047,311412,299054,2026-07-13 00:00:00,2026-07-17 00:00:00,API,Paid,0,0
BILL860576,CUST10577,383781,383781,2026-06-02 00:00:00,2026-06-02 00:00:00,Web,Paid,0,0
BILL951473,CUST10577,383781,383781,2026-07-02 00:00:00,2026-07-07 00:00:00,Web,Paid,0,0
BILL551942,CUST10607,185478,185478,2026-08-26 00:00:00,2026-08-27 00:00:00,Web,Paid,0,0
BILL492437,CUST10502,167579,167579,2026-09-22 00:03:00,2026-09-26 00:03:00,API,Paid,0,0
BILL891372,CUST10406,109208,28511,2026-07-21 00:00:00,2026-07-25 00:00:00,Web,Paid,0,1
BILL805067,CUST10332,159917,159917,2026-08-21 00:00:00,2026-08-25 00:00:00,Web,Paid,0,0
BILL197200,CUST10264,175717,175717,2026-11-27 00:00:00,2026-11-27 00:00:00,Web,Paid,0,0
BILL204875,CUST10046,129309,129309,2026-05-06 00:00:00,2026-05-07 00:00:00,Mobile,Paid,0,0
BILL733373,CUST10300,207505,207505,2026-06-14 00:00:00,2026-06-15 00:00:00,Web,Paid,0,0
BILL843535,CUST10512,252894,252894,2026-10-17 00:00:00,2026-10-18 00:00:00,Mobile,Paid,0,0
BILL509875,CUST10141,236549,236549,2026-06-21 00:00:00,2026-06-21 00:00:00,API,Paid,0,0
BILL604062,CUST10208,111049,111049,2026-07-18 00:00:00,2026-07-21 00:00:00,Mobile,Paid,0,0
BILL377906,CUST10143,251424,251424,2026-11-16 00:00:00,2026-11-16 00:00:00,Web,Paid,0,0
BILL315988,CUST10125,257003,257003,2026-04-12 00:00:00,2026-04-14 00:00:00,Web,Paid,0,0
BILL711240,CUST10081,157555,88301,2026-03-09 00:00:00,2026-03-14 00:00:00,Mobile,Paid,0,1
BILL227917,CUST10458,370672,370672,2026-08-06 00:03:00,2026-08-09 00:03:00,Mobile,Paid,0,0
BILL788577,CUST10394,163160,163160,2026-09-23 00:00:00,2026-09-23 00:00:00,Web,Paid,0,0
BILL826560,CUST10344,259225,259225,2026-11-15 00:00:00,2026-11-18 00:00:00,Web,Paid,0,0
BILL300140,CUST10516,381906,1595076,2026-06-16 00:00:00,2026-06-21 00:00:00,Mobile,Paid,0,1
BILL924443,CUST10259,375640,375640,2026-09-18 00:00:00,2026-09-21 00:00:00,Mobile,Paid,0,0
BILL927915,CUST10214,166032,166032,2026-05-16 00:00:00,2026-05-18 00:00:00,Mobile,Paid,0,0
BILL138859,CUST10477,337604,337604,2026-09-17 00:00:00,2026-09-22 00:00:00,Mobile,Paid,0,0
BILL486631,CUST10008,280575,280575,2026-06-08 00:00:00,2026-06-09 00:00:00,Web,Paid,0,0
BILL624847,CUST10035,369586,369586,2026-06-15 00:00:00,2026-06-17 00:00:00,Web,Paid,0,0
BILL426716,CUST10399,205101,205101,2026-07-16 00:00:00,2026-07-21 00:00:00,Mobile,Paid,0,0
BILL963783,CUST10062,294766,294766,2026-10-19 00:00:00,2026-10-23 00:00:00,Web,Paid,0,0
BILL696522,CUST10363,376658,376658,2026-04-14 00:00:00,2026-04-19 00:00:00,Web,Paid,0,0
BILL731525,CUST10471,287323,287323,2026-10-06 00:00:00,2026-10-11 00:00:00,Web,Paid,0,0
BILL582028,CUST10387,245185,245185,2026-06-11 00:02:00,2026-06-16 00:02:00,Web,Paid,0,0
BILL648361,CUST10521,133647,133647,2026-07-12 00:00:00,2026-07-11 00:00:00,API,Paid,0,0
BILL322799,CUST10458,370672,370672,2026-09-08 00:03:00,2026-09-11 00:03:00,Mobile,Paid,0,0
BILL304571,CUST10532,138272,138272,2026-11-21 00:02:00,2026-11-22 00:02:00,Mobile,Paid,0,0
BILL159468,CUST10296,126664,126664,2026-09-15 00:02:00,2026-09-20 00:02:00,Web,Paid,0,0
BILL699717,CUST10035,369586,369586,2026-07-17 00:00:00,2026-07-17 00:00:00,Web,Paid,0,0
BILL805769,CUST10520,148768,148768,2026-08-28 00:00:00,2026-08-28 00:00:00,Web,Paid,0,0
BILL702309,CUST10160,212194,212194,2026-07-11 00:00:00,2026-07-16 00:00:00,Mobile,Paid,0,0
BILL962439,CUST10479,261947,261947,2026-07-15 00:00:00,2026-07-19 00:00:00,Mobile,Paid,0,0
BILL825383,CUST10176,140672,140672,2026-07-10 00:00:00,2026-07-12 00:00:00,Mobile,Paid,0,0
BILL377074,CUST10611,330192,330192,2027-01-20 00:00:00,2027-01-20 00:00:00,Web,Paid,0,0
BILL504860,CUST10291,235223,235223,2026-10-12 00:00:00,2026-10-16 00:00:00,Web,Paid,0,0
BILL805509,CUST10384,283831,283831,2026-06-07 00:00:00,2026-06-10 00:00:00,Mobile,Paid,0,0
BILL179176,CUST10237,112971,112971,2026-08-17 00:00:00,2026-08-19 00:00:00,API,Paid,0,0
BILL690569,CUST10220,274271,279628,2026-07-16 00:02:00,2026-07-20 00:02:00,Web,Paid,0,0
BILL930318,CUST10052,298577,132137,2026-12-26 00:00:00,2026-12-31 00:00:00,Mobile,Paid,0,1
BILL690871,CUST10581,355990,355990,2026-08-13 00:00:00,2026-08-13 00:00:00,Web,Paid,0,0
BILL667456,CUST10079,262578,262578,2026-05-14 00:00:00,2026-05-17 00:00:00,Mobile,Paid,0,0
BILL242150,CUST10324,340137,340137,2026-08-17 00:00:00,2026-08-21 00:00:00,Web,Paid,0,0
BILL759893,CUST10167,187924,180792,2026-04-19 00:00:00,2026-04-20 00:00:00,API,Paid,0,0
BILL325573,CUST10221,299263,299263,2026-06-13 00:00:00,2026-06-13 00:00:00,Web,Paid,0,0
BILL437880,CUST10079,262578,262578,2026-06-16 00:00:00,2026-06-20 00:00:00,Mobile,Paid,0,0
BILL627303,CUST10323,149822,149822,2026-08-08 00:00:00,2026-08-11 00:00:00,Mobile,Paid,0,0
BILL480241,CUST10365,232975,232975,2026-09-24 00:00:00,2026-09-27 00:00:00,Web,Paid,0,0
BILL576267,CUST10606,301749,301749,2026-07-16 00:00:00,2026-07-16 00:00:00,Mobile,Paid,0,0
BILL400898,CUST10219,352327,352327,2026-06-13 00:00:00,2026-06-15 00:00:00,API,Paid,0,0
BILL203332,CUST10424,126459,126459,2026-07-18 00:00:00,2026-07-19 00:00:00,Mobile,Paid,0,0
BILL998022,CUST10137,153623,153623,2026-06-09 00:00:00,2026-06-09 00:00:00,Mobile,Paid,0,0
BILL740186,CUST10041,118023,118023,2026-11-24 00:00:00,2026-11-28 00:00:00,Mobile,Paid,0,0
BILL129850,CUST10439,385361,385361,2026-08-21 00:03:00,2026-08-21 00:03:00,Web,Paid,0,0
BILL619735,CUST10205,223531,223531,2026-09-18 00:00:00,2026-09-20 00:00:00,Mobile,Paid,0,0
BILL900635,CUST10544,395821,395821,2026-07-13 00:00:00,2026-07-16 00:00:00,Web,Paid,0,0
BILL803011,CUST10243,108833,108833,2026-08-11 00:02:00,2026-08-15 00:02:00,Web,Paid,0,0
BILL429050,CUST10348,149541,149541,2027-01-30 00:00:00,2027-01-30 00:00:00,Mobile,Paid,0,0
BILL582222,CUST10556,337399,337399,2026-03-10 00:00:00,2026-03-12 00:00:00,Mobile,Paid,0,0
BILL918332,CUST10251,229490,229490,2026-05-10 00:00:00,2026-05-14 00:00:00,Mobile,Paid,0,0
BILL554685,CUST10013,287233,287233,2026-11-18 00:00:00,2026-11-20 00:00:00,Mobile,Paid,0,0
BILL901041,CUST10257,386151,139342,2026-08-15 00:00:00,2026-08-14 00:00:00,Mobile,Paid,0,1
BILL889577,CUST10468,377171,377171,2026-11-23 00:00:00,2026-11-28 00:00:00,Mobile,Paid,0,0
BILL100810,CUST10267,212787,212787,2026-08-11 00:03:00,2026-08-15 00:03:00,Web,Paid,0,0
BILL299994,CUST10453,317420,317420,2026-06-15 00:00:00,2026-06-16 00:00:00,Mobile,Paid,0,0
BILL882211,CUST10179,286217,286217,2026-10-31 00:00:00,2026-10-31 00:00:00,Web,Paid,0,0
BILL158010,CUST10282,191051,191051,2026-07-13 00:00:00,2026-07-17 00:00:00,Mobile,Paid,0,0
BILL850618,CUST10334,265988,265988,2026-04-18 00:00:00,2026-04-18 00:00:00,API,Paid,0,1
BILL940451,CUST10334,265988,265988,2026-04-18 00:00:00,2026-04-18 00:01:00,API,Paid,0,1
BILL149244,CUST10302,309550,309550,2026-11-07 00:02:00,2026-11-10 00:02:00,Web,Paid,0,0
BILL451917,CUST10090,233891,233891,2027-01-01 00:00:00,2027-01-04 00:00:00,API,Paid,0,0
BILL802652,CUST10490,322691,322691,2026-12-23 00:00:00,2026-12-28 00:00:00,Mobile,Paid,0,0
BILL833573,CUST10356,282080,282080,2026-08-13 00:00:00,2026-08-16 00:00:00,Web,Paid,0,0
BILL663298,CUST10120,161286,161286,2026-09-21 00:02:00,2026-09-23 00:02:00,Web,Paid,0,0
BILL775718,CUST10259,375640,375640,2026-10-21 00:00:00,2026-10-26 00:00:00,Mobile,Paid,0,0
BILL922677,CUST10188,357477,357477,2026-10-19 00:00:00,2026-10-23 00:00:00,API,Paid,0,0
BILL429209,CUST10389,170321,170321,2026-10-19 00:00:00,2026-10-19 00:00:00,Web,Paid,0,0
BILL201615,CUST10608,375374,375374,2026-06-18 00:00:00,2026-06-18 00:00:00,Mobile,Paid,0,0
BILL425704,CUST10403,388178,388178,2026-04-17 00:00:00,2026-04-21 00:00:00,Web,Paid,0,0
BILL815934,CUST10029,128035,128035,2026-11-15 00:00:00,2026-11-15 00:00:00,Mobile,Paid,0,0
BILL739511,CUST10330,208656,208656,2026-08-16 00:00:00,2026-08-18 00:00:00,Mobile,Paid,0,0
BILL222907,CUST10446,277035,277035,2026-05-13 00:00:00,2026-05-13 00:00:00,API,Paid,0,0
BILL998163,CUST10375,235313,235313,2026-08-14 00:00:00,2026-08-17 00:00:00,Mobile,Paid,0,0
BILL122178,CUST10061,106864,106864,2026-11-22 00:03:00,2026-11-27 00:03:00,Web,Paid,0,0
BILL491473,CUST10073,338950,338950,2026-10-16 00:00:00,2026-10-16 00:00:00,Mobile,Paid,0,0
BILL995397,CUST10392,103166,103166,2026-10-30 00:00:00,2026-11-04 00:00:00,Mobile,Paid,0,0
BILL414166,CUST10105,296911,296911,2026-05-08 00:00:00,2026-05-11 00:00:00,Mobile,Paid,0,0
BILL759500,CUST10571,146646,146646,2026-08-27 00:00:00,2026-08-29 00:00:00,Web,Paid,0,0
BILL525269,CUST10159,171080,171080,2026-08-25 00:03:00,2026-08-29 00:03:00,Web,Paid,0,0
BILL909809,CUST10365,232975,232975,2026-10-27 00:00:00,2026-11-01 00:00:00,Web,Paid,0,0
BILL941142,CUST10074,356853,356853,2026-09-25 00:00:00,2026-09-25 00:00:00,Mobile,Paid,0,0
BILL286265,CUST10602,264550,264550,2026-08-16 00:00:00,2026-08-19 00:00:00,Web,Paid,0,0
BILL797745,CUST10351,168423,168423,2026-05-14 00:00:00,2026-05-15 00:00:00,Mobile,Paid,0,0
BILL170013,CUST10519,147123,147123,2026-06-07 00:02:00,2026-06-07 00:02:00,Mobile,Paid,0,0
BILL128676,CUST10490,322691,322691,2027-01-27 00:00:00,2027-01-31 00:00:00,Mobile,Paid,0,0
BILL778373,CUST10257,386151,386151,2026-09-13 00:00:00,2026-09-17 00:00:00,Mobile,Paid,0,0
BILL538490,CUST10345,245919,245919,2026-05-16 00:00:00,2026-05-20 00:00:00,Mobile,Paid,0,0
BILL752682,CUST10173,393189,393189,2026-08-15 00:00:00,2026-08-15 00:00:00,Mobile,Paid,0,0
BILL631038,CUST10533,255457,255457,2026-05-03 00:00:00,2026-05-07 00:00:00,Mobile,Paid,0,0
BILL408265,CUST10203,266342,266342,2026-10-20 00:00:00,2026-10-25 00:00:00,Mobile,Paid,0,0
BILL167913,CUST10370,105982,105982,2026-09-22 00:00:00,2026-09-25 00:00:00,Mobile,Paid,0,0
BILL150139,CUST10527,116854,116854,2026-06-13 00:00:00,2026-06-14 00:00:00,Web,Paid,0,0
BILL584076,CUST10090,233891,233891,2027-02-03 00:00:00,2027-02-05 00:00:00,API,Paid,0,0
BILL784766,CUST10330,208656,208656,2026-09-17 00:00:00,2026-09-18 00:00:00,Mobile,Paid,0,0
BILL364953,CUST10403,388178,388178,2026-05-21 00:00:00,2026-05-25 00:00:00,Web,Paid,0,0
BILL784169,CUST10210,207564,1228098,2026-07-22 00:00:00,2026-07-25 00:00:00,API,Paid,0,1
BILL545218,CUST10324,340137,340137,2026-09-20 00:00:00,2026-09-25 00:00:00,Web,Paid,0,0
BILL584798,CUST10446,277035,277035,2026-06-12 00:00:00,2026-06-17 00:00:00,Web,Paid,0,0
BILL507122,CUST10381,388958,388958,2026-08-19 00:00:00,2026-08-23 00:00:00,Web,Paid,0,0
BILL389678,CUST10252,207634,206803,2026-12-25 00:00:00,2026-12-30 00:00:00,Mobile,Paid,0,0
BILL934750,CUST10383,330253,330253,2026-08-19 00:00:00,2026-08-24 00:00:00,Web,Paid,0,0
BILL586200,CUST10538,392023,392023,2026-10-11 00:00:00,2026-10-16 00:00:00,Mobile,Paid,0,0
BILL802624,CUST10578,255524,255524,2026-07-14 00:00:00,2026-07-18 00:00:00,Mobile,Paid,0,0
BILL594139,CUST10592,259732,259732,2026-05-18 00:00:00,2026-05-22 00:00:00,Web,Paid,0,0
BILL116371,CUST10580,140210,140210,2026-08-17 00:00:00,2026-08-16 00:00:00,Web,Paid,0,0
BILL238944,CUST10493,113712,113712,2026-12-02 00:00:00,2026-12-07 00:00:00,Web,Paid,0,0
BILL856912,CUST10271,312742,312742,2026-08-19 00:00:00,2026-08-19 00:00:00,Web,Paid,0,0
BILL396455,CUST10071,158308,158308,2026-08-16 00:00:00,2026-08-21 00:00:00,Mobile,Paid,0,0
BILL252604,CUST10204,148331,148331,2026-09-06 00:00:00,2026-09-11 00:00:00,Mobile,Paid,0,0
BILL836733,CUST10457,239593,93548,2026-06-16 00:00:00,2026-06-18 00:00:00,Web,Paid,0,1
BILL353140,CUST10000,280462,280462,2026-11-08 00:00:00,2026-11-10 00:00:00,Web,Paid,0,0
BILL657608,CUST10498,382916,382916,2026-10-24 00:00:00,2026-10-28 00:00:00,Web,Paid,0,0
BILL792889,CUST10167,187924,187924,2026-05-20 00:00:00,2026-05-20 00:00:00,Mobile,Paid,0,0
BILL176428,CUST10308,187089,195345,2026-08-18 00:00:00,2026-08-18 00:00:00,Mobile,Paid,0,0
BILL363678,CUST10012,345015,345015,2026-06-06 00:00:00,2026-06-08 00:00:00,Web,Paid,0,0
BILL443107,CUST10237,112971,112971,2026-09-18 00:00:00,2026-09-19 00:00:00,Mobile,Paid,0,0
BILL984574,CUST10397,283502,283502,2026-03-14 00:00:00,2026-03-19 00:00:00,Mobile,Paid,0,0
BILL939097,CUST10112,287238,281366,2026-07-15 00:00:00,2026-07-20 00:00:00,Web,Paid,0,0
BILL330657,CUST10000,280462,280462,2026-12-10 00:00:00,2026-12-12 00:00:00,Web,Paid,0,0
BILL928997,CUST10591,250067,250067,2026-08-25 00:00:00,2026-08-28 00:00:00,Web,Paid,0,0
BILL570411,CUST10510,122044,122044,2026-06-19 00:00:00,2026-06-23 00:00:00,Web,Paid,0,0
BILL130585,CUST10578,255524,255524,2026-08-17 00:00:00,2026-08-22 00:00:00,Mobile,Paid,0,0
BILL669023,CUST10563,168559,168559,2026-07-21 00:00:00,2026-07-22 00:00:00,Mobile,Paid,0,0
BILL274597,CUST10085,289887,289887,2026-06-17 00:00:00,2026-06-22 00:00:00,Mobile,Paid,0,0
BILL225427,CUST10111,229006,229006,2026-07-13 00:00:00,2026-07-15 00:00:00,Web,Paid,0,0
BILL938249,CUST10406,109208,109208,2026-08-24 00:00:00,2026-08-29 00:00:00,Web,Paid,0,0
BILL581017,CUST10173,393189,393189,2026-09-14 00:00:00,2026-09-16 00:00:00,Mobile,Paid,0,0
BILL149887,CUST10498,382916,382916,2026-11-27 00:00:00,2026-11-28 00:00:00,Web,Paid,0,0
BILL575048,CUST10212,216836,216836,2026-08-21 00:00:00,2026-08-21 00:00:00,Web,Paid,0,0
BILL553009,CUST10349,254414,254414,2026-10-15 00:00:00,2026-10-19 00:00:00,Web,Paid,0,0
BILL830298,CUST10273,267851,267851,2026-06-16 00:00:00,2026-06-21 00:00:00,Web,Paid,0,0
BILL433545,CUST10504,192508,192508,2026-10-26 00:00:00,2026-10-27 00:00:00,Web,Paid,0,0
BILL520875,CUST10390,304339,304339,2026-05-15 00:00:00,2026-05-20 00:00:00,Web,Paid,0,0
BILL519700,CUST10449,196322,196322,2026-09-22 00:00:00,2026-09-22 00:00:00,API,Paid,0,0
BILL294465,CUST10242,350465,350465,2026-05-17 00:00:00,2026-05-19 00:00:00,Mobile,Paid,0,0
BILL615243,CUST10163,307698,307698,2026-07-19 00:00:00,2026-07-19 00:00:00,API,Paid,0,0
BILL239825,CUST10138,121975,121975,2026-07-15 00:00:00,2026-07-17 00:00:00,Mobile,Paid,0,0
BILL535057,CUST10441,199152,199152,2026-04-18 00:00:00,2026-04-18 00:00:00,Web,Paid,0,0
BILL203981,CUST10310,282058,282058,2026-08-18 00:00:00,2026-08-22 00:00:00,Web,Paid,0,0
BILL714956,CUST10232,124686,124686,2026-09-18 00:00:00,2026-09-18 00:00:00,Web,Paid,0,0
BILL752922,CUST10307,309967,309967,2026-04-02 00:00:00,2026-04-03 00:00:00,API,Paid,0,0
BILL582058,CUST10062,294766,294766,2026-11-22 00:00:00,2026-11-25 00:00:00,Web,Paid,0,0
BILL843099,CUST10129,180334,180334,2026-07-20 00:00:00,2026-07-21 00:00:00,Mobile,Paid,0,0
BILL116139,CUST10339,233388,233388,2026-07-23 00:00:00,2026-07-26 00:00:00,Mobile,Paid,0,0
BILL851102,CUST10581,355990,355990,2026-09-12 00:00:00,2026-09-13 00:00:00,Web,Paid,0,0
BILL683621,CUST10180,343281,343281,2026-06-15 00:00:00,2026-06-17 00:00:00,Web,Paid,0,0
BILL971548,CUST10006,161946,161946,2026-07-19 00:00:00,2026-07-19 00:00:00,Web,Paid,0,0
BILL116428,CUST10131,361858,361858,2026-06-16 00:00:00,2026-06-21 00:00:00,API,Paid,0,0
BILL238997,CUST10152,353426,353426,2026-07-10 00:00:00,2026-07-12 00:00:00,Mobile,Paid,0,0
BILL223716,CUST10461,326427,326427,2026-09-14 00:00:00,2026-09-14 00:00:00,Web,Paid,0,0
BILL361937,CUST10008,280575,280575,2026-07-09 00:00:00,2026-07-11 00:00:00,Web,Paid,0,0
BILL622578,CUST10035,369586,369586,2026-08-16 00:00:00,2026-08-17 00:00:00,Web,Paid,0,0
BILL794251,CUST10015,136740,136740,2026-08-10 00:00:00,2026-08-12 00:00:00,Mobile,Paid,0,0
BILL986828,CUST10379,362880,170805,2026-09-22 00:00:00,2026-09-22 00:00:00,Mobile,Paid,0,1
BILL408926,CUST10520,148768,148768,2026-09-27 00:00:00,2026-09-29 00:00:00,Web,Paid,0,0
BILL798713,CUST10051,104563,104563,2026-09-16 00:00:00,2026-09-19 00:00:00,Web,Paid,0,0
BILL176275,CUST10006,161946,161946,2026-08-18 00:00:00,2026-08-22 00:00:00,Web,Paid,0,0
BILL903657,CUST10164,320265,320265,2026-06-16 00:00:00,2026-06-16 00:00:00,Mobile,Paid,0,0
BILL653127,CUST10488,237166,237166,2026-05-09 00:00:00,2026-05-09 00:00:00,Web,Paid,0,0
BILL828148,CUST10245,182230,183485,2026-07-20 00:00:00,2026-07-23 00:00:00,Web,Paid,0,0
BILL970400,CUST10254,369955,369955,2026-10-27 00:00:00,2026-10-31 00:00:00,Mobile,Paid,0,0
BILL967454,CUST10563,168559,168559,2026-08-21 00:00:00,2026-08-26 00:00:00,Mobile,Paid,0,0
BILL182498,CUST10058,101443,101443,2026-07-17 00:00:00,2026-07-21 00:00:00,Mobile,Paid,0,0
BILL178861,CUST10331,259349,251495,2026-07-16 00:00:00,2026-07-20 00:00:00,Mobile,Paid,0,0
BILL439982,CUST10341,124456,124456,2026-11-30 00:00:00,2026-12-01 00:00:00,Web,Paid,0,0
BILL716344,CUST10263,377150,377150,2026-06-11 00:00:00,2026-06-12 00:00:00,Web,Paid,0,0
BILL926896,CUST10226,328761,328761,2026-06-12 00:00:00,2026-06-13 00:00:00,Mobile,Paid,0,0
BILL513180,CUST10362,343191,343191,2026-08-22 00:00:00,2026-08-24 00:00:00,Web,Paid,0,0
BILL878823,CUST10433,234061,234061,2026-09-19 00:00:00,2026-09-20 00:00:00,Web,Paid,0,0
BILL905027,CUST10499,174133,174133,2026-11-20 00:00:00,2026-11-23 00:00:00,Mobile,Paid,0,0
BILL616024,CUST10516,381906,381906,2026-07-21 00:00:00,2026-07-26 00:00:00,Mobile,Paid,0,0
BILL479226,CUST10150,145174,145174,2026-07-10 00:00:00,2026-07-13 00:00:00,Web,Paid,0,0
BILL562002,CUST10239,298439,298439,2026-08-25 00:00:00,2026-08-28 00:00:00,Mobile,Paid,0,0
BILL799950,CUST10508,227154,227154,2026-08-20 00:00:00,2026-08-25 00:00:00,Mobile,Paid,0,0
BILL730209,CUST10096,194180,194180,2026-10-11 00:00:00,2026-10-14 00:00:00,Mobile,Paid,0,0
BILL931089,CUST10387,245185,245185,2026-07-16 00:02:00,2026-07-19 00:02:00,Web,Paid,0,0
BILL864791,CUST10369,232410,232410,2026-10-23 00:00:00,2026-10-27 00:00:00,Mobile,Paid,0,0
BILL121992,CUST10169,282389,282389,2026-12-28 00:02:00,2026-12-31 00:02:00,Web,Paid,0,0
BILL745835,CUST10241,197139,197139,2026-04-05 00:00:00,2026-04-09 00:00:00,Web,Paid,0,0
BILL688063,CUST10585,164323,164323,2026-07-19 00:00:00,2026-07-21 00:00:00,Web,Paid,0,0
BILL780828,CUST10078,271954,271954,2026-11-16 00:00:00,2026-11-21 00:00:00,Web,Paid,0,0
BILL775983,CUST10292,220196,220196,2026-08-19 00:00:00,2026-08-19 00:00:00,Mobile,Paid,0,0
BILL316734,CUST10566,323243,323243,2026-06-07 00:00:00,2026-06-10 00:00:00,Mobile,Paid,0,0
BILL302642,CUST10327,317238,317238,2026-10-30 00:00:00,2026-11-02 00:00:00,Mobile,Paid,0,0
BILL470025,CUST10303,117880,117880,2026-05-11 00:00:00,2026-05-11 00:00:00,Web,Paid,0,0
BILL831988,CUST10602,264550,264550,2026-09-18 00:00:00,2026-09-19 00:00:00,Web,Paid,0,0
BILL698225,CUST10163,307698,307698,2026-08-18 00:00:00,2026-08-19 00:00:00,Web,Paid,0,0
BILL484179,CUST10062,294766,294766,2026-12-25 00:00:00,2026-12-25 00:00:00,Web,Paid,0,0
BILL383379,CUST10259,375640,2061226,2026-11-25 00:00:00,2026-11-26 00:00:00,Mobile,Paid,0,1
BILL267427,CUST10391,333242,333242,2026-10-27 00:00:00,2026-10-28 00:00:00,Mobile,Paid,0,0
BILL498621,CUST10149,368631,368631,2026-06-14 00:00:00,2026-06-14 00:00:00,Web,Paid,0,0
BILL747120,CUST10506,364730,364730,2026-07-15 00:00:00,2026-07-20 00:00:00,Web,Paid,0,0
BILL508089,CUST10189,232919,232919,2026-07-19 00:00:00,2026-07-21 00:00:00,Web,Paid,0,0
BILL754492,CUST10272,398549,398549,2026-03-14 00:00:00,2026-03-15 00:00:00,Mobile,Paid,0,0
BILL699317,CUST10168,151714,151714,2026-07-22 00:00:00,2026-07-24 00:00:00,Mobile,Paid,0,0
BILL163353,CUST10501,197521,197521,2026-08-15 00:00:00,2026-08-15 00:00:00,Web,Paid,0,0
BILL328544,CUST10443,155257,161929,2026-07-18 00:00:00,2026-07-19 00:00:00,Web,Paid,0,0
BILL394230,CUST10247,162100,162100,2026-05-16 00:00:00,2026-05-18 00:00:00,Web,Paid,0,0
BILL229921,CUST10392,103166,103166,2026-12-04 00:00:00,2026-12-04 00:00:00,API,Paid,0,1
BILL848412,CUST10392,103166,103166,2026-12-04 00:00:00,2026-12-04 00:01:00,API,Paid,0,1
BILL726290,CUST10392,103166,103166,2026-12-04 00:00:00,2026-12-04 00:02:00,API,Paid,0,1
BILL213378,CUST10225,336520,336520,2026-07-18 00:00:00,2026-07-22 00:00:00,Web,Paid,0,0
BILL677737,CUST10517,283169,283169,2026-07-18 00:00:00,2026-07-19 00:00:00,Mobile,Paid,0,0
BILL554010,CUST10139,130766,130766,2026-08-14 00:00:00,2026-08-19 00:00:00,Mobile,Paid,0,0
BILL140754,CUST10036,372201,372201,2026-11-26 00:00:00,2026-11-26 00:00:00,API,Paid,0,1
BILL474745,CUST10036,372201,372201,2026-11-26 00:00:00,2026-11-26 00:01:00,API,Paid,0,1
BILL464911,CUST10591,250067,250067,2026-09-27 00:00:00,2026-10-01 00:00:00,Web,Paid,0,0
BILL396611,CUST10136,153321,153321,2026-10-24 00:00:00,2026-10-24 00:00:00,Web,Paid,0,0
BILL580683,CUST10191,371457,371457,2026-06-12 00:00:00,2026-06-17 00:00:00,Mobile,Paid,0,0
BILL914853,CUST10601,154862,154862,2026-07-11 00:00:00,2026-07-16 00:00:00,Web,Paid,0,0
BILL951297,CUST10519,147123,147123,2026-07-07 00:02:00,2026-07-10 00:02:00,Mobile,Paid,0,0
BILL677649,CUST10424,126459,126459,2026-08-18 00:00:00,2026-08-20 00:00:00,Mobile,Paid,0,0
BILL991419,CUST10410,262188,262188,2026-09-13 00:00:00,2026-09-17 00:00:00,Web,Paid,0,0
BILL907608,CUST10578,255524,255524,2026-09-21 00:00:00,2026-09-24 00:00:00,Mobile,Paid,0,0
BILL746667,CUST10513,314825,314825,2026-04-07 00:00:00,2026-04-07 00:00:00,API,Paid,0,0
BILL347626,CUST10305,290216,290216,2026-07-27 00:00:00,2026-07-30 00:00:00,Web,Paid,0,0
BILL736615,CUST10269,168347,168347,2026-09-22 00:00:00,2026-09-25 00:00:00,Web,Paid,0,0
BILL945586,CUST10075,274772,274772,2026-11-28 00:00:00,2026-11-29 00:00:00,Web,Paid,0,0
BILL874797,CUST10167,187924,187924,2026-06-19 00:00:00,2026-06-20 00:00:00,API,Paid,0,0
BILL336485,CUST10000,280462,280462,2027-01-11 00:00:00,2027-01-11 00:00:00,Web,Paid,0,0
BILL901477,CUST10582,283005,283005,2026-12-05 00:03:00,2026-12-05 00:03:00,Web,Paid,0,0
BILL121607,CUST10609,109015,109015,2026-06-12 00:00:00,2026-06-16 00:00:00,Mobile,Paid,0,0
BILL694987,CUST10590,265889,265889,2026-08-21 00:00:00,2026-08-26 00:00:00,Web,Paid,0,0
BILL197699,CUST10054,281343,281343,2026-10-20 00:00:00,2026-10-25 00:00:00,API,Paid,0,0
BILL817679,CUST10152,353426,353426,2026-08-11 00:00:00,2026-08-13 00:00:00,Mobile,Paid,0,0
BILL683901,CUST10568,398581,398581,2026-04-15 00:00:00,2026-04-19 00:00:00,Web,Paid,1,1
BILL625357,CUST10603,276192,276192,2026-07-28 00:00:00,2026-07-31 00:00:00,Web,Paid,0,0
BILL948941,CUST10204,148331,148331,2026-10-11 00:00:00,2026-10-13 00:00:00,Mobile,Paid,0,0
BILL850011,CUST10262,112663,112663,2026-08-18 00:00:00,2026-08-20 00:00:00,Mobile,Paid,0,0
BILL751192,CUST10086,360375,360375,2026-07-17 00:00:00,2026-07-21 00:00:00,Mobile,Paid,0,0
BILL573472,CUST10588,315845,315845,2026-10-19 00:00:00,2026-10-23 00:00:00,Mobile,Paid,0,0
BILL651413,CUST10303,117880,117880,2026-06-10 00:00:00,2026-06-10 00:00:00,Web,Paid,0,0
BILL713846,CUST10227,202023,202023,2027-02-03 00:00:00,2027-02-04 00:00:00,Mobile,Paid,0,0
BILL686683,CUST10428,186119,186119,2026-10-20 00:00:00,2026-10-23 00:00:00,Mobile,Paid,0,0
BILL707804,CUST10119,348631,348631,2026-09-12 00:00:00,2026-09-14 00:00:00,Web,Paid,0,0
BILL885145,CUST10380,338212,338212,2026-08-23 00:00:00,2026-08-27 00:00:00,Mobile,Paid,0,0
BILL304327,CUST10298,306913,306913,2026-12-22 00:00:00,2026-12-25 00:00:00,Mobile,Paid,0,0
BILL498637,CUST10238,308363,308363,2026-09-15 00:00:00,2026-09-15 00:00:00,Web,Paid,0,0
BILL179989,CUST10167,187924,187924,2026-07-20 00:00:00,2026-07-21 00:00:00,Mobile,Paid,0,0
BILL875101,CUST10103,245102,235026,2026-09-24 00:00:00,2026-09-29 00:00:00,Mobile,Paid,0,0
BILL235211,CUST10330,208656,208656,2026-10-18 00:00:00,2026-10-18 00:00:00,Mobile,Paid,0,0
BILL109474,CUST10474,218225,218225,2026-05-05 00:00:00,2026-05-08 00:00:00,Web,Paid,0,0
BILL271851,CUST10059,223989,223989,2026-09-25 00:00:00,2026-09-30 00:00:00,Mobile,Paid,0,0
BILL954664,CUST10419,288784,288784,2026-07-22 00:00:00,2026-07-25 00:00:00,Web,Paid,0,0
BILL513938,CUST10557,232020,232020,2026-06-11 00:02:00,2026-06-13 00:02:00,Web,Paid,0,0
BILL395308,CUST10615,189647,189647,2026-07-12 00:00:00,2026-07-17 00:00:00,Mobile,Paid,0,0
BILL376009,CUST10501,197521,197521,2026-09-14 00:00:00,2026-09-14 00:00:00,Web,Paid,0,0
BILL329163,CUST10118,164019,164019,2026-09-22 00:00:00,2026-09-25 00:00:00,Mobile,Paid,0,0
BILL709813,CUST10555,274885,261683,2026-10-22 00:00:00,2026-10-26 00:00:00,Web,Paid,0,0
BILL867566,CUST10446,277035,277035,2026-07-17 00:00:00,2026-07-18 00:00:00,Web,Paid,0,0
BILL662274,CUST10556,337399,337399,2026-04-11 00:00:00,2026-04-10 00:00:00,Mobile,Paid,0,0
BILL494900,CUST10517,283169,283169,2026-08-18 00:00:00,2026-08-18 00:00:00,Mobile,Paid,0,0
BILL811191,CUST10016,116991,116991,2026-07-21 00:00:00,2026-07-21 00:00:00,API,Paid,0,1
BILL336617,CUST10016,116991,116991,2026-07-21 00:00:00,2026-07-21 00:01:00,API,Paid,0,1
BILL216862,CUST10016,116991,116991,2026-07-21 00:00:00,2026-07-21 00:02:00,API,Paid,0,1
BILL210960,CUST10605,277839,277839,2026-08-26 00:00:00,2026-08-30 00:00:00,Web,Paid,0,0
BILL555278,CUST10380,338212,338212,2026-09-26 00:00:00,2026-09-29 00:00:00,Mobile,Paid,0,0
BILL582920,CUST10106,153811,153811,2026-08-20 00:00:00,2026-08-23 00:00:00,Web,Paid,0,0
BILL421471,CUST10451,349644,349644,2026-08-19 00:00:00,2026-08-21 00:00:00,Web,Paid,0,0
BILL106811,CUST10195,215225,215225,2026-08-08 00:03:00,2026-08-11 00:03:00,Mobile,Paid,0,0
BILL560064,CUST10334,265988,265988,2026-05-18 00:02:00,2026-05-21 00:02:00,Mobile,Paid,0,0
BILL321417,CUST10193,149841,149841,2026-08-23 00:00:00,2026-08-25 00:00:00,API,Paid,0,0
BILL996021,CUST10517,283169,283169,2026-09-17 00:00:00,2026-09-21 00:00:00,Mobile,Paid,0,0
BILL735572,CUST10446,277035,277035,2026-08-17 00:00:00,2026-08-17 00:00:00,Web,Paid,0,0
BILL904861,CUST10306,279909,279909,2026-11-28 00:00:00,2026-12-02 00:00:00,Web,Paid,0,0
BILL283962,CUST10264,175717,175717,2026-12-27 00:00:00,2026-12-30 00:00:00,Web,Paid,0,0
BILL105129,CUST10617,240366,240366,2026-07-13 00:00:00,2026-07-13 00:00:00,Web,Paid,0,0
BILL288510,CUST10021,195797,195797,2026-07-19 00:00:00,2026-07-22 00:00:00,Mobile,Paid,0,0
BILL386328,CUST10416,112475,112475,2026-12-31 00:00:00,2027-01-04 00:00:00,Mobile,Paid,0,0
BILL699219,CUST10480,170314,167310,2026-06-12 00:00:00,2026-06-17 00:00:00,Web,Paid,0,0
BILL638207,CUST10362,343191,343832,2026-09-23 00:00:00,2026-09-23 00:00:00,Web,Paid,0,0
BILL568104,CUST10304,302555,302555,2026-05-18 00:00:00,2026-05-18 00:00:00,Mobile,Paid,0,0
BILL561204,CUST10334,265988,265988,2026-06-20 00:02:00,2026-06-25 00:02:00,Mobile,Paid,0,0
BILL486278,CUST10222,112320,112320,2027-03-02 00:00:00,2027-03-04 00:00:00,Web,Paid,0,0
BILL177753,CUST10331,259349,259349,2026-08-19 00:00:00,2026-08-24 00:00:00,Mobile,Paid,0,0
BILL726436,CUST10282,191051,191051,2026-08-16 00:00:00,2026-08-17 00:00:00,Mobile,Paid,0,0
BILL503379,CUST10168,151714,151714,2026-08-23 00:00:00,2026-08-26 00:00:00,Mobile,Paid,0,0
BILL460760,CUST10097,281179,281179,2026-09-21 00:00:00,2026-09-26 00:00:00,API,Paid,0,0
BILL476274,CUST10380,338212,338212,2026-10-29 00:00:00,2026-11-02 00:00:00,Mobile,Paid,0,0
BILL573729,CUST10122,272193,272193,2026-08-22 00:00:00,2026-08-27 00:00:00,Mobile,Paid,0,0
BILL987631,CUST10597,121035,121035,2026-07-17 00:00:00,2026-07-19 00:00:00,Web,Paid,0,0
BILL560998,CUST10605,277839,284039,2026-09-29 00:00:00,2026-09-30 00:00:00,API,Paid,1,1
BILL596121,CUST10386,396829,396829,2026-06-21 00:00:00,2026-06-25 00:00:00,Mobile,Paid,0,0
BILL117851,CUST10277,359643,359643,2026-09-25 00:00:00,2026-09-25 00:00:00,Mobile,Paid,0,0
BILL781668,CUST10395,155968,155968,2026-08-15 00:00:00,2026-08-16 00:00:00,Web,Paid,0,0
BILL948969,CUST10573,219542,219542,2026-05-14 00:00:00,2026-05-15 00:00:00,Web,Paid,0,0
BILL790011,CUST10412,345344,1806734,2026-11-27 00:00:00,2026-11-28 00:00:00,Mobile,Paid,0,1
BILL735620,CUST10141,236549,236549,2026-07-21 00:00:00,2026-07-24 00:00:00,Mobile,Paid,0,0
BILL538536,CUST10127,135804,142460,2026-07-14 00:00:00,2026-07-16 00:00:00,Web,Paid,0,0
BILL864622,CUST10145,383532,383532,2026-09-25 00:00:00,2026-09-27 00:00:00,Web,Paid,0,0
BILL893187,CUST10187,351559,351559,2026-04-10 00:00:00,2026-04-11 00:00:00,Web,Paid,0,0
BILL279835,CUST10558,283378,283378,2026-10-25 00:00:00,2026-10-26 00:00:00,Mobile,Paid,0,0
BILL319864,CUST10457,239593,239593,2026-07-18 00:00:00,2026-07-19 00:00:00,Web,Paid,0,0
BILL162558,CUST10275,374848,374848,2026-04-19 00:00:00,2026-04-21 00:00:00,Web,Paid,0,0
BILL313417,CUST10438,243716,243716,2026-12-18 00:00:00,2026-12-20 00:00:00,Web,Paid,0,0
BILL154549,CUST10585,164323,164323,2026-08-20 00:00:00,2026-08-20 00:00:00,Web,Paid,0,0
BILL151198,CUST10492,371225,371225,2026-04-12 00:00:00,2026-04-13 00:00:00,Mobile,Paid,0,0
BILL204438,CUST10600,196490,196490,2026-05-13 00:00:00,2026-05-18 00:00:00,API,Paid,0,0
BILL676827,CUST10082,220068,220068,2026-07-13 00:00:00,2026-07-15 00:00:00,Mobile,Paid,0,0
BILL147334,CUST10451,349644,349644,2026-09-20 00:00:00,2026-09-25 00:00:00,Web,Paid,0,0
BILL619622,CUST10244,350035,350035,2026-08-18 00:00:00,2026-08-23 00:00:00,Web,Paid,0,0
BILL325740,CUST10563,168559,168559,2026-09-25 00:00:00,2026-09-28 00:00:00,Mobile,Paid,0,0
BILL261066,CUST10336,112017,112017,2026-05-06 00:00:00,2026-05-09 00:00:00,API,Paid,0,0
BILL691743,CUST10484,392556,392556,2026-10-25 00:00:00,2026-10-27 00:00:00,Mobile,Paid,0,0
BILL719973,CUST10470,231253,222697,2026-07-25 00:00:00,2026-07-25 00:00:00,Web,Paid,0,0
BILL262888,CUST10136,153321,153321,2026-11-23 00:00:00,2026-11-23 00:00:00,Web,Paid,0,0
BILL404073,CUST10190,253576,253576,2026-08-20 00:00:00,2026-08-24 00:00:00,Mobile,Paid,0,0
BILL214203,CUST10017,120945,120945,2026-08-06 00:00:00,2026-08-07 00:00:00,Mobile,Paid,0,0
BILL261117,CUST10421,301889,306943,2026-07-13 00:00:00,2026-07-13 00:00:00,Web,Paid,0,0
BILL696991,CUST10607,185478,185478,2026-09-26 00:00:00,2026-09-26 00:00:00,Web,Paid,0,0
BILL926114,CUST10558,283378,283378,2026-11-25 00:00:00,2026-11-29 00:00:00,Mobile,Paid,0,0
BILL107662,CUST10030,335724,335724,2026-07-20 00:00:00,2026-07-21 00:00:00,Mobile,Paid,0,0
BILL477031,CUST10100,157108,157108,2026-05-15 00:03:00,2026-05-15 00:03:00,Mobile,Paid,0,0
BILL852861,CUST10239,298439,298439,2026-09-27 00:00:00,2026-10-02 00:00:00,Mobile,Paid,0,0
BILL812569,CUST10312,323922,323922,2026-12-20 00:02:00,2026-12-22 00:02:00,Web,Paid,0,0
BILL925993,CUST10566,323243,323243,2026-07-10 00:00:00,2026-07-12 00:00:00,Mobile,Paid,0,0
BILL319339,CUST10590,265889,265889,2026-09-25 00:00:00,2026-09-25 00:00:00,Web,Paid,0,0
BILL965226,CUST10389,170321,170321,2026-11-18 00:00:00,2026-11-18 00:00:00,Web,Paid,0,0
BILL728772,CUST10330,208656,208656,2026-11-17 00:00:00,2026-11-17 00:00:00,Mobile,Paid,0,0
BILL462209,CUST10098,340529,340529,2026-08-17 00:00:00,2026-08-19 00:00:00,Web,Paid,0,0
BILL721734,CUST10365,232975,232975,2026-12-01 00:00:00,2026-12-06 00:00:00,Web,Paid,0,0
BILL458571,CUST10564,196445,188185,2026-07-23 00:00:00,2026-07-28 00:00:00,Mobile,Paid,0,0
BILL852651,CUST10028,364958,364958,2026-09-19 00:03:00,2026-09-24 00:03:00,Web,Paid,0,0
BILL547515,CUST10195,215225,215225,2026-09-10 00:03:00,2026-09-12 00:03:00,Mobile,Paid,0,0
BILL858031,CUST10200,383061,383061,2026-05-18 00:00:00,2026-05-18 00:00:00,Web,Paid,0,0
BILL372762,CUST10193,149841,64876,2026-09-24 00:00:00,2026-09-28 00:00:00,Mobile,Paid,0,1
BILL712145,CUST10002,204619,204619,2026-10-23 00:00:00,2026-10-27 00:00:00,Web,Paid,0,0
BILL419323,CUST10563,168559,175560,2026-10-28 00:00:00,2026-10-28 00:00:00,Mobile,Paid,0,0
BILL213656,CUST10207,229700,229700,2026-07-15 00:00:00,2026-07-17 00:00:00,Web,Paid,0,0
BILL769631,CUST10167,187924,187924,2026-08-20 00:00:00,2026-08-20 00:00:00,Mobile,Paid,0,0
BILL913305,CUST10547,377662,377662,2026-06-10 00:00:00,2026-06-10 00:00:00,Mobile,Paid,0,0
BILL929113,CUST10300,207505,207505,2026-07-15 00:00:00,2026-07-17 00:00:00,Web,Paid,0,0
BILL108440,CUST10493,113712,113712,2027-01-06 00:00:00,2027-01-09 00:00:00,Web,Paid,0,0
BILL111704,CUST10184,299790,299790,2026-10-04 00:00:00,2026-10-09 00:00:00,Mobile,Paid,0,0
BILL692229,CUST10100,157108,157108,2026-06-14 00:03:00,2026-06-19 00:03:00,Mobile,Paid,0,0
BILL747672,CUST10579,201838,201838,2026-09-19 00:00:00,2026-09-23 00:00:00,Web,Paid,0,0
BILL620995,CUST10531,130975,130975,2026-05-19 00:00:00,2026-05-21 00:00:00,Mobile,Paid,0,0
BILL537267,CUST10180,343281,343281,2026-07-17 00:00:00,2026-07-20 00:00:00,Web,Paid,0,0
BILL856333,CUST10313,263980,263980,2026-09-22 00:00:00,2026-09-27 00:00:00,Mobile,Paid,0,0
BILL648187,CUST10289,171824,171824,2026-07-12 00:00:00,2026-07-13 00:00:00,Web,Paid,0,0
BILL669235,CUST10596,368379,368379,2026-05-15 00:00:00,2026-05-17 00:00:00,Mobile,Paid,0,0
BILL588789,CUST10246,215001,215001,2026-09-25 00:00:00,2026-09-27 00:00:00,Mobile,Paid,0,0
BILL559921,CUST10575,247910,247910,2026-08-19 00:00:00,2026-08-23 00:00:00,Mobile,Paid,0,0
BILL314853,CUST10554,216968,720656,2026-09-23 00:00:00,2026-09-26 00:00:00,Web,Paid,0,1
BILL567360,CUST10109,383003,383003,2026-07-29 00:00:00,2026-07-31 00:00:00,Web,Paid,0,0
BILL252585,CUST10179,286217,286217,2026-11-30 00:00:00,2026-12-05 00:00:00,API,Paid,0,0
BILL920483,CUST10154,146924,43351,2026-08-19 00:00:00,2026-08-23 00:00:00,Web,Paid,0,1
BILL681327,CUST10609,109015,109015,2026-07-16 00:00:00,2026-07-20 00:00:00,Mobile,Paid,0,0
BILL690170,CUST10493,113712,113712,2027-02-08 00:00:00,2027-02-09 00:00:00,Web,Paid,0,0
BILL458009,CUST10252,207634,207634,2027-01-29 00:00:00,2027-02-03 00:00:00,Mobile,Paid,0,0
BILL770187,CUST10329,233153,233153,2026-06-06 00:00:00,2026-06-10 00:00:00,Mobile,Paid,0,0
BILL278357,CUST10303,117880,119228,2026-07-10 00:00:00,2026-07-11 00:00:00,Web,Paid,0,0
BILL280464,CUST10338,347422,347422,2026-07-16 00:00:00,2026-07-21 00:00:00,Mobile,Paid,0,0
BILL173121,CUST10275,374848,374848,2026-05-21 00:00:00,2026-05-26 00:00:00,Web,Paid,0,0
BILL726110,CUST10057,189967,189967,2026-09-28 00:00:00,2026-10-01 00:00:00,Web,Paid,0,0
BILL409151,CUST10148,119046,119046,2026-05-12 00:00:00,2026-05-17 00:00:00,Web,Paid,0,0
BILL598315,CUST10353,153539,153539,2026-08-26 00:00:00,2026-08-29 00:00:00,Web,Paid,0,0
BILL339185,CUST10124,265731,116329,2026-06-18 00:00:00,2026-06-20 00:00:00,Web,Paid,0,1
BILL333969,CUST10326,131336,131336,2027-02-19 00:04:00,2027-02-22 00:04:00,Mobile,Paid,0,0
BILL539217,CUST10161,101122,101122,2026-09-23 00:00:00,2026-09-28 00:00:00,Web,Paid,0,0
BILL600554,CUST10295,382198,382198,2026-09-28 00:00:00,2026-09-28 00:00:00,Web,Paid,0,0
BILL282865,CUST10550,205293,205293,2026-09-25 00:00:00,2026-09-27 00:00:00,Web,Paid,0,0
BILL449688,CUST10231,109317,109317,2026-08-23 00:00:00,2026-08-23 00:00:00,Mobile,Paid,0,0
BILL157125,CUST10602,264550,264550,2026-10-19 00:00:00,2026-10-22 00:00:00,Web,Paid,0,0
BILL776461,CUST10093,290499,290499,2026-11-19 00:00:00,2026-11-23 00:00:00,Mobile,Paid,0,0
BILL826053,CUST10578,255524,255524,2026-10-24 00:00:00,2026-10-28 00:00:00,Mobile,Paid,0,0
BILL145348,CUST10072,290755,290755,2026-06-19 00:00:00,2026-06-23 00:00:00,Web,Paid,0,0
BILL853828,CUST10405,306307,306307,2026-08-13 00:00:00,2026-08-14 00:00:00,Mobile,Paid,0,0
BILL722601,CUST10296,126664,126664,2026-10-20 00:02:00,2026-10-21 00:02:00,API,Paid,0,1
BILL396324,CUST10614,317766,317766,2026-05-07 00:00:00,2026-05-10 00:00:00,Mobile,Paid,0,0
BILL531368,CUST10253,123560,123560,2026-09-20 00:00:00,2026-09-25 00:00:00,API,Paid,0,0
BILL508071,CUST10550,205293,205293,2026-10-27 00:00:00,2026-10-29 00:00:00,Web,Paid,0,0
BILL809488,CUST10412,345344,345344,2026-12-28 00:00:00,2026-12-31 00:00:00,Mobile,Paid,0,0
BILL368679,CUST10243,108833,108833,2026-09-14 00:02:00,2026-09-19 00:02:00,API,Paid,0,0
BILL482096,CUST10005,143030,143030,2026-03-10 00:00:00,2026-03-15 00:00:00,Mobile,Paid,0,0
BILL291901,CUST10588,315845,315845,2026-11-22 00:00:00,2026-11-23 00:00:00,Mobile,Paid,0,0
BILL496395,CUST10079,262578,262578,2026-07-20 00:00:00,2026-07-20 00:00:00,Mobile,Paid,0,0
BILL984254,CUST10089,268535,268535,2026-07-15 00:00:00,2026-07-20 00:00:00,API,Paid,0,0
BILL204571,CUST10452,193937,193937,2026-10-22 00:00:00,2026-10-23 00:00:00,Web,Paid,0,0
BILL251408,CUST10477,337604,337604,2026-10-22 00:00:00,2026-10-26 00:00:00,Mobile,Paid,0,0
BILL258111,CUST10133,226033,226033,2026-09-26 00:00:00,2026-10-01 00:00:00,Web,Paid,0,0
BILL598692,CUST10267,212787,212787,2026-09-14 00:03:00,2026-09-13 00:03:00,Web,Paid,0,0
BILL634959,CUST10186,259377,259377,2026-09-28 00:00:00,2026-09-30 00:00:00,Mobile,Paid,0,0
BILL508936,CUST10205,223531,223531,2026-10-20 00:00:00,2026-10-25 00:00:00,Mobile,Paid,0,0
BILL172322,CUST10172,236861,236861,2026-03-05 00:00:00,2026-03-07 00:00:00,Mobile,Paid,0,0
BILL768264,CUST10267,212787,212787,2026-10-13 00:03:00,2026-10-16 00:03:00,Web,Paid,0,0
BILL105817,CUST10174,199876,199876,2026-08-06 00:00:00,2026-08-07 00:00:00,Mobile,Paid,0,0
BILL256547,CUST10597,121035,121035,2026-08-18 00:00:00,2026-08-20 00:00:00,Web,Paid,0,0
BILL328341,CUST10517,283169,283169,2026-10-21 00:00:00,2026-10-24 00:00:00,Mobile,Paid,0,0
BILL652885,CUST10287,340091,340091,2026-11-24 00:00:00,2026-11-24 00:00:00,Mobile,Paid,0,0
BILL265368,CUST10550,205293,205293,2026-11-28 00:00:00,2026-12-02 00:00:00,Web,Paid,0,0
BILL580366,CUST10558,283378,283378,2026-12-29 00:00:00,2027-01-03 00:00:00,API,Paid,0,0
BILL668932,CUST10146,110250,110250,2026-05-15 00:00:00,2026-05-15 00:00:00,Web,Paid,0,0
BILL660103,CUST10108,186731,186731,2026-07-04 00:00:00,2026-07-07 00:00:00,Mobile,Paid,0,0
BILL593762,CUST10546,396437,396437,2026-09-16 00:00:00,2026-09-21 00:00:00,API,Paid,0,0
BILL107478,CUST10197,231115,231115,2026-09-21 00:00:00,2026-09-24 00:00:00,Web,Paid,0,0
BILL337116,CUST10299,188311,188311,2026-06-08 00:00:00,2026-06-12 00:00:00,Mobile,Paid,0,0
BILL586343,CUST10252,207634,207634,2027-03-05 00:00:00,2027-03-06 00:00:00,Mobile,Paid,0,0
BILL953149,CUST10252,207634,207634,2027-04-05 00:00:00,2027-04-06 00:00:00,Mobile,Paid,0,0
BILL510772,CUST10044,162242,162242,2026-05-10 00:00:00,2026-05-10 00:00:00,API,Paid,0,0
BILL437773,CUST10185,363569,363569,2026-07-17 00:00:00,2026-07-17 00:00:00,Web,Paid,0,0
BILL924078,CUST10322,249491,249491,2026-09-16 00:00:00,2026-09-18 00:00:00,Mobile,Paid,0,0
BILL853764,CUST10341,124456,124456,2026-12-31 00:00:00,2026-12-31 00:00:00,Web,Paid,0,0
BILL280971,CUST10161,101122,101122,2026-10-28 00:00:00,2026-11-01 00:00:00,Web,Paid,0,0
BILL119435,CUST10273,267851,267851,2026-07-21 00:00:00,2026-07-26 00:00:00,Web,Paid,0,0
BILL389746,CUST10107,163049,163049,2026-07-13 00:02:00,2026-07-17 00:02:00,Mobile,Paid,0,0
BILL845199,CUST10476,116759,116759,2026-11-17 00:00:00,2026-11-22 00:00:00,Web,Paid,0,0
BILL354844,CUST10449,196322,196322,2026-10-22 00:00:00,2026-10-23 00:00:00,Web,Paid,0,0
BILL505110,CUST10196,246448,246448,2026-07-15 00:00:00,2026-07-20 00:00:00,Web,Paid,0,0
BILL240907,CUST10358,310756,310756,2026-06-21 00:00:00,2026-06-26 00:00:00,Web,Paid,0,0
BILL599610,CUST10561,142207,142207,2026-04-12 00:00:00,2026-04-15 00:00:00,Mobile,Paid,0,0
BILL293887,CUST10423,377888,377888,2027-01-05 00:00:00,2027-01-07 00:00:00,API,Paid,0,0
BILL638903,CUST10143,251424,251424,2026-12-16 00:00:00,2026-12-16 00:00:00,Web,Paid,0,0
BILL410514,CUST10180,343281,343281,2026-08-19 00:00:00,2026-08-20 00:00:00,Web,Paid,0,0
BILL451266,CUST10131,361858,1858719,2026-07-21 00:00:00,2026-07-25 00:00:00,Web,Paid,0,1
BILL533820,CUST10234,321736,321736,2026-08-20 00:00:00,2026-08-25 00:00:00,Web,Paid,0,0
BILL738121,CUST10561,142207,142207,2026-05-15 00:00:00,2026-05-20 00:00:00,Mobile,Paid,0,0
BILL271414,CUST10269,168347,168347,2026-10-25 00:00:00,2026-10-30 00:00:00,API,Paid,0,0
BILL104903,CUST10585,164323,164323,2026-09-19 00:00:00,2026-09-19 00:00:00,Web,Paid,0,0
BILL449879,CUST10129,180334,180334,2026-08-20 00:00:00,2026-08-21 00:00:00,Mobile,Paid,0,0
BILL673700,CUST10220,274271,274271,2026-08-19 00:02:00,2026-08-21 00:02:00,Web,Paid,0,0
BILL702867,CUST10175,184093,184093,2026-06-13 00:00:00,2026-06-16 00:00:00,Mobile,Paid,0,0
BILL518765,CUST10496,125211,125211,2026-05-14 00:00:00,2026-05-14 00:00:00,Mobile,Paid,0,0
BILL469636,CUST10595,311615,311615,2026-07-19 00:00:00,2026-07-21 00:00:00,API,Paid,0,0
BILL760911,CUST10121,130126,130126,2026-08-20 00:00:00,2026-08-22 00:00:00,Mobile,Paid,0,0
BILL901800,CUST10193,149841,149841,2026-10-28 00:00:00,2026-10-30 00:00:00,API,Paid,0,0
BILL386878,CUST10007,198682,198682,2026-06-29 00:00:00,2026-07-02 00:00:00,Mobile,Paid,0,0
BILL440226,CUST10171,191777,191777,2026-06-06 00:00:00,2026-06-06 00:00:00,Web,Paid,0,0
BILL553291,CUST10112,287238,287238,2026-08-19 00:00:00,2026-08-19 00:00:00,Web,Paid,0,0
BILL413646,CUST10361,259740,259740,2026-05-13 00:00:00,2026-05-15 00:00:00,Mobile,Paid,0,0
BILL385469,CUST10594,328203,328203,2026-12-04 00:00:00,2026-12-08 00:00:00,Web,Paid,0,0
BILL850705,CUST10062,294766,294766,2027-01-24 00:00:00,2027-01-25 00:00:00,Web,Paid,0,0
BILL147916,CUST10382,144164,144164,2026-10-29 00:00:00,2026-10-31 00:00:00,Web,Paid,0,0
BILL567511,CUST10521,133647,133647,2026-08-10 00:00:00,2026-08-11 00:00:00,Web,Paid,0,0
BILL746157,CUST10327,317238,317238,2026-12-02 00:00:00,2026-12-02 00:00:00,Mobile,Paid,0,0
BILL906202,CUST10344,259225,172674,2026-12-18 00:00:00,2026-12-20 00:00:00,Web,Paid,0,1
BILL139364,CUST10120,161286,161286,2026-10-23 00:02:00,2026-10-27 00:02:00,Web,Paid,0,0
BILL117652,CUST10070,238824,238824,2026-08-15 00:00:00,2026-08-18 00:00:00,Web,Paid,0,0
BILL453027,CUST10466,222104,222104,2026-08-24 00:00:00,2026-08-26 00:00:00,Web,Paid,0,0
BILL990140,CUST10318,300846,300846,2026-12-26 00:00:00,2026-12-30 00:00:00,Mobile,Paid,0,0
BILL740703,CUST10176,140672,140672,2026-08-11 00:00:00,2026-08-15 00:00:00,API,Paid,0,0
BILL928931,CUST10372,145857,145857,2026-11-28 00:00:00,2026-11-27 00:00:00,Web,Paid,0,0
BILL725894,CUST10590,265889,265889,2026-10-25 00:00:00,2026-10-28 00:00:00,Web,Paid,0,0
BILL323494,CUST10007,198682,198682,2026-08-01 00:00:00,2026-08-03 00:00:00,Mobile,Paid,0,0
BILL106520,CUST10193,149841,149841,2026-11-29 00:00:00,2026-11-29 00:00:00,Mobile,Paid,0,0
BILL234287,CUST10471,287323,287323,2026-11-10 00:00:00,2026-11-11 00:00:00,Web,Paid,0,0
BILL453077,CUST10526,397628,397628,2026-09-26 00:00:00,2026-09-27 00:00:00,Web,Paid,0,0
BILL685090,CUST10102,275738,288646,2026-10-12 00:00:00,2026-10-12 00:00:00,Mobile,Paid,0,0
BILL374839,CUST10592,259732,269657,2026-06-21 00:00:00,2026-06-21 00:00:00,Web,Paid,0,0
BILL540837,CUST10423,377888,377888,2027-02-06 00:00:00,2027-02-06 00:00:00,Mobile,Paid,0,0
BILL873081,CUST10049,229700,229700,2026-11-30 00:00:00,2026-12-04 00:00:00,Web,Paid,0,0
BILL128748,CUST10571,146646,146646,2026-09-28 00:00:00,2026-09-27 00:00:00,Web,Paid,0,0
BILL784900,CUST10338,347422,347422,2026-08-20 00:00:00,2026-08-20 00:00:00,Mobile,Paid,0,0
BILL333377,CUST10234,321736,321736,2026-09-24 00:00:00,2026-09-29 00:00:00,Web,Paid,0,0
BILL366557,CUST10430,329033,329033,2026-07-17 00:00:00,2026-07-19 00:00:00,Mobile,Paid,0,0
BILL123070,CUST10359,189439,189439,2026-08-26 00:00:00,2026-08-28 00:00:00,Web,Paid,0,0
BILL262782,CUST10431,233641,233641,2026-11-27 00:02:00,2026-11-27 00:02:00,Mobile,Paid,0,0
BILL529871,CUST10520,148768,148768,2026-10-29 00:00:00,2026-11-03 00:00:00,Web,Paid,0,0
BILL497041,CUST10412,345344,345344,2027-01-30 00:00:00,2027-02-04 00:00:00,Mobile,Paid,0,0
BILL529015,CUST10511,360798,360798,2026-07-18 00:00:00,2026-07-22 00:00:00,Web,Paid,0,0
BILL843120,CUST10025,126760,126760,2026-08-18 00:00:00,2026-08-18 00:00:00,Web,Paid,0,0
BILL487932,CUST10291,235223,235223,2026-11-15 00:00:00,2026-11-15 00:00:00,API,Paid,0,1
BILL736491,CUST10291,235223,235223,2026-11-15 00:00:00,2026-11-15 00:01:00,API,Paid,0,1
BILL272668,CUST10294,296583,296583,2026-03-08 00:00:00,2026-03-11 00:00:00,Mobile,Paid,0,0
BILL148027,CUST10161,101122,101122,2026-12-01 00:00:00,2026-12-04 00:00:00,Web,Paid,0,0
BILL240314,CUST10514,324503,324503,2026-10-22 00:00:00,2026-10-22 00:00:00,Web,Paid,0,0
BILL269132,CUST10315,102741,102741,2026-07-22 00:00:00,2026-07-27 00:00:00,Web,Paid,0,0
BILL833127,CUST10380,338212,338212,2026-12-02 00:00:00,2026-12-06 00:00:00,Mobile,Paid,0,0
BILL756881,CUST10135,357332,357332,2026-12-17 00:00:00,2026-12-17 00:00:00,Web,Paid,0,0
BILL671863,CUST10393,339430,831605,2026-06-21 00:00:00,2026-06-23 00:00:00,Mobile,Paid,0,1
BILL790625,CUST10562,347308,347308,2026-05-13 00:00:00,2026-05-16 00:00:00,Web,Paid,0,0
BILL932442,CUST10026,224210,224210,2026-08-18 00:00:00,2026-08-22 00:00:00,API,Paid,0,0
BILL769317,CUST10445,342383,342383,2026-08-13 00:00:00,2026-08-15 00:00:00,Mobile,Paid,0,0
BILL119409,CUST10513,314825,314825,2026-05-07 00:00:00,2026-05-10 00:00:00,Web,Paid,0,0
BILL378221,CUST10434,189170,189170,2026-09-26 00:00:00,2026-09-30 00:00:00,Web,Paid,0,0
BILL928830,CUST10361,259740,259740,2026-06-14 00:00:00,2026-06-19 00:00:00,Mobile,Paid,0,0
BILL392724,CUST10401,263793,263793,2026-11-27 00:00:00,2026-11-30 00:00:00,Mobile,Paid,0,0
BILL620997,CUST10333,267327,267327,2026-09-15 00:00:00,2026-09-17 00:00:00,Web,Paid,0,0
BILL743160,CUST10510,122044,122044,2026-07-23 00:00:00,2026-07-28 00:00:00,Web,Paid,0,0
BILL326586,CUST10141,236549,242452,2026-08-23 00:00:00,2026-08-23 00:00:00,Mobile,Paid,0,0
BILL491000,CUST10610,366644,366644,2026-06-18 00:00:00,2026-06-18 00:00:00,Web,Paid,0,0
BILL529764,CUST10059,223989,223989,2026-10-30 00:00:00,2026-11-02 00:00:00,Mobile,Paid,0,0
BILL912022,CUST10482,198775,193276,2026-07-11 00:00:00,2026-07-14 00:00:00,Web,Paid,0,0
BILL601016,CUST10224,305967,305967,2026-12-17 00:00:00,2026-12-16 00:00:00,Mobile,Paid,0,0
BILL513151,CUST10339,233388,233388,2026-08-25 00:00:00,2026-08-25 00:00:00,API,Paid,0,1
BILL895298,CUST10339,233388,233388,2026-08-25 00:00:00,2026-08-25 00:01:00,API,Paid,0,1
BILL620989,CUST10534,108269,108269,2026-09-28 00:00:00,2026-10-01 00:00:00,Mobile,Paid,0,0
BILL586345,CUST10171,191777,191777,2026-07-06 00:00:00,2026-07-08 00:00:00,Web,Paid,0,0
BILL337622,CUST10499,174133,174133,2026-12-23 00:00:00,2026-12-27 00:00:00,Mobile,Paid,0,0
BILL674403,CUST10602,264550,264550,2026-11-21 00:00:00,2026-11-25 00:00:00,Web,Paid,0,0
BILL698759,CUST10223,367891,367891,2026-08-15 00:00:00,2026-08-17 00:00:00,Web,Paid,0,0
BILL847690,CUST10489,309142,309142,2026-07-21 00:00:00,2026-07-24 00:00:00,Mobile,Paid,0,0
BILL263298,CUST10377,321013,321013,2026-11-16 00:00:00,2026-11-16 00:00:00,Mobile,Paid,0,0
BILL120925,CUST10244,350035,350035,2026-09-22 00:00:00,2026-09-25 00:00:00,Web,Paid,0,0
BILL571695,CUST10477,337604,322240,2026-11-25 00:00:00,2026-11-26 00:00:00,Mobile,Paid,0,0
BILL777424,CUST10410,262188,250833,2026-10-17 00:00:00,2026-10-20 00:00:00,Web,Paid,0,0
BILL304496,CUST10547,377662,377662,2026-07-10 00:00:00,2026-07-13 00:00:00,Mobile,Paid,0,0
BILL412229,CUST10427,359626,1772368,2026-07-13 00:00:00,2026-07-18 00:00:00,API,Paid,0,1
BILL465845,CUST10369,232410,232410,2026-11-26 00:00:00,2026-11-28 00:00:00,Mobile,Paid,0,0
BILL956765,CUST10287,340091,340091,2026-12-24 00:00:00,2026-12-27 00:00:00,Mobile,Paid,0,0
BILL667237,CUST10499,174133,174133,2027-01-26 00:00:00,2027-01-31 00:00:00,Mobile,Paid,0,0
BILL190205,CUST10215,129546,129546,2026-09-30 00:00:00,2026-10-03 00:00:00,Web,Paid,0,0
BILL486373,CUST10431,233641,233641,2026-12-27 00:02:00,2026-12-29 00:02:00,Mobile,Paid,0,0
BILL310215,CUST10517,283169,283169,2026-11-23 00:00:00,2026-11-23 00:00:00,Mobile,Paid,0,0
BILL236259,CUST10034,308610,308610,2026-09-23 00:00:00,2026-09-24 00:00:00,Mobile,Paid,0,0
BILL477360,CUST10196,246448,246448,2026-08-19 00:00:00,2026-08-21 00:00:00,Web,Paid,0,0
BILL178818,CUST10390,304339,304339,2026-06-19 00:00:00,2026-06-21 00:00:00,Web,Paid,0,0
BILL330721,CUST10165,302743,302743,2026-04-12 00:00:00,2026-04-15 00:00:00,Web,Paid,0,0
BILL506920,CUST10356,282080,282080,2026-09-15 00:00:00,2026-09-20 00:00:00,Web,Paid,0,0
BILL615803,CUST10562,347308,347308,2026-06-15 00:00:00,2026-06-16 00:00:00,Web,Paid,0,0
BILL898168,CUST10541,373598,373598,2026-08-22 00:00:00,2026-08-23 00:00:00,API,Paid,0,1
BILL447084,CUST10003,171760,171760,2026-08-27 00:00:00,2026-08-31 00:00:00,Mobile,Paid,0,0
BILL727888,CUST10190,253576,253576,2026-09-23 00:00:00,2026-09-26 00:00:00,Mobile,Paid,0,0
BILL280970,CUST10528,123124,123124,2026-06-19 00:00:00,2026-06-20 00:00:00,Mobile,Paid,0,0
BILL792223,CUST10386,396829,396829,2026-07-25 00:00:00,2026-07-29 00:00:00,Mobile,Paid,0,0
BILL759977,CUST10615,189647,189647,2026-08-16 00:00:00,2026-08-16 00:00:00,Mobile,Paid,0,0
BILL818291,CUST10136,153321,153321,2026-12-23 00:00:00,2026-12-24 00:00:00,Web,Paid,0,0
BILL737736,CUST10468,377171,377171,2026-12-28 00:00:00,2027-01-02 00:00:00,Mobile,Paid,0,0
BILL654243,CUST10425,336049,336049,2027-03-05 00:00:00,2027-03-07 00:00:00,Web,Paid,0,0
BILL386258,CUST10371,292424,292424,2026-05-15 00:00:00,2026-05-17 00:00:00,Web,Paid,0,0
BILL218019,CUST10425,336049,336049,2027-04-06 00:00:00,2027-04-10 00:00:00,Web,Paid,0,0
BILL101695,CUST10355,167264,167264,2026-06-26 00:00:00,2026-06-28 00:00:00,Web,Paid,0,0
BILL314331,CUST10542,218385,218385,2026-12-26 00:00:00,2026-12-30 00:00:00,Web,Paid,0,0
BILL779980,CUST10348,149541,149541,2027-03-01 00:00:00,2027-03-06 00:00:00,Mobile,Paid,0,0
BILL746561,CUST10215,129546,129546,2026-11-02 00:00:00,2026-11-06 00:00:00,Web,Paid,0,0
BILL485177,CUST10243,108833,108833,2026-10-19 00:02:00,2026-10-23 00:02:00,Web,Paid,0,0
BILL238037,CUST10389,170321,170321,2026-12-18 00:00:00,2026-12-23 00:00:00,API,Paid,0,0
BILL343535,CUST10325,198086,198086,2026-05-17 00:00:00,2026-05-22 00:00:00,Web,Paid,0,0
BILL786163,CUST10027,156366,156366,2027-03-27 00:00:00,2027-03-27 00:00:00,Mobile,Paid,0,0
BILL904645,CUST10163,307698,307698,2026-09-18 00:00:00,2026-09-18 00:00:00,API,Paid,0,0
BILL926313,CUST10198,389783,389783,2026-09-30 00:00:00,2026-10-01 00:00:00,Web,Paid,0,0
BILL221431,CUST10514,324503,340133,2026-11-21 00:00:00,2026-11-23 00:00:00,API,Paid,0,0
BILL726856,CUST10190,253576,253576,2026-10-26 00:00:00,2026-10-26 00:00:00,API,Paid,0,0
BILL603914,CUST10258,165224,165224,2026-07-12 00:02:00,2026-07-16 00:02:00,Mobile,Paid,0,0
BILL940660,CUST10577,383781,383781,2026-08-06 00:00:00,2026-08-09 00:00:00,Web,Paid,0,0
BILL380128,CUST10505,154065,154065,2026-03-08 00:00:00,2026-03-12 00:00:00,Mobile,Paid,0,0
BILL303969,CUST10104,110694,110694,2026-09-23 00:03:00,2026-09-28 00:03:00,Mobile,Paid,0,0
BILL296240,CUST10518,266405,266405,2026-08-22 00:00:00,2026-08-24 00:00:00,Web,Paid,0,0
BILL871517,CUST10120,161286,161286,2026-11-26 00:02:00,2026-11-28 00:02:00,Web,Paid,0,0
BILL766316,CUST10391,333242,333242,2026-11-27 00:00:00,2026-11-30 00:00:00,Mobile,Paid,0,0
BILL219513,CUST10268,130751,130751,2026-08-08 00:00:00,2026-08-13 00:00:00,Mobile,Paid,0,0
BILL680591,CUST10159,171080,171080,2026-09-28 00:03:00,2026-10-02 00:03:00,Web,Paid,0,0
BILL798283,CUST10497,395180,395180,2026-10-20 00:00:00,2026-10-24 00:00:00,Web,Paid,0,0
BILL889043,CUST10433,234061,234061,2026-10-20 00:00:00,2026-10-23 00:00:00,Web,Paid,0,0
BILL263116,CUST10419,288784,288784,2026-08-24 00:00:00,2026-08-26 00:00:00,Web,Paid,0,0
BILL108673,CUST10451,349644,349644,2026-10-25 00:00:00,2026-10-29 00:00:00,Web,Paid,0,0
BILL672841,CUST10156,369239,369239,2026-09-20 00:00:00,2026-09-20 00:00:00,Web,Paid,0,0
BILL956118,CUST10302,309550,309550,2026-12-10 00:02:00,2026-12-14 00:02:00,Web,Paid,0,0
BILL485103,CUST10192,350038,350038,2026-05-10 00:00:00,2026-05-11 00:00:00,Mobile,Paid,0,0
BILL805517,CUST10238,308363,322929,2026-10-15 00:00:00,2026-10-20 00:00:00,Web,Paid,0,0
BILL114987,CUST10346,295566,295566,2026-09-30 00:00:00,2026-10-02 00:00:00,Web,Paid,0,0
BILL394718,CUST10116,354488,354488,2026-08-20 00:00:00,2026-08-25 00:00:00,Mobile,Paid,0,0
BILL568718,CUST10303,117880,117880,2026-08-10 00:00:00,2026-08-15 00:00:00,Web,Paid,0,0
BILL208160,CUST10207,229700,229700,2026-08-16 00:00:00,2026-08-19 00:00:00,Web,Paid,0,0
BILL493315,CUST10315,102741,102741,2026-08-26 00:00:00,2026-08-28 00:00:00,Web,Paid,1,1
BILL419019,CUST10271,312742,312742,2026-09-18 00:00:00,2026-09-19 00:00:00,Web,Paid,0,0
BILL348392,CUST10033,239118,892266,2026-09-08 00:00:00,2026-09-07 00:00:00,Mobile,Paid,0,1
BILL995182,CUST10262,112663,112663,2026-09-19 00:00:00,2026-09-23 00:00:00,Mobile,Paid,0,0
BILL370838,CUST10081,157555,157555,2026-04-13 00:00:00,2026-04-14 00:00:00,Mobile,Paid,0,0
BILL143777,CUST10536,367293,367293,2026-07-14 00:00:00,2026-07-19 00:00:00,Web,Paid,0,0
BILL610126,CUST10329,233153,233153,2026-07-10 00:00:00,2026-07-12 00:00:00,Mobile,Paid,0,0
BILL927393,CUST10489,309142,316828,2026-08-23 00:00:00,2026-08-24 00:00:00,Mobile,Paid,0,0
BILL861333,CUST10377,321013,321013,2026-12-16 00:00:00,2026-12-18 00:00:00,Mobile,Paid,0,0
BILL119177,CUST10334,265988,265988,2026-07-25 00:02:00,2026-07-28 00:02:00,Mobile,Paid,0,0
BILL783917,CUST10141,236549,236549,2026-09-22 00:00:00,2026-09-21 00:00:00,Mobile,Paid,0,0
BILL488837,CUST10009,210512,210512,2026-11-26 00:00:00,2026-11-30 00:00:00,Web,Paid,1,1
BILL706497,CUST10032,168414,168414,2026-11-20 00:00:00,2026-11-21 00:00:00,Mobile,Paid,0,0
BILL854426,CUST10566,323243,323243,2026-08-11 00:00:00,2026-08-14 00:00:00,Mobile,Paid,0,0
BILL496132,CUST10169,282389,282389,2027-01-30 00:02:00,2027-02-04 00:02:00,Web,Paid,0,0
BILL643893,CUST10395,155968,155968,2026-09-15 00:00:00,2026-09-20 00:00:00,Web,Paid,0,0
BILL510536,CUST10413,118569,118569,2026-09-13 00:00:00,2026-09-17 00:00:00,API,Paid,0,0
BILL527593,CUST10513,314825,314825,2026-06-09 00:00:00,2026-06-12 00:00:00,API,Paid,0,0
BILL839376,CUST10147,165632,165632,2026-09-16 00:00:00,2026-09-19 00:00:00,Mobile,Paid,0,0
BILL795830,CUST10527,116854,699542,2026-07-14 00:00:00,2026-07-17 00:00:00,Web,Paid,0,1
BILL913976,CUST10217,165780,163924,2026-08-17 00:00:00,2026-08-21 00:00:00,Web,Paid,0,0
BILL481685,CUST10346,295566,295566,2026-11-01 00:00:00,2026-11-03 00:00:00,Web,Paid,0,0
BILL894682,CUST10399,205101,207927,2026-08-20 00:00:00,2026-08-25 00:00:00,Mobile,Paid,0,0
BILL225591,CUST10610,366644,366644,2026-07-18 00:00:00,2026-07-19 00:00:00,Web,Paid,0,0
BILL159411,CUST10440,125531,125531,2026-06-19 00:00:00,2026-06-19 00:00:00,Mobile,Paid,0,0
BILL510376,CUST10069,240610,240610,2026-08-23 00:00:00,2026-08-25 00:00:00,Web,Paid,0,0
BILL539959,CUST10222,112320,112320,2027-04-03 00:00:00,2027-04-08 00:00:00,Web,Paid,0,0
BILL176542,CUST10594,328203,328203,2027-01-07 00:00:00,2027-01-07 00:00:00,Web,Paid,0,0
BILL199291,CUST10064,334083,334083,2026-06-09 00:00:00,2026-06-10 00:00:00,Web,Paid,0,0
BILL173584,CUST10539,138041,138041,2026-11-17 00:00:00,2026-11-21 00:00:00,Mobile,Paid,0,0
BILL328694,CUST10497,395180,395180,2026-11-23 00:00:00,2026-11-26 00:00:00,Web,Paid,0,0
BILL640622,CUST10548,270524,270524,2026-11-20 00:00:00,2026-11-23 00:00:00,API,Paid,0,0
BILL149703,CUST10090,233891,233891,2027-03-07 00:00:00,2027-03-10 00:00:00,Mobile,Paid,0,0
BILL556544,CUST10061,106864,106864,2026-12-27 00:03:00,2027-01-01 00:03:00,Web,Paid,0,0
BILL683223,CUST10050,162880,162880,2026-09-26 00:00:00,2026-09-29 00:00:00,Mobile,Paid,0,0
BILL758056,CUST10569,259259,259259,2026-09-18 00:00:00,2026-09-22 00:00:00,Web,Paid,0,0
BILL459842,CUST10601,154862,154862,2026-08-15 00:00:00,2026-08-20 00:00:00,Web,Paid,0,0
BILL994275,CUST10278,293986,293986,2026-11-14 00:00:00,2026-11-19 00:00:00,Web,Paid,0,0
BILL259243,CUST10232,124686,124686,2026-10-18 00:00:00,2026-10-19 00:00:00,Web,Paid,0,0
BILL887994,CUST10517,283169,1228821,2026-12-23 00:00:00,2026-12-26 00:00:00,Mobile,Paid,0,1
BILL944545,CUST10147,165632,165632,2026-10-19 00:00:00,2026-10-23 00:00:00,API,Paid,0,1
BILL718734,CUST10252,207634,197913,2027-05-06 00:00:00,2027-05-10 00:00:00,Mobile,Paid,0,0
BILL170760,CUST10403,388178,388178,2026-06-24 00:00:00,2026-06-24 00:00:00,Web,Paid,0,0
BILL927099,CUST10587,236036,236036,2026-08-15 00:00:00,2026-08-20 00:00:00,Mobile,Paid,0,0
BILL969033,CUST10576,160191,160191,2026-12-30 00:00:00,2026-12-30 00:00:00,Web,Paid,0,0
BILL282475,CUST10121,130126,135772,2026-09-21 00:00:00,2026-09-24 00:00:00,Mobile,Paid,0,0
BILL450881,CUST10420,389530,389530,2026-06-19 00:00:00,2026-06-19 00:00:00,Mobile,Paid,0,0
BILL169652,CUST10043,193406,193406,2026-05-12 00:00:00,2026-05-13 00:00:00,Web,Paid,0,0
BILL785740,CUST10245,182230,182230,2026-08-22 00:00:00,2026-08-26 00:00:00,Web,Paid,0,0
BILL137233,CUST10533,255457,94659,2026-06-06 00:00:00,2026-06-11 00:00:00,Mobile,Paid,0,1
BILL125637,CUST10032,168414,168414,2026-12-21 00:00:00,2026-12-24 00:00:00,Mobile,Paid,0,0
BILL143678,CUST10491,196379,200933,2026-06-10 00:00:00,2026-06-10 00:00:00,Web,Paid,0,0
BILL584096,CUST10258,165224,165224,2026-08-15 00:02:00,2026-08-19 00:02:00,Mobile,Paid,0,0
BILL311432,CUST10267,212787,212787,2026-11-15 00:03:00,2026-11-20 00:03:00,API,Paid,0,0
BILL710515,CUST10362,343191,343191,2026-10-23 00:00:00,2026-10-26 00:00:00,API,Paid,0,0
BILL770214,CUST10492,371225,371225,2026-05-13 00:00:00,2026-05-17 00:00:00,API,Paid,0,0
BILL217704,CUST10203,266342,266342,2026-11-24 00:00:00,2026-11-26 00:00:00,Mobile,Paid,0,0
BILL796485,CUST10158,104243,104243,2026-10-21 00:00:00,2026-10-24 00:00:00,Web,Paid,0,0
BILL147623,CUST10186,259377,268549,2026-10-30 00:00:00,2026-11-03 00:00:00,Mobile,Paid,1,1
BILL368035,CUST10440,125531,125531,2026-07-19 00:00:00,2026-07-19 00:00:00,Mobile,Paid,0,0
BILL643600,CUST10453,317420,317420,2026-07-16 00:00:00,2026-07-16 00:00:00,Mobile,Paid,0,0
BILL848644,CUST10365,232975,232975,2027-01-05 00:00:00,2027-01-10 00:00:00,Web,Paid,0,0
BILL898245,CUST10407,250699,250699,2026-06-19 00:00:00,2026-06-22 00:00:00,Web,Paid,0,0
BILL549781,CUST10159,171080,171080,2026-11-01 00:03:00,2026-11-01 00:03:00,API,Paid,0,0
BILL600177,CUST10373,133995,133995,2026-09-25 00:00:00,2026-09-30 00:00:00,API,Paid,0,0
BILL993116,CUST10361,259740,259740,2026-07-19 00:00:00,2026-07-19 00:00:00,Mobile,Paid,0,0
BILL942336,CUST10509,325008,325008,2026-07-19 00:00:00,2026-07-22 00:00:00,Mobile,Paid,0,0
BILL428617,CUST10235,240025,112492,2026-08-28 00:00:00,2026-09-01 00:00:00,Mobile,Paid,0,1
BILL813977,CUST10581,355990,355990,2026-10-13 00:00:00,2026-10-16 00:00:00,Web,Paid,0,0
BILL763583,CUST10044,162242,162242,2026-06-09 00:00:00,2026-06-11 00:00:00,API,Paid,0,1
BILL913086,CUST10270,256786,256786,2026-07-13 00:00:00,2026-07-15 00:00:00,API,Paid,0,1
BILL813269,CUST10165,302743,302743,2026-05-15 00:00:00,2026-05-19 00:00:00,Web,Paid,0,0
BILL792816,CUST10446,277035,277035,2026-09-16 00:00:00,2026-09-19 00:00:00,Web,Paid,0,0
BILL789774,CUST10172,236861,240912,2026-04-06 00:00:00,2026-04-11 00:00:00,Mobile,Paid,0,0
BILL295532,CUST10553,150140,150140,2026-07-16 00:00:00,2026-07-18 00:00:00,Mobile,Paid,0,0
BILL130905,CUST10609,109015,109015,2026-08-19 00:00:00,2026-08-23 00:00:00,Mobile,Paid,0,0
BILL570136,CUST10006,161946,161946,2026-09-21 00:00:00,2026-09-22 00:00:00,Web,Paid,0,0
BILL184302,CUST10280,316106,316106,2026-03-12 00:00:00,2026-03-14 00:00:00,API,Paid,0,0
BILL567795,CUST10078,271954,271954,2026-12-21 00:00:00,2026-12-23 00:00:00,Web,Paid,0,0
BILL124129,CUST10375,235313,235313,2026-09-16 00:00:00,2026-09-17 00:00:00,Mobile,Paid,0,0
BILL918934,CUST10220,274271,274271,2026-09-20 00:02:00,2026-09-21 00:02:00,Web,Paid,0,0
BILL992018,CUST10080,308693,749155,2026-10-20 00:00:00,2026-10-20 00:00:00,Web,Paid,0,1
BILL721479,CUST10157,151503,151503,2026-08-25 00:00:00,2026-08-30 00:00:00,Mobile,Paid,0,0
BILL476036,CUST10198,389783,389783,2026-10-31 00:00:00,2026-11-01 00:00:00,Web,Paid,0,0
BILL301352,CUST10047,311412,311412,2026-08-16 00:00:00,2026-08-18 00:00:00,Web,Paid,0,0
BILL965148,CUST10283,103807,103807,2026-10-14 00:00:00,2026-10-18 00:00:00,Web,Paid,0,0
BILL909829,CUST10141,236549,236549,2026-10-21 00:00:00,2026-10-22 00:00:00,Mobile,Paid,0,0
BILL802249,CUST10306,279909,279909,2027-01-01 00:00:00,2027-01-02 00:00:00,Web,Paid,0,0
BILL636003,CUST10043,193406,191630,2026-06-12 00:00:00,2026-06-17 00:00:00,Web,Paid,0,0
BILL549665,CUST10053,103972,103972,2026-04-07 00:00:00,2026-04-09 00:00:00,Mobile,Paid,0,0
BILL157897,CUST10554,216968,216968,2026-10-26 00:00:00,2026-10-27 00:00:00,Web,Paid,0,0
BILL717148,CUST10103,245102,245556,2026-10-29 00:00:00,2026-11-03 00:00:00,Mobile,Paid,0,0
BILL191338,CUST10253,123560,123560,2026-10-25 00:00:00,2026-10-26 00:00:00,Mobile,Paid,0,0
BILL135697,CUST10326,131336,131336,2027-03-24 00:04:00,2027-03-29 00:04:00,Mobile,Paid,0,0
BILL313077,CUST10500,173084,173084,2026-09-26 00:00:00,2026-10-01 00:00:00,Mobile,Paid,0,0
BILL753374,CUST10053,103972,103972,2026-05-09 00:00:00,2026-05-13 00:00:00,Mobile,Paid,1,1
BILL758391,CUST10562,347308,347308,2026-07-16 00:00:00,2026-07-20 00:00:00,Web,Paid,0,0
BILL145254,CUST10119,348631,348631,2026-10-14 00:00:00,2026-10-19 00:00:00,Web,Paid,0,0
BILL815816,CUST10126,171560,171560,2026-06-13 00:00:00,2026-06-16 00:00:00,Web,Paid,0,0
BILL108972,CUST10170,132224,132224,2026-06-16 00:00:00,2026-06-21 00:00:00,Mobile,Paid,0,0
BILL569573,CUST10461,326427,326427,2026-10-14 00:00:00,2026-10-15 00:00:00,Web,Paid,0,0
BILL901636,CUST10508,227154,227154,2026-09-24 00:00:00,2026-09-29 00:00:00,Mobile,Paid,0,0
BILL987658,CUST10024,197978,197978,2026-11-23 00:00:00,2026-11-27 00:00:00,API,Paid,0,0
BILL379249,CUST10179,286217,286217,2027-01-04 00:00:00,2027-01-06 00:00:00,API,Paid,0,0
BILL436071,CUST10210,207564,207564,2026-08-24 00:00:00,2026-08-27 00:00:00,Mobile,Paid,0,0
BILL261968,CUST10069,240610,240610,2026-09-24 00:00:00,2026-09-24 00:00:00,Web,Paid,0,0
BILL938786,CUST10418,162610,162610,2026-07-13 00:00:00,2026-07-17 00:00:00,Web,Paid,0,0
BILL507501,CUST10366,335915,335915,2026-07-12 00:02:00,2026-07-14 00:02:00,Web,Paid,0,0
BILL375703,CUST10129,180334,180334,2026-09-20 00:00:00,2026-09-21 00:00:00,Mobile,Paid,0,0
BILL231815,CUST10403,388178,101913,2026-07-24 00:00:00,2026-07-29 00:00:00,Web,Paid,0,1
BILL819626,CUST10097,281179,281179,2026-10-26 00:00:00,2026-10-31 00:00:00,Mobile,Paid,0,0
BILL150611,CUST10426,388662,388662,2026-08-17 00:00:00,2026-08-20 00:00:00,Web,Paid,0,0
BILL814062,CUST10463,347787,347787,2026-10-13 00:02:00,2026-10-16 00:02:00,Mobile,Paid,0,0
BILL823098,CUST10042,162275,162275,2026-10-28 00:00:00,2026-10-28 00:00:00,Web,Paid,0,0
BILL118886,CUST10570,281667,281667,2026-08-26 00:00:00,2026-08-30 00:00:00,Mobile,Paid,0,0
BILL880923,CUST10507,295333,295333,2026-10-12 00:00:00,2026-10-13 00:00:00,Web,Paid,0,0
BILL773908,CUST10219,352327,352327,2026-07-15 00:00:00,2026-07-20 00:00:00,Mobile,Paid,0,0
BILL867096,CUST10597,121035,121035,2026-09-19 00:00:00,2026-09-23 00:00:00,Web,Paid,0,0
BILL883131,CUST10472,397250,397250,2026-06-20 00:00:00,2026-06-23 00:00:00,Web,Paid,0,0
BILL540585,CUST10059,223989,223989,2026-12-02 00:00:00,2026-12-06 00:00:00,Mobile,Paid,0,0
BILL386143,CUST10212,216836,216836,2026-09-20 00:00:00,2026-09-20 00:00:00,API,Paid,0,0
BILL442419,CUST10358,310756,310756,2026-07-26 00:00:00,2026-07-31 00:00:00,Web,Paid,0,0
BILL625396,CUST10308,187089,187089,2026-09-17 00:00:00,2026-09-20 00:00:00,Mobile,Paid,1,1
BILL526453,CUST10608,375374,375374,2026-07-18 00:00:00,2026-07-19 00:00:00,Mobile,Paid,0,0
BILL575636,CUST10457,239593,239593,2026-08-18 00:00:00,2026-08-20 00:00:00,Web,Paid,0,0
BILL551085,CUST10156,369239,358918,2026-10-20 00:00:00,2026-10-21 00:00:00,Web,Paid,0,0
BILL419407,CUST10185,363569,363569,2026-08-16 00:00:00,2026-08-18 00:00:00,Web,Paid,0,0
BILL534702,CUST10063,183462,183462,2026-06-15 00:00:00,2026-06-19 00:00:00,API,Paid,0,0
BILL677250,CUST10058,101443,101443,2026-08-20 00:00:00,2026-08-20 00:00:00,Mobile,Paid,0,0
BILL484990,CUST10153,225835,225835,2026-09-21 00:00:00,2026-09-22 00:00:00,Web,Paid,0,0
BILL923864,CUST10379,362880,362880,2026-10-22 00:00:00,2026-10-26 00:00:00,API,Paid,0,0
BILL880147,CUST10488,237166,241593,2026-06-08 00:00:00,2026-06-09 00:00:00,Web,Paid,0,0
BILL388709,CUST10147,165632,165632,2026-11-22 00:00:00,2026-11-25 00:00:00,Mobile,Paid,0,0
BILL943885,CUST10141,236549,236549,2026-11-21 00:00:00,2026-11-23 00:00:00,Mobile,Paid,0,0
BILL157264,CUST10447,263252,263252,2026-09-21 00:00:00,2026-09-26 00:00:00,Mobile,Paid,0,0
BILL311593,CUST10568,398581,398581,2026-05-19 00:00:00,2026-05-22 00:00:00,Web,Paid,0,0
BILL102429,CUST10489,309142,309142,2026-09-23 00:00:00,2026-09-26 00:00:00,Mobile,Paid,0,0
BILL425647,CUST10370,105982,105982,2026-10-25 00:00:00,2026-10-29 00:00:00,Mobile,Paid,0,0
BILL967631,CUST10510,122044,122044,2026-08-27 00:00:00,2026-08-29 00:00:00,Web,Paid,0,0
BILL598335,CUST10311,151937,151937,2026-07-12 00:00:00,2026-07-14 00:00:00,Mobile,Paid,0,0
BILL643075,CUST10452,193937,193937,2026-11-22 00:00:00,2026-11-25 00:00:00,Web,Paid,0,0
BILL985501,CUST10168,151714,151714,2026-09-25 00:00:00,2026-09-30 00:00:00,Mobile,Paid,0,0
BILL689203,CUST10000,280462,280462,2027-02-10 00:00:00,2027-02-11 00:00:00,Web,Paid,0,0
BILL961243,CUST10502,167579,167579,2026-10-26 00:03:00,2026-10-30 00:03:00,Web,Paid,0,0
BILL431239,CUST10525,278102,278102,2026-02-05 00:00:00,2026-02-07 00:00:00,API,Paid,0,0
BILL343014,CUST10182,333834,333834,2026-04-12 00:00:00,2026-04-13 00:00:00,Web,Paid,0,0
BILL868286,CUST10522,340137,340137,2026-08-10 00:00:00,2026-08-15 00:00:00,Mobile,Paid,0,0
BILL132460,CUST10443,155257,155257,2026-08-18 00:00:00,2026-08-20 00:00:00,Web,Paid,0,0
BILL460087,CUST10156,369239,369239,2026-11-20 00:00:00,2026-11-20 00:00:00,Web,Paid,0,0
BILL671270,CUST10055,380448,380448,2026-12-26 00:00:00,2026-12-29 00:00:00,Web,Paid,0,0
BILL603030,CUST10485,340510,340510,2026-06-23 00:00:00,2026-06-27 00:00:00,Web,Paid,0,0
BILL271996,CUST10054,281343,281343,2026-11-24 00:00:00,2026-11-28 00:00:00,Mobile,Paid,0,0
BILL550580,CUST10165,302743,302743,2026-06-18 00:00:00,2026-06-21 00:00:00,Web,Paid,0,0
BILL822547,CUST10354,212581,212581,2026-07-11 00:00:00,2026-07-12 00:00:00,Mobile,Paid,0,0
BILL675722,CUST10048,283288,283288,2026-09-13 00:00:00,2026-09-17 00:00:00,Mobile,Paid,0,0
BILL862566,CUST10221,299263,299263,2026-07-13 00:00:00,2026-07-16 00:00:00,Web,Paid,0,0
BILL993682,CUST10525,278102,278102,2026-03-09 00:00:00,2026-03-13 00:00:00,Web,Paid,0,0
BILL726898,CUST10519,147123,147123,2026-08-09 00:02:00,2026-08-11 00:02:00,Mobile,Paid,0,0
BILL935542,CUST10003,171760,171760,2026-09-30 00:00:00,2026-10-04 00:00:00,Mobile,Paid,0,0
BILL878235,CUST10370,105982,105982,2026-11-28 00:00:00,2026-11-27 00:00:00,Mobile,Paid,0,0
BILL479666,CUST10264,175717,175717,2027-01-29 00:00:00,2027-01-30 00:00:00,Web,Paid,0,0
BILL360250,CUST10552,289154,289154,2026-08-16 00:00:00,2026-08-21 00:00:00,Mobile,Paid,0,0
BILL153376,CUST10437,218742,218742,2026-08-12 00:00:00,2026-08-14 00:00:00,Web,Paid,0,0
BILL850308,CUST10296,126664,126664,2026-11-20 00:02:00,2026-11-24 00:02:00,Web,Paid,0,0
BILL785349,CUST10603,276192,276192,2026-08-30 00:00:00,2026-09-02 00:00:00,Web,Paid,0,0
BILL510272,CUST10565,373664,134523,2026-11-01 00:00:00,2026-11-04 00:00:00,Web,Paid,0,1
BILL145746,CUST10587,236036,236036,2026-09-19 00:00:00,2026-09-20 00:00:00,Mobile,Paid,0,0
BILL529178,CUST10363,376658,376658,2026-05-19 00:00:00,2026-05-24 00:00:00,Web,Paid,0,0
BILL412171,CUST10182,333834,333834,2026-05-13 00:00:00,2026-05-16 00:00:00,Web,Paid,0,0
BILL905732,CUST10251,229490,229490,2026-06-13 00:00:00,2026-06-15 00:00:00,Mobile,Paid,0,0
BILL374312,CUST10169,282389,282389,2027-03-06 00:02:00,2027-03-09 00:02:00,Web,Paid,0,0
BILL703282,CUST10582,283005,283005,2027-01-04 00:03:00,2027-01-09 00:03:00,Web,Paid,0,0
BILL379625,CUST10512,252894,252894,2026-11-17 00:00:00,2026-11-18 00:00:00,Mobile,Paid,0,0
BILL112898,CUST10113,160758,352848,2026-07-14 00:00:00,2026-07-16 00:00:00,Web,Paid,0,1
BILL634291,CUST10120,161286,161286,2026-12-28 00:02:00,2026-12-31 00:02:00,API,Paid,0,1
BILL173437,CUST10586,278993,278993,2026-09-19 00:00:00,2026-09-20 00:00:00,Web,Paid,0,0
BILL182706,CUST10132,280308,280308,2026-06-15 00:00:00,2026-06-18 00:00:00,Mobile,Paid,0,0
BILL451710,CUST10067,143557,143557,2026-09-18 00:00:00,2026-09-18 00:00:00,Mobile,Paid,0,0
BILL651096,CUST10457,239593,239593,2026-09-19 00:00:00,2026-09-22 00:00:00,Web,Paid,0,0
BILL277257,CUST10109,383003,383003,2026-08-30 00:00:00,2026-09-04 00:00:00,Web,Paid,0,0
BILL507629,CUST10334,265988,265988,2026-08-27 00:02:00,2026-08-27 00:02:00,Mobile,Paid,0,0
BILL269719,CUST10460,305172,305172,2026-04-12 00:00:00,2026-04-14 00:00:00,Mobile,Paid,0,0
BILL848950,CUST10213,118930,118930,2026-11-22 00:03:00,2026-11-23 00:03:00,Mobile,Paid,0,0
BILL711525,CUST10474,218225,213893,2026-06-07 00:00:00,2026-06-11 00:00:00,Web,Paid,0,0
BILL842938,CUST10320,182107,182107,2026-08-24 00:00:00,2026-08-27 00:00:00,Mobile,Paid,0,0
BILL939400,CUST10546,396437,396437,2026-10-21 00:00:00,2026-10-24 00:00:00,Mobile,Paid,0,0
BILL679463,CUST10156,369239,369239,2026-12-20 00:00:00,2026-12-21 00:00:00,Web,Paid,0,0
BILL405817,CUST10378,379934,379934,2026-07-13 00:00:00,2026-07-16 00:00:00,Mobile,Paid,0,0
BILL714257,CUST10139,130766,130766,2026-09-18 00:00:00,2026-09-19 00:00:00,Mobile,Paid,0,0
BILL892227,CUST10178,352805,352805,2026-09-15 00:00:00,2026-09-16 00:00:00,Web,Paid,0,0
BILL158109,CUST10418,162610,162610,2026-08-16 00:00:00,2026-08-18 00:00:00,Web,Paid,0,0
BILL632716,CUST10489,309142,309142,2026-10-26 00:00:00,2026-10-28 00:00:00,Mobile,Paid,0,0
BILL679727,CUST10156,369239,369239,2027-01-20 00:00:00,2027-01-25 00:00:00,API,Paid,0,1
BILL174675,CUST10328,305250,299394,2026-07-11 00:00:00,2026-07-12 00:00:00,Mobile,Paid,0,0
BILL868605,CUST10011,312896,312896,2026-02-07 00:00:00,2026-02-11 00:00:00,API,Paid,0,0
BILL465952,CUST10166,227405,227405,2026-07-15 00:00:00,2026-07-18 00:00:00,Mobile,Paid,0,0
BILL417835,CUST10528,123124,123124,2026-07-20 00:00:00,2026-07-21 00:00:00,Mobile,Paid,0,0
BILL680758,CUST10558,283378,283378,2027-02-02 00:00:00,2027-02-05 00:00:00,API,Paid,0,0
BILL585186,CUST10570,281667,281667,2026-09-29 00:00:00,2026-09-30 00:00:00,Mobile,Paid,0,0
BILL214586,CUST10349,254414,254414,2026-11-18 00:00:00,2026-11-18 00:00:00,Web,Paid,0,0
BILL432365,CUST10490,322691,322691,2027-03-02 00:00:00,2027-03-02 00:00:00,Mobile,Paid,0,0
BILL780428,CUST10220,274271,274271,2026-10-21 00:02:00,2026-10-23 00:02:00,Web,Paid,0,0
BILL376677,CUST10614,317766,317766,2026-06-09 00:00:00,2026-06-09 00:00:00,Mobile,Paid,0,0
BILL937152,CUST10600,196490,196490,2026-06-17 00:00:00,2026-06-19 00:00:00,API,Paid,0,0
BILL118969,CUST10059,223989,223989,2027-01-05 00:00:00,2027-01-06 00:00:00,Mobile,Paid,0,0
BILL978293,CUST10067,143557,143557,2026-10-18 00:00:00,2026-10-23 00:00:00,API,Paid,0,0
BILL316958,CUST10275,374848,374848,2026-06-25 00:00:00,2026-06-28 00:00:00,Web,Paid,0,0
BILL472468,CUST10007,198682,198682,2026-09-02 00:00:00,2026-09-02 00:00:00,API,Paid,0,1
BILL291225,CUST10007,198682,198682,2026-09-02 00:00:00,2026-09-02 00:01:00,API,Paid,0,1
BILL414401,CUST10506,364730,364730,2026-08-19 00:00:00,2026-08-23 00:00:00,Web,Paid,0,0
BILL357757,CUST10389,170321,170321,2027-01-22 00:00:00,2027-01-22 00:00:00,API,Paid,0,1
BILL443306,CUST10389,170321,170321,2027-01-22 00:00:00,2027-01-22 00:01:00,API,Paid,0,1
BILL362987,CUST10598,132557,132557,2026-07-17 00:00:00,2026-07-22 00:00:00,Mobile,Paid,0,0
BILL471968,CUST10529,356052,356052,2026-05-16 00:00:00,2026-05-17 00:00:00,Mobile,Paid,0,0
BILL284167,CUST10586,278993,278993,2026-10-20 00:00:00,2026-10-21 00:00:00,Web,Paid,0,0
BILL319608,CUST10576,160191,160191,2027-01-29 00:00:00,2027-02-02 00:00:00,Web,Paid,0,0
BILL976784,CUST10025,126760,126760,2026-09-17 00:00:00,2026-09-20 00:00:00,Web,Paid,0,0
BILL744572,CUST10142,210354,210354,2026-06-13 00:00:00,2026-06-16 00:00:00,Web,Paid,0,0
BILL583118,CUST10420,389530,389530,2026-07-19 00:00:00,2026-07-21 00:00:00,Mobile,Paid,0,0
BILL695308,CUST10508,227154,227154,2026-10-29 00:00:00,2026-10-30 00:00:00,Mobile,Paid,0,0
BILL509217,CUST10549,217355,217355,2026-08-20 00:00:00,2026-08-22 00:00:00,Mobile,Paid,0,0
BILL336758,CUST10002,204619,204619,2026-11-26 00:00:00,2026-11-26 00:00:00,Web,Paid,0,0
BILL232337,CUST10405,306307,306307,2026-09-13 00:00:00,2026-09-14 00:00:00,Mobile,Paid,0,0
BILL340957,CUST10584,205219,205219,2026-08-20 00:00:00,2026-08-21 00:00:00,Web,Paid,0,0
BILL698138,CUST10465,389187,374075,2026-07-15 00:00:00,2026-07-19 00:00:00,Mobile,Paid,0,0
BILL214072,CUST10487,197958,117125,2026-08-18 00:00:00,2026-08-23 00:00:00,Mobile,Paid,0,1
BILL617479,CUST10572,340687,340687,2026-04-07 00:00:00,2026-04-09 00:00:00,Mobile,Paid,0,0
BILL826625,CUST10462,340978,340978,2026-08-17 00:00:00,2026-08-20 00:00:00,Web,Paid,0,0
BILL880612,CUST10167,187924,187924,2026-09-19 00:00:00,2026-09-21 00:00:00,Mobile,Paid,0,0
BILL639293,CUST10403,388178,388178,2026-08-28 00:00:00,2026-08-30 00:00:00,Web,Paid,0,0
BILL454322,CUST10279,200340,200340,2026-06-16 00:00:00,2026-06-19 00:00:00,Mobile,Paid,0,0
BILL970797,CUST10020,307245,307245,2026-07-10 00:00:00,2026-07-10 00:00:00,Mobile,Paid,0,0
BILL992639,CUST10017,120945,120945,2026-09-06 00:00:00,2026-09-09 00:00:00,Mobile,Paid,0,0
BILL267263,CUST10324,340137,340137,2026-10-25 00:00:00,2026-10-28 00:00:00,Web,Paid,0,0
BILL897210,CUST10313,263980,263980,2026-10-27 00:00:00,2026-10-27 00:00:00,Mobile,Paid,0,0
BILL241124,CUST10151,169054,169054,2026-08-13 00:00:00,2026-08-13 00:00:00,Mobile,Paid,0,0
BILL349187,CUST10490,322691,322691,2027-04-01 00:00:00,2027-04-01 00:00:00,Mobile,Paid,0,0
BILL151881,CUST10272,398549,398549,2026-04-14 00:00:00,2026-04-14 00:00:00,Mobile,Paid,0,0
BILL142322,CUST10204,148331,148157,2026-11-12 00:00:00,2026-11-15 00:00:00,Mobile,Paid,0,0
BILL539196,CUST10101,364600,364600,2026-03-06 00:00:00,2026-03-07 00:00:00,Web,Paid,0,0
BILL139441,CUST10102,275738,275738,2026-11-11 00:00:00,2026-11-15 00:00:00,Mobile,Paid,0,0
BILL621698,CUST10191,371457,371457,2026-07-17 00:00:00,2026-07-18 00:00:00,Mobile,Paid,0,0
BILL624478,CUST10501,197521,197521,2026-10-14 00:00:00,2026-10-16 00:00:00,Web,Paid,0,0
BILL909848,CUST10468,377171,377171,2027-02-01 00:00:00,2027-02-05 00:00:00,Mobile,Paid,0,0
BILL308659,CUST10142,210354,210354,2026-07-16 00:00:00,2026-07-17 00:00:00,Web,Paid,0,0
BILL438340,CUST10042,162275,162275,2026-11-27 00:00:00,2026-11-27 00:00:00,Web,Paid,0,0
BILL249534,CUST10015,136740,136740,2026-09-11 00:00:00,2026-09-13 00:00:00,Mobile,Paid,0,0
BILL441822,CUST10278,293986,293986,2026-12-19 00:00:00,2026-12-19 00:00:00,Web,Paid,0,0
BILL557365,CUST10383,330253,330253,2026-09-23 00:00:00,2026-09-24 00:00:00,Web,Paid,0,0
BILL803154,CUST10449,196322,196322,2026-11-22 00:00:00,2026-11-23 00:00:00,Web,Paid,0,0
BILL178650,CUST10516,381906,381906,2026-08-25 00:00:00,2026-08-28 00:00:00,Mobile,Paid,0,0
BILL826180,CUST10546,396437,396437,2026-11-23 00:00:00,2026-11-27 00:00:00,API,Paid,0,0
BILL808542,CUST10290,248997,248997,2026-08-27 00:00:00,2026-08-31 00:00:00,Mobile,Paid,0,0
BILL683333,CUST10374,219008,219008,2026-09-27 00:00:00,2026-10-01 00:00:00,Mobile,Paid,0,0
BILL913075,CUST10156,369239,369239,2027-02-24 00:00:00,2027-02-24 00:00:00,API,Paid,0,1
BILL727767,CUST10156,369239,369239,2027-02-24 00:00:00,2027-02-24 00:01:00,API,Paid,0,1
BILL182490,CUST10237,112971,112971,2026-10-19 00:00:00,2026-10-24 00:00:00,Mobile,Paid,0,0
BILL164796,CUST10261,313603,303596,2026-07-20 00:00:00,2026-07-23 00:00:00,API,Paid,0,0
BILL332418,CUST10434,189170,189170,2026-10-30 00:00:00,2026-11-01 00:00:00,API,Paid,0,0
BILL464557,CUST10293,306558,306558,2026-08-18 00:00:00,2026-08-21 00:00:00,Web,Paid,0,0
BILL840462,CUST10180,343281,343281,2026-09-19 00:00:00,2026-09-20 00:00:00,Web,Paid,0,0
BILL649701,CUST10231,109317,109317,2026-09-22 00:00:00,2026-09-27 00:00:00,API,Paid,0,0
BILL633559,CUST10209,224011,224011,2026-09-13 00:00:00,2026-09-15 00:00:00,Mobile,Paid,0,0
BILL839669,CUST10427,359626,359626,2026-08-17 00:00:00,2026-08-22 00:00:00,API,Paid,0,1
BILL175879,CUST10309,119726,119726,2026-07-17 00:00:00,2026-07-22 00:00:00,API,Paid,0,0
BILL236197,CUST10596,368379,368379,2026-06-16 00:00:00,2026-06-18 00:00:00,API,Paid,0,0
BILL794740,CUST10117,331346,331346,2026-11-24 00:00:00,2026-11-24 00:00:00,Web,Paid,0,0
BILL983514,CUST10607,185478,185478,2026-10-26 00:00:00,2026-10-28 00:00:00,Web,Paid,0,0
BILL637164,CUST10152,353426,353426,2026-09-12 00:00:00,2026-09-16 00:00:00,API,Paid,0,0
BILL548463,CUST10471,287323,287323,2026-12-11 00:00:00,2026-12-16 00:00:00,Web,Paid,0,0
BILL475995,CUST10277,359643,359643,2026-10-25 00:00:00,2026-10-25 00:00:00,API,Paid,0,0
BILL135676,CUST10025,126760,126760,2026-10-20 00:00:00,2026-10-23 00:00:00,API,Paid,0,0
BILL293905,CUST10454,352626,352626,2026-07-14 00:00:00,2026-07-15 00:00:00,Mobile,Paid,0,0
BILL729365,CUST10576,160191,160191,2027-03-04 00:00:00,2027-03-06 00:00:00,Web,Paid,0,0
BILL563426,CUST10564,196445,121969,2026-08-27 00:00:00,2026-08-31 00:00:00,API,Paid,0,1
BILL923029,CUST10566,323243,323243,2026-09-13 00:00:00,2026-09-15 00:00:00,Mobile,Paid,0,0
BILL610247,CUST10520,148768,148768,2026-12-03 00:00:00,2026-12-08 00:00:00,Web,Paid,0,0
BILL288965,CUST10040,130009,130009,2026-08-18 00:00:00,2026-08-22 00:00:00,Mobile,Paid,0,0
BILL312528,CUST10009,210512,210512,2026-12-30 00:00:00,2027-01-04 00:00:00,API,Paid,1,1
BILL536362,CUST10438,243716,243716,2027-01-19 00:00:00,2027-01-24 00:00:00,Web,Paid,0,0
BILL243663,CUST10575,247910,247910,2026-09-22 00:00:00,2026-09-26 00:00:00,Mobile,Paid,0,0
BILL880263,CUST10075,274772,274772,2026-12-29 00:00:00,2027-01-02 00:00:00,Web,Paid,0,0
BILL289989,CUST10428,186119,186119,2026-11-22 00:00:00,2026-11-23 00:00:00,Mobile,Paid,0,0
BILL654772,CUST10096,194180,194180,2026-11-13 00:00:00,2026-11-17 00:00:00,Mobile,Paid,0,0
BILL355963,CUST10413,118569,118569,2026-10-17 00:00:00,2026-10-21 00:00:00,Mobile,Paid,0,0
BILL554050,CUST10150,145174,145174,2026-08-12 00:00:00,2026-08-17 00:00:00,Web,Paid,0,0
BILL811222,CUST10525,278102,278102,2026-04-12 00:00:00,2026-04-17 00:00:00,Web,Paid,0,0
BILL801738,CUST10300,207505,207505,2026-08-16 00:00:00,2026-08-19 00:00:00,Web,Paid,0,0
BILL924112,CUST10435,251806,251806,2026-07-25 00:00:00,2026-07-25 00:00:00,Mobile,Paid,0,0
BILL475610,CUST10081,157555,157555,2026-05-14 00:00:00,2026-05-17 00:00:00,API,Paid,0,0
BILL186476,CUST10172,236861,236861,2026-05-11 00:00:00,2026-05-13 00:00:00,Mobile,Paid,0,0
BILL185481,CUST10582,283005,283005,2027-02-08 00:03:00,2027-02-09 00:03:00,Web,Paid,0,0
BILL787602,CUST10416,112475,112475,2027-02-03 00:00:00,2027-02-08 00:00:00,Mobile,Paid,0,0
BILL818613,CUST10268,130751,130751,2026-09-12 00:00:00,2026-09-17 00:00:00,Mobile,Paid,0,0
BILL711005,CUST10310,282058,280561,2026-09-21 00:00:00,2026-09-26 00:00:00,Web,Paid,0,0
BILL364673,CUST10569,259259,259259,2026-10-22 00:00:00,2026-10-23 00:00:00,Web,Paid,0,0
BILL812292,CUST10271,312742,312742,2026-10-19 00:00:00,2026-10-20 00:00:00,API,Paid,0,1
BILL922001,CUST10517,283169,283169,2027-01-25 00:00:00,2027-01-25 00:00:00,API,Paid,0,0
BILL690704,CUST10436,164241,164241,2026-11-25 00:00:00,2026-11-30 00:00:00,Web,Paid,0,0
BILL578236,CUST10186,259377,259377,2026-12-03 00:00:00,2026-12-06 00:00:00,Mobile,Paid,0,0
BILL630327,CUST10321,221950,221950,2026-07-17 00:00:00,2026-07-17 00:00:00,Mobile,Paid,0,0
BILL220543,CUST10461,326427,326427,2026-11-14 00:00:00,2026-11-15 00:00:00,Web,Paid,0,0
BILL953264,CUST10050,162880,162880,2026-10-29 00:00:00,2026-11-01 00:00:00,Mobile,Paid,0,0
BILL466771,CUST10096,194180,194180,2026-12-17 00:00:00,2026-12-19 00:00:00,Mobile,Paid,0,0
BILL515310,CUST10534,108269,108269,2026-10-31 00:00:00,2026-11-05 00:00:00,Mobile,Paid,0,0
BILL995166,CUST10188,357477,357477,2026-11-22 00:00:00,2026-11-27 00:00:00,Web,Paid,0,0
BILL710160,CUST10383,330253,330253,2026-10-24 00:00:00,2026-10-26 00:00:00,Web,Paid,0,0
BILL933207,CUST10355,167264,165410,2026-07-28 00:00:00,2026-07-28 00:00:00,API,Paid,0,0
BILL264896,CUST10158,104243,104243,2026-11-23 00:00:00,2026-11-25 00:00:00,Web,Paid,0,0
BILL355174,CUST10097,281179,281179,2026-11-30 00:00:00,2026-12-04 00:00:00,Mobile,Paid,0,0
BILL200331,CUST10033,239118,239118,2026-10-07 00:00:00,2026-10-10 00:00:00,API,Paid,0,0
BILL710578,CUST10508,227154,227154,2026-11-29 00:00:00,2026-12-02 00:00:00,Mobile,Paid,0,0
BILL275714,CUST10247,162100,162100,2026-06-17 00:00:00,2026-06-19 00:00:00,Web,Paid,0,0
BILL837621,CUST10098,340529,340529,2026-09-18 00:00:00,2026-09-20 00:00:00,Web,Paid,0,0
BILL465663,CUST10018,259095,259095,2026-07-23 00:02:00,2026-07-23 00:02:00,Web,Paid,0,0
BILL140133,CUST10170,132224,132224,2026-07-21 00:00:00,2026-07-21 00:00:00,Mobile,Paid,0,0
BILL833209,CUST10369,232410,232410,2026-12-28 00:00:00,2026-12-29 00:00:00,API,Paid,0,0
BILL455100,CUST10492,371225,371225,2026-06-16 00:00:00,2026-06-16 00:00:00,Mobile,Paid,0,0
BILL644814,CUST10603,276192,276192,2026-10-02 00:00:00,2026-10-04 00:00:00,Web,Paid,0,0
BILL698741,CUST10076,142055,301012,2026-09-22 00:00:00,2026-09-25 00:00:00,Web,Paid,0,1
BILL923735,CUST10523,151607,151607,2026-04-10 00:00:00,2026-04-10 00:00:00,Web,Paid,0,0
BILL344541,CUST10190,253576,253576,2026-11-25 00:00:00,2026-11-30 00:00:00,Mobile,Paid,0,0
BILL282527,CUST10385,175372,175372,2026-12-29 00:00:00,2026-12-31 00:00:00,Mobile,Paid,0,0
BILL585730,CUST10190,253576,253576,2026-12-30 00:00:00,2026-12-30 00:00:00,API,Paid,0,1
BILL218447,CUST10190,253576,253576,2026-12-30 00:00:00,2026-12-30 00:01:00,API,Paid,0,1
BILL478132,CUST10190,253576,253576,2026-12-30 00:00:00,2026-12-30 00:02:00,API,Paid,0,1
BILL446104,CUST10233,326389,326389,2026-12-24 00:00:00,2026-12-26 00:00:00,Mobile,Paid,0,0
BILL780488,CUST10321,221950,221950,2026-08-16 00:00:00,2026-08-17 00:00:00,Mobile,Paid,0,0
BILL329729,CUST10154,146924,146924,2026-09-22 00:00:00,2026-09-26 00:00:00,Web,Paid,0,0
BILL737488,CUST10026,224210,224210,2026-09-21 00:00:00,2026-09-21 00:00:00,Mobile,Paid,0,0
BILL233366,CUST10464,345977,1292308,2026-07-17 00:00:00,2026-07-22 00:00:00,API,Paid,0,1
BILL591366,CUST10311,151937,151937,2026-08-13 00:00:00,2026-08-18 00:00:00,Mobile,Paid,0,0
BILL454446,CUST10253,123560,123560,2026-11-25 00:00:00,2026-11-29 00:00:00,Mobile,Paid,0,0
BILL563998,CUST10511,360798,360798,2026-08-21 00:00:00,2026-08-22 00:00:00,Web,Paid,0,0
BILL387468,CUST10577,383781,383781,2026-09-08 00:00:00,2026-09-07 00:00:00,Web,Paid,0,0
BILL719723,CUST10526,397628,397628,2026-10-27 00:00:00,2026-10-27 00:00:00,Web,Paid,0,0
BILL163615,CUST10496,125211,125211,2026-06-13 00:00:00,2026-06-16 00:00:00,Mobile,Paid,0,0
BILL426692,CUST10300,207505,207505,2026-09-18 00:00:00,2026-09-18 00:00:00,API,Paid,0,0
BILL514012,CUST10611,330192,1365199,2027-02-19 00:00:00,2027-02-20 00:00:00,Web,Paid,0,1
BILL875573,CUST10147,165632,165632,2026-12-25 00:00:00,2026-12-26 00:00:00,Mobile,Paid,0,0
BILL618238,CUST10193,149841,149841,2026-12-29 00:00:00,2026-12-31 00:00:00,Mobile,Paid,0,0
BILL999267,CUST10515,364999,364999,2026-05-16 00:00:00,2026-05-18 00:00:00,Mobile,Paid,0,0
BILL266202,CUST10544,395821,395821,2026-08-15 00:00:00,2026-08-17 00:00:00,API,Paid,0,0
BILL763085,CUST10444,246138,246138,2026-06-15 00:00:00,2026-06-17 00:00:00,Mobile,Paid,0,0
BILL275738,CUST10118,164019,164019,2026-10-25 00:00:00,2026-10-24 00:00:00,Mobile,Paid,0,0
BILL460396,CUST10428,186119,186119,2026-12-23 00:00:00,2026-12-25 00:00:00,Mobile,Paid,0,0
BILL935289,CUST10181,249674,249674,2026-09-10 00:00:00,2026-09-10 00:00:00,API,Paid,0,1
BILL202826,CUST10181,249674,249674,2026-09-10 00:00:00,2026-09-10 00:01:00,API,Paid,0,1
BILL903933,CUST10116,354488,354488,2026-09-24 00:00:00,2026-09-26 00:00:00,Mobile,Paid,0,0
BILL390956,CUST10565,373664,373664,2026-12-04 00:00:00,2026-12-06 00:00:00,Web,Paid,0,0
BILL570385,CUST10010,355644,355644,2026-05-19 00:00:00,2026-05-19 00:00:00,Mobile,Paid,0,0
BILL967186,CUST10273,267851,267851,2026-08-25 00:00:00,2026-08-25 00:00:00,Web,Paid,0,0
BILL778501,CUST10402,202316,202316,2027-02-25 00:00:00,2027-03-01 00:00:00,Web,Paid,0,0
BILL799354,CUST10215,129546,129546,2026-12-06 00:00:00,2026-12-10 00:00:00,Web,Paid,0,0
BILL175831,CUST10369,232410,232410,2027-01-28 00:00:00,2027-01-28 00:00:00,API,Paid,0,0
BILL452028,CUST10106,153811,153811,2026-09-22 00:00:00,2026-09-26 00:00:00,Web,Paid,0,0
BILL866499,CUST10112,287238,287238,2026-09-18 00:00:00,2026-09-21 00:00:00,Web,Paid,0,0
BILL459970,CUST10410,262188,262188,2026-11-19 00:00:00,2026-11-23 00:00:00,Web,Paid,0,0
BILL598055,CUST10081,157555,157555,2026-06-16 00:00:00,2026-06-19 00:00:00,API,Paid,0,0
BILL595302,CUST10192,350038,350038,2026-06-10 00:00:00,2026-06-11 00:00:00,Mobile,Paid,0,0
BILL255629,CUST10286,205365,205365,2026-09-30 00:00:00,2026-10-05 00:00:00,Web,Paid,0,0
BILL735204,CUST10452,193937,201951,2026-12-25 00:00:00,2026-12-28 00:00:00,API,Paid,0,0
BILL455702,CUST10239,298439,298439,2026-11-01 00:00:00,2026-11-04 00:00:00,Mobile,Paid,0,0
BILL508971,CUST10237,112971,112971,2026-11-23 00:00:00,2026-11-25 00:00:00,Mobile,Paid,0,0
BILL733145,CUST10489,309142,309142,2026-11-27 00:00:00,2026-11-29 00:00:00,Mobile,Paid,0,0
BILL173399,CUST10566,323243,323243,2026-10-15 00:00:00,2026-10-16 00:00:00,API,Paid,0,0
BILL764361,CUST10190,253576,247353,2027-01-29 00:03:00,2027-02-02 00:03:00,Mobile,Paid,0,0
BILL771534,CUST10424,126459,126459,2026-09-19 00:00:00,2026-09-20 00:00:00,Mobile,Paid,0,0
BILL716521,CUST10471,287323,287323,2027-01-15 00:00:00,2027-01-19 00:00:00,Web,Paid,0,0
BILL411795,CUST10017,120945,120945,2026-10-09 00:00:00,2026-10-12 00:00:00,Mobile,Paid,0,0
BILL628831,CUST10365,232975,232975,2027-02-09 00:00:00,2027-02-10 00:00:00,Web,Paid,0,0
BILL973891,CUST10019,106755,106755,2026-11-14 00:00:00,2026-11-16 00:00:00,Web,Paid,0,0
BILL353687,CUST10409,373675,373675,2026-09-15 00:00:00,2026-09-20 00:00:00,Mobile,Paid,0,0
BILL524375,CUST10423,377888,377888,2027-03-08 00:00:00,2027-03-08 00:00:00,Mobile,Paid,0,0
BILL959228,CUST10378,379934,379934,2026-08-15 00:00:00,2026-08-15 00:00:00,Mobile,Paid,0,0
BILL333460,CUST10508,227154,227154,2027-01-01 00:00:00,2027-01-04 00:00:00,Mobile,Paid,0,0
BILL768219,CUST10169,282389,282389,2027-04-08 00:02:00,2027-04-13 00:02:00,Web,Paid,0,0
BILL347667,CUST10602,264550,264550,2026-12-25 00:00:00,2026-12-27 00:00:00,Web,Paid,0,0
BILL981266,CUST10177,123749,125868,2026-05-16 00:00:00,2026-05-21 00:00:00,Mobile,Paid,0,0
BILL929220,CUST10316,155053,155053,2026-05-13 00:00:00,2026-05-14 00:00:00,Mobile,Paid,0,0
BILL664152,CUST10277,359643,359643,2026-11-24 00:00:00,2026-11-24 00:00:00,Mobile,Paid,0,0
BILL221614,CUST10328,305250,305250,2026-08-11 00:00:00,2026-08-14 00:00:00,Mobile,Paid,0,0
BILL645502,CUST10498,382916,382916,2026-12-28 00:00:00,2026-12-28 00:00:00,Web,Paid,0,0
BILL887177,CUST10602,264550,264550,2027-01-26 00:00:00,2027-01-31 00:00:00,Web,Paid,0,0
BILL614601,CUST10181,249674,249674,2026-10-10 00:02:00,2026-10-10 00:02:00,Mobile,Paid,0,0
BILL616060,CUST10433,234061,234061,2026-11-22 00:00:00,2026-11-23 00:00:00,Web,Paid,0,0
BILL978377,CUST10375,235313,227133,2026-10-17 00:00:00,2026-10-22 00:00:00,Mobile,Paid,0,0
BILL951299,CUST10316,155053,68252,2026-06-13 00:00:00,2026-06-15 00:00:00,Mobile,Paid,0,1
BILL672526,CUST10479,261947,261947,2026-08-18 00:00:00,2026-08-20 00:00:00,Mobile,Paid,0,0
BILL319155,CUST10410,262188,262188,2026-12-23 00:00:00,2026-12-24 00:00:00,Web,Paid,0,0
BILL351594,CUST10119,348631,348631,2026-11-18 00:00:00,2026-11-19 00:00:00,Web,Paid,0,0
BILL313097,CUST10557,232020,232020,2026-07-13 00:02:00,2026-07-15 00:02:00,Web,Paid,0,0
BILL230755,CUST10508,227154,227154,2027-02-03 00:00:00,2027-02-04 00:00:00,Mobile,Paid,0,0
BILL325307,CUST10204,148331,148331,2026-12-15 00:00:00,2026-12-17 00:00:00,Mobile,Paid,0,0
BILL519555,CUST10193,149841,149841,2027-01-30 00:00:00,2027-02-04 00:00:00,Mobile,Paid,0,0
BILL698845,CUST10594,328203,328203,2027-02-06 00:00:00,2027-02-06 00:00:00,Web,Paid,0,0
BILL492025,CUST10345,245919,245919,2026-06-19 00:00:00,2026-06-21 00:00:00,Mobile,Paid,0,0
BILL956675,CUST10478,285626,285626,2026-08-09 00:00:00,2026-08-09 00:00:00,Mobile,Paid,0,0
BILL921297,CUST10469,348401,348401,2026-06-17 00:00:00,2026-06-18 00:00:00,Mobile,Paid,0,0
BILL878982,CUST10326,131336,131336,2027-04-28 00:04:00,2027-05-03 00:04:00,Mobile,Paid,0,0
BILL274005,CUST10365,232975,232975,2027-03-12 00:00:00,2027-03-15 00:00:00,Web,Paid,0,0
BILL350819,CUST10244,350035,350035,2026-10-25 00:00:00,2026-10-26 00:00:00,Web,Paid,0,0
BILL444878,CUST10340,189421,189421,2026-12-18 00:05:00,2026-12-21 00:05:00,API,Paid,0,0
BILL948670,CUST10018,259095,259095,2026-08-22 00:02:00,2026-08-27 00:02:00,Web,Paid,0,0
BILL920860,CUST10454,352626,352626,2026-08-14 00:00:00,2026-08-19 00:00:00,API,Paid,0,0
BILL153228,CUST10145,383532,383532,2026-10-27 00:00:00,2026-10-27 00:00:00,Web,Paid,0,0
BILL842901,CUST10126,171560,171560,2026-07-16 00:00:00,2026-07-17 00:00:00,Web,Paid,0,0
BILL448021,CUST10001,294419,294419,2026-10-17 00:00:00,2026-10-19 00:00:00,Web,Paid,0,0
BILL547453,CUST10354,212581,212581,2026-08-11 00:00:00,2026-08-14 00:00:00,Mobile,Paid,0,0
BILL144250,CUST10420,389530,389530,2026-08-20 00:00:00,2026-08-20 00:00:00,Mobile,Paid,0,0
BILL907985,CUST10118,164019,164019,2026-11-23 00:00:00,2026-11-25 00:00:00,Mobile,Paid,0,0
BILL121426,CUST10371,292424,292424,2026-06-16 00:00:00,2026-06-16 00:00:00,API,Paid,0,1
BILL414045,CUST10371,292424,292424,2026-06-16 00:00:00,2026-06-16 00:01:00,API,Paid,0,1
BILL809300,CUST10371,292424,292424,2026-06-16 00:00:00,2026-06-16 00:02:00,API,Paid,0,1
BILL650369,CUST10519,147123,147123,2026-09-10 00:02:00,2026-09-11 00:02:00,Mobile,Paid,0,0
BILL899519,CUST10534,108269,108269,2026-12-05 00:00:00,2026-12-09 00:00:00,Mobile,Paid,0,0
BILL576912,CUST10174,199876,199876,2026-09-06 00:00:00,2026-09-09 00:00:00,Mobile,Paid,0,0
BILL482406,CUST10236,133634,135514,2026-06-10 00:00:00,2026-06-15 00:00:00,Mobile,Paid,0,0
BILL554197,CUST10617,240366,240366,2026-08-12 00:00:00,2026-08-15 00:00:00,Web,Paid,0,0
BILL873248,CUST10009,210512,210512,2027-02-03 00:00:00,2027-02-03 00:00:00,API,Paid,0,0
BILL264013,CUST10145,383532,383532,2026-11-26 00:00:00,2026-11-26 00:00:00,Web,Paid,0,0
BILL600544,CUST10456,217235,217235,2026-04-15 00:00:00,2026-04-15 00:00:00,Mobile,Paid,0,0
BILL953514,CUST10522,340137,340137,2026-09-14 00:00:00,2026-09-14 00:00:00,Mobile,Paid,0,0
BILL442436,CUST10176,140672,140672,2026-09-14 00:00:00,2026-09-15 00:00:00,Mobile,Paid,0,0
BILL706506,CUST10123,171669,171669,2026-10-28 00:00:00,2026-10-30 00:00:00,Web,Paid,0,0
BILL960450,CUST10380,338212,338212,2027-01-05 00:00:00,2027-01-04 00:00:00,Mobile,Paid,0,0
BILL482610,CUST10166,227405,227405,2026-08-17 00:00:00,2026-08-19 00:00:00,Mobile,Paid,0,0
BILL167721,CUST10390,304339,304339,2026-07-21 00:00:00,2026-07-21 00:00:00,Web,Paid,0,0
BILL131774,CUST10026,224210,224210,2026-10-21 00:00:00,2026-10-22 00:00:00,Mobile,Paid,0,0
BILL592451,CUST10241,197139,197139,2026-05-09 00:00:00,2026-05-10 00:00:00,Web,Paid,0,0
BILL785649,CUST10005,143030,143030,2026-04-14 00:00:00,2026-04-18 00:00:00,Mobile,Paid,0,0
BILL547246,CUST10563,168559,168559,2026-11-27 00:00:00,2026-12-01 00:00:00,API,Paid,0,0
BILL260560,CUST10364,236723,236723,2026-08-26 00:00:00,2026-08-28 00:00:00,Web,Paid,0,0
BILL545776,CUST10364,236723,236723,2026-09-27 00:00:00,2026-09-30 00:00:00,Web,Paid,0,0
BILL485913,CUST10049,229700,229700,2027-01-03 00:00:00,2027-01-07 00:00:00,API,Paid,0,0
BILL178506,CUST10021,195797,195797,2026-08-21 00:00:00,2026-08-26 00:00:00,Mobile,Paid,0,0
BILL786642,CUST10195,215225,215225,2026-10-12 00:03:00,2026-10-14 00:03:00,Mobile,Paid,0,0
BILL259614,CUST10294,296583,296583,2026-04-10 00:00:00,2026-04-11 00:00:00,Mobile,Paid,0,0
BILL269031,CUST10195,215225,213085,2026-11-13 00:03:00,2026-11-14 00:03:00,Mobile,Paid,0,0
BILL427242,CUST10596,368379,368379,2026-07-18 00:00:00,2026-07-19 00:00:00,Mobile,Paid,0,0
BILL920394,CUST10006,161946,161946,2026-10-22 00:00:00,2026-10-24 00:00:00,API,Paid,0,1
BILL661721,CUST10461,326427,326427,2026-12-15 00:00:00,2026-12-19 00:00:00,Web,Paid,0,0
BILL270359,CUST10538,392023,392023,2026-11-15 00:00:00,2026-11-16 00:00:00,Mobile,Paid,0,0
BILL952175,CUST10108,186731,186731,2026-08-06 00:00:00,2026-08-11 00:00:00,Mobile,Paid,0,0
BILL982079,CUST10106,153811,475672,2026-10-26 00:00:00,2026-10-31 00:00:00,Web,Paid,0,1
BILL603195,CUST10450,398981,398981,2026-06-09 00:00:00,2026-06-09 00:00:00,Web,Paid,0,0
BILL243301,CUST10226,328761,328761,2026-07-13 00:00:00,2026-07-13 00:00:00,Mobile,Paid,0,0
BILL210215,CUST10183,231605,231605,2026-04-11 00:00:00,2026-04-13 00:00:00,Web,Paid,0,0
BILL446184,CUST10271,312742,312742,2026-11-19 00:00:00,2026-11-23 00:00:00,Web,Paid,0,0
BILL780935,CUST10371,292424,292424,2026-07-16 00:03:00,2026-07-18 00:03:00,Web,Paid,0,0
BILL958293,CUST10350,268142,268142,2026-09-14 00:00:00,2026-09-17 00:00:00,Mobile,Paid,0,0
BILL801513,CUST10608,375374,375374,2026-08-18 00:00:00,2026-08-19 00:00:00,Mobile,Paid,0,0
BILL490389,CUST10252,207634,207634,2027-06-09 00:00:00,2027-06-09 00:00:00,Mobile,Paid,0,0
BILL747027,CUST10318,300846,300846,2027-01-29 00:00:00,2027-02-02 00:00:00,Mobile,Paid,0,0
BILL736815,CUST10100,157108,157108,2026-07-19 00:03:00,2026-07-20 00:03:00,Mobile,Paid,0,0
BILL993220,CUST10078,271954,271954,2027-01-22 00:00:00,2027-01-27 00:00:00,Web,Paid,0,0
BILL973328,CUST10327,317238,317238,2027-01-01 00:00:00,2027-01-03 00:00:00,Mobile,Paid,0,0
BILL500156,CUST10306,279909,286878,2027-02-01 00:00:00,2027-02-01 00:00:00,Web,Paid,0,0
BILL502381,CUST10307,309967,309967,2026-05-03 00:00:00,2026-05-03 00:00:00,API,Paid,0,1
BILL593058,CUST10606,301749,301749,2026-08-15 00:00:00,2026-08-20 00:00:00,Mobile,Paid,0,0
BILL821517,CUST10227,202023,202023,2027-03-06 00:00:00,2027-03-06 00:00:00,Mobile,Paid,0,0
BILL265411,CUST10040,130009,130009,2026-09-21 00:00:00,2026-09-22 00:00:00,Mobile,Paid,0,0
BILL440865,CUST10274,126815,126815,2026-05-17 00:00:00,2026-05-18 00:00:00,Web,Paid,0,0
BILL924024,CUST10524,240935,244938,2026-11-20 00:00:00,2026-11-20 00:00:00,Mobile,Paid,1,1
BILL325360,CUST10449,196322,517281,2026-12-23 00:00:00,2026-12-27 00:00:00,Web,Paid,0,1
BILL195476,CUST10329,233153,233153,2026-08-11 00:00:00,2026-08-14 00:00:00,Mobile,Paid,0,0
BILL194554,CUST10542,218385,218385,2027-01-29 00:00:00,2027-01-29 00:00:00,Web,Paid,0,0
BILL231654,CUST10430,329033,329033,2026-08-18 00:00:00,2026-08-22 00:00:00,Mobile,Paid,0,0
BILL573036,CUST10418,162610,162610,2026-09-17 00:00:00,2026-09-19 00:00:00,Web,Paid,0,0
BILL609093,CUST10517,283169,283169,2027-02-24 00:00:00,2027-02-28 00:00:00,Mobile,Paid,0,0
BILL163145,CUST10522,340137,340137,2026-10-14 00:00:00,2026-10-19 00:00:00,Mobile,Paid,0,0
BILL667957,CUST10004,213029,213029,2026-08-10 00:00:00,2026-08-15 00:00:00,Mobile,Paid,0,0
BILL469277,CUST10513,314825,314825,2026-07-12 00:00:00,2026-07-16 00:00:00,Web,Paid,0,0
BILL321905,CUST10599,287062,287062,2026-10-11 00:00:00,2026-10-14 00:00:00,Mobile,Paid,0,0
BILL453636,CUST10402,202316,202316,2027-03-31 00:00:00,2027-04-02 00:00:00,Web,Paid,0,0
BILL265163,CUST10030,335724,335724,2026-08-20 00:00:00,2026-08-21 00:00:00,Mobile,Paid,0,0
BILL877580,CUST10334,265988,265988,2026-09-26 00:02:00,2026-09-28 00:02:00,Mobile,Paid,0,0
BILL255664,CUST10364,236723,236723,2026-10-30 00:00:00,2026-10-31 00:00:00,Web,Paid,0,0
BILL838891,CUST10321,221950,221950,2026-09-16 00:00:00,2026-09-18 00:00:00,Mobile,Paid,0,0
BILL881526,CUST10612,137846,137846,2026-08-17 00:00:00,2026-08-22 00:00:00,Mobile,Paid,0,0
BILL912240,CUST10045,127039,127039,2026-07-12 00:00:00,2026-07-13 00:00:00,Mobile,Paid,0,0
BILL112384,CUST10201,110219,110219,2026-10-25 00:00:00,2026-10-26 00:00:00,Mobile,Paid,0,0
BILL534943,CUST10196,246448,246448,2026-09-20 00:00:00,2026-09-24 00:00:00,Web,Paid,0,0
BILL839896,CUST10416,112475,112475,2027-03-10 00:00:00,2027-03-14 00:00:00,Mobile,Paid,0,0
BILL151214,CUST10359,189439,189439,2026-09-27 00:00:00,2026-09-27 00:00:00,API,Paid,0,1
BILL428542,CUST10477,337604,337604,2026-12-26 00:00:00,2026-12-26 00:00:00,Mobile,Paid,0,0
BILL130544,CUST10100,157108,157108,2026-08-19 00:03:00,2026-08-19 00:03:00,Mobile,Paid,0,0
BILL813358,CUST10537,229841,229841,2026-06-15 00:00:00,2026-06-18 00:00:00,Mobile,Paid,0,0
BILL594039,CUST10005,143030,143030,2026-05-18 00:00:00,2026-05-20 00:00:00,API,Paid,0,0
BILL513953,CUST10268,130751,130751,2026-10-17 00:00:00,2026-10-19 00:00:00,Mobile,Paid,0,0
BILL325010,CUST10104,110694,110694,2026-10-28 00:03:00,2026-10-28 00:03:00,Mobile,Paid,0,0
BILL270516,CUST10183,231605,231605,2026-05-13 00:00:00,2026-05-13 00:00:00,Web,Paid,0,0
BILL687969,CUST10028,364958,364958,2026-10-24 00:03:00,2026-10-25 00:03:00,Web,Paid,0,0
BILL668924,CUST10179,286217,286217,2027-02-05 00:00:00,2027-02-08 00:00:00,Web,Paid,0,0
BILL307032,CUST10610,366644,350201,2026-08-18 00:00:00,2026-08-22 00:00:00,Web,Paid,0,0
BILL503369,CUST10162,365049,365049,2026-09-27 00:00:00,2026-09-29 00:00:00,Mobile,Paid,0,0
BILL207404,CUST10144,361292,361292,2026-11-28 00:00:00,2026-11-28 00:00:00,Web,Paid,0,0
BILL637598,CUST10406,109208,109208,2026-09-28 00:00:00,2026-09-29 00:00:00,API,Paid,0,0
BILL926797,CUST10001,294419,294419,2026-11-18 00:00:00,2026-11-21 00:00:00,Web,Paid,0,0
BILL136159,CUST10566,323243,323243,2026-11-15 00:00:00,2026-11-19 00:00:00,Mobile,Paid,0,0
BILL636261,CUST10452,193937,193937,2027-01-27 00:00:00,2027-01-31 00:00:00,Web,Paid,0,0
BILL279231,CUST10543,341817,341817,2026-07-13 00:00:00,2026-07-16 00:00:00,Web,Paid,0,0
BILL746595,CUST10476,116759,116759,2026-12-22 00:00:00,2026-12-26 00:00:00,Web,Paid,0,0
BILL273614,CUST10130,234358,234358,2026-07-21 00:00:00,2026-07-21 00:00:00,Mobile,Paid,0,0
BILL820450,CUST10268,130751,130751,2026-11-18 00:00:00,2026-11-23 00:00:00,Mobile,Paid,0,0
BILL124114,CUST10302,309550,309550,2027-01-13 00:02:00,2027-01-13 00:02:00,Web,Paid,0,0
BILL461874,CUST10347,381404,381404,2026-07-19 00:00:00,2026-07-20 00:00:00,Mobile,Paid,0,0
BILL626617,CUST10290,248997,248997,2026-09-30 00:00:00,2026-10-04 00:00:00,API,Paid,0,0
BILL974453,CUST10416,112475,112475,2027-04-13 00:00:00,2027-04-16 00:00:00,Mobile,Paid,0,0
BILL357644,CUST10456,217235,217235,2026-05-15 00:00:00,2026-05-20 00:00:00,API,Paid,0,0
BILL743351,CUST10478,285626,285626,2026-09-08 00:00:00,2026-09-13 00:00:00,Mobile,Paid,0,0
BILL779274,CUST10607,185478,185478,2026-11-27 00:00:00,2026-12-02 00:00:00,Web,Paid,0,0
BILL886838,CUST10352,375803,375803,2026-10-28 00:00:00,2026-11-02 00:00:00,Mobile,Paid,0,0
BILL959121,CUST10512,252894,252894,2026-12-18 00:00:00,2026-12-21 00:00:00,Mobile,Paid,0,0
BILL565177,CUST10598,132557,132557,2026-08-21 00:00:00,2026-08-22 00:00:00,Mobile,Paid,0,0
BILL315391,CUST10022,251640,251640,2026-09-21 00:00:00,2026-09-22 00:00:00,Mobile,Paid,0,0
BILL954697,CUST10368,186153,186153,2026-04-15 00:00:00,2026-04-17 00:00:00,Web,Paid,0,0
BILL873882,CUST10562,347308,347308,2026-08-19 00:00:00,2026-08-22 00:00:00,Web,Paid,0,0
BILL992272,CUST10260,318492,318492,2026-05-14 00:00:00,2026-05-14 00:00:00,Mobile,Paid,0,0
BILL955523,CUST10157,151503,151503,2026-09-29 00:00:00,2026-10-01 00:00:00,API,Paid,0,0
BILL247997,CUST10363,376658,383487,2026-06-23 00:00:00,2026-06-24 00:00:00,API,Paid,0,0
BILL485710,CUST10017,120945,120945,2026-11-11 00:00:00,2026-11-16 00:00:00,Mobile,Paid,0,0
BILL217719,CUST10505,154065,154065,2026-04-11 00:00:00,2026-04-11 00:00:00,Mobile,Paid,0,0
BILL688687,CUST10027,156366,156366,2027-04-26 00:00:00,2027-04-28 00:00:00,Mobile,Paid,0,0
BILL966308,CUST10247,162100,162100,2026-07-19 00:00:00,2026-07-21 00:00:00,Web,Paid,0,0
BILL245450,CUST10246,215001,215001,2026-10-27 00:00:00,2026-10-28 00:00:00,Mobile,Paid,0,0
BILL391339,CUST10156,369239,369239,2027-03-26 00:02:00,2027-03-26 00:02:00,Web,Paid,0,0
BILL820791,CUST10461,326427,326427,2027-01-18 00:00:00,2027-01-18 00:00:00,API,Paid,0,1
BILL868289,CUST10461,326427,326427,2027-01-18 00:00:00,2027-01-18 00:01:00,API,Paid,0,1
BILL816780,CUST10204,148331,148331,2027-01-16 00:00:00,2027-01-15 00:00:00,Mobile,Paid,0,0
BILL729490,CUST10493,113712,113712,2027-03-11 00:00:00,2027-03-16 00:00:00,Web,Paid,0,0
BILL211281,CUST10225,336520,336520,2026-08-21 00:00:00,2026-08-22 00:00:00,Web,Paid,0,0
BILL745314,CUST10591,250067,250067,2026-10-31 00:00:00,2026-10-31 00:00:00,Web,Paid,0,0
BILL208474,CUST10005,143030,143030,2026-06-19 00:00:00,2026-06-23 00:00:00,Mobile,Paid,0,0
BILL871071,CUST10489,309142,309142,2026-12-29 00:00:00,2026-12-30 00:00:00,Mobile,Paid,0,0
BILL423114,CUST10568,398581,398581,2026-06-21 00:00:00,2026-06-22 00:00:00,Web,Paid,0,0
BILL234851,CUST10452,193937,193937,2027-03-02 00:00:00,2027-03-03 00:00:00,Web,Paid,0,0
BILL739170,CUST10450,398981,398981,2026-07-09 00:00:00,2026-07-09 00:00:00,Web,Paid,0,0
BILL639765,CUST10402,202316,202316,2027-05-02 00:00:00,2027-05-02 00:00:00,Web,Paid,0,0
BILL846717,CUST10103,245102,245102,2026-12-03 00:00:00,2026-12-08 00:00:00,Mobile,Paid,0,0
BILL732269,CUST10176,140672,140672,2026-10-15 00:00:00,2026-10-15 00:00:00,Mobile,Paid,0,0
BILL739619,CUST10134,185854,185854,2026-10-29 00:00:00,2026-10-30 00:00:00,Web,Paid,0,0
BILL986086,CUST10235,240025,240025,2026-10-01 00:00:00,2026-10-06 00:00:00,Mobile,Paid,0,0
BILL868477,CUST10251,229490,229490,2026-07-15 00:00:00,2026-07-16 00:00:00,Mobile,Paid,0,0
BILL150327,CUST10000,280462,168507,2027-03-13 00:00:00,2027-03-14 00:00:00,Web,Paid,0,1
BILL412320,CUST10295,382198,382198,2026-10-28 00:00:00,2026-10-30 00:00:00,Web,Paid,0,0
BILL815771,CUST10269,168347,168347,2026-11-29 00:00:00,2026-11-29 00:00:00,Web,Paid,0,0
BILL600009,CUST10151,169054,169054,2026-09-12 00:00:00,2026-09-12 00:00:00,Mobile,Paid,0,0
BILL610039,CUST10418,162610,162610,2026-10-19 00:00:00,2026-10-22 00:00:00,Web,Paid,0,0
BILL392281,CUST10357,345533,345533,2026-09-18 00:02:00,2026-09-21 00:02:00,Web,Paid,0,0
BILL703423,CUST10470,231253,231253,2026-08-24 00:00:00,2026-08-25 00:00:00,Web,Paid,0,0
BILL365145,CUST10582,283005,283005,2027-03-11 00:03:00,2027-03-15 00:03:00,Web,Paid,0,0
BILL321153,CUST10147,165632,165632,2027-01-25 00:00:00,2027-01-28 00:00:00,Mobile,Paid,0,0
BILL108076,CUST10258,165224,165224,2026-09-18 00:02:00,2026-09-19 00:02:00,Mobile,Paid,0,0
BILL623980,CUST10125,257003,257003,2026-05-14 00:00:00,2026-05-18 00:00:00,Web,Paid,0,0
BILL650075,CUST10159,171080,171080,2026-12-01 00:03:00,2026-12-03 00:03:00,Web,Paid,0,0
BILL591911,CUST10040,130009,130009,2026-10-22 00:00:00,2026-10-26 00:00:00,Mobile,Paid,0,0
BILL450023,CUST10550,205293,205293,2027-01-01 00:00:00,2027-01-03 00:00:00,Web,Paid,0,0
BILL531214,CUST10508,227154,227154,2027-03-06 00:00:00,2027-03-08 00:00:00,Mobile,Paid,0,0
BILL230906,CUST10390,304339,304339,2026-08-20 00:00:00,2026-08-22 00:00:00,Web,Paid,0,0
BILL933909,CUST10486,305903,305903,2026-06-08 00:00:00,2026-06-13 00:00:00,Mobile,Paid,0,0
BILL213476,CUST10392,103166,103166,2027-01-03 00:03:00,2027-01-06 00:03:00,Mobile,Paid,0,0
BILL567580,CUST10532,138272,138272,2026-12-22 00:02:00,2026-12-24 00:02:00,Mobile,Paid,0,0
BILL676184,CUST10034,308610,308610,2026-10-24 00:00:00,2026-10-24 00:00:00,Mobile,Paid,0,0
BILL805561,CUST10318,300846,1288652,2027-03-04 00:00:00,2027-03-05 00:00:00,API,Paid,0,1
BILL257089,CUST10403,388178,388178,2026-09-29 00:00:00,2026-10-04 00:00:00,Web,Paid,1,1
BILL239373,CUST10004,213029,213029,2026-09-14 00:00:00,2026-09-14 00:00:00,Mobile,Paid,0,0
BILL750280,CUST10058,101443,101443,2026-09-19 00:00:00,2026-09-21 00:00:00,Mobile,Paid,0,0
BILL788952,CUST10359,189439,189439,2026-10-27 00:00:00,2026-10-27 00:00:00,Web,Paid,0,0
BILL949392,CUST10081,157555,157555,2026-07-19 00:00:00,2026-07-19 00:00:00,Mobile,Paid,0,0
BILL365058,CUST10213,118930,118930,2026-12-23 00:03:00,2026-12-23 00:03:00,Mobile,Paid,0,0
BILL520389,CUST10146,110250,110250,2026-06-14 00:00:00,2026-06-19 00:00:00,Web,Paid,0,0
BILL402076,CUST10182,333834,333834,2026-06-15 00:00:00,2026-06-19 00:00:00,Web,Paid,0,0
BILL202870,CUST10166,227405,227405,2026-09-18 00:00:00,2026-09-20 00:00:00,Mobile,Paid,0,0
BILL362488,CUST10380,338212,338212,2027-02-03 00:00:00,2027-02-03 00:00:00,API,Paid,0,0
BILL201947,CUST10075,274772,274772,2027-02-01 00:00:00,2027-02-01 00:00:00,Web,Paid,0,0
BILL427919,CUST10305,290216,290216,2026-08-29 00:00:00,2026-09-01 00:00:00,Web,Paid,0,0
BILL461462,CUST10326,131336,131336,2027-06-02 00:04:00,2027-06-07 00:04:00,Mobile,Paid,0,0
BILL573609,CUST10094,161838,161838,2026-08-18 00:00:00,2026-08-18 00:00:00,Mobile,Paid,0,0
BILL229933,CUST10256,225630,225630,2026-07-25 00:00:00,2026-07-29 00:00:00,Web,Paid,0,0
BILL538531,CUST10461,326427,326427,2027-02-17 00:02:00,2027-02-17 00:02:00,Web,Paid,0,0
BILL936962,CUST10532,138272,138272,2027-01-23 00:02:00,2027-01-23 00:02:00,Mobile,Paid,0,0
BILL309799,CUST10484,392556,392556,2026-11-26 00:00:00,2026-12-01 00:00:00,Mobile,Paid,0,0
BILL830985,CUST10411,396965,396965,2026-10-17 00:02:00,2026-10-21 00:02:00,Web,Paid,0,0
BILL213318,CUST10064,334083,334083,2026-07-10 00:00:00,2026-07-15 00:00:00,Web,Paid,0,0
BILL742107,CUST10617,240366,240366,2026-09-14 00:00:00,2026-09-15 00:00:00,Web,Paid,0,0
BILL246037,CUST10507,295333,295333,2026-11-12 00:00:00,2026-11-12 00:00:00,Web,Paid,0,0
BILL733503,CUST10344,259225,259225,2027-01-19 00:00:00,2027-01-21 00:00:00,Web,Paid,0,0
BILL674432,CUST10268,130751,130751,2026-12-23 00:00:00,2026-12-26 00:00:00,Mobile,Paid,0,0
BILL217203,CUST10058,101443,101443,2026-10-21 00:00:00,2026-10-22 00:00:00,API,Paid,0,0
BILL970674,CUST10480,170314,170314,2026-07-17 00:00:00,2026-07-19 00:00:00,Web,Paid,0,0
BILL475361,CUST10088,322327,322327,2026-10-23 00:00:00,2026-10-23 00:00:00,Web,Paid,0,0
BILL140936,CUST10182,333834,333834,2026-07-19 00:00:00,2026-07-20 00:00:00,Web,Paid,0,0
BILL133547,CUST10363,376658,376658,2026-07-24 00:00:00,2026-07-29 00:00:00,Web,Paid,0,0
BILL887562,CUST10090,233891,233891,2027-04-09 00:00:00,2027-04-10 00:00:00,Mobile,Paid,0,0
BILL587372,CUST10276,165605,165605,2026-06-16 00:00:00,2026-06-21 00:00:00,Web,Paid,0,0
BILL163615,CUST10526,397628,397628,2026-11-26 00:00:00,2026-11-26 00:00:00,API,Paid,0,0
BILL798428,CUST10573,219542,219542,2026-06-14 00:00:00,2026-06-16 00:00:00,Web,Paid,0,0
BILL998625,CUST10415,352060,352060,2026-09-18 00:00:00,2026-09-19 00:00:00,Web,Paid,0,0
BILL177132,CUST10182,333834,333834,2026-08-19 00:00:00,2026-08-24 00:00:00,Web,Paid,0,0
BILL771764,CUST10176,140672,140672,2026-11-14 00:00:00,2026-11-17 00:00:00,Mobile,Paid,0,0
BILL882451,CUST10520,148768,148768,2027-01-07 00:00:00,2027-01-08 00:00:00,Web,Paid,0,0
BILL641058,CUST10577,383781,383781,2026-10-07 00:00:00,2026-10-09 00:00:00,Web,Paid,0,0
BILL167354,CUST10338,347422,347422,2026-09-19 00:00:00,2026-09-21 00:00:00,Mobile,Paid,0,0
BILL277000,CUST10424,126459,126459,2026-10-20 00:00:00,2026-10-25 00:00:00,Mobile,Paid,0,0
BILL865462,CUST10173,393189,393189,2026-10-16 00:00:00,2026-10-19 00:00:00,Mobile,Paid,0,0
BILL905059,CUST10395,155968,155968,2026-10-20 00:00:00,2026-10-23 00:00:00,Web,Paid,0,0
BILL416974,CUST10025,126760,126760,2026-11-22 00:00:00,2026-11-24 00:00:00,Web,Paid,0,0
BILL902018,CUST10360,195992,195992,2026-08-24 00:00:00,2026-08-27 00:00:00,Mobile,Paid,0,0
BILL376336,CUST10070,238824,238824,2026-09-17 00:00:00,2026-09-19 00:00:00,Web,Paid,0,0
BILL790442,CUST10032,168414,168414,2027-01-23 00:00:00,2027-01-28 00:00:00,Mobile,Paid,0,0
BILL415036,CUST10490,322691,322691,2027-05-01 00:00:00,2027-05-04 00:00:00,Mobile,Paid,0,0
BILL826524,CUST10379,362880,362880,2026-11-25 00:00:00,2026-11-25 00:00:00,API,Paid,0,1
BILL277174,CUST10379,362880,362880,2026-11-25 00:00:00,2026-11-25 00:01:00,API,Paid,0,1
BILL446772,CUST10379,362880,362880,2026-11-25 00:00:00,2026-11-25 00:02:00,API,Paid,0,1
BILL822262,CUST10065,278881,278881,2026-07-22 00:00:00,2026-07-26 00:00:00,Mobile,Paid,0,0
BILL886802,CUST10380,338212,338212,2027-03-05 00:00:00,2027-03-06 00:00:00,Mobile,Paid,0,0
BILL714368,CUST10473,333096,333096,2026-08-20 00:00:00,2026-08-25 00:00:00,Web,Paid,0,0
BILL998847,CUST10445,342383,342383,2026-09-14 00:00:00,2026-09-16 00:00:00,Mobile,Paid,0,0
BILL129255,CUST10403,388178,388178,2026-11-03 00:00:00,2026-11-03 00:00:00,Web,Paid,0,0
BILL154453,CUST10460,305172,305172,2026-05-14 00:00:00,2026-05-17 00:00:00,API,Paid,0,0
BILL908886,CUST10609,109015,109015,2026-09-22 00:00:00,2026-09-22 00:00:00,Mobile,Paid,0,0
BILL434019,CUST10067,143557,143557,2026-11-22 00:00:00,2026-11-26 00:00:00,Mobile,Paid,0,0
BILL867965,CUST10005,143030,143030,2026-07-23 00:00:00,2026-07-28 00:00:00,Mobile,Paid,0,0
BILL725117,CUST10469,348401,348401,2026-07-18 00:00:00,2026-07-19 00:00:00,Mobile,Paid,0,0
BILL378919,CUST10002,204619,204619,2026-12-26 00:00:00,2026-12-30 00:00:00,Web,Paid,0,0
BILL768099,CUST10106,153811,153811,2026-11-30 00:00:00,2026-12-01 00:00:00,API,Paid,0,0
BILL529127,CUST10418,162610,162610,2026-11-21 00:00:00,2026-11-26 00:00:00,Web,Paid,0,0
BILL705450,CUST10289,171824,171824,2026-08-12 00:00:00,2026-08-17 00:00:00,Web,Paid,0,0
BILL704638,CUST10100,157108,157108,2026-09-18 00:03:00,2026-09-19 00:03:00,Mobile,Paid,0,0
BILL192153,CUST10194,399827,391500,2026-07-21 00:00:00,2026-07-26 00:00:00,Mobile,Paid,0,0
BILL575903,CUST10085,289887,289887,2026-07-22 00:00:00,2026-07-23 00:00:00,Mobile,Paid,0,0
BILL528252,CUST10068,217601,217601,2026-11-13 00:00:00,2026-11-17 00:00:00,Mobile,Paid,0,0
BILL332019,CUST10123,171669,171669,2026-11-29 00:00:00,2026-12-02 00:00:00,Web,Paid,0,0
BILL315682,CUST10512,252894,252894,2027-01-20 00:00:00,2027-01-21 00:00:00,Mobile,Paid,0,0
BILL701088,CUST10328,305250,958814,2026-09-13 00:00:00,2026-09-18 00:00:00,Mobile,Paid,0,1
BILL390050,CUST10034,308610,308610,2026-11-23 00:00:00,2026-11-24 00:00:00,Mobile,Paid,0,0
BILL829999,CUST10105,296911,296911,2026-06-10 00:00:00,2026-06-11 00:00:00,Mobile,Paid,0,0
BILL778123,CUST10041,118023,118023,2026-12-28 00:00:00,2026-12-28 00:00:00,Mobile,Paid,0,0
BILL405852,CUST10288,244660,244660,2026-10-16 00:02:00,2026-10-16 00:02:00,Web,Paid,0,0
BILL262297,CUST10529,356052,356052,2026-06-16 00:00:00,2026-06-21 00:00:00,Mobile,Paid,0,0
BILL932797,CUST10078,271954,271954,2027-02-26 00:00:00,2027-02-28 00:00:00,Web,Paid,0,0
BILL446499,CUST10589,291085,291085,2026-05-16 00:00:00,2026-05-16 00:00:00,Mobile,Paid,0,0
BILL863570,CUST10097,281179,281179,2027-01-03 00:00:00,2027-01-07 00:00:00,Mobile,Paid,0,0
BILL600232,CUST10026,224210,224210,2026-11-21 00:00:00,2026-11-21 00:00:00,Mobile,Paid,0,0
BILL789957,CUST10510,122044,122044,2026-09-28 00:00:00,2026-09-29 00:00:00,Web,Paid,0,0
BILL178463,CUST10027,156366,156366,2027-05-28 00:00:00,2027-05-30 00:00:00,Mobile,Paid,0,0
BILL968290,CUST10029,128035,128035,2026-12-15 00:00:00,2026-12-20 00:00:00,Mobile,Paid,0,0
BILL712024,CUST10196,246448,246448,2026-10-24 00:00:00,2026-10-25 00:00:00,Web,Paid,0,0
BILL447437,CUST10355,167264,167264,2026-08-27 00:00:00,2026-09-01 00:00:00,Web,Paid,0,0
BILL138273,CUST10599,287062,287062,2026-11-13 00:00:00,2026-11-13 00:00:00,Mobile,Paid,0,0
BILL533289,CUST10197,231115,231115,2026-10-24 00:00:00,2026-10-29 00:00:00,Web,Paid,0,0
BILL441498,CUST10535,225969,225969,2026-06-09 00:00:00,2026-06-14 00:00:00,Mobile,Paid,0,0
BILL641427,CUST10307,309967,309967,2026-06-02 00:00:00,2026-06-06 00:00:00,Mobile,Paid,0,0
BILL776593,CUST10578,255524,255524,2026-11-27 00:00:00,2026-12-01 00:00:00,Mobile,Paid,0,0
BILL418041,CUST10404,225615,225615,2026-10-22 00:00:00,2026-10-26 00:00:00,Web,Paid,0,0
BILL588190,CUST10401,263793,263793,2026-12-30 00:00:00,2026-12-30 00:00:00,Mobile,Paid,0,0
BILL669971,CUST10354,212581,212581,2026-09-13 00:00:00,2026-09-17 00:00:00,Mobile,Paid,0,0
BILL116430,CUST10614,317766,317766,2026-07-09 00:00:00,2026-07-14 00:00:00,Mobile,Paid,0,0
BILL121133,CUST10005,143030,143030,2026-08-27 00:00:00,2026-08-31 00:00:00,Mobile,Paid,0,0
BILL952103,CUST10245,182230,182230,2026-09-25 00:00:00,2026-09-26 00:00:00,Web,Paid,0,0
BILL381263,CUST10469,348401,348401,2026-08-18 00:00:00,2026-08-18 00:00:00,Mobile,Paid,0,0
BILL154900,CUST10318,300846,300846,2027-04-04 00:00:00,2027-04-07 00:00:00,Mobile,Paid,0,0
BILL644060,CUST10371,292424,292424,2026-08-17 00:03:00,2026-08-22 00:03:00,Web,Paid,0,0
BILL217523,CUST10210,207564,207564,2026-09-26 00:00:00,2026-09-28 00:00:00,Mobile,Paid,0,0
BILL142839,CUST10173,393189,393189,2026-11-18 00:00:00,2026-11-22 00:00:00,Mobile,Paid,0,0
BILL690871,CUST10290,248997,248997,2026-11-03 00:00:00,2026-11-08 00:00:00,Mobile,Paid,0,0
BILL148748,CUST10610,366644,366644,2026-09-21 00:00:00,2026-09-23 00:00:00,Web,Paid,0,0
BILL239498,CUST10470,231253,231253,2026-09-24 00:00:00,2026-09-26 00:00:00,Web,Paid,0,0
BILL324834,CUST10021,195797,195797,2026-09-25 00:00:00,2026-09-30 00:00:00,Mobile,Paid,1,1
BILL391945,CUST10048,283288,283288,2026-10-17 00:00:00,2026-10-17 00:00:00,Mobile,Paid,0,0
BILL496189,CUST10446,277035,289284,2026-10-19 00:00:00,2026-10-24 00:00:00,Web,Paid,0,0
BILL220030,CUST10358,310756,310756,2026-08-30 00:00:00,2026-09-04 00:00:00,Web,Paid,0,0
BILL176916,CUST10263,377150,377150,2026-07-12 00:00:00,2026-07-14 00:00:00,Web,Paid,0,0
BILL404585,CUST10113,160758,160758,2026-08-15 00:00:00,2026-08-16 00:00:00,API,Paid,0,1
BILL330224,CUST10291,235223,235223,2026-12-15 00:02:00,2026-12-20 00:02:00,Web,Paid,0,0
BILL626841,CUST10197,231115,231417,2026-11-28 00:00:00,2026-12-01 00:00:00,Web,Paid,0,0
BILL115682,CUST10169,282389,282389,2027-05-13 00:02:00,2027-05-17 00:02:00,Web,Paid,0,0
BILL806698,CUST10242,350465,350465,2026-06-18 00:00:00,2026-06-19 00:00:00,API,Paid,0,0
BILL687575,CUST10390,304339,304339,2026-09-21 00:00:00,2026-09-25 00:00:00,Web,Paid,0,0
BILL742986,CUST10617,240366,245393,2026-10-15 00:00:00,2026-10-16 00:00:00,Web,Paid,0,0
BILL671063,CUST10471,287323,287323,2027-02-18 00:00:00,2027-02-21 00:00:00,Web,Paid,0,0
BILL491665,CUST10357,345533,345533,2026-10-21 00:02:00,2026-10-21 00:02:00,Web,Paid,0,0
BILL580086,CUST10129,180334,180334,2026-10-21 00:00:00,2026-10-22 00:00:00,API,Paid,0,0
BILL258763,CUST10444,246138,246138,2026-07-17 00:00:00,2026-07-20 00:00:00,Mobile,Paid,0,0
BILL309637,CUST10529,356052,356052,2026-07-21 00:00:00,2026-07-26 00:00:00,Mobile,Paid,0,0
BILL718518,CUST10030,335724,335724,2026-09-20 00:00:00,2026-09-21 00:00:00,Mobile,Paid,0,0
BILL681003,CUST10453,317420,317420,2026-08-15 00:00:00,2026-08-15 00:00:00,Mobile,Paid,0,0
BILL824544,CUST10511,360798,360798,2026-09-21 00:00:00,2026-09-21 00:00:00,Web,Paid,0,0
BILL958460,CUST10587,236036,236036,2026-10-20 00:00:00,2026-10-22 00:00:00,Mobile,Paid,0,0
BILL887561,CUST10194,399827,399827,2026-08-25 00:00:00,2026-08-28 00:00:00,Mobile,Paid,0,0
BILL209826,CUST10367,161422,157338,2026-08-19 00:00:00,2026-08-22 00:00:00,Mobile,Paid,0,0
BILL268075,CUST10582,283005,283005,2027-04-14 00:03:00,2027-04-16 00:03:00,Web,Paid,0,0
BILL698553,CUST10303,117880,117880,2026-09-14 00:00:00,2026-09-14 00:00:00,Web,Paid,0,0
BILL817946,CUST10186,259377,259377,2027-01-05 00:00:00,2027-01-08 00:00:00,Mobile,Paid,0,0
BILL116750,CUST10277,359643,359643,2026-12-24 00:00:00,2026-12-26 00:00:00,Mobile,Paid,0,0
BILL637654,CUST10359,189439,189439,2026-11-26 00:00:00,2026-11-25 00:00:00,Web,Paid,0,0
BILL485418,CUST10046,129309,129309,2026-06-06 00:00:00,2026-06-11 00:00:00,Mobile,Paid,0,0
BILL366298,CUST10589,291085,291085,2026-06-15 00:00:00,2026-06-16 00:00:00,Mobile,Paid,0,0
BILL833673,CUST10577,383781,383781,2026-11-08 00:00:00,2026-11-09 00:00:00,Web,Paid,0,0
BILL845072,CUST10014,265386,265386,2026-08-26 00:00:00,2026-08-31 00:00:00,Mobile,Paid,0,0
BILL600632,CUST10554,216968,216968,2026-11-26 00:00:00,2026-11-27 00:00:00,Web,Paid,0,0
BILL232366,CUST10448,210601,210601,2026-08-19 00:00:00,2026-08-20 00:00:00,Web,Paid,0,0
BILL568851,CUST10280,316106,316106,2026-04-13 00:00:00,2026-04-17 00:00:00,Web,Paid,0,0
BILL489073,CUST10534,108269,108269,2027-01-08 00:00:00,2027-01-08 00:00:00,Mobile,Paid,0,0
BILL344530,CUST10064,334083,334083,2026-08-14 00:00:00,2026-08-15 00:00:00,API,Paid,0,1
BILL326009,CUST10202,157531,157531,2026-05-13 00:00:00,2026-05-14 00:00:00,Web,Paid,0,0
BILL943394,CUST10377,321013,321013,2027-01-17 00:00:00,2027-01-17 00:00:00,Mobile,Paid,0,0
BILL860192,CUST10601,154862,154862,2026-09-19 00:00:00,2026-09-24 00:00:00,Web,Paid,0,0
BILL715702,CUST10307,309967,309967,2026-07-06 00:00:00,2026-07-06 00:00:00,API,Paid,0,0
BILL286948,CUST10011,312896,312896,2026-03-13 00:00:00,2026-03-18 00:00:00,API,Paid,0,0
BILL698191,CUST10144,361292,361292,2026-12-28 00:00:00,2027-01-01 00:00:00,API,Paid,0,0
BILL331187,CUST10397,283502,283502,2026-04-18 00:00:00,2026-04-18 00:00:00,Mobile,Paid,0,0
BILL993285,CUST10410,262188,262188,2027-01-23 00:00:00,2027-01-26 00:00:00,Web,Paid,0,0
BILL521083,CUST10580,140210,138749,2026-09-15 00:00:00,2026-09-15 00:00:00,Web,Paid,0,0
BILL669530,CUST10584,205219,205219,2026-09-20 00:00:00,2026-09-20 00:00:00,Web,Paid,0,0
BILL950463,CUST10247,162100,162100,2026-08-20 00:00:00,2026-08-23 00:00:00,Web,Paid,0,0
BILL122394,CUST10556,337399,337399,2026-05-10 00:00:00,2026-05-12 00:00:00,Mobile,Paid,0,0
BILL673297,CUST10529,356052,356052,2026-08-25 00:00:00,2026-08-28 00:00:00,API,Paid,1,1
BILL312696,CUST10208,111049,107491,2026-08-20 00:00:00,2026-08-24 00:00:00,Mobile,Paid,0,0
BILL991047,CUST10405,306307,306307,2026-10-14 00:00:00,2026-10-15 00:00:00,Mobile,Paid,0,0
BILL764487,CUST10194,399827,399827,2026-09-27 00:00:00,2026-09-28 00:00:00,Mobile,Paid,0,0
BILL363305,CUST10253,123560,123560,2026-12-29 00:00:00,2026-12-30 00:00:00,Mobile,Paid,0,0
BILL355457,CUST10590,265889,265889,2026-11-27 00:00:00,2026-11-27 00:00:00,Web,Paid,0,0
BILL985261,CUST10395,155968,155968,2026-11-22 00:00:00,2026-11-26 00:00:00,Web,Paid,0,0
BILL841286,CUST10147,165632,165632,2027-02-27 00:00:00,2027-03-04 00:00:00,Mobile,Paid,0,0
BILL650391,CUST10404,225615,225615,2026-11-25 00:00:00,2026-11-30 00:00:00,Web,Paid,0,0
BILL578561,CUST10393,339430,339430,2026-07-23 00:00:00,2026-07-25 00:00:00,Mobile,Paid,0,0
BILL563944,CUST10246,215001,215001,2026-11-27 00:00:00,2026-12-01 00:00:00,Mobile,Paid,0,0
BILL247686,CUST10056,158389,158389,2026-08-26 00:00:00,2026-08-27 00:00:00,Mobile,Paid,0,0
BILL416323,CUST10202,157531,157531,2026-06-13 00:00:00,2026-06-15 00:00:00,Web,Paid,0,0
BILL188190,CUST10582,283005,283005,2027-05-16 00:03:00,2027-05-20 00:03:00,Web,Paid,0,0
BILL710101,CUST10286,205365,205365,2026-11-04 00:00:00,2026-11-05 00:00:00,Web,Paid,0,0
BILL252569,CUST10558,283378,283378,2027-03-07 00:00:00,2027-03-08 00:00:00,Mobile,Paid,0,0
BILL226613,CUST10049,229700,229700,2027-02-06 00:00:00,2027-02-09 00:00:00,Web,Paid,0,0
BILL873004,CUST10364,236723,236723,2026-11-30 00:00:00,2026-12-01 00:00:00,Web,Paid,0,0
BILL875120,CUST10177,123749,123749,2026-06-20 00:00:00,2026-06-23 00:00:00,Mobile,Paid,0,0
BILL768426,CUST10049,229700,229700,2027-03-11 00:00:00,2027-03-15 00:00:00,Web,Paid,0,0
BILL705293,CUST10140,382812,382812,2026-09-16 00:03:00,2026-09-16 00:03:00,Web,Paid,0,0
BILL178330,CUST10442,159799,159799,2026-08-19 00:00:00,2026-08-22 00:00:00,Web,Paid,0,0
BILL748819,CUST10420,389530,389530,2026-09-19 00:00:00,2026-09-21 00:00:00,Mobile,Paid,0,0
BILL771154,CUST10100,157108,157108,2026-10-19 00:03:00,2026-10-21 00:03:00,Mobile,Paid,0,0
BILL980587,CUST10593,389266,389266,2026-09-25 00:00:00,2026-09-26 00:00:00,Mobile,Paid,0,0
BILL196147,CUST10144,361292,361292,2027-01-31 00:00:00,2027-02-01 00:00:00,Web,Paid,0,0
BILL948127,CUST10510,122044,122044,2026-10-29 00:00:00,2026-10-29 00:00:00,Web,Paid,0,0
BILL255745,CUST10505,154065,154065,2026-05-11 00:00:00,2026-05-11 00:00:00,Mobile,Paid,0,0
