TERMINAL_ID,MERCHANT_ID,ACCOUNT_NUMBER,DEST_ACCOUNT_NUMBER,TIMESTAMP_DB,AMOUNT,STAN,PROCESSING_CODE,RESPONSE_CODE,MTI
T1012,M2000,ACCT100000,DST999999,2026-01-14 01:50:00,310823,100089,400000,0,200
T1012,M2011,ACCT100000,DST300183,2026-01-14 01:51:00,397743,100669,10000,0,200
T1012,M2002,ACCT100000,DST999999,2026-01-14 01:52:00,254441,100090,400000,0,200
T1012,M2017,ACCT100000,DST300183,2026-01-14 04:03:00,281929,100971,10000,0,200
T1012,M2012,ACCT100000,DST300165,2026-01-14 05:59:00,265449,101637,400000,0,200
T1012,M2012,ACCT100000,DST300010,2026-01-14 07:36:00,267549,101879,10000,0,200
T1012,M2008,ACCT100000,DST300160,2026-01-14 08:19:00,262315,101943,10000,0,200
T1012,M2015,ACCT100000,DST300120,2026-01-14 11:27:00,256907,102669,10000,0,200
T1012,M2013,ACCT100000,DST300152,2026-01-14 12:40:00,243816,102969,400000,0,200
T1012,M2016,ACCT100000,DST300007,2026-01-14 14:57:00,262862,103179,10000,0,200
T1012,M2008,ACCT100000,DST300055,2026-01-14 18:30:00,277299,103473,10000,0,200
T1012,M2010,ACCT100000,DST300111,2026-01-14 21:47:00,284790,103601,10000,0,200
T1012,M2001,ACCT100000,DST300122,2026-01-15 00:43:00,238219,103713,400000,0,200
T1012,M2017,ACCT100000,DST300025,2026-01-15 03:10:00,280894,104501,10000,0,200
T1012,M2010,ACCT100000,DST300184,2026-01-15 03:14:00,278517,104727,10000,0,200
T1004,M2008,ACCT100001,DST300175,2026-01-20 23:46:00,1421401,100360,10000,0,200
T1004,M2003,ACCT100001,DST300078,2026-01-21 02:13:00,276799,100413,10000,0,200
T1004,M2019,ACCT100001,DST300014,2026-01-21 02:39:00,296534,102562,10000,0,200
T1004,M2007,ACCT100001,DST300043,2026-01-21 04:19:00,308449,102648,400000,0,200
T1004,M2010,ACCT100001,DST300155,2026-01-21 04:50:00,268115,100492,10000,0,200
T1004,M2018,ACCT100001,DST300171,2026-01-21 08:49:00,315059,100990,10000,0,200
T1004,M2002,ACCT100001,DST300019,2026-01-21 12:03:00,267334,101337,10000,0,200
T1004,M2013,ACCT100001,DST300164,2026-01-21 16:03:00,288605,102522,10000,0,200
T1004,M2018,ACCT100001,DST300063,2026-01-21 19:50:00,309591,102559,400000,0,200
T1010,M2018,ACCT100002,DST300172,2026-01-20 18:18:00,323828,100133,10000,68,200
T1010,M2014,ACCT100002,DST300048,2026-01-20 22:08:00,351049,101050,10000,0,200
T1010,M2016,ACCT100002,DST300119,2026-01-20 22:14:00,329753,101575,400000,0,200
T1010,M2008,ACCT100002,DST300041,2026-01-20 22:50:00,301998,101600,400000,0,200
T1010,M2014,ACCT100002,DST300005,2026-01-21 01:36:00,314816,101936,400000,0,200
T1010,M2012,ACCT100002,DST300026,2026-01-21 03:14:00,352798,102328,10000,0,200
T1010,M2008,ACCT100002,DST300158,2026-01-21 06:55:00,356080,102528,10000,0,200
T1010,M2011,ACCT100002,DST300155,2026-01-21 10:29:00,333981,102769,400000,0,200
T1010,M2006,ACCT100002,DST300156,2026-01-21 12:03:00,344802,102933,10000,0,200
T1010,M2001,ACCT100002,DST300149,2026-01-21 13:48:00,301804,103460,400000,0,200
T1010,M2011,ACCT100002,DST300161,2026-01-21 15:23:00,343987,103659,400000,0,200
T1010,M2015,ACCT100002,DST300145,2026-01-21 15:25:00,323012,103941,10000,68,200
T1010,M2017,ACCT100002,DST300170,2026-01-21 18:18:00,331821,104721,400000,0,200
T1010,M2013,ACCT100002,DST300136,2026-01-21 21:50:00,328863,104784,10000,0,200
T1010,M2008,ACCT100002,DST300158,2026-01-21 22:38:00,335285,104950,10000,0,200
T1006,M2012,ACCT100003,DST300074,2026-01-01 02:02:00,93521,104823,10000,0,200
T1006,M2006,ACCT100003,DST300045,2026-01-01 02:46:00,88880,103076,10000,0,200
T1006,M2017,ACCT100003,DST300078,2026-01-01 04:30:00,76328,103612,10000,68,200
T1006,M2015,ACCT100003,DST300082,2026-01-01 07:34:00,89657,104076,400000,0,200
T1006,M2012,ACCT100003,DST300167,2026-01-01 09:35:00,136200,104178,400000,0,200
T1006,M2002,ACCT100003,DST300058,2026-01-01 09:44:00,87311,104265,10000,0,200
T1006,M2001,ACCT100003,DST300116,2026-01-01 09:46:00,127684,104303,10000,0,200
T1006,M2006,ACCT100003,DST300146,2026-01-01 11:50:00,117698,100044,300000,55,200
T1006,M2013,ACCT100003,DST300108,2026-01-01 11:51:00,117441,100045,300000,55,200
T1006,M2003,ACCT100003,DST300051,2026-01-01 11:52:00,126009,100046,300000,55,200
T1006,M2009,ACCT100003,DST300131,2026-01-01 11:53:00,90536,100047,300000,55,200
T1006,M2014,ACCT100003,DST300058,2026-01-01 13:05:00,99512,104384,400000,0,200
T1006,M2016,ACCT100003,DST300062,2026-01-01 14:21:00,116075,101212,400000,0,200
T1006,M2006,ACCT100003,DST300103,2026-01-01 14:41:00,84119,101241,400000,0,200
T1006,M2016,ACCT100003,DST300110,2026-01-01 15:38:00,99181,102020,400000,0,200
T1006,M2009,ACCT100003,DST300172,2026-01-01 18:18:00,107686,102619,10000,0,200
T1006,M2008,ACCT100003,DST300099,2026-01-01 21:53:00,122906,102800,10000,0,200
T1017,M2016,ACCT100004,DST300035,2026-01-08 19:30:00,211974,100417,400000,0,200
T1017,M2004,ACCT100004,DST300168,2026-01-08 22:05:00,202500,100846,10000,0,200
T1017,M2013,ACCT100004,DST300121,2026-01-08 23:43:00,211304,101242,10000,0,200
T1017,M2006,ACCT100004,DST300151,2026-01-09 01:50:00,230923,104432,400000,0,200
T1017,M2011,ACCT100004,DST300184,2026-01-09 03:42:00,243470,101359,400000,0,200
T1017,M2017,ACCT100004,DST300051,2026-01-09 05:25:00,258241,104440,10000,0,200
T1017,M2007,ACCT100004,DST300051,2026-01-09 06:10:00,200147,101398,10000,68,200
T1017,M2019,ACCT100004,DST999999,2026-01-09 06:12:00,242498,101806,400000,0,200
T1017,M2019,ACCT100004,DST999999,2026-01-09 06:14:00,202996,101807,400000,0,200
T1017,M2000,ACCT100004,DST300155,2026-01-09 09:34:00,220057,102343,10000,0,200
T1017,M2008,ACCT100004,DST300068,2026-01-09 09:35:00,196561,102701,400000,0,200
T1017,M2007,ACCT100004,DST300136,2026-01-09 11:02:00,222052,102988,400000,0,200
T1017,M2002,ACCT100004,DST300093,2026-01-09 13:41:00,234735,103370,400000,0,200
T1017,M2008,ACCT100004,DST300199,2026-01-09 16:18:00,228375,104110,10000,68,200
T1017,M2018,ACCT100004,DST300133,2026-01-09 16:52:00,218095,104211,400000,0,200
T1024,M2008,ACCT100005,DST300038,2026-01-04 02:04:00,247837,104608,10000,0,200
T1024,M2013,ACCT100005,DST300149,2026-01-04 03:15:00,237042,102690,400000,0,200
T1024,M2011,ACCT100005,DST300113,2026-01-04 04:29:00,329210,102749,10000,0,200
T1024,M2008,ACCT100005,DST300094,2026-01-04 08:26:00,227957,103045,400000,0,200
T1024,M2005,ACCT100005,DST300106,2026-01-04 11:20:00,217017,104002,400000,0,200
T1024,M2006,ACCT100005,DST300069,2026-01-04 12:21:00,221996,104377,10000,0,200
T1024,M2011,ACCT100005,DST300028,2026-01-04 12:43:00,265439,100399,10000,0,200
T1024,M2007,ACCT100005,DST300128,2026-01-04 12:44:00,214327,104494,400000,0,200
T1024,M2017,ACCT100005,DST300104,2026-01-04 16:23:00,229050,101460,400000,0,200
T1024,M2018,ACCT100005,DST300047,2026-01-04 17:33:00,224358,101540,400000,0,200
T1024,M2006,ACCT100005,DST300047,2026-01-04 20:54:00,225705,102169,400000,0,200
T1024,M2010,ACCT100005,DST300013,2026-01-04 21:51:00,231321,102426,10000,0,200
T1026,M2009,ACCT100006,DST300131,2026-01-04 12:34:00,247769,100107,400000,0,200
T1026,M2007,ACCT100006,DST300041,2026-01-04 13:40:00,269858,100219,400000,0,200
T1026,M2005,ACCT100006,DST300139,2026-01-04 16:42:00,232260,100392,10000,0,200
T1026,M2011,ACCT100006,DST300128,2026-01-04 18:10:00,233422,100837,10000,0,200
T1026,M2011,ACCT100006,DST300096,2026-01-04 18:25:00,250560,101243,10000,0,200
T1026,M2019,ACCT100006,DST300003,2026-01-04 18:28:00,239718,101643,400000,0,200
T1026,M2017,ACCT100006,DST300068,2026-01-04 20:14:00,208154,102168,10000,51,200
T1026,M2014,ACCT100006,DST300185,2026-01-04 22:26:00,204449,102435,400000,0,200
T1015,M2017,ACCT100006,DST300146,2026-01-04 22:28:00,248494,102568,10000,0,200
T1015,M2011,ACCT100006,DST300049,2026-01-05 02:03:00,198901,102614,10000,51,200
T1015,M2010,ACCT100006,DST300054,2026-01-05 02:39:00,275718,104674,10000,0,200
T1015,M2013,ACCT100006,DST300124,2026-01-05 03:35:00,236082,103089,400000,0,200
T1015,M2008,ACCT100006,DST300101,2026-01-05 04:14:00,275841,104882,10000,0,200
T1015,M2014,ACCT100006,DST300102,2026-01-05 07:21:00,251785,103189,10000,0,200
T1015,M2016,ACCT100006,DST300149,2026-01-05 08:52:00,260982,103375,10000,0,200
T1015,M2007,ACCT100006,DST300174,2026-01-05 10:09:00,225123,104122,400000,0,200
T1015,M2010,ACCT100006,DST300014,2026-01-05 12:31:00,235135,104353,400000,0,200
T1015,M2006,ACCT100006,DST300151,2026-01-05 12:42:00,222392,104389,400000,0,200
T1015,M2018,ACCT100006,DST300162,2026-01-05 12:44:00,227166,104492,10000,0,200
T1029,M2018,ACCT100007,DST300042,2026-01-10 13:38:00,78469,100194,400000,0,200
T1029,M2015,ACCT100007,DST300032,2026-01-10 17:33:00,27022,101030,400000,0,200
T1029,M2003,ACCT100007,DST300120,2026-01-10 19:05:00,65276,101312,400000,0,200
T1029,M2019,ACCT100007,DST300140,2026-01-10 21:28:00,32333,101336,10000,51,200
T1029,M2016,ACCT100007,DST300092,2026-01-10 23:52:00,32425,101685,400000,0,200
T1029,M2000,ACCT100007,DST300133,2026-01-11 00:06:00,20000,102225,400000,0,200
T1029,M2012,ACCT100007,DST300038,2026-01-11 03:32:00,36569,102244,400000,0,200
T1029,M2004,ACCT100007,DST300022,2026-01-11 04:02:00,44702,103073,10000,0,200
T1029,M2000,ACCT100007,DST300165,2026-01-11 04:54:00,20000,104083,400000,0,200
T1029,M2016,ACCT100007,DST300168,2026-01-11 07:54:00,31502,103458,10000,0,200
T1029,M2004,ACCT100007,DST300057,2026-01-11 08:41:00,75900,104247,10000,0,200
T1029,M2017,ACCT100007,DST300087,2026-01-11 10:29:00,48850,104013,400000,0,200
T1029,M2013,ACCT100007,DST300070,2026-01-11 10:29:00,71472,104572,400000,0,200
T1029,M2014,ACCT100007,DST300100,2026-01-11 12:13:00,68276,104666,400000,0,200
T1029,M2009,ACCT100007,DST300102,2026-01-11 12:53:00,43795,104696,10000,0,200
T1028,M2019,ACCT100008,DST300196,2026-01-16 15:54:00,127108,100138,10000,51,200
T1028,M2016,ACCT100008,DST300118,2026-01-16 18:12:00,189925,100331,10000,0,200
T1028,M2012,ACCT100008,DST300182,2026-01-16 21:53:00,145419,100802,400000,0,200
T1028,M2013,ACCT100008,DST300061,2026-01-16 22:21:00,141021,100815,10000,0,200
T1028,M2018,ACCT100008,DST300137,2026-01-17 00:20:00,120883,101449,10000,0,200
T1028,M2019,ACCT100008,DST300153,2026-01-17 00:59:00,120241,101945,400000,0,200
T1028,M2006,ACCT100008,DST300188,2026-01-17 02:26:00,190582,102738,400000,0,200
T1028,M2011,ACCT100008,DST300141,2026-01-17 04:54:00,197096,103403,400000,0,200
T1028,M2002,ACCT100008,DST300032,2026-01-17 07:17:00,169912,103586,10000,0,200
T1028,M2011,ACCT100008,DST300179,2026-01-17 11:12:00,137830,104835,10000,0,200
T1003,M2011,ACCT100009,DST300051,2026-01-12 03:36:00,131652,100144,400000,0,200
T1003,M2012,ACCT100009,DST300079,2026-01-12 05:31:00,105727,100266,400000,0,200
T1003,M2012,ACCT100009,DST300080,2026-01-12 07:15:00,118841,101218,400000,51,200
T1003,M2015,ACCT100009,DST300103,2026-01-12 09:12:00,122719,102150,10000,0,200
T1003,M2007,ACCT100009,DST300005,2026-01-12 11:11:00,142940,102815,400000,0,200
T1003,M2010,ACCT100009,DST300090,2026-01-12 13:47:00,197367,103581,10000,0,200
T1003,M2009,ACCT100009,DST300082,2026-01-12 14:05:00,186966,103625,10000,0,200
T1003,M2015,ACCT100009,DST300105,2026-01-12 15:37:00,160194,103657,10000,0,200
T1003,M2000,ACCT100009,DST999999,2026-01-12 15:39:00,130860,103883,400000,0,200
T1003,M2008,ACCT100009,DST999999,2026-01-12 15:41:00,125112,103884,400000,0,200
T1003,M2018,ACCT100009,DST999999,2026-01-12 15:43:00,141332,103885,400000,0,200
T1003,M2005,ACCT100009,DST300113,2026-01-12 18:49:00,132477,104300,400000,0,200
T1003,M2019,ACCT100009,DST300014,2026-01-12 22:18:00,135152,104645,400000,0,200
T1005,M2003,ACCT100010,DST300198,2026-01-09 02:53:00,140044,102441,10000,68,200
T1005,M2005,ACCT100010,DST300197,2026-01-09 06:40:00,130962,102757,10000,0,200
T1005,M2009,ACCT100010,DST300198,2026-01-09 10:37:00,109355,103465,10000,0,200
T1005,M2009,ACCT100010,DST300197,2026-01-09 11:24:00,112821,103791,400000,0,200
T1005,M2010,ACCT100010,DST300165,2026-01-09 13:21:00,150919,100350,10000,0,200
T1005,M2006,ACCT100010,DST300012,2026-01-09 13:24:00,133153,103982,400000,0,200
T1005,M2008,ACCT100010,DST300078,2026-01-09 14:15:00,165872,104048,400000,0,200
T1005,M2011,ACCT100010,DST300045,2026-01-09 14:47:00,121538,101125,400000,0,200
T1005,M2006,ACCT100010,DST300014,2026-01-09 14:50:00,77179,101915,400000,0,200
T1005,M2015,ACCT100010,DST300066,2026-01-09 16:20:00,119818,102192,400000,0,200
T1005,M2009,ACCT100010,DST300149,2026-01-09 16:39:00,124425,104111,10000,0,200
T1005,M2014,ACCT100010,DST300110,2026-01-09 16:42:00,137144,104170,10000,51,200
T1005,M2012,ACCT100010,DST300139,2026-01-09 18:29:00,127340,102228,400000,0,200
T1005,M2013,ACCT100010,DST300198,2026-01-09 19:39:00,127940,104541,400000,0,200
T1008,M2017,ACCT100011,DST300003,2026-01-03 02:38:00,252616,102028,400000,0,200
T1008,M2014,ACCT100011,DST300173,2026-01-03 06:24:00,257663,102166,10000,0,200
T1008,M2007,ACCT100011,DST300104,2026-01-03 09:21:00,241116,103023,400000,0,200
T1008,M2015,ACCT100011,DST300049,2026-01-03 11:11:00,265600,100204,10000,0,200
T1008,M2017,ACCT100011,DST300132,2026-01-03 11:29:00,253948,103199,400000,0,200
T1008,M2005,ACCT100011,DST300054,2026-01-03 12:50:00,274391,103279,10000,0,200
T1008,M2018,ACCT100011,DST300029,2026-01-03 14:17:00,277477,100857,400000,0,200
T1008,M2018,ACCT100011,DST300197,2026-01-03 15:35:00,249605,101340,400000,0,200
T1008,M2010,ACCT100011,DST300089,2026-01-03 16:13:00,254774,101751,10000,0,200
T1008,M2000,ACCT100011,DST300063,2026-01-03 16:26:00,237006,103514,10000,0,200
T1008,M2019,ACCT100011,DST300034,2026-01-03 18:36:00,255488,103673,10000,68,200
T1008,M2014,ACCT100011,DST300121,2026-01-03 20:54:00,252077,104390,10000,0,200
T1008,M2018,ACCT100011,DST300125,2026-01-03 21:37:00,246258,104566,10000,0,200
T1021,M2016,ACCT100012,DST300121,2026-01-05 03:04:00,214624,102898,10000,0,200
T1021,M2017,ACCT100012,DST300037,2026-01-05 03:07:00,321779,100739,10000,0,200
T1021,M2014,ACCT100012,DST300064,2026-01-05 04:53:00,175672,101045,10000,0,200
T1021,M2007,ACCT100012,DST300176,2026-01-05 04:55:00,205202,101938,10000,51,200
T1021,M2011,ACCT100012,DST300107,2026-01-05 06:27:00,223631,102413,10000,0,200
T1021,M2017,ACCT100012,DST300006,2026-01-05 06:50:00,154787,103044,400000,0,200
T1021,M2018,ACCT100012,DST300154,2026-01-05 07:11:00,215212,101332,10000,0,200
T1021,M2012,ACCT100012,DST300038,2026-01-05 08:31:00,214919,103067,10000,0,200
T1021,M2002,ACCT100012,DST300155,2026-01-05 08:34:00,213192,102762,400000,0,200
T1021,M2003,ACCT100012,DST300059,2026-01-05 09:44:00,232288,101446,10000,0,200
T1021,M2011,ACCT100012,DST300141,2026-01-05 10:06:00,188713,103781,400000,0,200
T1021,M2018,ACCT100012,DST300176,2026-01-05 11:13:00,201537,104167,10000,0,200
T1021,M2004,ACCT100012,DST300005,2026-01-05 11:52:00,226445,104634,10000,0,200
T1021,M2012,ACCT100012,DST300106,2026-01-05 15:22:00,232852,104782,10000,0,200
T1021,M2003,ACCT100012,DST300137,2026-01-05 19:40:00,188633,100389,400000,51,200
T1021,M2016,ACCT100012,DST300174,2026-01-05 21:11:00,197940,100567,10000,0,200
T1020,M2010,ACCT100013,DST300153,2026-01-09 01:09:00,201976,100454,10000,0,200
T1020,M2005,ACCT100013,DST300168,2026-01-09 01:31:00,224510,101036,10000,0,200
T1020,M2015,ACCT100013,DST300192,2026-01-09 01:36:00,223874,100862,400000,0,200
T1020,M2008,ACCT100013,DST300161,2026-01-09 02:53:00,217376,103968,400000,0,200
T1020,M2015,ACCT100013,DST300071,2026-01-09 03:14:00,815546,104119,10000,0,200
T1020,M2003,ACCT100013,DST300018,2026-01-09 04:37:00,239159,104477,10000,0,200
T1020,M2001,ACCT100013,DST300114,2026-01-09 04:42:00,235149,104647,400000,0,200
T1020,M2010,ACCT100013,DST300035,2026-01-09 05:06:00,231834,101619,10000,0,200
T1020,M2015,ACCT100013,DST300007,2026-01-09 05:07:00,210587,101826,10000,0,200
T1020,M2007,ACCT100013,DST300055,2026-01-09 08:09:00,219407,102275,400000,0,200
T1020,M2008,ACCT100013,DST300032,2026-01-09 08:14:00,263465,104702,400000,0,200
T1020,M2000,ACCT100013,DST300116,2026-01-09 08:29:00,201608,102627,400000,0,200
T1020,M2010,ACCT100013,DST300199,2026-01-09 08:30:00,243887,103743,300000,55,200
T1020,M2014,ACCT100013,DST300191,2026-01-09 08:31:00,225188,103744,300000,55,200
T1020,M2011,ACCT100013,DST300155,2026-01-09 08:32:00,234814,103745,300000,55,200
T1020,M2005,ACCT100013,DST300061,2026-01-09 08:33:00,219252,103746,300000,55,200
T1020,M2000,ACCT100013,DST300156,2026-01-09 09:27:00,229257,104810,400000,0,200
T1020,M2009,ACCT100013,DST300053,2026-01-09 20:19:00,231224,100052,10000,0,200
T1020,M2013,ACCT100013,DST300119,2026-01-09 21:32:00,183826,100277,400000,0,200
T1022,M2004,ACCT100014,DST300129,2026-01-10 06:44:00,62356,100168,400000,0,200
T1022,M2000,ACCT100014,DST300042,2026-01-10 10:14:00,70289,100895,400000,0,200
T1022,M2019,ACCT100014,DST300025,2026-01-10 10:28:00,49390,100987,400000,0,200
T1022,M2003,ACCT100014,DST300139,2026-01-10 11:46:00,31237,101361,400000,0,200
T1022,M2009,ACCT100014,DST300106,2026-01-10 14:14:00,36824,101363,400000,0,200
T1022,M2011,ACCT100014,DST300090,2026-01-10 15:05:00,68186,101675,10000,0,200
T1022,M2016,ACCT100014,DST300109,2026-01-10 16:45:00,46635,101789,400000,0,200
T1022,M2010,ACCT100014,DST300170,2026-01-10 16:52:00,68115,102063,400000,0,200
T1022,M2005,ACCT100014,DST300092,2026-01-10 16:53:00,36412,102146,300000,55,200
T1022,M2019,ACCT100014,DST300111,2026-01-10 16:54:00,79294,102147,300000,55,200
T1022,M2016,ACCT100014,DST300056,2026-01-10 16:55:00,71512,102148,300000,55,200
T1022,M2008,ACCT100014,DST300058,2026-01-10 17:40:00,43807,102826,400000,68,200
T1022,M2007,ACCT100014,DST300148,2026-01-10 20:31:00,38618,103354,400000,0,200
T1022,M2012,ACCT100014,DST300194,2026-01-10 23:21:00,83365,103886,10000,0,200
T1022,M2015,ACCT100014,DST300165,2026-01-11 02:40:00,38753,104266,10000,0,200
T1022,M2015,ACCT100014,DST300015,2026-01-11 05:10:00,62490,104272,400000,0,200
T1022,M2009,ACCT100014,DST300162,2026-01-11 07:46:00,61777,104583,400000,0,200
T1028,M2014,ACCT100015,DST300042,2026-01-02 02:57:00,289080,104746,10000,0,200
T1028,M2019,ACCT100015,DST300096,2026-01-02 04:10:00,182967,102893,10000,0,200
T1028,M2012,ACCT100015,DST300175,2026-01-02 05:04:00,222341,103168,10000,0,200
T1028,M2017,ACCT100015,DST300107,2026-01-02 05:50:00,217940,100945,400000,0,200
T1028,M2009,ACCT100015,DST300115,2026-01-02 06:09:00,211714,103308,10000,0,200
T1028,M2002,ACCT100015,DST300148,2026-01-02 06:24:00,833126,101189,10000,0,200
T1028,M2008,ACCT100015,DST300054,2026-01-02 07:21:00,228588,101215,400000,0,200
T1028,M2012,ACCT100015,DST300060,2026-01-02 07:26:00,209737,103622,10000,0,200
T1028,M2018,ACCT100015,DST300152,2026-01-02 08:34:00,219864,101239,10000,0,200
T1028,M2011,ACCT100015,DST300089,2026-01-02 09:27:00,167770,101601,400000,0,200
T1028,M2017,ACCT100015,DST300001,2026-01-02 11:18:00,230470,103786,400000,0,200
T1028,M2001,ACCT100015,DST300089,2026-01-02 11:52:00,171283,102221,10000,68,200
T1028,M2014,ACCT100015,DST300107,2026-01-02 14:52:00,189013,103889,10000,0,200
T1028,M2000,ACCT100015,DST300091,2026-01-02 15:10:00,236756,104376,400000,0,200
T1002,M2011,ACCT100016,DST300013,2026-01-14 01:28:00,319214,101800,10000,0,200
T1002,M2012,ACCT100016,DST300036,2026-01-14 01:56:00,304432,101891,10000,0,200
T1002,M2014,ACCT100016,DST300154,2026-01-14 02:53:00,297958,102287,400000,0,200
T1002,M2008,ACCT100016,DST300096,2026-01-14 03:08:00,318046,102460,400000,0,200
T1002,M2010,ACCT100016,DST300098,2026-01-14 03:15:00,328309,101091,400000,0,200
T1002,M2003,ACCT100016,DST300192,2026-01-14 03:19:00,382326,103604,400000,0,200
T1002,M2007,ACCT100016,DST300111,2026-01-14 03:46:00,290356,101474,400000,0,200
T1002,M2012,ACCT100016,DST300017,2026-01-14 05:55:00,337053,103807,400000,0,200
T1002,M2000,ACCT100016,DST300085,2026-01-14 07:02:00,317111,104139,10000,0,200
T1002,M2014,ACCT100016,DST300089,2026-01-14 07:04:00,335662,104394,10000,0,200
T1002,M2011,ACCT100016,DST300052,2026-01-14 09:55:00,316485,100049,400000,0,200
T1002,M2005,ACCT100016,DST300187,2026-01-14 10:16:00,301198,100691,10000,68,200
T1002,M2002,ACCT100016,DST300161,2026-01-14 10:54:00,349959,101024,10000,0,200
T1001,M2017,ACCT100017,DST300178,2026-01-17 08:26:00,296925,100953,400000,0,200
T1001,M2009,ACCT100017,DST300069,2026-01-17 11:49:00,308011,101178,400000,68,200
T1001,M2006,ACCT100017,DST300098,2026-01-17 11:51:00,281586,102004,400000,0,200
T1001,M2015,ACCT100017,DST300172,2026-01-17 12:07:00,301480,102089,400000,0,200
T1001,M2000,ACCT100017,DST300002,2026-01-17 13:29:00,334671,102090,400000,0,200
T1001,M2012,ACCT100017,DST300193,2026-01-17 14:04:00,305114,102722,400000,0,200
T1001,M2014,ACCT100017,DST300034,2026-01-17 14:19:00,300250,102993,10000,0,200
T1001,M2005,ACCT100017,DST300046,2026-01-17 15:44:00,321875,103207,10000,0,200
T1001,M2013,ACCT100017,DST300041,2026-01-17 18:57:00,303523,103230,10000,0,200
T1001,M2010,ACCT100017,DST300072,2026-01-17 21:32:00,272972,103957,400000,0,200
T1001,M2003,ACCT100017,DST300183,2026-01-17 22:14:00,329141,104323,400000,0,200
T1001,M2011,ACCT100017,DST300191,2026-01-17 23:43:00,291267,104596,10000,0,200
T1001,M2005,ACCT100017,DST300052,2026-01-18 02:24:00,264561,104682,10000,0,200
T1001,M2001,ACCT100017,DST300091,2026-01-18 03:43:00,279258,104683,400000,0,200
T1001,M2000,ACCT100017,DST300181,2026-01-18 04:22:00,284752,104928,400000,0,200
T1021,M2012,ACCT100018,DST300136,2026-01-11 14:33:00,328231,100068,10000,0,200
T1021,M2003,ACCT100018,DST300040,2026-01-11 17:32:00,290959,100225,10000,0,200
T1021,M2001,ACCT100018,DST300157,2026-01-11 19:14:00,339161,100489,400000,0,200
T1021,M2003,ACCT100018,DST300037,2026-01-11 22:15:00,320724,100684,10000,0,200
T1021,M2007,ACCT100018,DST999999,2026-01-11 22:17:00,327004,100725,400000,0,200
T1021,M2000,ACCT100018,DST999999,2026-01-11 22:19:00,309099,100726,400000,0,200
T1021,M2000,ACCT100018,DST300100,2026-01-12 04:41:00,301730,100769,400000,0,200
T1021,M2008,ACCT100018,DST300066,2026-01-12 06:02:00,327481,100927,10000,0,200
T1021,M2019,ACCT100018,DST300118,2026-01-12 07:17:00,339150,101428,400000,0,200
T1021,M2019,ACCT100018,DST300156,2026-01-12 10:02:00,318570,101558,10000,0,200
T1021,M2006,ACCT100018,DST300184,2026-01-12 12:21:00,340274,102003,400000,0,200
T1021,M2010,ACCT100018,DST300016,2026-01-12 13:54:00,302500,102066,400000,0,200
T1021,M2019,ACCT100018,DST300084,2026-01-12 15:06:00,365460,102203,10000,0,200
T1021,M2008,ACCT100018,DST300111,2026-01-12 18:56:00,298499,102381,400000,0,200
T1021,M2010,ACCT100018,DST300118,2026-01-12 19:05:00,329262,102956,10000,0,200
T1021,M2017,ACCT100018,DST300127,2026-01-12 21:07:00,324577,103196,400000,0,200
T1021,M2002,ACCT100018,DST300084,2026-01-13 01:01:00,336664,103233,400000,0,200
T1021,M2012,ACCT100018,DST300133,2026-01-13 04:31:00,314273,103709,10000,0,200
T1021,M2000,ACCT100018,DST300196,2026-01-13 07:09:00,263123,103849,400000,0,200
T1021,M2002,ACCT100018,DST300039,2026-01-13 07:56:00,308105,104189,10000,0,200
T1013,M2013,ACCT100019,DST300057,2026-01-02 01:39:00,327182,100034,10000,0,200
T1013,M2003,ACCT100019,DST300017,2026-01-02 04:50:00,274423,100127,10000,0,200
T1013,M2016,ACCT100019,DST300132,2026-01-02 04:53:00,310608,100610,10000,0,200
T1013,M2014,ACCT100019,DST300019,2026-01-02 07:28:00,285219,100715,400000,0,200
T1013,M2006,ACCT100019,DST300032,2026-01-02 09:23:00,296605,100865,10000,0,200
T1013,M2005,ACCT100019,DST300194,2026-01-02 11:53:00,308920,101691,400000,0,200
T1013,M2009,ACCT100019,DST300136,2026-01-02 13:29:00,275878,102158,10000,0,200
T1013,M2008,ACCT100019,DST300170,2026-01-02 15:27:00,280455,102507,400000,0,200
T1013,M2012,ACCT100019,DST300192,2026-01-02 15:30:00,318686,102544,10000,51,200
T1013,M2005,ACCT100019,DST300096,2026-01-02 18:29:00,298713,102976,10000,0,200
T1013,M2014,ACCT100019,DST300184,2026-01-02 21:02:00,276476,103605,400000,0,200
T1013,M2006,ACCT100019,DST300002,2026-01-02 21:04:00,276051,103817,400000,0,200
T1013,M2007,ACCT100019,DST300169,2026-01-02 22:11:00,316655,103823,400000,0,200
T1013,M2016,ACCT100019,DST300092,2026-01-02 23:40:00,241757,104194,10000,51,200
T1025,M2017,ACCT100020,DST300096,2026-01-01 01:55:00,329100,100609,10000,0,200
T1025,M2002,ACCT100020,DST300051,2026-01-01 04:10:00,320673,100708,10000,0,200
T1025,M2006,ACCT100020,DST300051,2026-01-01 08:06:00,300561,100773,10000,0,200
T1025,M2012,ACCT100020,DST300188,2026-01-01 10:59:00,313769,100528,400000,0,200
T1025,M2010,ACCT100020,DST300135,2026-01-01 11:57:00,368431,100870,400000,0,200
T1025,M2018,ACCT100020,DST300106,2026-01-01 12:52:00,331064,101034,10000,0,200
T1025,M2008,ACCT100020,DST300000,2026-01-01 14:24:00,320842,101134,400000,0,200
T1025,M2001,ACCT100020,DST300002,2026-01-01 16:45:00,320412,101762,400000,0,200
T1025,M2006,ACCT100020,DST300185,2026-01-01 18:58:00,332030,102107,400000,0,200
T1025,M2014,ACCT100020,DST300121,2026-01-01 20:15:00,356846,102255,400000,0,200
T1025,M2004,ACCT100020,DST300118,2026-01-02 00:05:00,322137,102272,400000,0,200
T1025,M2006,ACCT100020,DST300138,2026-01-02 00:17:00,311530,102295,10000,0,200
T1025,M2016,ACCT100020,DST300018,2026-01-02 03:07:00,344181,102601,10000,0,200
T1025,M2014,ACCT100020,DST300037,2026-01-02 07:02:00,302582,102746,400000,0,200
T1025,M2009,ACCT100020,DST300030,2026-01-02 08:24:00,306521,103071,400000,0,200
T1025,M2001,ACCT100020,DST300103,2026-01-02 10:58:00,364827,103489,10000,0,200
T1025,M2007,ACCT100020,DST300133,2026-01-02 11:42:00,285444,103502,10000,0,200
T1025,M2018,ACCT100020,DST300136,2026-01-02 15:19:00,375781,104365,10000,0,200
T1025,M2004,ACCT100020,DST300196,2026-01-02 16:37:00,290512,104816,10000,0,200
T1025,M2003,ACCT100020,DST300127,2026-01-02 17:16:00,346833,104825,400000,0,200
T1024,M2008,ACCT100021,DST300169,2026-01-13 17:08:00,273020,100189,400000,0,200
T1024,M2011,ACCT100021,DST300014,2026-01-13 19:09:00,279461,100421,10000,68,200
T1024,M2019,ACCT100021,DST300131,2026-01-13 20:20:00,273888,100946,10000,0,200
T1024,M2007,ACCT100021,DST300039,2026-01-13 22:13:00,249709,101597,10000,0,200
T1024,M2002,ACCT100021,DST300043,2026-01-14 00:07:00,244668,102630,10000,0,200
T1024,M2017,ACCT100021,DST300099,2026-01-14 01:25:00,271922,103549,400000,0,200
T1024,M2017,ACCT100021,DST300004,2026-01-14 01:43:00,249048,104929,10000,0,200
T1024,M2013,ACCT100021,DST300156,2026-01-14 01:51:00,259762,103116,10000,0,200
T1024,M2017,ACCT100021,DST300003,2026-01-14 03:19:00,277629,103447,10000,0,200
T1024,M2010,ACCT100021,DST300135,2026-01-14 04:46:00,225638,103455,400000,0,200
T1014,M2003,ACCT100022,DST300043,2026-01-07 02:37:00,503337,104913,10000,0,200
T1005,M2004,ACCT100022,DST300038,2026-01-07 05:12:00,273927,100063,10000,0,200
T1005,M2012,ACCT100022,DST300100,2026-01-07 06:08:00,274229,100404,400000,0,200
T1005,M2019,ACCT100022,DST300183,2026-01-07 06:35:00,2280534,100432,10000,0,200
T1005,M2007,ACCT100022,DST300179,2026-01-07 08:06:00,279453,100441,400000,0,200
T1005,M2018,ACCT100022,DST300083,2026-01-07 08:29:00,280827,100930,10000,0,200
T1005,M2007,ACCT100022,DST300005,2026-01-07 10:58:00,311047,101001,10000,0,200
T1005,M2003,ACCT100022,DST300046,2026-01-07 11:26:00,299060,101153,10000,0,200
T1014,M2016,ACCT100022,DST300157,2026-01-07 11:30:00,309968,101974,10000,0,200
T1014,M2002,ACCT100022,DST300021,2026-01-07 11:57:00,274241,103174,10000,0,200
T1014,M2007,ACCT100022,DST300188,2026-01-07 13:25:00,303283,103267,400000,0,200
T1014,M2017,ACCT100022,DST300034,2026-01-07 16:27:00,311702,103650,10000,0,200
T1014,M2016,ACCT100022,DST300192,2026-01-07 17:23:00,287786,104502,400000,0,200
T1014,M2003,ACCT100022,DST300109,2026-01-07 19:10:00,278799,104776,400000,0,200
T1014,M2005,ACCT100023,DST300157,2026-01-09 03:12:00,121318,100272,400000,0,200
T1014,M2001,ACCT100023,DST300152,2026-01-09 03:51:00,115609,101130,10000,0,200
T1014,M2016,ACCT100023,DST300081,2026-01-09 04:08:00,105541,102589,10000,0,200
T1014,M2013,ACCT100023,DST300109,2026-01-09 04:39:00,164422,102850,400000,0,200
T1008,M2005,ACCT100023,DST300088,2026-01-09 04:41:00,149891,102924,10000,0,200
T1008,M2006,ACCT100023,DST300019,2026-01-09 05:06:00,971098,103283,10000,0,200
T1008,M2003,ACCT100023,DST300107,2026-01-09 05:35:00,102125,103294,400000,0,200
T1014,M2016,ACCT100023,DST300070,2026-01-09 05:55:00,101167,100345,400000,51,200
T1014,M2004,ACCT100023,DST300176,2026-01-09 07:00:00,144368,101133,400000,0,200
T1014,M2006,ACCT100023,DST300072,2026-01-09 07:01:00,121150,101272,10000,0,200
T1014,M2007,ACCT100023,DST300005,2026-01-09 07:26:00,120657,100614,10000,0,200
T1008,M2013,ACCT100023,DST300051,2026-01-09 07:48:00,145288,103519,10000,0,200
T1014,M2019,ACCT100023,DST300139,2026-01-09 09:20:00,114441,102379,10000,0,200
T1008,M2008,ACCT100023,DST300060,2026-01-09 11:19:00,140907,103896,400000,0,200
T1008,M2009,ACCT100023,DST300146,2026-01-09 14:45:00,132371,103964,10000,0,200
T1008,M2014,ACCT100023,DST300102,2026-01-09 15:12:00,93075,104082,10000,0,200
T1008,M2017,ACCT100023,DST300183,2026-01-09 16:28:00,147818,104244,10000,0,200
T1008,M2010,ACCT100023,DST300039,2026-01-09 19:42:00,82956,104704,400000,0,200
T1001,M2002,ACCT100024,DST300099,2026-01-08 22:41:00,105163,100735,300000,55,200
T1001,M2006,ACCT100024,DST300093,2026-01-08 22:42:00,125647,100736,300000,55,200
T1001,M2007,ACCT100024,DST300073,2026-01-08 22:43:00,90556,100737,300000,55,200
T1001,M2016,ACCT100024,DST300004,2026-01-08 22:44:00,150996,100738,300000,55,200
T1001,M2013,ACCT100024,DST300015,2026-01-09 01:41:00,125422,101988,400000,0,200
T1001,M2014,ACCT100024,DST300007,2026-01-09 05:05:00,115312,102149,400000,0,200
T1001,M2018,ACCT100024,DST300031,2026-01-09 08:10:00,130035,103244,400000,0,200
T1001,M2018,ACCT100024,DST300073,2026-01-09 08:12:00,127197,103282,400000,0,200
T1001,M2005,ACCT100024,DST300107,2026-01-09 09:03:00,185379,103392,400000,51,200
T1001,M2015,ACCT100024,DST300037,2026-01-09 09:06:00,108262,104077,400000,0,200
T1001,M2008,ACCT100024,DST300184,2026-01-09 09:08:00,88694,104219,10000,0,200
T1001,M2013,ACCT100024,DST300178,2026-01-09 11:58:00,157383,104351,400000,0,200
T1001,M2009,ACCT100024,DST300056,2026-01-09 14:41:00,96429,104455,400000,0,200
T1001,M2005,ACCT100024,DST300097,2026-01-09 17:41:00,80992,104849,400000,51,200
T1001,M2004,ACCT100024,DST300031,2026-01-09 20:43:00,102903,104970,400000,0,200
T1004,M2011,ACCT100025,DST300056,2026-01-16 01:36:00,284503,100140,400000,0,200
T1004,M2002,ACCT100025,DST300179,2026-01-16 01:57:00,343965,100414,400000,68,200
T1004,M2010,ACCT100025,DST300106,2026-01-16 01:58:00,318762,100866,400000,68,200
T1004,M2011,ACCT100025,DST300069,2026-01-16 03:17:00,318787,103538,400000,0,200
T1004,M2017,ACCT100025,DST300197,2026-01-16 03:43:00,308796,100896,400000,0,200
T1004,M2003,ACCT100025,DST300015,2026-01-16 05:53:00,293305,103624,400000,0,200
T1004,M2016,ACCT100025,DST300175,2026-01-16 06:13:00,326566,103753,10000,0,200
T1004,M2007,ACCT100025,DST300082,2026-01-16 06:31:00,306453,102182,400000,0,200
T1004,M2014,ACCT100025,DST300150,2026-01-16 06:33:00,304609,102443,400000,0,200
T1004,M2014,ACCT100025,DST300076,2026-01-16 06:57:00,292034,103891,10000,0,200
T1004,M2004,ACCT100025,DST300084,2026-01-16 08:03:00,306565,104292,10000,0,200
T1004,M2014,ACCT100025,DST300041,2026-01-16 10:11:00,289792,103117,10000,0,200
T1004,M2017,ACCT100025,DST300123,2026-01-16 10:46:00,1630584,103433,10000,0,200
T1004,M2013,ACCT100025,DST300023,2026-01-16 11:34:00,309485,104415,10000,0,200
T1004,M2004,ACCT100025,DST300085,2026-01-16 12:38:00,311981,104794,400000,0,200
T1004,M2009,ACCT100025,DST300124,2026-01-16 14:44:00,287991,104888,400000,0,200
T1004,M2002,ACCT100025,DST300030,2026-01-16 15:59:00,299563,104955,400000,0,200
T1007,M2013,ACCT100026,DST300133,2026-01-05 01:05:00,215444,100155,10000,0,200
T1007,M2005,ACCT100026,DST300028,2026-01-05 02:55:00,199659,100255,400000,0,200
T1007,M2008,ACCT100026,DST300089,2026-01-05 02:58:00,185245,100307,10000,0,200
T1018,M2018,ACCT100026,DST300024,2026-01-05 03:00:00,218160,100449,10000,0,200
T1007,M2008,ACCT100026,DST300021,2026-01-05 05:56:00,230312,100015,400000,0,200
T1018,M2010,ACCT100026,DST300093,2026-01-05 06:53:00,198649,100919,10000,0,200
T1018,M2001,ACCT100026,DST300047,2026-01-05 08:36:00,211182,101056,10000,0,200
T1018,M2017,ACCT100026,DST300050,2026-01-05 10:01:00,214474,101203,400000,0,200
T1018,M2006,ACCT100026,DST300128,2026-01-05 13:12:00,224732,101432,400000,0,200
T1018,M2018,ACCT100026,DST300155,2026-01-05 13:43:00,224261,101620,400000,0,200
T1018,M2019,ACCT100026,DST300188,2026-01-05 13:46:00,197902,101982,400000,0,200
T1018,M2005,ACCT100026,DST300119,2026-01-05 17:23:00,177021,102157,400000,0,200
T1018,M2001,ACCT100026,DST300010,2026-01-05 20:31:00,214250,102181,400000,0,200
T1018,M2010,ACCT100026,DST300172,2026-01-05 22:43:00,154645,102199,400000,0,200
T1018,M2011,ACCT100026,DST300079,2026-01-06 00:23:00,214696,103203,10000,0,200
T1018,M2013,ACCT100026,DST300055,2026-01-06 01:55:00,249206,103366,10000,0,200
T1018,M2007,ACCT100026,DST300153,2026-01-06 02:25:00,183341,104070,400000,0,200
T1018,M2011,ACCT100026,DST300084,2026-01-06 03:33:00,197291,104686,10000,0,200
T1020,M2005,ACCT100027,DST300150,2026-01-19 03:06:00,240627,103311,10000,0,200
T1020,M2008,ACCT100027,DST300012,2026-01-19 03:07:00,218281,100713,10000,0,200
T1020,M2019,ACCT100027,DST300088,2026-01-19 03:24:00,238674,100395,10000,0,200
T1020,M2014,ACCT100027,DST300123,2026-01-19 04:11:00,250656,100819,10000,68,200
T1020,M2001,ACCT100027,DST300161,2026-01-19 04:38:00,204345,100463,400000,0,200
T1020,M2013,ACCT100027,DST300008,2026-01-19 05:07:00,231981,100939,10000,0,200
T1020,M2015,ACCT100027,DST300017,2026-01-19 05:09:00,226736,103630,400000,0,200
T1020,M2015,ACCT100027,DST300069,2026-01-19 07:24:00,215942,102007,10000,0,200
T1020,M2002,ACCT100027,DST300080,2026-01-19 08:02:00,230473,102492,400000,0,200
T1020,M2011,ACCT100027,DST300059,2026-01-19 08:36:00,207353,103678,10000,0,200
T1020,M2018,ACCT100027,DST300124,2026-01-19 09:07:00,237334,102695,400000,0,200
T1020,M2013,ACCT100027,DST300076,2026-01-19 10:54:00,233560,102834,10000,68,200
T1020,M2005,ACCT100027,DST300027,2026-01-19 10:57:00,242044,103266,400000,0,200
T1020,M2005,ACCT100027,DST300074,2026-01-19 12:16:00,239839,104183,400000,0,200
T1020,M2007,ACCT100027,DST300115,2026-01-19 14:30:00,238319,104493,10000,0,200
T1020,M2014,ACCT100027,DST300004,2026-01-19 15:11:00,244761,104716,10000,0,200
T1008,M2018,ACCT100028,DST300114,2026-01-18 02:12:00,104606,100159,10000,0,200
T1008,M2001,ACCT100028,DST300155,2026-01-18 03:22:00,118769,100244,400000,0,200
T1008,M2018,ACCT100028,DST300070,2026-01-18 06:11:00,124286,100970,400000,0,200
T1008,M2011,ACCT100028,DST300022,2026-01-18 08:58:00,133526,101077,400000,0,200
T1008,M2004,ACCT100028,DST300151,2026-01-18 09:20:00,147470,101580,10000,51,200
T1008,M2017,ACCT100028,DST300075,2026-01-18 12:16:00,159099,101662,400000,0,200
T1008,M2015,ACCT100028,DST300098,2026-01-18 13:41:00,122101,102336,400000,0,200
T1008,M2011,ACCT100028,DST300144,2026-01-18 16:42:00,96787,102386,10000,0,200
T1008,M2003,ACCT100028,DST300079,2026-01-18 18:00:00,109620,102489,400000,0,200
T1008,M2002,ACCT100028,DST300071,2026-01-18 21:58:00,107299,103124,10000,0,200
T1008,M2001,ACCT100028,DST300111,2026-01-18 22:03:00,151101,104271,10000,0,200
T1008,M2017,ACCT100028,DST300045,2026-01-19 01:20:00,149378,104762,400000,0,200
T1008,M2012,ACCT100028,DST300168,2026-01-19 05:13:00,162684,104922,400000,0,200
T1013,M2014,ACCT100029,DST300022,2026-01-14 01:12:00,33897,100086,400000,68,200
T1013,M2017,ACCT100029,DST300148,2026-01-14 03:26:00,37353,100393,400000,0,200
T1013,M2014,ACCT100029,DST300196,2026-01-14 04:17:00,55991,100972,400000,0,200
T1013,M2006,ACCT100029,DST300011,2026-01-14 07:30:00,42250,101054,400000,0,200
T1013,M2013,ACCT100029,DST300079,2026-01-14 11:04:00,80807,101284,10000,0,200
T1013,M2012,ACCT100029,DST300057,2026-01-14 12:28:00,21194,101586,400000,0,200
T1013,M2011,ACCT100029,DST300100,2026-01-14 13:58:00,59052,101709,400000,0,200
T1013,M2015,ACCT100029,DST300109,2026-01-14 14:03:00,61047,102706,10000,0,200
T1013,M2017,ACCT100029,DST300196,2026-01-14 15:49:00,54704,103163,400000,68,200
T1013,M2005,ACCT100029,DST300010,2026-01-14 16:54:00,81894,103567,400000,0,200
T1013,M2019,ACCT100029,DST300172,2026-01-14 20:23:00,46781,104046,400000,0,200
T1013,M2008,ACCT100029,DST300145,2026-01-14 20:34:00,56680,104075,10000,0,200
T1013,M2015,ACCT100029,DST300188,2026-01-14 23:39:00,103528,104518,400000,0,200
T1013,M2014,ACCT100029,DST300107,2026-01-15 04:29:00,103327,104653,10000,0,200
T1011,M2004,ACCT100030,DST300104,2026-01-10 03:35:00,198922,100005,400000,0,200
T1011,M2010,ACCT100030,DST300165,2026-01-10 03:36:00,171207,101514,400000,0,200
T1011,M2002,ACCT100030,DST300081,2026-01-10 04:14:00,146212,101644,10000,0,200
T1011,M2014,ACCT100030,DST300135,2026-01-10 04:22:00,185294,101714,10000,0,200
T1011,M2016,ACCT100030,DST300049,2026-01-10 04:25:00,193502,102515,400000,0,200
T1011,M2008,ACCT100030,DST300181,2026-01-10 05:57:00,225740,102808,400000,0,200
T1011,M2004,ACCT100030,DST300142,2026-01-10 06:21:00,148653,103001,400000,51,200
T1011,M2012,ACCT100030,DST300037,2026-01-10 09:17:00,179327,103616,10000,0,200
T1011,M2011,ACCT100030,DST999999,2026-01-10 09:19:00,172622,104073,400000,0,200
T1011,M2007,ACCT100030,DST999999,2026-01-10 09:21:00,184490,104074,400000,0,200
T1026,M2009,ACCT100031,DST300089,2026-01-02 12:19:00,247123,100073,400000,0,200
T1026,M2006,ACCT100031,DST300114,2026-01-02 14:24:00,249405,100185,400000,0,200
T1026,M2019,ACCT100031,DST300175,2026-01-02 17:16:00,236858,100231,10000,0,200
T1026,M2008,ACCT100031,DST300173,2026-01-02 18:18:00,239162,100293,400000,0,200
T1026,M2003,ACCT100031,DST300031,2026-01-02 20:58:00,213141,100495,10000,0,200
T1026,M2014,ACCT100031,DST300030,2026-01-02 21:28:00,214635,100917,10000,0,200
T1026,M2005,ACCT100031,DST300166,2026-01-02 23:07:00,212462,101101,400000,0,200
T1026,M2018,ACCT100031,DST300017,2026-01-03 01:29:00,192771,103194,400000,0,200
T1026,M2013,ACCT100031,DST300100,2026-01-03 02:07:00,220159,101306,10000,0,200
T1026,M2010,ACCT100031,DST300157,2026-01-03 04:53:00,213547,103334,10000,0,200
T1026,M2002,ACCT100031,DST300121,2026-01-03 04:55:00,248132,101660,400000,0,200
T1026,M2002,ACCT100031,DST300136,2026-01-03 06:54:00,229313,101814,400000,51,200
T1026,M2002,ACCT100031,DST300019,2026-01-03 08:37:00,204478,103425,10000,0,200
T1026,M2018,ACCT100031,DST300079,2026-01-03 08:44:00,224583,103562,10000,0,200
T1026,M2005,ACCT100031,DST300068,2026-01-03 08:58:00,249070,102038,10000,0,200
T1026,M2018,ACCT100031,DST300091,2026-01-03 09:50:00,215098,104754,10000,0,200
T1026,M2005,ACCT100031,DST300117,2026-01-03 12:20:00,237842,102100,400000,0,200
T1026,M2012,ACCT100031,DST300060,2026-01-03 14:52:00,204729,102238,400000,0,200
T1026,M2017,ACCT100031,DST300120,2026-01-03 17:13:00,247404,103008,400000,0,200
T1013,M2005,ACCT100032,DST300095,2026-01-17 01:58:00,170561,100770,10000,0,200
T1013,M2017,ACCT100032,DST300196,2026-01-17 02:16:00,111773,103620,10000,0,200
T1013,M2014,ACCT100032,DST300168,2026-01-17 03:08:00,113985,100872,400000,0,200
T1013,M2007,ACCT100032,DST300113,2026-01-17 03:22:00,118897,103621,400000,0,200
T1013,M2009,ACCT100032,DST300163,2026-01-17 03:44:00,114118,101063,400000,0,200
T1013,M2013,ACCT100032,DST300099,2026-01-17 03:57:00,111396,103767,400000,68,200
T1013,M2012,ACCT100032,DST300096,2026-01-17 04:17:00,126153,100152,400000,0,200
T1013,M2000,ACCT100032,DST300021,2026-01-17 04:46:00,89573,104330,400000,0,200
T1013,M2003,ACCT100032,DST300097,2026-01-17 06:13:00,77509,101265,400000,0,200
T1013,M2000,ACCT100032,DST300146,2026-01-17 06:26:00,84341,101350,10000,0,200
T1013,M2003,ACCT100032,DST300148,2026-01-17 06:35:00,77814,100220,10000,0,200
T1013,M2004,ACCT100032,DST300072,2026-01-17 07:02:00,105900,101733,10000,0,200
T1013,M2001,ACCT100032,DST300037,2026-01-17 07:24:00,114966,104490,400000,0,200
T1013,M2004,ACCT100032,DST300149,2026-01-17 08:27:00,84811,102635,400000,0,200
T1013,M2001,ACCT100032,DST300051,2026-01-17 09:36:00,95421,100746,10000,0,200
T1013,M2018,ACCT100032,DST300098,2026-01-17 10:55:00,113113,102965,10000,0,200
T1013,M2005,ACCT100032,DST300052,2026-01-17 13:17:00,125988,103276,400000,0,200
T1012,M2009,ACCT100033,DST300030,2026-01-02 14:12:00,208033,100124,400000,0,200
T1012,M2004,ACCT100033,DST300075,2026-01-02 17:12:00,227526,100481,400000,0,200
T1012,M2017,ACCT100033,DST300169,2026-01-02 18:32:00,234564,100645,400000,0,200
T1012,M2014,ACCT100033,DST300164,2026-01-02 19:34:00,233543,101083,400000,0,200
T1012,M2006,ACCT100033,DST300189,2026-01-02 22:44:00,233349,101209,10000,0,200
T1012,M2018,ACCT100033,DST300070,2026-01-03 02:00:00,182480,101867,10000,0,200
T1012,M2019,ACCT100033,DST300095,2026-01-03 03:30:00,191368,101896,10000,0,200
T1012,M2008,ACCT100033,DST300079,2026-01-03 04:36:00,233782,102118,400000,0,200
T1012,M2001,ACCT100033,DST300177,2026-01-03 05:15:00,188542,102737,400000,0,200
T1012,M2012,ACCT100033,DST300185,2026-01-03 08:32:00,275899,103780,10000,0,200
T1012,M2000,ACCT100033,DST300170,2026-01-03 08:44:00,206993,104443,400000,0,200
T1012,M2016,ACCT100033,DST300157,2026-01-03 11:53:00,229606,104820,10000,0,200
T1012,M2018,ACCT100033,DST300191,2026-01-03 12:49:00,194616,104917,10000,0,200
T1000,M2009,ACCT100034,DST300198,2026-01-08 04:09:00,98746,100174,10000,0,200
T1000,M2001,ACCT100034,DST300048,2026-01-08 05:03:00,92338,100860,10000,0,200
T1000,M2003,ACCT100034,DST300018,2026-01-08 06:59:00,72488,101568,400000,0,200
T1000,M2015,ACCT100034,DST300054,2026-01-08 10:44:00,83477,101729,400000,0,200
T1000,M2001,ACCT100034,DST300120,2026-01-08 14:15:00,67784,102712,400000,0,200
T1000,M2004,ACCT100034,DST300064,2026-01-08 15:32:00,130946,102821,400000,0,200
T1000,M2003,ACCT100034,DST300175,2026-01-08 15:33:00,109805,102971,400000,68,200
T1000,M2008,ACCT100034,DST300164,2026-01-08 16:12:00,97259,103161,10000,51,200
T1000,M2000,ACCT100034,DST300086,2026-01-08 17:55:00,78948,103312,400000,68,200
T1000,M2018,ACCT100034,DST300048,2026-01-08 18:00:00,92150,103903,10000,0,200
T1000,M2003,ACCT100034,DST300174,2026-01-08 19:57:00,92179,104042,10000,0,200
T1000,M2012,ACCT100034,DST300184,2026-01-08 23:43:00,84817,104366,400000,0,200
T1000,M2017,ACCT100034,DST300059,2026-01-09 02:27:00,74013,104476,10000,68,200
T1000,M2002,ACCT100034,DST300056,2026-01-09 03:08:00,111571,104781,400000,0,200
T1000,M2009,ACCT100034,DST300144,2026-01-09 03:09:00,65376,104576,10000,0,200
T1026,M2000,ACCT100035,DST300198,2026-01-13 01:47:00,138258,102015,400000,0,200
T1026,M2004,ACCT100035,DST300058,2026-01-13 02:18:00,114281,102101,400000,0,200
T1026,M2015,ACCT100035,DST300178,2026-01-13 02:39:00,150344,102277,10000,0,200
T1026,M2006,ACCT100035,DST300195,2026-01-13 02:46:00,144007,100326,400000,0,200
T1026,M2013,ACCT100035,DST300179,2026-01-13 03:12:00,105886,100575,10000,0,200
T1026,M2007,ACCT100035,DST300192,2026-01-13 06:02:00,187522,103341,10000,0,200
T1026,M2013,ACCT100035,DST300199,2026-01-13 06:10:00,126400,104128,400000,0,200
T1026,M2012,ACCT100035,DST300192,2026-01-13 06:11:00,134234,104381,300000,55,200
T1026,M2004,ACCT100035,DST300010,2026-01-13 06:12:00,135493,104382,300000,55,200
T1026,M2002,ACCT100035,DST999999,2026-01-13 06:14:00,155952,104678,400000,0,200
T1026,M2004,ACCT100035,DST300109,2026-01-13 06:16:00,130156,101754,400000,0,200
T1026,M2004,ACCT100035,DST999999,2026-01-13 06:16:00,149730,104679,400000,0,200
T1026,M2016,ACCT100035,DST300160,2026-01-13 06:17:00,163849,101897,400000,0,200
T1026,M2008,ACCT100035,DST999999,2026-01-13 06:18:00,176001,104680,400000,0,200
T1008,M2010,ACCT100036,DST300064,2026-01-01 17:59:00,99833,100333,10000,0,200
T1008,M2004,ACCT100036,DST300182,2026-01-01 20:59:00,118635,100579,400000,0,200
T1008,M2017,ACCT100036,DST300032,2026-01-01 21:22:00,94379,100760,10000,0,200
T1008,M2004,ACCT100036,DST300163,2026-01-01 22:29:00,127270,100834,10000,0,200
T1008,M2016,ACCT100036,DST300005,2026-01-01 22:32:00,125844,101019,400000,68,200
T1008,M2007,ACCT100036,DST300155,2026-01-02 00:48:00,155649,101651,400000,0,200
T1008,M2003,ACCT100036,DST300159,2026-01-02 02:57:00,87440,101757,10000,0,200
T1008,M2015,ACCT100036,DST300130,2026-01-02 03:03:00,113916,102171,400000,0,200
T1008,M2016,ACCT100036,DST300129,2026-01-02 03:27:00,136639,102172,10000,0,200
T1008,M2006,ACCT100036,DST300050,2026-01-02 03:28:00,120411,102237,10000,0,200
T1008,M2019,ACCT100036,DST300003,2026-01-02 03:43:00,110751,102807,400000,0,200
T1008,M2017,ACCT100036,DST300081,2026-01-02 06:45:00,121397,102833,400000,0,200
T1008,M2017,ACCT100036,DST300041,2026-01-02 08:39:00,115359,103415,10000,0,200
T1008,M2017,ACCT100036,DST300178,2026-01-02 11:39:00,112977,103993,400000,0,200
T1008,M2014,ACCT100036,DST300002,2026-01-02 12:36:00,144053,104406,10000,0,200
T1006,M2006,ACCT100037,DST300140,2026-01-08 23:43:00,188778,100196,10000,0,200
T1006,M2010,ACCT100037,DST300139,2026-01-09 01:02:00,182492,104207,10000,0,200
T1006,M2009,ACCT100037,DST300039,2026-01-09 02:11:00,130372,104409,400000,0,200
T1006,M2004,ACCT100037,DST300079,2026-01-09 02:12:00,154641,104783,10000,0,200
T1006,M2001,ACCT100037,DST300074,2026-01-09 02:17:00,140286,100375,10000,0,200
T1006,M2017,ACCT100037,DST300175,2026-01-09 03:06:00,196931,102503,400000,0,200
T1006,M2001,ACCT100037,DST300175,2026-01-09 03:20:00,170923,104857,10000,0,200
T1006,M2004,ACCT100037,DST300172,2026-01-09 04:24:00,165169,100618,400000,0,200
T1006,M2005,ACCT100037,DST300167,2026-01-09 04:38:00,151141,100924,400000,0,200
T1006,M2000,ACCT100037,DST300193,2026-01-09 06:12:00,141000,100806,10000,0,200
T1006,M2012,ACCT100037,DST300087,2026-01-09 06:50:00,151631,103636,400000,0,200
T1006,M2002,ACCT100037,DST300111,2026-01-09 06:53:00,185465,103953,10000,0,200
T1006,M2019,ACCT100037,DST300052,2026-01-09 07:47:00,211616,101016,400000,0,200
T1006,M2006,ACCT100037,DST300145,2026-01-09 07:50:00,181790,103969,10000,0,200
T1006,M2002,ACCT100037,DST300147,2026-01-09 08:40:00,199209,100856,400000,0,200
T1006,M2002,ACCT100037,DST300145,2026-01-09 09:46:00,201213,101273,400000,0,200
T1006,M2017,ACCT100037,DST300108,2026-01-09 10:28:00,215517,101448,400000,0,200
T1006,M2018,ACCT100037,DST300023,2026-01-09 10:29:00,181512,101798,10000,0,200
T1008,M2004,ACCT100038,DST300174,2026-01-02 10:03:00,107245,100328,10000,68,200
T1008,M2001,ACCT100038,DST999999,2026-01-02 10:05:00,67218,100549,400000,0,200
T1008,M2003,ACCT100038,DST999999,2026-01-02 10:07:00,152899,100550,400000,0,200
T1008,M2013,ACCT100038,DST300180,2026-01-02 12:36:00,77728,100903,10000,0,200
T1008,M2007,ACCT100038,DST300090,2026-01-02 16:12:00,104406,101378,400000,0,200
T1008,M2016,ACCT100038,DST300037,2026-01-02 18:14:00,98995,101614,400000,0,200
T1008,M2003,ACCT100038,DST300137,2026-01-02 18:17:00,64721,102869,400000,0,200
T1008,M2008,ACCT100038,DST300089,2026-01-02 18:52:00,105172,103251,400000,0,200
T1008,M2002,ACCT100038,DST300002,2026-01-02 21:58:00,114321,103351,400000,0,200
T1008,M2010,ACCT100038,DST300019,2026-01-02 23:31:00,103010,103397,10000,0,200
T1008,M2019,ACCT100038,DST300181,2026-01-03 01:28:00,127541,103741,10000,0,200
T1008,M2008,ACCT100038,DST300185,2026-01-03 02:19:00,73176,104055,400000,0,200
T1008,M2012,ACCT100038,DST300105,2026-01-03 03:29:00,86756,103543,400000,0,200
T1008,M2018,ACCT100038,DST300155,2026-01-03 05:21:00,72916,104357,10000,0,200
T1008,M2009,ACCT100038,DST300186,2026-01-03 06:46:00,123256,104755,400000,0,200
T1007,M2012,ACCT100039,DST999999,2026-01-16 12:57:00,196050,100522,400000,0,200
T1007,M2000,ACCT100039,DST999999,2026-01-16 12:59:00,204905,100523,400000,0,200
T1007,M2018,ACCT100039,DST999999,2026-01-16 13:01:00,166349,100524,400000,0,200
T1007,M2004,ACCT100039,DST300134,2026-01-16 14:15:00,205321,101170,400000,0,200
T1007,M2015,ACCT100039,DST300142,2026-01-16 14:17:00,212943,101230,400000,0,200
T1007,M2004,ACCT100039,DST999999,2026-01-16 14:19:00,130141,101320,400000,0,200
T1007,M2002,ACCT100039,DST999999,2026-01-16 14:21:00,222568,101321,400000,0,200
T1007,M2008,ACCT100039,DST300010,2026-01-16 17:52:00,198626,101735,400000,0,200
T1007,M2000,ACCT100039,DST300028,2026-01-16 21:32:00,150794,101908,10000,0,200
T1007,M2010,ACCT100039,DST300020,2026-01-16 22:08:00,185773,101937,10000,0,200
T1007,M2018,ACCT100039,DST300003,2026-01-16 22:56:00,182606,102081,400000,0,200
T1007,M2014,ACCT100039,DST300110,2026-01-17 02:17:00,150085,103386,400000,0,200
T1007,M2015,ACCT100039,DST300109,2026-01-17 03:31:00,195330,102778,400000,0,200
T1007,M2012,ACCT100039,DST300032,2026-01-17 05:52:00,185628,102846,400000,68,200
T1007,M2000,ACCT100039,DST300194,2026-01-17 06:09:00,189592,104465,10000,0,200
T1007,M2017,ACCT100039,DST300100,2026-01-17 06:10:00,178483,104771,400000,0,200
T1007,M2000,ACCT100039,DST300019,2026-01-17 09:31:00,189352,102991,400000,0,200
T1007,M2013,ACCT100039,DST300016,2026-01-17 11:17:00,167513,103034,400000,0,200
T1024,M2011,ACCT100040,DST300124,2026-01-03 00:52:00,228910,100703,10000,0,200
T1024,M2016,ACCT100040,DST300023,2026-01-03 01:21:00,446817,103629,10000,0,200
T1024,M2002,ACCT100040,DST300094,2026-01-03 01:52:00,239981,103719,400000,0,200
T1024,M2004,ACCT100040,DST300087,2026-01-03 01:55:00,264001,103518,10000,0,200
T1024,M2019,ACCT100040,DST300061,2026-01-03 02:01:00,241100,100876,10000,0,200
T1024,M2007,ACCT100040,DST300131,2026-01-03 02:57:00,234699,103623,400000,0,200
T1024,M2015,ACCT100040,DST300020,2026-01-03 04:24:00,236989,101075,400000,0,200
T1024,M2009,ACCT100040,DST300121,2026-01-03 05:29:00,242364,103904,10000,0,200
T1024,M2008,ACCT100040,DST300047,2026-01-03 07:28:00,195152,101920,10000,0,200
T1024,M2010,ACCT100040,DST300055,2026-01-03 07:32:00,221865,104096,10000,0,200
T1024,M2009,ACCT100040,DST300127,2026-01-03 09:32:00,235599,104286,400000,0,200
T1020,M2019,ACCT100041,DST300055,2026-01-04 01:16:00,157955,104280,400000,0,200
T1020,M2015,ACCT100041,DST300165,2026-01-04 01:17:00,154764,104659,400000,0,200
T1020,M2018,ACCT100041,DST300187,2026-01-04 13:35:00,164298,100689,10000,0,200
T1020,M2012,ACCT100041,DST300060,2026-01-04 14:45:00,169724,102116,10000,0,200
T1020,M2007,ACCT100041,DST300190,2026-01-04 15:41:00,187971,102333,400000,51,200
T1020,M2009,ACCT100041,DST300088,2026-01-04 16:06:00,200307,102745,400000,0,200
T1020,M2008,ACCT100041,DST300182,2026-01-04 16:41:00,143697,103704,10000,0,200
T1020,M2010,ACCT100041,DST300104,2026-01-04 17:24:00,141003,104210,10000,0,200
T1013,M2013,ACCT100042,DST300179,2026-01-17 02:34:00,438475,102479,10000,0,200
T1013,M2012,ACCT100042,DST300007,2026-01-17 04:43:00,222049,100546,10000,0,200
T1013,M2005,ACCT100042,DST300026,2026-01-17 04:53:00,211910,100640,10000,0,200
T1013,M2000,ACCT100042,DST300169,2026-01-17 05:31:00,219211,103103,10000,0,200
T1013,M2006,ACCT100042,DST300116,2026-01-17 06:46:00,202602,100743,400000,0,200
T1013,M2011,ACCT100042,DST300018,2026-01-17 06:49:00,197548,101368,10000,0,200
T1013,M2000,ACCT100042,DST300112,2026-01-17 07:55:00,234573,100228,400000,0,200
T1013,M2005,ACCT100042,DST300107,2026-01-17 09:09:00,214272,103278,400000,0,200
T1013,M2006,ACCT100042,DST300190,2026-01-17 09:10:00,215009,101392,10000,0,200
T1013,M2006,ACCT100042,DST300101,2026-01-17 09:17:00,211158,103484,400000,0,200
T1013,M2014,ACCT100042,DST300051,2026-01-17 10:12:00,208118,103542,400000,0,200
T1013,M2016,ACCT100042,DST300180,2026-01-17 13:09:00,256337,101772,10000,0,200
T1013,M2014,ACCT100042,DST300004,2026-01-17 14:00:00,226797,103544,400000,0,200
T1013,M2002,ACCT100042,DST300098,2026-01-17 14:59:00,234336,101901,10000,0,200
T1013,M2011,ACCT100042,DST300004,2026-01-17 17:13:00,248659,103838,400000,0,200
T1013,M2016,ACCT100042,DST300064,2026-01-17 17:35:00,200348,103997,10000,0,200
T1013,M2009,ACCT100042,DST300172,2026-01-17 18:59:00,230225,102016,400000,0,200
T1013,M2001,ACCT100042,DST300073,2026-01-17 19:53:00,228414,104563,400000,0,200
T1013,M2000,ACCT100042,DST300094,2026-01-17 20:56:00,225641,102446,10000,0,200
T1013,M2004,ACCT100042,DST300150,2026-01-17 23:03:00,242259,104687,400000,0,200
T1003,M2012,ACCT100043,DST300191,2026-01-06 01:26:00,260783,100722,10000,0,200
T1003,M2015,ACCT100043,DST300020,2026-01-06 03:31:00,239277,100967,400000,0,200
T1003,M2006,ACCT100043,DST300008,2026-01-06 03:48:00,273663,101111,10000,0,200
T1003,M2001,ACCT100043,DST300134,2026-01-06 06:04:00,267534,101149,10000,0,200
T1003,M2010,ACCT100043,DST300052,2026-01-06 09:40:00,265851,101616,10000,0,200
T1003,M2010,ACCT100043,DST300153,2026-01-06 09:41:00,198777,101758,300000,55,200
T1003,M2001,ACCT100043,DST300181,2026-01-06 09:42:00,295420,101759,300000,55,200
T1003,M2016,ACCT100043,DST300150,2026-01-06 12:03:00,256730,101809,400000,0,200
T1003,M2000,ACCT100043,DST300036,2026-01-06 15:08:00,246394,102246,400000,0,200
T1003,M2001,ACCT100043,DST300111,2026-01-06 15:14:00,284366,100280,10000,0,200
T1003,M2017,ACCT100043,DST300089,2026-01-06 15:17:00,282444,100597,400000,0,200
T1003,M2009,ACCT100043,DST300022,2026-01-06 18:17:00,227466,102955,10000,0,200
T1003,M2016,ACCT100043,DST300139,2026-01-06 20:45:00,295456,103399,10000,0,200
T1003,M2008,ACCT100043,DST300085,2026-01-06 20:46:00,278807,103986,300000,55,200
T1003,M2003,ACCT100043,DST300070,2026-01-06 20:47:00,263649,103987,300000,55,200
T1003,M2015,ACCT100043,DST300118,2026-01-06 21:23:00,250058,104127,400000,0,200
T1003,M2000,ACCT100043,DST300064,2026-01-06 22:16:00,278700,104316,10000,0,200
T1003,M2010,ACCT100043,DST300034,2026-01-06 23:33:00,258145,104401,400000,0,200
T1003,M2016,ACCT100043,DST300172,2026-01-06 23:55:00,273469,104519,10000,0,200
T1003,M2010,ACCT100043,DST300026,2026-01-06 23:56:00,256296,104595,400000,0,200
T1010,M2004,ACCT100044,DST300036,2026-01-19 01:36:00,129436,104860,400000,0,200
T1010,M2019,ACCT100044,DST300003,2026-01-19 03:39:00,82065,101425,400000,0,200
T1010,M2010,ACCT100044,DST300013,2026-01-19 04:53:00,95478,101606,10000,0,200
T1010,M2018,ACCT100044,DST300150,2026-01-19 04:58:00,132799,104539,10000,0,200
T1010,M2017,ACCT100044,DST300188,2026-01-19 05:23:00,104498,101844,10000,0,200
T1010,M2000,ACCT100044,DST300158,2026-01-19 08:46:00,66227,102529,400000,0,200
T1010,M2011,ACCT100044,DST300131,2026-01-19 10:45:00,89779,102879,10000,0,200
T1010,M2019,ACCT100044,DST300138,2026-01-19 11:39:00,67922,102884,10000,0,200
T1010,M2019,ACCT100044,DST300058,2026-01-19 14:44:00,110164,103222,10000,0,200
T1010,M2001,ACCT100044,DST300010,2026-01-19 15:01:00,94938,103243,10000,0,200
T1010,M2010,ACCT100044,DST300025,2026-01-19 17:32:00,99442,103384,10000,0,200
T1010,M2000,ACCT100044,DST300107,2026-01-19 18:40:00,80239,103541,400000,0,200
T1010,M2002,ACCT100044,DST300101,2026-01-19 19:04:00,78376,101102,10000,0,200
T1010,M2005,ACCT100044,DST300197,2026-01-19 20:16:00,59318,103922,400000,0,200
T1010,M2009,ACCT100044,DST999999,2026-01-19 20:18:00,103686,104278,400000,0,200
T1010,M2008,ACCT100044,DST999999,2026-01-19 20:20:00,80849,104279,400000,0,200
T1010,M2001,ACCT100044,DST300095,2026-01-19 21:34:00,67507,101255,10000,0,200
T1000,M2012,ACCT100045,DST300173,2026-01-17 09:08:00,237071,100508,10000,0,200
T1000,M2014,ACCT100045,DST300188,2026-01-17 10:53:00,216151,100587,400000,0,200
T1000,M2002,ACCT100045,DST300195,2026-01-17 14:28:00,247403,100598,400000,0,200
T1000,M2011,ACCT100045,DST300183,2026-01-17 16:42:00,216243,101469,400000,0,200
T1000,M2016,ACCT100045,DST300100,2026-01-17 18:37:00,203995,101981,10000,0,200
T1000,M2004,ACCT100045,DST300046,2026-01-17 20:35:00,215125,102415,10000,0,200
T1000,M2004,ACCT100045,DST300111,2026-01-17 22:57:00,232108,102896,10000,0,200
T1000,M2006,ACCT100045,DST300058,2026-01-18 02:39:00,205218,103065,400000,0,200
T1000,M2011,ACCT100045,DST300117,2026-01-18 04:10:00,202979,103313,10000,0,200
T1000,M2002,ACCT100045,DST300036,2026-01-18 06:12:00,179857,103477,400000,0,200
T1000,M2003,ACCT100045,DST300161,2026-01-18 08:51:00,239890,104260,10000,0,200
T1000,M2013,ACCT100045,DST300195,2026-01-18 10:59:00,203055,104872,10000,0,200
T1019,M2003,ACCT100046,DST300000,2026-01-20 15:45:00,200822,100120,400000,0,200
T1019,M2013,ACCT100046,DST300070,2026-01-20 19:30:00,223040,100233,400000,0,200
T1019,M2003,ACCT100046,DST300148,2026-01-20 21:02:00,175248,100346,400000,0,200
T1019,M2004,ACCT100046,DST300115,2026-01-20 22:08:00,189016,100551,10000,0,200
T1019,M2011,ACCT100046,DST300193,2026-01-21 02:03:00,162555,100596,400000,0,200
T1019,M2018,ACCT100046,DST300100,2026-01-21 02:42:00,181412,101253,400000,0,200
T1019,M2016,ACCT100046,DST300096,2026-01-21 03:21:00,187889,101325,400000,0,200
T1019,M2009,ACCT100046,DST300010,2026-01-21 04:40:00,197841,100641,10000,0,200
T1019,M2004,ACCT100046,DST300154,2026-01-21 06:30:00,184421,101384,10000,0,200
T1019,M2017,ACCT100046,DST300119,2026-01-21 08:12:00,180191,101625,400000,0,200
T1019,M2007,ACCT100046,DST300183,2026-01-21 09:15:00,190674,101952,400000,51,200
T1019,M2013,ACCT100046,DST300063,2026-01-21 11:05:00,201890,102516,10000,0,200
T1019,M2011,ACCT100046,DST300145,2026-01-21 12:28:00,208515,103154,400000,0,200
T1019,M2016,ACCT100046,DST300073,2026-01-21 14:30:00,184863,103839,10000,0,200
T1019,M2010,ACCT100046,DST300109,2026-01-21 18:14:00,193547,104009,10000,0,200
T1019,M2015,ACCT100046,DST300082,2026-01-21 21:59:00,178409,104115,400000,0,200
T1019,M2004,ACCT100046,DST300021,2026-01-21 22:55:00,133627,104283,400000,0,200
T1019,M2018,ACCT100046,DST300140,2026-01-21 23:53:00,177216,104411,400000,0,200
T1016,M2008,ACCT100047,DST300063,2026-01-14 02:29:00,486103,103250,10000,0,200
T1016,M2007,ACCT100047,DST300151,2026-01-14 02:42:00,315836,100243,10000,0,200
T1016,M2015,ACCT100047,DST300118,2026-01-14 03:40:00,307446,103264,400000,0,200
T1016,M2011,ACCT100047,DST300197,2026-01-14 04:02:00,308242,102396,400000,0,200
T1016,M2013,ACCT100047,DST300171,2026-01-14 05:09:00,313076,100530,400000,51,200
T1016,M2014,ACCT100047,DST300074,2026-01-14 06:04:00,322176,103449,400000,0,200
T1016,M2005,ACCT100047,DST300096,2026-01-14 07:14:00,338811,100543,10000,51,200
T1016,M2017,ACCT100047,DST300032,2026-01-14 07:20:00,311521,102673,10000,0,200
T1016,M2009,ACCT100047,DST300197,2026-01-14 08:06:00,326621,100591,400000,0,200
T1016,M2017,ACCT100047,DST300197,2026-01-14 09:29:00,310493,101062,10000,0,200
T1016,M2016,ACCT100047,DST300016,2026-01-14 09:43:00,277825,103481,10000,0,200
T1016,M2009,ACCT100047,DST300106,2026-01-14 10:46:00,333788,104693,400000,0,200
T1016,M2002,ACCT100047,DST300192,2026-01-14 11:01:00,318572,102700,400000,0,200
T1016,M2008,ACCT100047,DST300048,2026-01-14 11:06:00,310018,101868,400000,0,200
T1016,M2012,ACCT100047,DST300106,2026-01-14 12:35:00,322112,100014,10000,0,200
T1016,M2009,ACCT100047,DST300194,2026-01-14 12:41:00,307047,102167,10000,0,200
T1016,M2003,ACCT100047,DST300138,2026-01-14 15:25:00,261092,102227,10000,0,200
T1009,M2002,ACCT100048,DST300122,2026-01-05 08:42:00,115641,100348,400000,0,200
T1009,M2017,ACCT100048,DST300001,2026-01-05 10:42:00,101683,101120,400000,0,200
T1009,M2009,ACCT100048,DST300128,2026-01-05 14:01:00,174165,101150,400000,0,200
T1009,M2007,ACCT100048,DST300074,2026-01-05 14:02:00,190116,101238,400000,0,200
T1009,M2002,ACCT100048,DST300157,2026-01-05 15:46:00,145848,101423,10000,0,200
T1009,M2011,ACCT100048,DST300032,2026-01-05 19:12:00,119423,101502,10000,0,200
T1009,M2018,ACCT100048,DST300120,2026-01-05 21:48:00,196758,101636,10000,0,200
T1009,M2018,ACCT100048,DST300187,2026-01-05 23:03:00,150625,101855,400000,0,200
T1009,M2007,ACCT100048,DST300145,2026-01-05 23:52:00,148533,102183,10000,68,200
T1009,M2010,ACCT100048,DST300094,2026-01-06 01:09:00,163046,102332,10000,0,200
T1009,M2004,ACCT100048,DST300067,2026-01-06 04:14:00,164239,102863,10000,0,200
T1009,M2006,ACCT100048,DST300127,2026-01-06 08:02:00,156560,103353,10000,0,200
T1009,M2000,ACCT100048,DST300028,2026-01-06 09:55:00,144399,104301,10000,0,200
T1009,M2019,ACCT100048,DST300165,2026-01-06 09:58:00,143401,104413,400000,0,200
T1009,M2008,ACCT100048,DST300090,2026-01-06 11:06:00,158063,104736,10000,0,200
T1020,M2002,ACCT100049,DST300184,2026-01-15 22:38:00,162058,100113,10000,0,200
T1020,M2018,ACCT100049,DST300090,2026-01-16 02:16:00,164719,100411,10000,51,200
T1020,M2004,ACCT100049,DST300068,2026-01-16 03:48:00,185358,100433,400000,0,200
T1020,M2010,ACCT100049,DST300063,2026-01-16 06:16:00,126632,100679,400000,0,200
T1020,M2018,ACCT100049,DST300061,2026-01-16 06:24:00,147850,100892,10000,0,200
T1020,M2011,ACCT100049,DST300134,2026-01-16 06:54:00,170859,101085,10000,0,200
T1020,M2002,ACCT100049,DST300181,2026-01-16 09:41:00,149005,101456,400000,0,200
T1020,M2016,ACCT100049,DST300096,2026-01-16 13:19:00,138427,102027,10000,0,200
T1020,M2007,ACCT100049,DST300091,2026-01-16 15:07:00,151686,102520,10000,0,200
T1020,M2019,ACCT100049,DST300128,2026-01-16 16:26:00,175061,102584,400000,0,200
T1020,M2015,ACCT100049,DST300023,2026-01-16 16:46:00,138870,103005,10000,0,200
T1020,M2015,ACCT100049,DST300044,2026-01-16 18:35:00,143596,103024,10000,0,200
T1020,M2003,ACCT100049,DST300106,2026-01-16 22:24:00,148492,103527,400000,0,200
T1020,M2005,ACCT100049,DST300122,2026-01-17 00:01:00,136409,103759,10000,0,200
T1020,M2013,ACCT100049,DST300155,2026-01-17 02:13:00,157389,104350,400000,51,200
T1020,M2005,ACCT100049,DST300184,2026-01-17 02:48:00,147638,104408,10000,0,200
T1020,M2001,ACCT100049,DST300088,2026-01-17 05:37:00,214102,104482,400000,0,200
T1020,M2013,ACCT100049,DST300056,2026-01-17 07:17:00,158998,104514,10000,0,200
T1020,M2006,ACCT100049,DST300086,2026-01-17 09:33:00,176214,104778,10000,68,200
T1019,M2018,ACCT100050,DST300120,2026-01-01 04:17:00,122723,102367,400000,0,200
T1019,M2000,ACCT100050,DST300161,2026-01-01 04:18:00,130070,102715,300000,55,200
T1019,M2001,ACCT100050,DST300158,2026-01-01 04:19:00,135915,102716,300000,55,200
T1019,M2005,ACCT100050,DST300113,2026-01-01 04:41:00,153795,100261,400000,0,200
T1019,M2014,ACCT100050,DST300076,2026-01-01 06:11:00,134504,104310,400000,0,200
T1019,M2019,ACCT100050,DST300094,2026-01-01 07:40:00,129757,100486,400000,0,200
T1019,M2019,ACCT100050,DST300079,2026-01-01 09:33:00,135734,104341,400000,0,200
T1019,M2019,ACCT100050,DST300052,2026-01-01 09:47:00,97733,104460,400000,0,200
T1019,M2000,ACCT100050,DST300080,2026-01-01 11:08:00,112606,101174,400000,0,200
T1019,M2010,ACCT100050,DST300076,2026-01-01 11:17:00,126608,101781,400000,0,200
T1019,M2012,ACCT100050,DST300013,2026-01-01 14:29:00,166783,102303,10000,0,200
T1003,M2010,ACCT100051,DST300009,2026-01-17 14:43:00,332954,100434,400000,0,200
T1003,M2016,ACCT100051,DST300011,2026-01-17 15:42:00,337120,100974,10000,0,200
T1003,M2016,ACCT100051,DST300079,2026-01-17 19:21:00,324397,101409,400000,0,200
T1003,M2011,ACCT100051,DST300074,2026-01-17 20:29:00,292171,101688,10000,0,200
T1003,M2005,ACCT100051,DST300134,2026-01-17 20:32:00,288565,101708,400000,0,200
T1003,M2013,ACCT100051,DST300088,2026-01-17 21:26:00,330704,102605,10000,0,200
T1003,M2006,ACCT100051,DST300119,2026-01-18 00:40:00,332335,102765,10000,0,200
T1003,M2015,ACCT100051,DST300174,2026-01-18 00:52:00,367818,102915,400000,0,200
T1003,M2007,ACCT100051,DST300021,2026-01-18 00:55:00,322255,104232,400000,51,200
T1003,M2013,ACCT100051,DST300147,2026-01-18 03:03:00,329897,104336,10000,0,200
T1003,M2012,ACCT100051,DST300004,2026-01-18 06:32:00,308549,104337,400000,0,200
T1003,M2014,ACCT100051,DST300042,2026-01-18 09:05:00,342124,104648,400000,0,200
T1003,M2004,ACCT100051,DST300025,2026-01-18 09:36:00,298260,104800,400000,0,200
T1003,M2000,ACCT100051,DST300021,2026-01-18 13:30:00,279321,104864,400000,0,200
T1013,M2016,ACCT100052,DST300066,2026-01-10 18:39:00,91173,100382,400000,0,200
T1013,M2008,ACCT100052,DST300199,2026-01-10 20:36:00,78721,100420,10000,0,200
T1013,M2007,ACCT100052,DST300137,2026-01-11 04:35:00,108786,100589,400000,0,200
T1013,M2001,ACCT100052,DST300130,2026-01-11 08:26:00,92263,101420,400000,0,200
T1013,M2012,ACCT100052,DST300037,2026-01-11 11:24:00,101501,101559,10000,0,200
T1014,M2011,ACCT100052,DST300144,2026-01-11 11:25:00,100544,101999,10000,0,200
T1014,M2012,ACCT100052,DST300150,2026-01-11 12:01:00,116757,102672,10000,0,200
T1014,M2011,ACCT100052,DST300123,2026-01-11 13:38:00,136263,102803,10000,0,200
T1014,M2009,ACCT100052,DST300192,2026-01-11 17:33:00,75530,103232,400000,0,200
T1014,M2003,ACCT100052,DST300107,2026-01-11 17:58:00,73786,103263,400000,0,200
T1014,M2002,ACCT100052,DST300160,2026-01-11 18:33:00,104799,103330,10000,0,200
T1014,M2014,ACCT100052,DST300056,2026-01-11 21:52:00,113326,103393,400000,0,200
T1014,M2006,ACCT100052,DST300166,2026-01-12 01:15:00,90861,103842,10000,0,200
T1014,M2007,ACCT100052,DST300047,2026-01-12 02:35:00,91138,104808,400000,0,200
T1014,M2010,ACCT100052,DST300022,2026-01-12 04:03:00,95740,104403,10000,0,200
T1000,M2007,ACCT100053,DST300066,2026-01-12 01:02:00,187233,104912,400000,0,200
T1000,M2018,ACCT100053,DST300185,2026-01-12 01:21:00,175542,100513,400000,0,200
T1000,M2004,ACCT100053,DST300086,2026-01-12 01:35:00,140899,100603,400000,0,200
T1000,M2002,ACCT100053,DST300060,2026-01-12 02:49:00,193607,100768,10000,0,200
T1000,M2016,ACCT100053,DST300039,2026-01-12 05:30:00,192081,100869,10000,0,200
T1000,M2006,ACCT100053,DST300077,2026-01-12 05:40:00,141203,102289,400000,0,200
T1000,M2014,ACCT100053,DST300140,2026-01-12 09:14:00,147076,103037,10000,0,200
T1000,M2007,ACCT100053,DST300086,2026-01-12 12:51:00,154947,104120,10000,0,200
T1000,M2017,ACCT100053,DST300044,2026-01-12 13:37:00,180835,104302,10000,0,200
T1000,M2016,ACCT100053,DST300006,2026-01-12 14:16:00,154889,104451,10000,0,200
T1000,M2011,ACCT100053,DST300067,2026-01-12 15:24:00,151673,100012,400000,0,200
T1000,M2006,ACCT100053,DST300141,2026-01-12 17:44:00,149928,104622,400000,0,200
T1000,M2005,ACCT100053,DST300156,2026-01-12 17:51:00,126456,104657,400000,0,200
T1000,M2001,ACCT100053,DST300006,2026-01-12 18:14:00,160295,100327,10000,0,200
T1020,M2003,ACCT100054,DST300163,2026-01-08 01:28:00,532351,104019,10000,0,200
T1020,M2012,ACCT100054,DST300085,2026-01-08 02:22:00,284005,102212,10000,0,200
T1020,M2001,ACCT100054,DST300059,2026-01-08 02:47:00,313254,101039,10000,68,200
T1020,M2017,ACCT100054,DST300084,2026-01-08 02:58:00,297591,103517,400000,0,200
T1020,M2017,ACCT100054,DST300027,2026-01-08 04:13:00,295490,102376,400000,0,200
T1020,M2006,ACCT100054,DST300117,2026-01-08 04:35:00,254720,104121,400000,0,200
T1020,M2010,ACCT100054,DST300188,2026-01-08 04:44:00,264039,103944,10000,0,200
T1020,M2004,ACCT100054,DST300150,2026-01-08 06:18:00,276795,101664,400000,0,200
T1020,M2019,ACCT100054,DST300155,2026-01-08 06:19:00,275595,101948,300000,55,200
T1020,M2003,ACCT100054,DST300041,2026-01-08 06:20:00,271628,101949,300000,55,200
T1020,M2009,ACCT100054,DST300166,2026-01-08 06:52:00,286792,102688,400000,0,200
T1020,M2000,ACCT100054,DST300088,2026-01-08 07:21:00,292339,104005,10000,0,200
T1020,M2009,ACCT100054,DST300053,2026-01-08 07:46:00,253247,104717,10000,0,200
T1020,M2010,ACCT100054,DST300081,2026-01-08 08:49:00,325081,101969,400000,0,200
T1020,M2009,ACCT100054,DST300068,2026-01-08 10:26:00,243920,102733,400000,0,200
T1020,M2002,ACCT100054,DST300042,2026-01-08 13:17:00,314624,102755,400000,0,200
T1020,M2009,ACCT100054,DST300090,2026-01-08 14:22:00,295640,102816,10000,0,200
T1020,M2016,ACCT100054,DST300091,2026-01-08 14:27:00,281070,102825,10000,0,200
T1020,M2008,ACCT100054,DST300126,2026-01-08 14:48:00,247230,103080,10000,0,200
T1020,M2015,ACCT100054,DST300101,2026-01-08 18:00:00,301874,103268,10000,0,200
T1016,M2013,ACCT100055,DST300096,2026-01-10 19:28:00,31599,100135,10000,0,200
T1016,M2013,ACCT100055,DST300171,2026-01-10 22:56:00,32982,100533,400000,51,200
T1016,M2010,ACCT100055,DST300026,2026-01-11 00:21:00,48127,100606,10000,0,200
T1016,M2003,ACCT100055,DST300084,2026-01-11 00:22:00,20000,100651,10000,0,200
T1016,M2001,ACCT100055,DST300175,2026-01-11 00:41:00,61492,100694,10000,0,200
T1016,M2019,ACCT100055,DST300120,2026-01-11 02:39:00,124290,101147,400000,0,200
T1016,M2006,ACCT100055,DST300070,2026-01-11 04:10:00,56960,102377,400000,0,200
T1016,M2010,ACCT100055,DST300107,2026-01-11 04:48:00,84310,102511,10000,51,200
T1016,M2007,ACCT100055,DST300034,2026-01-11 05:29:00,51695,102576,10000,0,200
T1016,M2016,ACCT100055,DST300170,2026-01-11 05:53:00,57743,102787,10000,0,200
T1016,M2010,ACCT100055,DST300155,2026-01-11 06:10:00,59611,102812,10000,68,200
T1016,M2009,ACCT100055,DST300148,2026-01-11 09:54:00,78092,102911,10000,0,200
T1016,M2004,ACCT100055,DST300190,2026-01-11 10:19:00,387106,103188,10000,0,200
T1009,M2003,ACCT100055,DST300136,2026-01-11 10:23:00,99512,103394,10000,0,200
T1009,M2006,ACCT100055,DST300085,2026-01-11 10:25:00,93056,103551,400000,51,200
T1009,M2016,ACCT100055,DST300138,2026-01-11 10:51:00,72073,104068,400000,0,200
T1009,M2008,ACCT100055,DST300137,2026-01-11 14:06:00,87705,104295,10000,0,200
T1009,M2014,ACCT100055,DST300115,2026-01-11 16:13:00,51344,104577,10000,0,200
T1007,M2011,ACCT100056,DST300033,2026-01-18 02:20:00,307562,101108,10000,0,200
T1007,M2013,ACCT100056,DST300090,2026-01-18 05:48:00,361455,101207,10000,0,200
T1007,M2008,ACCT100056,DST300143,2026-01-18 08:11:00,339955,100709,10000,0,200
T1007,M2013,ACCT100056,DST300102,2026-01-18 09:00:00,343669,102279,400000,0,200
T1007,M2018,ACCT100056,DST300120,2026-01-18 09:07:00,332681,102456,400000,0,200
T1007,M2013,ACCT100056,DST300190,2026-01-18 09:57:00,365173,100814,400000,0,200
T1007,M2008,ACCT100056,DST300022,2026-01-18 13:01:00,341988,102853,400000,0,200
T1007,M2014,ACCT100056,DST300188,2026-01-18 13:45:00,349545,100817,400000,0,200
T1007,M2008,ACCT100056,DST300042,2026-01-18 15:59:00,313812,102954,400000,0,200
T1007,M2000,ACCT100056,DST300043,2026-01-18 16:21:00,328033,100863,10000,0,200
T1007,M2003,ACCT100056,DST300107,2026-01-18 19:05:00,373010,103122,10000,0,200
T1007,M2011,ACCT100056,DST300119,2026-01-18 20:21:00,368282,103345,400000,0,200
T1007,M2005,ACCT100056,DST300015,2026-01-18 23:27:00,356212,104036,10000,0,200
T1019,M2007,ACCT100057,DST300043,2026-01-17 18:34:00,341026,101810,10000,0,200
T1019,M2005,ACCT100057,DST300045,2026-01-17 19:52:00,276143,102261,400000,0,200
T1019,M2001,ACCT100057,DST300161,2026-01-17 22:48:00,304446,102348,10000,0,200
T1019,M2004,ACCT100057,DST300119,2026-01-17 23:25:00,303222,102449,400000,0,200
T1019,M2015,ACCT100057,DST300016,2026-01-17 23:45:00,281728,102978,10000,0,200
T1019,M2001,ACCT100057,DST300105,2026-01-18 02:36:00,282714,103030,400000,0,200
T1019,M2010,ACCT100057,DST300196,2026-01-18 06:18:00,280572,103036,400000,0,200
T1019,M2017,ACCT100057,DST300029,2026-01-18 08:31:00,263250,103362,10000,0,200
T1019,M2010,ACCT100057,DST300163,2026-01-18 11:14:00,278203,103803,400000,0,200
T1019,M2019,ACCT100057,DST300159,2026-01-18 14:04:00,315588,103870,400000,0,200
T1019,M2015,ACCT100057,DST300174,2026-01-18 16:20:00,266988,103926,10000,0,200
T1019,M2014,ACCT100057,DST300184,2026-01-18 20:03:00,241183,104658,400000,0,200
T1019,M2014,ACCT100057,DST300167,2026-01-18 21:47:00,305328,104937,10000,0,200
T1009,M2014,ACCT100058,DST300141,2026-01-12 16:47:00,210600,100771,400000,0,200
T1009,M2010,ACCT100058,DST300017,2026-01-12 19:57:00,272848,100808,10000,0,200
T1009,M2016,ACCT100058,DST300022,2026-01-12 21:25:00,270540,100836,10000,0,200
T1009,M2009,ACCT100058,DST300130,2026-01-13 01:14:00,281458,101020,10000,0,200
T1009,M2013,ACCT100058,DST300054,2026-01-13 02:25:00,213601,101064,10000,0,200
T1009,M2002,ACCT100058,DST300103,2026-01-13 03:26:00,279280,102451,10000,0,200
T1009,M2001,ACCT100058,DST300144,2026-01-13 06:16:00,226184,101103,400000,0,200
T1009,M2012,ACCT100058,DST300110,2026-01-13 06:36:00,261093,101205,400000,0,200
T1009,M2009,ACCT100058,DST300010,2026-01-13 06:49:00,235936,102637,10000,0,200
T1009,M2016,ACCT100058,DST300040,2026-01-13 07:55:00,280492,101315,400000,0,200
T1009,M2002,ACCT100058,DST300003,2026-01-13 08:39:00,245892,102866,400000,0,200
T1009,M2014,ACCT100058,DST300104,2026-01-13 11:14:00,201256,101642,10000,0,200
T1009,M2003,ACCT100058,DST300103,2026-01-13 11:17:00,219646,101767,400000,0,200
T1009,M2001,ACCT100058,DST300065,2026-01-13 11:21:00,254894,103142,10000,0,200
T1009,M2006,ACCT100058,DST300166,2026-01-13 11:41:00,236508,101966,10000,0,200
T1024,M2012,ACCT100059,DST300048,2026-01-08 17:11:00,185059,100335,10000,0,200
T1024,M2016,ACCT100059,DST300129,2026-01-08 20:53:00,112791,101824,10000,0,200
T1024,M2013,ACCT100059,DST300172,2026-01-08 21:55:00,139054,101851,400000,0,200
T1024,M2019,ACCT100059,DST300104,2026-01-09 00:49:00,105431,102159,400000,0,200
T1024,M2005,ACCT100059,DST300112,2026-01-09 02:22:00,137653,103509,400000,0,200
T1024,M2018,ACCT100059,DST300014,2026-01-09 02:55:00,154647,102188,10000,51,200
T1024,M2016,ACCT100059,DST300006,2026-01-09 04:52:00,135225,103681,400000,0,200
T1024,M2011,ACCT100059,DST999999,2026-01-09 04:54:00,175544,103728,400000,0,200
T1024,M2019,ACCT100059,DST999999,2026-01-09 04:56:00,134436,103729,400000,0,200
T1024,M2017,ACCT100059,DST999999,2026-01-09 04:58:00,130476,103730,400000,0,200
T1024,M2004,ACCT100059,DST300131,2026-01-09 05:45:00,195403,102252,400000,0,200
T1024,M2008,ACCT100059,DST300106,2026-01-09 06:50:00,159545,102402,400000,0,200
T1024,M2008,ACCT100059,DST300018,2026-01-09 08:40:00,136427,104123,10000,0,200
T1024,M2005,ACCT100059,DST300128,2026-01-09 09:49:00,131919,104249,400000,0,200
T1024,M2005,ACCT100059,DST300161,2026-01-09 10:24:00,126711,102558,400000,0,200
T1024,M2011,ACCT100059,DST300066,2026-01-09 10:35:00,147515,104374,10000,0,200
T1024,M2008,ACCT100059,DST300177,2026-01-09 11:24:00,174633,104739,400000,0,200
T1024,M2015,ACCT100059,DST300158,2026-01-09 11:39:00,133343,102649,400000,0,200
T1024,M2015,ACCT100059,DST300048,2026-01-09 11:49:00,150053,102783,400000,0,200
T1024,M2019,ACCT100059,DST300030,2026-01-09 12:37:00,151028,102945,10000,0,200
T1024,M2008,ACCT100059,DST300048,2026-01-09 12:38:00,155619,104865,10000,68,200
T1024,M2005,ACCT100059,DST300090,2026-01-09 12:46:00,145267,103271,400000,0,200
T1019,M2014,ACCT100060,DST300103,2026-01-14 01:16:00,143692,100577,400000,0,200
T1019,M2017,ACCT100060,DST300077,2026-01-14 04:07:00,111907,101377,400000,0,200
T1019,M2003,ACCT100060,DST300071,2026-01-14 07:41:00,140533,101658,10000,0,200
T1019,M2016,ACCT100060,DST300102,2026-01-14 11:24:00,152582,102747,400000,0,200
T1019,M2006,ACCT100060,DST300013,2026-01-14 13:27:00,127174,102910,10000,0,200
T1019,M2012,ACCT100060,DST300118,2026-01-14 15:03:00,160457,103488,400000,0,200
T1019,M2014,ACCT100060,DST300025,2026-01-14 16:04:00,126202,100074,400000,0,200
T1019,M2017,ACCT100060,DST300006,2026-01-14 18:52:00,129877,103890,400000,0,200
T1019,M2006,ACCT100060,DST300182,2026-01-14 19:11:00,91853,100507,400000,0,200
T1019,M2009,ACCT100060,DST300135,2026-01-14 19:29:00,113141,104715,400000,0,200
T1004,M2012,ACCT100061,DST300161,2026-01-17 12:23:00,196436,100150,400000,0,200
T1004,M2010,ACCT100061,DST300109,2026-01-17 13:38:00,213905,100544,10000,0,200
T1004,M2005,ACCT100061,DST300068,2026-01-17 14:36:00,201871,100592,10000,68,200
T1004,M2001,ACCT100061,DST300138,2026-01-17 16:28:00,219949,100803,400000,0,200
T1004,M2006,ACCT100061,DST300183,2026-01-17 18:08:00,226757,101219,10000,0,200
T1004,M2002,ACCT100061,DST300144,2026-01-17 21:36:00,200082,101873,400000,68,200
T1004,M2013,ACCT100061,DST300011,2026-01-18 01:20:00,222410,102286,10000,0,200
T1004,M2002,ACCT100061,DST300032,2026-01-18 03:07:00,220595,102410,10000,0,200
T1004,M2016,ACCT100061,DST300197,2026-01-18 04:33:00,203730,103042,10000,0,200
T1004,M2003,ACCT100061,DST300124,2026-01-18 07:52:00,242619,103401,10000,0,200
T1004,M2007,ACCT100061,DST300004,2026-01-18 07:53:00,255947,104256,300000,55,200
T1004,M2019,ACCT100061,DST300055,2026-01-18 07:54:00,244310,104257,300000,55,200
T1004,M2001,ACCT100061,DST300059,2026-01-18 07:55:00,258060,104258,300000,55,200
T1023,M2010,ACCT100062,DST300146,2026-01-05 18:22:00,79605,100720,400000,0,200
T1023,M2004,ACCT100062,DST300040,2026-01-05 20:42:00,67612,101311,400000,0,200
T1023,M2008,ACCT100062,DST300128,2026-01-05 21:38:00,81409,101388,400000,0,200
T1023,M2002,ACCT100062,DST300076,2026-01-05 22:59:00,103097,101739,400000,0,200
T1023,M2018,ACCT100062,DST300053,2026-01-06 02:19:00,95184,101912,10000,0,200
T1023,M2004,ACCT100062,DST300018,2026-01-06 03:26:00,56207,102050,400000,0,200
T1023,M2002,ACCT100062,DST300150,2026-01-06 05:27:00,97478,102491,10000,0,200
T1023,M2004,ACCT100062,DST300144,2026-01-06 09:04:00,72906,102505,400000,0,200
T1023,M2002,ACCT100062,DST300064,2026-01-06 10:51:00,80795,102661,10000,0,200
T1023,M2010,ACCT100062,DST300090,2026-01-06 12:03:00,105467,103038,10000,0,200
T1023,M2017,ACCT100062,DST300035,2026-01-06 13:08:00,77586,103784,400000,0,200
T1023,M2003,ACCT100062,DST300159,2026-01-06 13:10:00,82754,104163,10000,0,200
T1023,M2002,ACCT100062,DST999999,2026-01-06 13:12:00,80871,104747,400000,0,200
T1023,M2005,ACCT100062,DST999999,2026-01-06 13:14:00,20000,104748,400000,0,200
T1023,M2002,ACCT100062,DST999999,2026-01-06 13:16:00,92844,104749,400000,0,200
T1013,M2013,ACCT100063,DST300068,2026-01-12 01:56:00,104814,100042,10000,0,200
T1013,M2001,ACCT100063,DST300129,2026-01-12 05:38:00,73198,100416,400000,0,200
T1013,M2018,ACCT100063,DST300118,2026-01-12 08:32:00,120172,100435,10000,0,200
T1013,M2017,ACCT100063,DST300178,2026-01-12 11:26:00,98981,100450,10000,0,200
T1013,M2008,ACCT100063,DST300004,2026-01-12 11:47:00,79021,101566,400000,0,200
T1013,M2006,ACCT100063,DST300100,2026-01-12 14:26:00,88576,102062,400000,0,200
T1013,M2019,ACCT100063,DST300014,2026-01-12 15:23:00,122683,102397,400000,0,200
T1013,M2007,ACCT100063,DST300127,2026-01-12 17:07:00,36142,102604,400000,0,200
T1013,M2002,ACCT100063,DST300084,2026-01-12 19:47:00,114474,102799,400000,0,200
T1013,M2009,ACCT100063,DST300021,2026-01-12 22:37:00,81598,103152,400000,0,200
T1013,M2002,ACCT100063,DST300071,2026-01-13 02:26:00,100555,103419,10000,0,200
T1013,M2008,ACCT100063,DST300011,2026-01-13 04:46:00,56407,103757,10000,0,200
T1013,M2004,ACCT100063,DST300102,2026-01-13 04:48:00,99378,104528,10000,0,200
T1013,M2003,ACCT100063,DST300168,2026-01-13 06:20:00,84947,103464,10000,0,200
T1013,M2011,ACCT100063,DST300125,2026-01-13 07:43:00,86201,104613,400000,0,200
T1013,M2001,ACCT100063,DST300088,2026-01-13 09:34:00,78068,104623,10000,0,200
T1013,M2017,ACCT100063,DST300086,2026-01-13 10:01:00,115881,104630,400000,0,200
T1013,M2017,ACCT100063,DST300043,2026-01-13 13:26:00,65156,104999,400000,0,200
T1012,M2009,ACCT100064,DST300076,2026-01-10 02:17:00,241681,101407,400000,0,200
T1012,M2013,ACCT100064,DST300017,2026-01-10 03:16:00,266895,101567,10000,0,200
T1012,M2019,ACCT100064,DST300079,2026-01-10 04:12:00,220341,102164,10000,0,200
T1012,M2011,ACCT100064,DST300097,2026-01-10 04:14:00,250569,101470,400000,0,200
T1012,M2015,ACCT100064,DST300117,2026-01-10 06:42:00,258961,103335,10000,0,200
T1012,M2007,ACCT100064,DST300004,2026-01-10 08:31:00,245903,103428,10000,0,200
T1012,M2000,ACCT100064,DST300016,2026-01-10 10:06:00,239415,103665,10000,0,200
T1012,M2001,ACCT100064,DST300182,2026-01-10 10:09:00,255667,103749,10000,0,200
T1012,M2013,ACCT100064,DST300070,2026-01-10 11:24:00,276554,103810,400000,0,200
T1012,M2002,ACCT100064,DST300109,2026-01-10 12:58:00,213511,101316,10000,0,200
T1012,M2000,ACCT100064,DST300067,2026-01-10 13:24:00,256372,103973,400000,0,200
T1012,M2006,ACCT100064,DST300056,2026-01-10 17:19:00,198020,104050,400000,0,200
T1029,M2016,ACCT100065,DST300173,2026-01-10 21:21:00,219764,100122,400000,0,200
T1029,M2001,ACCT100065,DST300196,2026-01-11 00:45:00,278512,100289,400000,0,200
T1027,M2009,ACCT100065,DST300106,2026-01-11 02:04:00,475602,103596,10000,0,200
T1029,M2019,ACCT100065,DST300197,2026-01-11 02:09:00,479896,100840,10000,0,200
T1029,M2015,ACCT100065,DST300167,2026-01-11 03:30:00,220849,101136,400000,0,200
T1027,M2004,ACCT100065,DST300010,2026-01-11 04:07:00,246898,104003,10000,0,200
T1027,M2013,ACCT100065,DST300005,2026-01-11 04:58:00,246008,104203,10000,0,200
T1029,M2001,ACCT100065,DST300029,2026-01-11 05:59:00,229024,101690,400000,0,200
T1027,M2000,ACCT100065,DST300089,2026-01-11 08:34:00,253711,104425,400000,0,200
T1029,M2004,ACCT100065,DST300136,2026-01-11 09:19:00,226392,102043,400000,0,200
T1029,M2016,ACCT100065,DST300043,2026-01-11 10:53:00,204264,102317,10000,0,200
T1027,M2005,ACCT100065,DST300191,2026-01-11 11:08:00,267351,104466,10000,0,200
T1029,M2011,ACCT100065,DST300157,2026-01-11 12:59:00,250631,102353,10000,0,200
T1027,M2013,ACCT100065,DST300119,2026-01-11 13:01:00,281848,102404,10000,0,200
T1027,M2014,ACCT100065,DST300169,2026-01-11 13:43:00,230251,102729,400000,0,200
T1027,M2000,ACCT100065,DST300016,2026-01-11 14:13:00,254450,104610,10000,0,200
T1027,M2006,ACCT100065,DST300054,2026-01-11 15:54:00,246521,102824,10000,0,200
T1027,M2014,ACCT100065,DST300095,2026-01-11 15:57:00,264589,103048,400000,0,200
T1027,M2005,ACCT100065,DST300095,2026-01-11 16:23:00,212930,104618,400000,0,200
T1027,M2003,ACCT100065,DST300098,2026-01-11 16:31:00,242699,103110,400000,0,200
T1027,M2002,ACCT100065,DST300115,2026-01-11 17:57:00,226419,103205,400000,0,200
T1027,M2004,ACCT100065,DST300094,2026-01-11 19:02:00,239827,103328,400000,0,200
T1027,M2010,ACCT100065,DST300169,2026-01-11 20:44:00,241464,103332,400000,0,200
T1027,M2015,ACCT100065,DST300046,2026-01-11 21:45:00,279711,103416,10000,51,200
T1025,M2007,ACCT100066,DST300026,2026-01-03 01:01:00,297853,102344,400000,0,200
T1025,M2001,ACCT100066,DST300097,2026-01-03 03:33:00,252243,102431,10000,0,200
T1025,M2011,ACCT100066,DST300123,2026-01-03 04:37:00,268071,103099,10000,0,200
T1025,M2000,ACCT100066,DST300082,2026-01-03 07:28:00,281769,103246,10000,0,200
T1025,M2001,ACCT100066,DST300103,2026-01-03 09:11:00,247377,100084,10000,0,200
T1025,M2011,ACCT100066,DST300033,2026-01-03 09:14:00,291029,100415,10000,0,200
T1025,M2008,ACCT100066,DST300046,2026-01-03 10:40:00,213466,103439,400000,0,200
T1025,M2002,ACCT100066,DST300023,2026-01-03 12:18:00,224197,100882,10000,0,200
T1025,M2012,ACCT100066,DST300034,2026-01-03 12:55:00,304994,103467,400000,0,200
T1025,M2019,ACCT100066,DST300181,2026-01-03 12:58:00,320468,103668,400000,0,200
T1025,M2011,ACCT100066,DST300199,2026-01-03 13:55:00,277794,101484,400000,68,200
T1025,M2011,ACCT100066,DST300086,2026-01-03 16:52:00,282369,103888,10000,0,200
T1025,M2015,ACCT100066,DST300099,2026-01-03 17:32:00,231157,101877,10000,0,200
T1025,M2011,ACCT100066,DST300017,2026-01-03 20:42:00,244159,104090,400000,0,200
T1025,M2014,ACCT100066,DST300189,2026-01-03 22:12:00,313637,104228,400000,0,200
T1025,M2012,ACCT100066,DST300059,2026-01-03 22:18:00,272418,104322,10000,0,200
T1025,M2015,ACCT100066,DST300063,2026-01-03 23:46:00,235923,104420,400000,0,200
T1025,M2011,ACCT100066,DST300051,2026-01-04 01:19:00,366626,104605,10000,0,200
T1026,M2012,ACCT100067,DST300108,2026-01-12 01:36:00,79452,100916,10000,0,200
T1026,M2006,ACCT100067,DST300165,2026-01-12 02:03:00,596547,101342,10000,0,200
T1026,M2008,ACCT100067,DST300075,2026-01-12 02:21:00,119356,100121,400000,0,200
T1026,M2009,ACCT100067,DST300148,2026-01-12 02:46:00,82111,100169,400000,0,200
T1026,M2018,ACCT100067,DST300119,2026-01-12 02:57:00,74294,100712,400000,0,200
T1026,M2005,ACCT100067,DST300013,2026-01-12 03:07:00,99592,103950,400000,0,200
T1026,M2015,ACCT100067,DST300195,2026-01-12 04:42:00,100890,103980,10000,0,200
T1026,M2014,ACCT100067,DST300029,2026-01-12 05:06:00,111099,104030,400000,0,200
T1026,M2013,ACCT100067,DST300055,2026-01-12 05:40:00,53074,104533,10000,0,200
T1026,M2016,ACCT100067,DST300091,2026-01-12 05:52:00,101738,101669,10000,68,200
T1026,M2017,ACCT100067,DST300110,2026-01-12 06:32:00,99673,102226,400000,0,200
T1026,M2016,ACCT100067,DST300179,2026-01-12 06:42:00,80427,100893,10000,0,200
T1026,M2016,ACCT100067,DST300120,2026-01-12 08:24:00,56790,104668,400000,0,200
T1026,M2008,ACCT100067,DST300131,2026-01-12 08:25:00,124997,104795,300000,55,200
T1026,M2010,ACCT100067,DST300044,2026-01-12 08:26:00,53755,104796,300000,55,200
T1026,M2006,ACCT100067,DST300181,2026-01-12 08:27:00,87615,104797,300000,55,200
T1026,M2008,ACCT100067,DST300167,2026-01-12 10:00:00,89535,102600,10000,0,200
T1026,M2003,ACCT100067,DST300105,2026-01-12 12:04:00,102376,103237,10000,0,200
T1026,M2018,ACCT100067,DST300042,2026-01-12 13:14:00,93180,103610,10000,0,200
T1026,M2004,ACCT100067,DST300097,2026-01-12 16:12:00,90188,103684,10000,0,200
T1026,M2009,ACCT100067,DST300099,2026-01-12 16:13:00,80997,103865,400000,0,200
T1016,M2003,ACCT100068,DST300021,2026-01-07 01:49:00,202992,102260,10000,0,200
T1023,M2005,ACCT100068,DST300183,2026-01-07 02:22:00,235757,100067,10000,0,200
T1016,M2005,ACCT100068,DST300191,2026-01-07 04:30:00,261010,102979,400000,51,200
T1023,M2001,ACCT100068,DST300083,2026-01-07 04:36:00,223330,100105,10000,0,200
T1016,M2014,ACCT100068,DST300050,2026-01-07 04:36:00,287548,103583,10000,0,200
T1016,M2018,ACCT100068,DST300160,2026-01-07 05:11:00,265128,102372,10000,0,200
T1016,M2015,ACCT100068,DST300047,2026-01-07 05:48:00,238886,103101,400000,0,200
T1023,M2002,ACCT100068,DST300078,2026-01-07 07:37:00,229883,100321,400000,51,200
T1016,M2001,ACCT100068,DST300153,2026-01-07 07:41:00,208724,104020,400000,0,200
T1023,M2004,ACCT100068,DST300075,2026-01-07 08:12:00,242826,100342,400000,0,200
T1016,M2001,ACCT100068,DST300155,2026-01-07 08:29:00,227355,102408,10000,0,200
T1016,M2010,ACCT100068,DST300145,2026-01-07 08:31:00,231674,102425,10000,0,200
T1016,M2016,ACCT100068,DST300166,2026-01-07 09:45:00,261717,103176,400000,0,200
T1016,M2000,ACCT100068,DST300015,2026-01-07 10:11:00,278658,104305,10000,68,200
T1016,M2010,ACCT100068,DST300077,2026-01-07 10:13:00,238318,104774,400000,0,200
T1023,M2010,ACCT100068,DST300136,2026-01-07 12:09:00,221875,100583,400000,0,200
T1016,M2009,ACCT100068,DST300081,2026-01-07 12:09:00,181800,102611,400000,0,200
T1016,M2005,ACCT100068,DST300089,2026-01-07 12:10:00,242705,101116,10000,0,200
T1016,M2002,ACCT100068,DST300101,2026-01-07 13:30:00,237579,102686,10000,0,200
T1016,M2015,ACCT100068,DST300053,2026-01-07 16:03:00,236327,101495,10000,0,200
T1016,M2001,ACCT100068,DST300067,2026-01-07 16:11:00,214057,102240,10000,0,200
T1013,M2010,ACCT100069,DST300181,2026-01-15 04:02:00,147585,101533,10000,0,200
T1013,M2003,ACCT100069,DST300168,2026-01-15 04:51:00,140554,101987,10000,0,200
T1013,M2003,ACCT100069,DST300002,2026-01-15 06:20:00,119124,102041,400000,0,200
T1013,M2017,ACCT100069,DST300043,2026-01-15 09:30:00,156415,102045,10000,0,200
T1013,M2014,ACCT100069,DST300011,2026-01-15 13:14:00,111619,102696,400000,0,200
T1013,M2002,ACCT100069,DST300158,2026-01-15 14:09:00,168717,100539,400000,0,200
T1013,M2014,ACCT100069,DST300146,2026-01-15 14:12:00,169078,100661,400000,0,200
T1013,M2009,ACCT100069,DST300002,2026-01-15 14:26:00,118928,100900,10000,51,200
T1013,M2002,ACCT100069,DST300010,2026-01-15 16:13:00,135629,101296,10000,0,200
T1013,M2002,ACCT100069,DST300130,2026-01-15 16:55:00,148007,102861,400000,0,200
T1013,M2018,ACCT100069,DST300033,2026-01-15 18:20:00,127541,102912,10000,0,200
T1013,M2017,ACCT100069,DST300036,2026-01-15 22:11:00,143205,102936,10000,0,200
T1013,M2002,ACCT100069,DST300024,2026-01-16 00:53:00,126622,102999,400000,68,200
T1013,M2017,ACCT100069,DST300154,2026-01-16 00:58:00,155246,103026,10000,0,200
T1013,M2017,ACCT100069,DST300100,2026-01-16 01:39:00,120595,104054,400000,0,200
T1013,M2015,ACCT100069,DST300075,2026-01-16 02:37:00,123829,103107,400000,68,200
T1013,M2001,ACCT100069,DST300191,2026-01-16 02:54:00,139242,104356,400000,0,200
T1013,M2010,ACCT100069,DST300170,2026-01-16 03:21:00,155297,103400,400000,0,200
T1013,M2010,ACCT100069,DST300053,2026-01-16 06:04:00,102102,103474,400000,0,200
T1013,M2003,ACCT100069,DST300056,2026-01-16 06:06:00,150515,104531,10000,51,200
T1013,M2004,ACCT100069,DST300074,2026-01-16 07:18:00,93574,103892,10000,0,200
T1014,M2002,ACCT100070,DST300104,2026-01-13 04:49:00,92624,102304,400000,0,200
T1014,M2008,ACCT100070,DST300049,2026-01-13 08:08:00,106329,102591,400000,0,200
T1014,M2011,ACCT100070,DST300166,2026-01-13 08:20:00,108939,102805,10000,0,200
T1014,M2012,ACCT100070,DST300160,2026-01-13 11:10:00,133441,102961,10000,0,200
T1008,M2013,ACCT100070,DST300064,2026-01-13 11:11:00,63227,103130,10000,0,200
T1014,M2016,ACCT100070,DST300199,2026-01-13 11:27:00,124523,100230,400000,51,200
T1014,M2016,ACCT100070,DST300101,2026-01-13 12:42:00,166353,101104,400000,0,200
T1008,M2017,ACCT100070,DST300101,2026-01-13 13:04:00,112989,103165,10000,0,200
T1014,M2009,ACCT100070,DST300155,2026-01-13 13:37:00,102773,101322,10000,0,200
T1008,M2002,ACCT100070,DST300108,2026-01-13 14:33:00,103554,103295,10000,0,200
T1014,M2015,ACCT100070,DST300055,2026-01-13 14:56:00,85860,101696,10000,0,200
T1008,M2019,ACCT100070,DST300148,2026-01-13 16:25:00,75352,103431,10000,0,200
T1008,M2011,ACCT100070,DST300066,2026-01-13 19:47:00,88412,104236,400000,0,200
T1008,M2015,ACCT100070,DST300129,2026-01-13 20:25:00,161784,104282,10000,0,200
T1008,M2014,ACCT100070,DST300100,2026-01-13 21:41:00,137382,104324,10000,0,200
T1008,M2005,ACCT100070,DST300161,2026-01-13 23:09:00,51372,104607,400000,0,200
T1009,M2002,ACCT100071,DST300100,2026-01-09 03:50:00,164212,102273,400000,0,200
T1009,M2018,ACCT100071,DST300051,2026-01-09 03:59:00,253606,103707,10000,0,200
T1009,M2006,ACCT100071,DST300119,2026-01-09 04:00:00,190304,103811,300000,55,200
T1009,M2000,ACCT100071,DST300110,2026-01-09 04:01:00,222267,103812,300000,55,200
T1009,M2002,ACCT100071,DST300013,2026-01-09 04:08:00,218271,102490,10000,0,200
T1009,M2000,ACCT100071,DST300195,2026-01-09 04:27:00,891876,102875,10000,0,200
T1009,M2013,ACCT100071,DST300145,2026-01-09 05:55:00,175346,100141,10000,0,200
T1009,M2003,ACCT100071,DST300198,2026-01-09 06:10:00,247139,103961,10000,0,200
T1009,M2011,ACCT100071,DST300073,2026-01-09 06:33:00,176554,102877,10000,0,200
T1009,M2008,ACCT100071,DST300159,2026-01-09 06:38:00,184330,100611,400000,0,200
T1009,M2013,ACCT100071,DST300186,2026-01-09 07:27:00,185216,103985,400000,0,200
T1009,M2017,ACCT100071,DST300163,2026-01-09 09:48:00,219148,104242,10000,0,200
T1009,M2004,ACCT100071,DST300173,2026-01-09 09:57:00,218131,104638,400000,0,200
T1009,M2013,ACCT100071,DST300146,2026-01-09 10:02:00,198668,103091,10000,0,200
T1009,M2014,ACCT100071,DST300171,2026-01-09 10:17:00,228032,100940,400000,0,200
T1009,M2008,ACCT100071,DST300000,2026-01-09 10:18:00,179317,100964,300000,55,200
T1009,M2008,ACCT100071,DST300158,2026-01-09 10:19:00,203191,100965,300000,55,200
T1009,M2014,ACCT100071,DST300099,2026-01-09 13:33:00,203195,103254,400000,0,200
T1009,M2012,ACCT100071,DST300012,2026-01-09 13:34:00,175284,100988,400000,0,200
T1000,M2019,ACCT100072,DST300039,2026-01-13 08:28:00,248225,100469,10000,0,200
T1000,M2006,ACCT100072,DST300048,2026-01-13 10:12:00,224171,100925,400000,0,200
T1000,M2003,ACCT100072,DST300175,2026-01-13 12:35:00,234499,101065,400000,0,200
T1000,M2001,ACCT100072,DST300037,2026-01-13 14:46:00,245536,101352,10000,0,200
T1000,M2014,ACCT100072,DST300162,2026-01-13 15:15:00,194176,101455,400000,0,200
T1000,M2012,ACCT100072,DST300006,2026-01-13 17:27:00,248579,102005,10000,0,200
T1000,M2012,ACCT100072,DST300066,2026-01-13 20:25:00,200605,102070,10000,0,200
T1000,M2003,ACCT100072,DST300100,2026-01-13 22:06:00,249266,102270,400000,0,200
T1000,M2005,ACCT100072,DST300143,2026-01-13 22:09:00,247214,102567,400000,0,200
T1000,M2006,ACCT100072,DST300070,2026-01-13 23:45:00,231971,102588,10000,0,200
T1022,M2010,ACCT100072,DST300132,2026-01-13 23:49:00,248525,102684,10000,0,200
T1022,M2010,ACCT100072,DST300028,2026-01-14 01:58:00,232044,102748,400000,0,200
T1022,M2016,ACCT100072,DST300178,2026-01-14 02:47:00,373083,102810,10000,0,200
T1022,M2013,ACCT100072,DST300126,2026-01-14 04:41:00,229160,102927,10000,0,200
T1022,M2015,ACCT100072,DST300125,2026-01-14 07:00:00,274668,102985,10000,0,200
T1022,M2008,ACCT100072,DST300059,2026-01-14 07:32:00,243624,103032,10000,0,200
T1022,M2009,ACCT100072,DST300000,2026-01-14 10:00:00,230656,103336,10000,0,200
T1022,M2009,ACCT100072,DST300018,2026-01-14 10:13:00,214553,103505,10000,0,200
T1022,M2012,ACCT100072,DST300179,2026-01-14 13:49:00,271053,103667,10000,0,200
T1022,M2004,ACCT100072,DST300155,2026-01-14 16:44:00,198613,103782,400000,0,200
T1020,M2009,ACCT100072,DST300170,2026-01-14 16:48:00,200658,103861,10000,0,200
T1020,M2019,ACCT100072,DST300083,2026-01-14 17:17:00,205608,104643,10000,0,200
T1020,M2011,ACCT100072,DST300189,2026-01-14 20:38:00,254287,104757,400000,0,200
T1020,M2001,ACCT100072,DST300087,2026-01-14 21:30:00,226776,104938,400000,0,200
T1029,M2003,ACCT100073,DST300152,2026-01-08 15:52:00,236980,100173,10000,0,200
T1029,M2011,ACCT100073,DST300067,2026-01-08 16:07:00,302567,100954,10000,0,200
T1029,M2000,ACCT100073,DST300145,2026-01-08 17:41:00,238451,101473,10000,51,200
T1029,M2017,ACCT100073,DST300023,2026-01-08 19:26:00,295101,101740,400000,0,200
T1029,M2001,ACCT100073,DST300158,2026-01-08 22:46:00,223163,101882,400000,0,200
T1029,M2019,ACCT100073,DST300069,2026-01-08 23:50:00,256866,102187,400000,0,200
T1029,M2015,ACCT100073,DST300157,2026-01-09 00:29:00,262005,102355,400000,0,200
T1029,M2009,ACCT100073,DST300027,2026-01-09 03:51:00,267262,102458,10000,68,200
T1029,M2014,ACCT100073,DST300170,2026-01-09 04:23:00,272043,102483,400000,51,200
T1029,M2011,ACCT100073,DST300107,2026-01-09 05:56:00,296178,103184,400000,0,200
T1029,M2014,ACCT100073,DST300010,2026-01-09 05:57:00,282143,103290,300000,55,200
T1029,M2011,ACCT100073,DST300042,2026-01-09 05:58:00,292146,103291,300000,55,200
T1029,M2010,ACCT100073,DST300193,2026-01-09 05:59:00,259358,103292,300000,55,200
T1029,M2007,ACCT100073,DST300155,2026-01-09 09:40:00,248797,103475,400000,0,200
T1029,M2015,ACCT100073,DST300020,2026-01-09 10:39:00,257028,104656,400000,0,200
T1005,M2009,ACCT100074,DST300065,2026-01-05 21:52:00,171879,100282,10000,0,200
T1005,M2016,ACCT100074,DST300117,2026-01-05 22:54:00,125166,100394,400000,0,200
T1005,M2002,ACCT100074,DST300137,2026-01-06 01:43:00,123795,100807,10000,0,200
T1005,M2001,ACCT100074,DST300059,2026-01-06 03:00:00,73279,101271,400000,0,200
T1005,M2006,ACCT100074,DST300006,2026-01-06 03:25:00,98322,100812,400000,0,200
T1005,M2000,ACCT100074,DST300129,2026-01-06 05:24:00,105589,101323,10000,0,200
T1005,M2009,ACCT100074,DST300125,2026-01-06 05:40:00,117338,100852,10000,0,200
T1005,M2012,ACCT100074,DST300071,2026-01-06 08:11:00,130059,100968,400000,0,200
T1005,M2003,ACCT100074,DST300018,2026-01-06 09:06:00,85173,101442,10000,0,200
T1005,M2014,ACCT100074,DST300145,2026-01-06 09:48:00,125177,101665,10000,0,200
T1005,M2007,ACCT100074,DST300161,2026-01-06 10:25:00,75851,101828,10000,0,200
T1005,M2015,ACCT100074,DST300039,2026-01-06 11:10:00,111688,102102,10000,0,200
T1005,M2004,ACCT100074,DST300087,2026-01-06 13:02:00,130203,102259,10000,0,200
T1005,M2018,ACCT100074,DST300035,2026-01-06 13:27:00,138349,102302,400000,0,200
T1005,M2007,ACCT100074,DST300190,2026-01-06 15:04:00,116738,102718,400000,0,200
T1005,M2000,ACCT100074,DST300120,2026-01-06 17:20:00,96602,102839,400000,0,200
T1005,M2007,ACCT100074,DST300177,2026-01-06 19:00:00,135983,103119,10000,0,200
T1005,M2000,ACCT100074,DST300061,2026-01-06 22:04:00,112340,103303,400000,0,200
T1005,M2014,ACCT100074,DST300183,2026-01-06 23:32:00,125834,103510,10000,0,200
T1005,M2011,ACCT100074,DST300189,2026-01-07 01:53:00,108723,104427,400000,0,200
T1005,M2014,ACCT100074,DST300002,2026-01-07 03:00:00,142446,104934,10000,0,200
T1023,M2011,ACCT100075,DST300079,2026-01-12 02:38:00,242685,103338,10000,0,200
T1023,M2019,ACCT100075,DST300018,2026-01-12 02:51:00,226702,103221,10000,0,200
T1023,M2004,ACCT100075,DST300012,2026-01-12 02:58:00,250541,103628,400000,0,200
T1023,M2007,ACCT100075,DST300086,2026-01-12 03:00:00,194697,103070,400000,0,200
T1023,M2012,ACCT100075,DST300112,2026-01-12 04:09:00,269400,103858,400000,0,200
T1023,M2004,ACCT100075,DST300121,2026-01-12 04:40:00,267076,100396,400000,0,200
T1023,M2001,ACCT100075,DST300163,2026-01-12 05:20:00,237713,103381,400000,0,200
T1023,M2017,ACCT100075,DST300180,2026-01-12 05:27:00,239672,100445,10000,68,200
T1023,M2005,ACCT100075,DST300022,2026-01-12 06:43:00,274652,104025,10000,0,200
T1023,M2001,ACCT100075,DST300092,2026-01-12 07:47:00,244305,103396,10000,0,200
T1023,M2013,ACCT100075,DST300171,2026-01-12 08:19:00,268320,100595,400000,0,200
T1023,M2003,ACCT100075,DST300081,2026-01-12 09:23:00,241961,100740,10000,0,200
T1023,M2017,ACCT100075,DST300161,2026-01-12 10:24:00,242577,104135,10000,0,200
T1023,M2016,ACCT100075,DST300086,2026-01-12 10:48:00,1269206,104288,10000,0,200
T1023,M2011,ACCT100075,DST300179,2026-01-12 11:25:00,214994,103434,400000,0,200
T1023,M2011,ACCT100075,DST300171,2026-01-12 12:18:00,206290,104772,10000,0,200
T1023,M2016,ACCT100075,DST300003,2026-01-12 13:07:00,244118,101176,400000,0,200
T1023,M2002,ACCT100075,DST300011,2026-01-12 13:56:00,237919,101778,400000,0,200
T1023,M2000,ACCT100075,DST300073,2026-01-12 14:07:00,224227,102475,400000,0,200
T1023,M2017,ACCT100075,DST300098,2026-01-12 15:57:00,232561,104822,10000,0,200
T1023,M2000,ACCT100075,DST300035,2026-01-12 16:00:00,257278,102683,10000,0,200
T1023,M2016,ACCT100075,DST300077,2026-01-12 18:46:00,260868,102772,400000,68,200
T1020,M2002,ACCT100076,DST300158,2026-01-18 23:55:00,68921,100467,400000,0,200
T1020,M2008,ACCT100076,DST300177,2026-01-19 02:25:00,117252,100886,400000,0,200
T1020,M2018,ACCT100076,DST300089,2026-01-19 05:37:00,85256,101418,10000,0,200
T1020,M2000,ACCT100076,DST300019,2026-01-19 08:39:00,95277,102074,10000,0,200
T1020,M2014,ACCT100076,DST300158,2026-01-19 10:23:00,74229,102233,10000,0,200
T1020,M2017,ACCT100076,DST300181,2026-01-19 10:49:00,73012,102439,400000,0,200
T1020,M2008,ACCT100076,DST300165,2026-01-19 12:22:00,77895,102551,10000,51,200
T1020,M2012,ACCT100076,DST300022,2026-01-19 15:43:00,106554,102592,10000,0,200
T1020,M2010,ACCT100076,DST300076,2026-01-19 15:48:00,73355,102714,10000,0,200
T1020,M2001,ACCT100076,DST300181,2026-01-19 15:50:00,69077,102774,10000,0,200
T1020,M2015,ACCT100076,DST300163,2026-01-19 18:27:00,70798,102870,400000,0,200
T1020,M2009,ACCT100076,DST300143,2026-01-19 19:43:00,114806,103262,10000,0,200
T1020,M2004,ACCT100076,DST300196,2026-01-19 22:54:00,70298,103584,10000,0,200
T1020,M2012,ACCT100076,DST300032,2026-01-19 22:55:00,66336,103631,400000,51,200
T1020,M2017,ACCT100076,DST300140,2026-01-19 23:53:00,36415,103734,400000,0,200
T1020,M2000,ACCT100076,DST300135,2026-01-19 23:55:00,53944,103742,10000,0,200
T1020,M2015,ACCT100076,DST300055,2026-01-20 00:43:00,122503,104133,10000,0,200
T1020,M2016,ACCT100076,DST300088,2026-01-20 04:03:00,89655,104230,400000,0,200
T1020,M2004,ACCT100076,DST300181,2026-01-20 05:00:00,72286,104792,400000,0,200
T1000,M2007,ACCT100077,DST300112,2026-01-05 17:43:00,76119,100629,10000,0,200
T1000,M2018,ACCT100077,DST300086,2026-01-05 19:02:00,60939,100932,10000,0,200
T1000,M2014,ACCT100077,DST300191,2026-01-05 22:35:00,120536,100942,400000,0,200
T1000,M2006,ACCT100077,DST300101,2026-01-05 23:48:00,84990,101148,400000,0,200
T1000,M2008,ACCT100077,DST300002,2026-01-06 00:49:00,130146,101453,10000,0,200
T1000,M2007,ACCT100077,DST300035,2026-01-06 02:39:00,75715,101508,10000,0,200
T1000,M2003,ACCT100077,DST300019,2026-01-06 05:06:00,61992,102009,400000,0,200
T1000,M2019,ACCT100077,DST300144,2026-01-06 07:49:00,37273,102124,400000,0,200
T1000,M2015,ACCT100077,DST300124,2026-01-06 10:06:00,57227,102208,400000,0,200
T1000,M2001,ACCT100077,DST300013,2026-01-06 11:30:00,79453,102472,10000,0,200
T1000,M2014,ACCT100077,DST300084,2026-01-06 13:53:00,20000,102550,10000,0,200
T1000,M2008,ACCT100077,DST300057,2026-01-06 16:27:00,81818,102631,400000,0,200
T1000,M2015,ACCT100077,DST300002,2026-01-06 19:51:00,77225,102899,10000,0,200
T1000,M2014,ACCT100077,DST300008,2026-01-06 23:15:00,89942,103655,10000,0,200
T1000,M2015,ACCT100077,DST300095,2026-01-07 03:04:00,104684,103664,400000,0,200
T1000,M2004,ACCT100077,DST300061,2026-01-07 06:29:00,104291,103932,10000,0,200
T1000,M2003,ACCT100077,DST300001,2026-01-07 09:53:00,96931,104321,10000,0,200
T1000,M2000,ACCT100077,DST300134,2026-01-07 10:22:00,90430,104404,400000,0,200
T1000,M2011,ACCT100077,DST300056,2026-01-07 11:05:00,56100,104866,10000,0,200
T1000,M2015,ACCT100078,DST300008,2026-01-02 01:55:00,196386,101695,10000,0,200
T1000,M2012,ACCT100078,DST300068,2026-01-02 05:04:00,210913,101805,10000,0,200
T1000,M2005,ACCT100078,DST300079,2026-01-02 05:33:00,189867,102077,400000,0,200
T1000,M2018,ACCT100078,DST300112,2026-01-02 05:52:00,209114,102860,400000,68,200
T1000,M2005,ACCT100078,DST300071,2026-01-02 07:47:00,215298,100365,400000,0,200
T1000,M2011,ACCT100078,DST300156,2026-01-02 08:30:00,208644,103011,10000,0,200
T1000,M2001,ACCT100078,DST300194,2026-01-02 08:31:00,223916,103736,300000,55,200
T1000,M2001,ACCT100078,DST300108,2026-01-02 08:32:00,206318,103737,300000,55,200
T1000,M2008,ACCT100078,DST300005,2026-01-02 08:33:00,196853,103738,300000,55,200
T1000,M2009,ACCT100078,DST300057,2026-01-02 10:02:00,223351,100548,400000,0,200
T1000,M2019,ACCT100078,DST300031,2026-01-02 11:32:00,208237,103800,10000,0,200
T1000,M2006,ACCT100078,DST300079,2026-01-02 13:42:00,204180,100733,400000,0,200
T1000,M2004,ACCT100078,DST300142,2026-01-02 15:56:00,209197,100783,10000,0,200
T1000,M2016,ACCT100078,DST300129,2026-01-02 16:57:00,198977,100848,10000,0,200
T1000,M2002,ACCT100078,DST300017,2026-01-02 19:43:00,187408,100983,400000,0,200
T1000,M2009,ACCT100078,DST300063,2026-01-02 21:38:00,232441,101539,10000,0,200
T1000,M2015,ACCT100078,DST300100,2026-01-02 22:23:00,233777,101650,10000,0,200
T1000,M2017,ACCT100078,DST300061,2026-01-02 22:50:00,201535,101680,10000,0,200
T1003,M2013,ACCT100079,DST300181,2026-01-17 01:56:00,161878,100128,10000,0,200
T1003,M2013,ACCT100079,DST300125,2026-01-17 03:43:00,182343,101459,10000,0,200
T1003,M2011,ACCT100079,DST300010,2026-01-17 03:46:00,204615,100318,400000,51,200
T1003,M2009,ACCT100079,DST300089,2026-01-17 04:01:00,169896,100403,10000,0,200
T1003,M2007,ACCT100079,DST300083,2026-01-17 07:29:00,182769,101486,400000,68,200
T1003,M2019,ACCT100079,DST300104,2026-01-17 07:37:00,159894,101072,10000,0,200
T1003,M2008,ACCT100079,DST300060,2026-01-17 07:54:00,187078,102388,400000,0,200
T1003,M2008,ACCT100079,DST300130,2026-01-17 09:11:00,188561,102545,10000,0,200
T1003,M2014,ACCT100079,DST300025,2026-01-17 09:23:00,188858,100008,10000,0,200
T1003,M2015,ACCT100079,DST300007,2026-01-17 09:40:00,203858,101257,400000,0,200
T1003,M2013,ACCT100079,DST300009,2026-01-17 10:58:00,205027,102809,400000,0,200
T1003,M2003,ACCT100079,DST300079,2026-01-17 12:38:00,137095,102905,400000,0,200
T1003,M2007,ACCT100079,DST300042,2026-01-17 15:47:00,175305,102977,10000,51,200
T1003,M2012,ACCT100079,DST300089,2026-01-17 17:46:00,200802,103000,400000,0,200
T1003,M2010,ACCT100079,DST300157,2026-01-17 21:02:00,171503,103273,400000,0,200
T1003,M2007,ACCT100079,DST300066,2026-01-17 22:32:00,164064,103660,10000,68,200
T1003,M2004,ACCT100079,DST300154,2026-01-18 00:31:00,194754,103775,10000,0,200
T1003,M2001,ACCT100079,DST300199,2026-01-18 01:57:00,157956,104719,10000,0,200
T1009,M2014,ACCT100080,DST300136,2026-01-07 11:05:00,300854,100179,400000,0,200
T1009,M2006,ACCT100080,DST300104,2026-01-07 14:32:00,265578,100398,10000,0,200
T1009,M2001,ACCT100080,DST300154,2026-01-07 16:08:00,310330,100505,400000,0,200
T1009,M2005,ACCT100080,DST300003,2026-01-07 19:14:00,290138,100515,400000,0,200
T1009,M2000,ACCT100080,DST300064,2026-01-07 21:10:00,313272,101028,400000,0,200
T1009,M2017,ACCT100080,DST300153,2026-01-07 23:02:00,334218,101371,10000,0,200
T1009,M2008,ACCT100080,DST300033,2026-01-08 01:37:00,329334,101710,10000,0,200
T1009,M2015,ACCT100080,DST300194,2026-01-08 03:50:00,277329,103547,10000,0,200
T1009,M2004,ACCT100080,DST300069,2026-01-08 04:57:00,294091,103632,10000,0,200
T1009,M2017,ACCT100080,DST300010,2026-01-08 07:43:00,316985,103928,400000,0,200
T1009,M2001,ACCT100080,DST300029,2026-01-08 07:46:00,286615,104007,10000,0,200
T1009,M2007,ACCT100080,DST300066,2026-01-08 09:46:00,288611,104340,10000,0,200
T1009,M2013,ACCT100080,DST300091,2026-01-08 13:41:00,334499,104636,400000,0,200
T1009,M2008,ACCT100080,DST300004,2026-01-08 15:29:00,260239,104903,10000,0,200
T1000,M2004,ACCT100081,DST300153,2026-01-01 01:47:00,170413,100561,400000,51,200
T1000,M2017,ACCT100081,DST300111,2026-01-01 05:12:00,183826,100818,10000,0,200
T1000,M2005,ACCT100081,DST300034,2026-01-01 05:39:00,146181,100833,400000,0,200
T1000,M2002,ACCT100081,DST300129,2026-01-01 08:26:00,158515,101468,400000,0,200
T1000,M2006,ACCT100081,DST300152,2026-01-01 09:54:00,177934,101786,10000,0,200
T1000,M2015,ACCT100081,DST300062,2026-01-01 12:37:00,172745,102069,400000,0,200
T1000,M2016,ACCT100081,DST300049,2026-01-01 12:57:00,135537,102120,10000,0,200
T1000,M2013,ACCT100081,DST300093,2026-01-01 14:29:00,767321,100286,10000,0,200
T1000,M2003,ACCT100081,DST300156,2026-01-01 15:39:00,205143,102638,10000,0,200
T1000,M2016,ACCT100081,DST300187,2026-01-01 16:04:00,157311,102705,10000,0,200
T1000,M2007,ACCT100081,DST300041,2026-01-01 16:17:00,113751,100356,10000,68,200
T1000,M2000,ACCT100081,DST300042,2026-01-01 18:30:00,158362,103182,400000,0,200
T1000,M2008,ACCT100081,DST300127,2026-01-01 19:48:00,144303,103242,400000,0,200
T1000,M2013,ACCT100081,DST300035,2026-01-01 20:07:00,151098,103426,10000,0,200
T1000,M2008,ACCT100081,DST300179,2026-01-01 20:54:00,132078,103437,10000,0,200
T1000,M2012,ACCT100081,DST300073,2026-01-01 23:56:00,150691,104129,400000,0,200
T1000,M2012,ACCT100081,DST300069,2026-01-02 01:24:00,162426,104281,10000,0,200
T1000,M2015,ACCT100081,DST300039,2026-01-02 03:34:00,206657,104317,400000,0,200
T1000,M2010,ACCT100081,DST300185,2026-01-02 03:40:00,1259409,104552,10000,0,200
T1000,M2005,ACCT100081,DST300045,2026-01-02 06:32:00,201403,104790,400000,0,200
T1000,M2019,ACCT100081,DST300074,2026-01-02 09:59:00,161116,104845,400000,0,200
T1015,M2011,ACCT100082,DST300148,2026-01-14 03:39:00,226155,100563,400000,0,200
T1015,M2003,ACCT100082,DST300024,2026-01-14 05:43:00,231878,101884,10000,51,200
T1015,M2009,ACCT100082,DST300057,2026-01-14 06:07:00,207666,101929,10000,0,200
T1015,M2012,ACCT100082,DST300054,2026-01-14 07:07:00,240151,102296,400000,0,200
T1015,M2006,ACCT100082,DST300085,2026-01-14 08:31:00,175614,102741,10000,0,200
T1015,M2002,ACCT100082,DST300072,2026-01-14 10:48:00,219621,103508,10000,0,200
T1015,M2009,ACCT100082,DST300044,2026-01-14 14:08:00,271228,103989,400000,0,200
T1015,M2011,ACCT100082,DST300075,2026-01-14 16:11:00,292763,104895,400000,0,200
T1015,M2008,ACCT100082,DST300014,2026-01-14 19:18:00,259566,104984,400000,0,200
T1012,M2017,ACCT100083,DST300106,2026-01-05 00:20:00,371307,100021,10000,0,200
T1012,M2008,ACCT100083,DST300091,2026-01-05 00:21:00,361994,100520,300000,55,200
T1012,M2019,ACCT100083,DST300125,2026-01-05 00:22:00,320345,100521,300000,55,200
T1012,M2006,ACCT100083,DST300066,2026-01-05 02:14:00,379719,100693,10000,0,200
T1012,M2015,ACCT100083,DST300166,2026-01-05 04:58:00,362992,100829,400000,0,200
T1012,M2006,ACCT100083,DST999999,2026-01-05 05:00:00,310052,100957,400000,0,200
T1012,M2006,ACCT100083,DST999999,2026-01-05 05:02:00,381074,100958,400000,0,200
T1012,M2008,ACCT100083,DST999999,2026-01-05 05:04:00,341875,100959,400000,0,200
T1012,M2018,ACCT100083,DST300176,2026-01-05 05:07:00,344662,101068,10000,0,200
T1012,M2010,ACCT100083,DST300111,2026-01-05 07:39:00,337040,102340,10000,0,200
T1012,M2012,ACCT100083,DST300193,2026-01-05 07:40:00,367054,102943,400000,0,200
T1012,M2004,ACCT100083,DST300087,2026-01-05 08:28:00,367526,103674,10000,0,200
T1012,M2000,ACCT100083,DST300032,2026-01-05 12:06:00,371716,104375,10000,0,200
T1012,M2001,ACCT100083,DST300001,2026-01-05 15:52:00,326299,104449,400000,0,200
T1007,M2008,ACCT100084,DST300102,2026-01-14 01:44:00,118725,100092,400000,0,200
T1006,M2006,ACCT100084,DST300117,2026-01-14 02:07:00,96799,104992,10000,0,200
T1006,M2003,ACCT100084,DST300062,2026-01-14 03:36:00,97571,100341,400000,0,200
T1007,M2005,ACCT100084,DST300140,2026-01-14 04:02:00,100133,100093,400000,0,200
T1006,M2012,ACCT100084,DST300125,2026-01-14 04:03:00,61261,100188,10000,0,200
T1006,M2003,ACCT100084,DST300153,2026-01-14 04:03:00,100490,100428,10000,0,200
T1006,M2011,ACCT100084,DST300052,2026-01-14 04:29:00,56726,100718,10000,0,200
T1006,M2009,ACCT100084,DST300102,2026-01-14 05:21:00,95036,102046,10000,0,200
T1006,M2004,ACCT100084,DST300170,2026-01-14 08:53:00,57900,102121,10000,0,200
T1006,M2016,ACCT100084,DST300003,2026-01-14 10:50:00,74623,102734,10000,0,200
T1006,M2018,ACCT100084,DST300102,2026-01-14 11:36:00,57575,103135,400000,0,200
T1006,M2018,ACCT100084,DST300172,2026-01-14 12:04:00,72087,104307,10000,0,200
T1006,M2004,ACCT100084,DST300018,2026-01-14 15:46:00,66913,104345,10000,0,200
T1006,M2008,ACCT100084,DST300115,2026-01-14 15:47:00,98732,104511,300000,55,200
T1006,M2000,ACCT100084,DST300074,2026-01-14 15:48:00,102252,104512,300000,55,200
T1006,M2017,ACCT100084,DST300173,2026-01-14 17:23:00,55469,104591,400000,0,200
T1006,M2011,ACCT100084,DST300074,2026-01-14 19:17:00,111199,104722,10000,51,200
T1006,M2008,ACCT100084,DST300198,2026-01-14 19:57:00,107786,104935,400000,68,200
T1015,M2015,ACCT100085,DST300059,2026-01-19 04:42:00,253474,102459,400000,0,200
T1015,M2001,ACCT100085,DST300185,2026-01-19 05:01:00,248180,103635,400000,0,200
T1015,M2000,ACCT100085,DST300141,2026-01-19 06:05:00,258240,103680,400000,0,200
T1015,M2017,ACCT100085,DST300071,2026-01-19 10:02:00,234321,104611,10000,0,200
T1015,M2000,ACCT100085,DST300015,2026-01-19 10:31:00,226714,104940,10000,0,200
T1015,M2012,ACCT100085,DST300100,2026-01-19 12:16:00,234584,100937,400000,0,200
T1015,M2015,ACCT100085,DST300150,2026-01-19 13:04:00,240212,101274,10000,0,200
T1015,M2017,ACCT100085,DST300181,2026-01-19 15:17:00,210175,101334,10000,0,200
T1015,M2009,ACCT100085,DST300139,2026-01-19 16:16:00,231925,101408,400000,0,200
T1015,M2008,ACCT100085,DST300197,2026-01-19 18:38:00,246083,101715,400000,0,200
T1015,M2001,ACCT100085,DST300100,2026-01-19 20:54:00,259915,102207,400000,51,200
T1016,M2002,ACCT100086,DST300166,2026-01-14 01:23:00,304263,100527,400000,0,200
T1016,M2007,ACCT100086,DST300088,2026-01-14 04:17:00,361451,100931,10000,0,200
T1016,M2011,ACCT100086,DST300179,2026-01-14 06:52:00,324105,100353,400000,0,200
T1016,M2005,ACCT100086,DST300104,2026-01-14 08:12:00,322278,101190,400000,0,200
T1016,M2010,ACCT100086,DST300056,2026-01-14 11:24:00,307347,101317,10000,0,200
T1016,M2017,ACCT100086,DST300106,2026-01-14 13:34:00,318181,101355,400000,51,200
T1016,M2016,ACCT100086,DST300135,2026-01-14 16:16:00,318995,101419,10000,0,200
T1016,M2018,ACCT100086,DST300072,2026-01-14 16:18:00,320711,101458,400000,0,200
T1016,M2003,ACCT100086,DST300133,2026-01-14 17:55:00,309493,101537,10000,0,200
T1016,M2006,ACCT100086,DST300133,2026-01-14 21:41:00,339308,102143,400000,0,200
T1016,M2005,ACCT100086,DST300104,2026-01-14 22:07:00,371656,102200,10000,0,200
T1016,M2010,ACCT100086,DST300142,2026-01-15 01:53:00,265117,102330,10000,0,200
T1016,M2008,ACCT100086,DST300022,2026-01-15 02:09:00,399887,103280,10000,0,200
T1016,M2017,ACCT100086,DST300031,2026-01-15 03:26:00,342328,102659,400000,0,200
T1016,M2007,ACCT100086,DST300145,2026-01-15 03:32:00,362881,104158,400000,0,200
T1016,M2000,ACCT100086,DST300035,2026-01-15 04:28:00,360186,103382,10000,0,200
T1016,M2006,ACCT100086,DST300163,2026-01-15 04:35:00,382593,103112,10000,0,200
T1016,M2010,ACCT100086,DST300052,2026-01-15 04:59:00,305699,104574,400000,0,200
T1016,M2017,ACCT100086,DST300170,2026-01-15 05:19:00,371291,104620,10000,0,200
T1016,M2011,ACCT100086,DST300099,2026-01-15 06:10:00,377830,103493,400000,0,200
T1016,M2002,ACCT100086,DST300098,2026-01-15 08:54:00,333887,104986,10000,51,200
T1016,M2000,ACCT100086,DST300168,2026-01-15 09:30:00,324473,103910,400000,0,200
T1016,M2005,ACCT100086,DST300125,2026-01-15 09:32:00,345626,103929,400000,0,200
T1016,M2003,ACCT100086,DST300126,2026-01-15 10:41:00,355707,104118,10000,0,200
T1015,M2000,ACCT100087,DST300081,2026-01-05 14:53:00,82010,100820,400000,0,200
T1015,M2007,ACCT100087,DST300040,2026-01-05 16:08:00,72816,100838,400000,0,200
T1015,M2001,ACCT100087,DST300131,2026-01-05 18:55:00,88894,100986,400000,0,200
T1015,M2007,ACCT100087,DST300165,2026-01-05 19:29:00,94154,101256,10000,0,200
T1015,M2003,ACCT100087,DST300029,2026-01-05 19:53:00,55253,101584,10000,0,200
T1015,M2007,ACCT100087,DST300185,2026-01-05 20:00:00,668718,101590,10000,0,200
T1015,M2012,ACCT100087,DST300123,2026-01-05 23:25:00,84039,102079,400000,0,200
T1015,M2011,ACCT100087,DST300039,2026-01-06 01:51:00,84739,102840,10000,0,200
T1015,M2016,ACCT100087,DST300085,2026-01-06 02:48:00,128652,102319,400000,0,200
T1015,M2016,ACCT100087,DST300078,2026-01-06 04:25:00,63977,104437,400000,0,200
T1015,M2012,ACCT100087,DST300125,2026-01-06 06:07:00,96002,104459,400000,0,200
T1015,M2018,ACCT100087,DST300111,2026-01-06 10:06:00,79727,104508,400000,0,200
T1019,M2012,ACCT100088,DST300109,2026-01-01 03:32:00,131612,100426,400000,0,200
T1019,M2018,ACCT100088,DST300038,2026-01-01 04:19:00,140263,100777,400000,0,200
T1019,M2006,ACCT100088,DST300083,2026-01-01 07:03:00,170555,101121,400000,0,200
T1019,M2004,ACCT100088,DST300188,2026-01-01 08:07:00,164346,102144,400000,0,200
T1019,M2003,ACCT100088,DST300044,2026-01-01 08:27:00,160130,103094,400000,51,200
T1019,M2001,ACCT100088,DST300008,2026-01-01 08:58:00,143238,103223,10000,0,200
T1019,M2007,ACCT100088,DST300003,2026-01-01 10:18:00,165254,103412,400000,0,200
T1019,M2007,ACCT100088,DST300079,2026-01-01 12:44:00,141265,103718,10000,0,200
T1019,M2019,ACCT100088,DST300044,2026-01-01 13:20:00,117636,104029,10000,0,200
T1029,M2007,ACCT100088,DST300083,2026-01-01 13:22:00,136256,104328,10000,0,200
T1029,M2002,ACCT100088,DST300094,2026-01-01 15:50:00,126380,104941,10000,0,200
T1019,M2007,ACCT100088,DST300172,2026-01-01 18:33:00,142651,100250,10000,0,200
T1019,M2001,ACCT100088,DST300092,2026-01-01 18:35:00,157813,100363,400000,0,200
T1024,M2008,ACCT100089,DST300067,2026-01-05 03:18:00,366619,100085,400000,0,200
T1024,M2006,ACCT100089,DST300044,2026-01-05 04:02:00,342624,100075,10000,68,200
T1024,M2017,ACCT100089,DST300111,2026-01-05 06:08:00,356355,100334,400000,0,200
T1024,M2015,ACCT100089,DST300144,2026-01-05 07:30:00,335163,100374,10000,0,200
T1024,M2017,ACCT100089,DST300189,2026-01-05 07:37:00,331229,100487,400000,0,200
T1024,M2008,ACCT100089,DST300002,2026-01-05 08:40:00,340801,100774,400000,0,200
T1024,M2015,ACCT100089,DST300010,2026-01-05 12:30:00,335878,100826,10000,0,200
T1024,M2004,ACCT100089,DST300109,2026-01-05 14:15:00,316655,100952,400000,0,200
T1024,M2008,ACCT100089,DST300187,2026-01-05 16:42:00,288375,101281,400000,0,200
T1024,M2008,ACCT100089,DST300198,2026-01-05 17:44:00,345320,101752,400000,0,200
T1024,M2013,ACCT100089,DST300070,2026-01-05 18:58:00,347575,102017,400000,0,200
T1024,M2004,ACCT100089,DST300177,2026-01-05 19:08:00,313460,102298,10000,0,200
T1024,M2002,ACCT100089,DST300193,2026-01-05 22:55:00,344903,102923,400000,0,200
T1024,M2018,ACCT100089,DST300020,2026-01-06 01:07:00,287428,104855,400000,0,200
T1018,M2012,ACCT100090,DST300093,2026-01-05 02:18:00,294404,100714,400000,0,200
T1018,M2016,ACCT100090,DST300110,2026-01-05 03:35:00,270681,100844,10000,0,200
T1018,M2012,ACCT100090,DST300002,2026-01-05 03:58:00,309719,103530,10000,0,200
T1018,M2010,ACCT100090,DST300061,2026-01-05 04:52:00,326964,104968,400000,68,200
T1018,M2005,ACCT100090,DST300142,2026-01-05 06:30:00,299104,104190,10000,0,200
T1018,M2018,ACCT100090,DST300054,2026-01-05 06:51:00,309442,101135,400000,0,200
T1018,M2007,ACCT100090,DST300133,2026-01-05 07:00:00,284448,104202,10000,0,200
T1018,M2019,ACCT100090,DST300197,2026-01-05 07:01:00,336044,104542,10000,0,200
T1018,M2009,ACCT100090,DST300053,2026-01-05 07:02:00,305015,101379,10000,0,200
T1018,M2003,ACCT100090,DST300169,2026-01-05 07:11:00,288201,101841,400000,0,200
T1018,M2011,ACCT100090,DST300158,2026-01-05 08:03:00,287382,102112,400000,0,200
T1018,M2019,ACCT100090,DST300009,2026-01-05 09:25:00,250275,102316,400000,0,200
T1018,M2017,ACCT100090,DST300122,2026-01-05 10:14:00,293321,102394,10000,0,200
T1018,M2017,ACCT100090,DST300051,2026-01-05 10:16:00,287888,102940,10000,0,200
T1018,M2018,ACCT100090,DST300168,2026-01-05 11:44:00,268757,100198,400000,0,200
T1009,M2013,ACCT100091,DST300067,2026-01-18 16:30:00,96782,100364,10000,0,200
T1009,M2001,ACCT100091,DST300120,2026-01-18 19:16:00,121348,100973,10000,0,200
T1009,M2012,ACCT100091,DST300106,2026-01-18 21:16:00,64518,101046,10000,0,200
T1009,M2019,ACCT100091,DST300085,2026-01-19 00:59:00,116588,101200,10000,0,200
T1009,M2011,ACCT100091,DST300174,2026-01-19 02:47:00,135829,101439,400000,51,200
T1009,M2000,ACCT100091,DST300061,2026-01-19 04:01:00,132347,101482,400000,0,200
T1009,M2018,ACCT100091,DST300110,2026-01-19 05:09:00,127306,101887,10000,0,200
T1009,M2002,ACCT100091,DST300164,2026-01-19 06:20:00,112794,102525,400000,0,200
T1009,M2007,ACCT100091,DST300044,2026-01-19 07:48:00,115899,102892,10000,0,200
T1009,M2002,ACCT100091,DST300021,2026-01-19 10:38:00,95095,104240,400000,0,200
T1009,M2012,ACCT100091,DST300113,2026-01-19 12:33:00,147672,104597,10000,0,200
T1009,M2004,ACCT100091,DST300002,2026-01-19 13:06:00,105647,104616,10000,0,200
T1014,M2012,ACCT100092,DST300157,2026-01-15 22:11:00,143624,100299,10000,0,200
T1014,M2011,ACCT100092,DST300185,2026-01-15 22:36:00,176266,101785,400000,0,200
T1014,M2004,ACCT100092,DST300009,2026-01-16 00:31:00,169441,102370,10000,0,200
T1014,M2006,ACCT100092,DST300152,2026-01-16 02:45:00,162775,104360,400000,0,200
T1014,M2002,ACCT100092,DST300198,2026-01-16 03:20:00,135010,104472,400000,0,200
T1014,M2018,ACCT100092,DST300078,2026-01-16 03:29:00,148944,102782,10000,0,200
T1014,M2003,ACCT100092,DST300123,2026-01-16 05:17:00,202120,104485,400000,0,200
T1014,M2012,ACCT100092,DST300116,2026-01-16 06:07:00,187286,103097,10000,0,200
T1014,M2011,ACCT100092,DST300173,2026-01-16 06:08:00,187928,103126,300000,55,200
T1014,M2009,ACCT100092,DST300136,2026-01-16 06:09:00,157469,103127,300000,55,200
T1014,M2001,ACCT100092,DST300091,2026-01-16 06:10:00,164558,103128,300000,55,200
T1014,M2009,ACCT100092,DST300198,2026-01-16 08:21:00,183818,104669,10000,0,200
T1014,M2007,ACCT100092,DST300005,2026-01-16 09:10:00,164151,103429,10000,0,200
T1014,M2006,ACCT100092,DST300010,2026-01-16 09:46:00,139604,103587,10000,0,200
T1014,M2006,ACCT100092,DST300196,2026-01-16 11:37:00,159471,103662,400000,0,200
T1014,M2000,ACCT100092,DST300049,2026-01-16 12:05:00,846052,103827,10000,0,200
T1014,M2014,ACCT100092,DST300191,2026-01-16 12:35:00,176571,104159,400000,0,200
T1005,M2006,ACCT100093,DST300191,2026-01-20 12:07:00,169154,100013,400000,0,200
T1005,M2000,ACCT100093,DST300098,2026-01-20 15:10:00,167261,100303,10000,0,200
T1005,M2000,ACCT100093,DST300155,2026-01-20 17:24:00,193935,100898,400000,0,200
T1005,M2012,ACCT100093,DST300037,2026-01-20 19:46:00,150408,100984,400000,0,200
T1005,M2017,ACCT100093,DST300141,2026-01-20 22:04:00,193204,101547,10000,0,200
T1005,M2006,ACCT100093,DST300104,2026-01-21 01:17:00,176536,101717,10000,0,200
T1005,M2004,ACCT100093,DST300037,2026-01-21 01:58:00,143157,101753,400000,0,200
T1005,M2003,ACCT100093,DST300104,2026-01-21 02:08:00,165473,101958,10000,0,200
T1005,M2000,ACCT100093,DST300007,2026-01-21 03:21:00,169181,102142,400000,0,200
T1005,M2014,ACCT100093,DST300178,2026-01-21 07:04:00,175168,102222,10000,0,200
T1005,M2014,ACCT100093,DST999999,2026-01-21 07:06:00,172635,102616,400000,0,200
T1005,M2005,ACCT100093,DST999999,2026-01-21 07:08:00,184003,102617,400000,0,200
T1005,M2012,ACCT100093,DST999999,2026-01-21 07:10:00,169699,102618,400000,0,200
T1005,M2011,ACCT100093,DST300096,2026-01-21 10:55:00,155396,102628,10000,0,200
T1005,M2002,ACCT100093,DST300176,2026-01-21 13:04:00,208463,103235,10000,51,200
T1005,M2006,ACCT100093,DST300179,2026-01-21 16:54:00,199223,103241,400000,68,200
T1005,M2002,ACCT100093,DST300021,2026-01-21 17:53:00,149214,103245,400000,0,200
T1005,M2002,ACCT100093,DST300021,2026-01-21 19:13:00,190548,103319,10000,0,200
T1005,M2002,ACCT100093,DST300106,2026-01-21 20:34:00,185260,104978,10000,0,200
T1026,M2004,ACCT100094,DST300089,2026-01-06 02:50:00,317461,100162,10000,0,200
T1026,M2010,ACCT100094,DST300104,2026-01-06 02:51:00,268986,100681,300000,55,200
T1026,M2006,ACCT100094,DST300029,2026-01-06 02:52:00,262449,100682,300000,55,200
T1026,M2010,ACCT100094,DST300043,2026-01-06 04:39:00,239634,101294,10000,0,200
T1026,M2002,ACCT100094,DST300168,2026-01-06 07:25:00,236417,101415,400000,0,200
T1026,M2016,ACCT100094,DST300096,2026-01-06 08:54:00,209064,102037,10000,0,200
T1026,M2017,ACCT100094,DST300015,2026-01-06 11:39:00,231506,103385,400000,0,200
T1026,M2010,ACCT100094,DST300079,2026-01-06 11:57:00,242920,103451,10000,0,200
T1026,M2016,ACCT100094,DST300059,2026-01-06 12:40:00,258773,103646,400000,0,200
T1026,M2003,ACCT100094,DST300068,2026-01-06 16:16:00,197730,103675,10000,0,200
T1026,M2019,ACCT100094,DST300113,2026-01-06 19:03:00,279573,104148,400000,0,200
T1026,M2013,ACCT100094,DST300047,2026-01-06 19:20:00,270428,100108,400000,0,200
T1008,M2004,ACCT100095,DST300013,2026-01-06 17:17:00,320186,100605,10000,0,200
T1008,M2011,ACCT100095,DST300022,2026-01-06 18:50:00,325739,100902,400000,0,200
T1008,M2015,ACCT100095,DST300057,2026-01-06 19:37:00,368427,100963,400000,0,200
T1008,M2018,ACCT100095,DST300079,2026-01-06 20:42:00,358197,101003,400000,0,200
T1008,M2009,ACCT100095,DST300193,2026-01-06 22:23:00,325121,101042,10000,0,200
T1008,M2012,ACCT100095,DST300160,2026-01-06 22:26:00,335611,101217,10000,0,200
T1008,M2011,ACCT100095,DST300004,2026-01-06 22:56:00,276098,101427,400000,0,200
T1008,M2006,ACCT100095,DST300122,2026-01-07 00:49:00,340736,101716,400000,0,200
T1008,M2010,ACCT100095,DST300094,2026-01-07 03:01:00,293536,101756,10000,0,200
T1008,M2018,ACCT100095,DST300133,2026-01-07 03:47:00,330294,101732,10000,0,200
T1008,M2013,ACCT100095,DST300131,2026-01-07 03:48:00,297303,101834,10000,0,200
T1008,M2002,ACCT100095,DST300177,2026-01-07 06:52:00,308144,101927,400000,0,200
T1008,M2016,ACCT100095,DST300158,2026-01-07 07:40:00,301405,102002,10000,0,200
T1008,M2009,ACCT100095,DST300105,2026-01-07 09:55:00,327047,102083,400000,0,200
T1008,M2019,ACCT100095,DST300183,2026-01-07 09:56:00,319859,102305,300000,55,200
T1008,M2010,ACCT100095,DST300044,2026-01-07 09:57:00,307612,102306,300000,55,200
T1008,M2017,ACCT100095,DST300013,2026-01-07 09:58:00,262197,102307,300000,55,200
T1008,M2006,ACCT100095,DST300192,2026-01-07 09:59:00,298471,102308,300000,55,200
T1008,M2005,ACCT100095,DST300028,2026-01-07 10:58:00,322621,102764,400000,0,200
T1008,M2014,ACCT100095,DST300127,2026-01-07 11:30:00,325725,103138,400000,0,200
T1008,M2003,ACCT100095,DST300121,2026-01-07 13:48:00,355050,104141,400000,0,200
T1008,M2007,ACCT100095,DST300063,2026-01-07 16:40:00,317272,104601,400000,68,200
T1004,M2006,ACCT100096,DST300027,2026-01-03 21:50:00,131444,100143,400000,0,200
T1004,M2015,ACCT100096,DST300067,2026-01-04 00:36:00,126839,100187,400000,0,200
T1026,M2013,ACCT100096,DST300141,2026-01-04 00:41:00,126666,100191,10000,0,200
T1026,M2002,ACCT100096,DST300106,2026-01-04 01:24:00,116322,102623,400000,0,200
T1026,M2008,ACCT100096,DST300110,2026-01-04 02:56:00,125435,102801,400000,0,200
T1026,M2011,ACCT100096,DST300068,2026-01-04 03:35:00,127475,102841,400000,0,200
T1026,M2013,ACCT100096,DST300115,2026-01-04 04:03:00,123523,100446,10000,0,200
T1026,M2004,ACCT100096,DST300054,2026-01-04 04:40:00,119412,100625,400000,0,200
T1026,M2017,ACCT100096,DST300086,2026-01-04 05:02:00,170862,103998,10000,0,200
T1026,M2003,ACCT100096,DST300148,2026-01-04 06:38:00,173727,104136,400000,0,200
T1026,M2003,ACCT100096,DST300175,2026-01-04 06:56:00,90057,100723,400000,0,200
T1026,M2007,ACCT100096,DST300134,2026-01-04 08:11:00,155646,101386,400000,0,200
T1026,M2009,ACCT100096,DST300049,2026-01-04 08:50:00,128541,104191,400000,0,200
T1026,M2009,ACCT100096,DST300163,2026-01-04 09:07:00,163326,101893,400000,0,200
T1026,M2016,ACCT100096,DST300161,2026-01-04 10:19:00,169334,102263,400000,0,200
T1026,M2013,ACCT100096,DST300146,2026-01-04 11:45:00,145989,104208,10000,0,200
T1026,M2003,ACCT100096,DST300040,2026-01-04 12:05:00,160360,102612,400000,51,200
T1026,M2003,ACCT100096,DST300198,2026-01-04 14:50:00,125539,104500,400000,0,200
T1026,M2013,ACCT100096,DST300164,2026-01-04 16:16:00,160763,104671,400000,0,200
T1010,M2017,ACCT100097,DST300115,2026-01-20 15:37:00,196529,100316,400000,0,200
T1010,M2008,ACCT100097,DST300196,2026-01-20 16:14:00,156066,100381,10000,0,200
T1010,M2003,ACCT100097,DST300132,2026-01-20 17:42:00,147701,100891,400000,0,200
T1010,M2015,ACCT100097,DST300106,2026-01-20 21:09:00,124156,100999,400000,0,200
T1010,M2017,ACCT100097,DST300038,2026-01-20 21:25:00,161549,101000,400000,0,200
T1010,M2014,ACCT100097,DST300022,2026-01-20 23:55:00,170355,101128,10000,0,200
T1010,M2006,ACCT100097,DST300112,2026-01-21 01:11:00,158924,101267,10000,0,200
T1010,M2011,ACCT100097,DST300151,2026-01-21 01:31:00,161762,101365,10000,51,200
T1010,M2011,ACCT100097,DST300197,2026-01-21 01:55:00,172979,101489,10000,0,200
T1010,M2019,ACCT100097,DST300133,2026-01-21 04:17:00,145657,101725,10000,0,200
T1010,M2019,ACCT100097,DST300112,2026-01-21 08:01:00,183281,102127,10000,68,200
T1010,M2002,ACCT100097,DST300146,2026-01-21 10:35:00,136598,103066,400000,0,200
T1010,M2007,ACCT100097,DST300020,2026-01-21 11:12:00,158162,103131,10000,0,200
T1010,M2011,ACCT100097,DST300149,2026-01-21 12:38:00,121830,103331,10000,0,200
T1010,M2007,ACCT100097,DST300086,2026-01-21 15:14:00,197974,103648,400000,0,200
T1023,M2015,ACCT100098,DST300106,2026-01-16 12:49:00,275820,101009,400000,51,200
T1023,M2010,ACCT100098,DST300164,2026-01-16 15:58:00,303548,101381,400000,0,200
T1023,M2011,ACCT100098,DST300039,2026-01-16 16:10:00,290253,101383,400000,0,200
T1023,M2018,ACCT100098,DST300087,2026-01-16 19:00:00,292501,101678,10000,0,200
T1023,M2012,ACCT100098,DST300106,2026-01-16 20:27:00,325949,101719,400000,0,200
T1023,M2016,ACCT100098,DST300050,2026-01-16 21:39:00,333614,102268,10000,0,200
T1023,M2018,ACCT100098,DST300156,2026-01-16 21:42:00,351761,102849,10000,0,200
T1023,M2017,ACCT100098,DST300086,2026-01-17 00:39:00,297018,102937,400000,0,200
T1023,M2002,ACCT100098,DST300152,2026-01-17 02:33:00,345109,103454,10000,0,200
T1023,M2013,ACCT100098,DST300155,2026-01-17 04:11:00,311280,104442,400000,0,200
T1023,M2000,ACCT100098,DST300173,2026-01-17 04:12:00,285331,104473,300000,55,200
T1023,M2002,ACCT100098,DST300049,2026-01-17 04:13:00,294099,104474,300000,55,200
T1023,M2006,ACCT100098,DST300193,2026-01-17 04:14:00,324136,104475,300000,55,200
T1023,M2011,ACCT100098,DST300074,2026-01-17 05:53:00,307668,104819,400000,0,200
T1023,M2014,ACCT100098,DST300143,2026-01-17 07:06:00,301003,104996,400000,0,200
T1023,M2000,ACCT100099,DST300114,2026-01-19 10:58:00,205560,100212,400000,0,200
T1023,M2002,ACCT100099,DST300078,2026-01-19 11:01:00,175324,100246,10000,0,200
T1023,M2019,ACCT100099,DST300040,2026-01-19 14:31:00,199282,100339,400000,0,200
T1023,M2002,ACCT100099,DST300082,2026-01-19 17:16:00,219659,100695,10000,0,200
T1023,M2002,ACCT100099,DST300036,2026-01-19 20:45:00,184864,100728,10000,0,200
T1023,M2019,ACCT100099,DST300104,2026-01-19 23:20:00,164145,101318,10000,0,200
T1023,M2017,ACCT100099,DST300077,2026-01-20 02:39:00,236320,101338,400000,0,200
T1023,M2012,ACCT100099,DST300032,2026-01-20 05:30:00,194197,101585,400000,51,200
T1023,M2005,ACCT100099,DST300145,2026-01-20 05:38:00,199366,101811,10000,0,200
T1023,M2015,ACCT100099,DST300060,2026-01-20 06:26:00,204430,101888,400000,68,200
T1023,M2012,ACCT100099,DST300174,2026-01-20 07:28:00,169456,102852,400000,0,200
T1023,M2014,ACCT100099,DST300104,2026-01-20 10:43:00,207056,102986,10000,0,200
T1023,M2010,ACCT100099,DST300150,2026-01-20 14:24:00,192106,103882,400000,0,200
T1023,M2010,ACCT100099,DST300147,2026-01-20 15:01:00,178087,103959,400000,0,200
T1008,M2004,ACCT100100,DST300141,2026-01-12 03:13:00,22652,102126,400000,0,200
T1008,M2018,ACCT100100,DST300123,2026-01-12 04:13:00,69918,104410,400000,0,200
T1008,M2002,ACCT100100,DST300065,2026-01-12 06:01:00,36383,102133,10000,51,200
T1017,M2002,ACCT100100,DST300045,2026-01-12 07:11:00,62285,100007,400000,0,200
T1008,M2019,ACCT100100,DST300063,2026-01-12 07:13:00,65036,100378,10000,0,200
T1008,M2019,ACCT100100,DST300095,2026-01-12 07:18:00,59673,104569,10000,0,200
T1008,M2007,ACCT100100,DST300013,2026-01-12 07:58:00,45032,103376,400000,0,200
T1008,M2000,ACCT100100,DST300171,2026-01-12 08:12:00,101355,100608,10000,0,200
T1008,M2007,ACCT100100,DST300026,2026-01-12 08:25:00,52199,103523,10000,0,200
T1008,M2012,ACCT100100,DST300138,2026-01-12 09:19:00,75663,101496,400000,0,200
T1008,M2001,ACCT100100,DST300086,2026-01-12 10:00:00,20000,103607,10000,68,200
T1008,M2014,ACCT100100,DST300181,2026-01-12 10:10:00,39906,101846,10000,0,200
T1008,M2017,ACCT100100,DST300089,2026-01-12 10:21:00,41589,101889,10000,68,200
T1008,M2019,ACCT100100,DST300159,2026-01-12 13:38:00,44740,104344,10000,0,200
T1011,M2016,ACCT100101,DST300040,2026-01-10 03:48:00,81515,100430,10000,0,200
T1011,M2011,ACCT100101,DST300087,2026-01-10 04:17:00,69713,100501,400000,0,200
T1011,M2011,ACCT100101,DST300042,2026-01-10 05:38:00,48079,101856,400000,0,200
T1011,M2019,ACCT100101,DST300064,2026-01-10 08:13:00,55063,101959,400000,0,200
T1011,M2002,ACCT100101,DST300178,2026-01-10 12:00:00,102313,102284,400000,51,200
T1011,M2004,ACCT100101,DST300101,2026-01-10 12:53:00,61551,102835,10000,0,200
T1011,M2013,ACCT100101,DST300025,2026-01-10 13:42:00,96204,103710,10000,0,200
T1011,M2009,ACCT100101,DST300088,2026-01-10 14:58:00,50365,104192,400000,0,200
T1011,M2009,ACCT100101,DST300135,2026-01-10 17:15:00,92750,104447,10000,0,200
T1011,M2012,ACCT100101,DST300051,2026-01-10 18:51:00,62672,104814,400000,0,200
T1020,M2003,ACCT100102,DST300106,2026-01-14 02:56:00,318743,102291,400000,0,200
T1020,M2003,ACCT100102,DST300149,2026-01-14 05:45:00,331474,102339,10000,0,200
T1020,M2014,ACCT100102,DST300061,2026-01-14 07:47:00,314885,104241,10000,0,200
T1020,M2010,ACCT100102,DST300047,2026-01-14 09:23:00,299708,104780,10000,0,200
T1020,M2017,ACCT100102,DST300168,2026-01-14 11:06:00,327573,100019,400000,0,200
T1020,M2018,ACCT100102,DST300061,2026-01-14 12:12:00,331061,104977,10000,0,200
T1020,M2011,ACCT100102,DST300045,2026-01-14 13:59:00,325470,100966,10000,0,200
T1020,M2017,ACCT100102,DST300046,2026-01-14 15:10:00,289663,101497,10000,0,200
T1020,M2010,ACCT100102,DST300008,2026-01-14 15:13:00,336722,101519,400000,0,200
T1020,M2008,ACCT100102,DST300026,2026-01-14 16:00:00,282878,101603,10000,0,200
T1020,M2004,ACCT100102,DST300163,2026-01-14 16:31:00,346355,101604,10000,0,200
T1020,M2000,ACCT100102,DST300153,2026-01-14 19:11:00,307857,101774,10000,68,200
T1010,M2004,ACCT100103,DST300088,2026-01-12 01:38:00,222702,100982,400000,0,200
T1010,M2005,ACCT100103,DST300153,2026-01-12 01:46:00,319336,101071,400000,51,200
T1010,M2006,ACCT100103,DST300060,2026-01-12 03:35:00,253042,101815,400000,0,200
T1010,M2000,ACCT100103,DST300105,2026-01-12 05:16:00,237375,102191,400000,0,200
T1010,M2003,ACCT100103,DST300065,2026-01-12 05:28:00,232123,102205,400000,0,200
T1010,M2012,ACCT100103,DST300038,2026-01-12 09:15:00,261322,102647,10000,0,200
T1010,M2009,ACCT100103,DST300034,2026-01-12 09:45:00,238332,103100,400000,0,200
T1010,M2008,ACCT100103,DST300053,2026-01-12 12:57:00,209832,103395,10000,0,200
T1010,M2004,ACCT100103,DST300111,2026-01-12 14:45:00,260002,103440,10000,0,200
T1010,M2017,ACCT100103,DST300067,2026-01-12 14:47:00,213097,104184,10000,0,200
T1010,M2017,ACCT100103,DST300086,2026-01-12 16:49:00,259419,104296,10000,0,200
T1010,M2008,ACCT100103,DST300052,2026-01-12 19:24:00,240059,104700,400000,0,200
T1000,M2019,ACCT100104,DST300135,2026-01-15 10:20:00,107206,100472,10000,0,200
T1000,M2011,ACCT100104,DST300109,2026-01-15 11:58:00,140164,100636,10000,0,200
T1000,M2006,ACCT100104,DST300136,2026-01-15 12:55:00,140309,100762,10000,0,200
T1000,M2006,ACCT100104,DST300132,2026-01-15 16:00:00,137586,100909,10000,0,200
T1000,M2019,ACCT100104,DST300059,2026-01-15 16:36:00,130527,101023,10000,0,200
T1000,M2000,ACCT100104,DST300014,2026-01-15 20:28:00,134037,101055,400000,0,200
T1000,M2018,ACCT100104,DST300090,2026-01-15 20:30:00,122835,101380,400000,0,200
T1000,M2009,ACCT100104,DST300050,2026-01-15 20:53:00,124871,102230,400000,0,200
T1000,M2005,ACCT100104,DST300055,2026-01-16 00:44:00,168583,102359,400000,0,200
T1000,M2003,ACCT100104,DST300136,2026-01-16 02:42:00,279426,104720,10000,0,200
T1000,M2006,ACCT100104,DST300073,2026-01-16 03:31:00,131854,104582,10000,0,200
T1000,M2016,ACCT100104,DST300026,2026-01-16 03:33:00,109615,104911,400000,0,200
T1000,M2014,ACCT100104,DST300030,2026-01-16 04:44:00,134139,103347,400000,0,200
T1000,M2002,ACCT100104,DST300112,2026-01-16 06:51:00,148265,103779,400000,0,200
T1000,M2007,ACCT100104,DST300119,2026-01-16 10:00:00,132206,103833,10000,0,200
T1000,M2002,ACCT100104,DST300119,2026-01-16 10:01:00,132621,103908,10000,0,200
T1014,M2018,ACCT100105,DST300106,2026-01-03 23:15:00,256248,100267,10000,0,200
T1014,M2016,ACCT100105,DST300040,2026-01-04 00:02:00,252931,100460,400000,0,200
T1014,M2019,ACCT100105,DST300009,2026-01-04 00:53:00,278663,100888,400000,0,200
T1014,M2005,ACCT100105,DST300139,2026-01-04 01:28:00,252775,101163,400000,0,200
T1014,M2001,ACCT100105,DST300171,2026-01-04 04:19:00,284761,101249,10000,0,200
T1014,M2018,ACCT100105,DST300044,2026-01-04 04:21:00,268679,101617,400000,0,200
T1014,M2003,ACCT100105,DST300195,2026-01-04 04:49:00,284502,101738,10000,0,200
T1014,M2018,ACCT100105,DST300090,2026-01-04 07:03:00,277891,101808,10000,0,200
T1014,M2009,ACCT100105,DST300041,2026-01-04 08:25:00,286831,101903,400000,0,200
T1014,M2017,ACCT100105,DST300026,2026-01-04 11:20:00,283135,102161,400000,0,200
T1014,M2017,ACCT100105,DST300199,2026-01-04 13:25:00,250667,103545,400000,0,200
T1014,M2004,ACCT100105,DST300094,2026-01-04 13:26:00,269436,104446,400000,0,200
T1014,M2008,ACCT100105,DST300099,2026-01-04 15:41:00,251003,104767,10000,0,200
T1014,M2014,ACCT100105,DST300079,2026-01-04 19:06:00,241461,104936,10000,0,200
T1014,M2013,ACCT100105,DST300171,2026-01-04 22:27:00,288174,104982,400000,0,200
T1029,M2014,ACCT100106,DST300150,2026-01-09 02:52:00,287062,101171,400000,0,200
T1029,M2000,ACCT100106,DST300070,2026-01-09 04:34:00,280767,100699,400000,0,200
T1029,M2012,ACCT100106,DST300137,2026-01-09 06:43:00,287637,102632,10000,0,200
T1029,M2002,ACCT100106,DST300126,2026-01-09 07:09:00,280918,100753,400000,51,200
T1029,M2010,ACCT100106,DST300047,2026-01-09 07:38:00,294821,103167,400000,0,200
T1029,M2019,ACCT100106,DST300031,2026-01-09 08:00:00,342818,103228,10000,0,200
T1029,M2001,ACCT100106,DST300097,2026-01-09 08:37:00,276532,103740,10000,0,200
T1029,M2000,ACCT100106,DST300136,2026-01-09 08:40:00,314057,103832,400000,0,200
T1029,M2007,ACCT100106,DST300020,2026-01-09 11:29:00,276176,103916,400000,0,200
T1029,M2001,ACCT100106,DST300171,2026-01-09 12:16:00,298250,100028,10000,0,200
T1029,M2016,ACCT100106,DST300107,2026-01-09 12:38:00,305542,100340,400000,0,200
T1029,M2013,ACCT100106,DST300040,2026-01-09 12:57:00,268934,100623,10000,0,200
T1029,M2009,ACCT100106,DST300181,2026-01-09 13:40:00,268553,104393,400000,0,200
T1029,M2003,ACCT100106,DST300058,2026-01-09 14:46:00,311642,104654,10000,0,200
T1029,M2000,ACCT100106,DST300143,2026-01-09 16:48:00,292974,104660,400000,0,200
T1000,M2006,ACCT100107,DST300125,2026-01-17 16:34:00,29803,100422,400000,0,200
T1000,M2017,ACCT100107,DST300144,2026-01-17 19:55:00,103407,100429,400000,0,200
T1000,M2011,ACCT100107,DST300087,2026-01-17 21:02:00,67411,100711,10000,0,200
T1000,M2001,ACCT100107,DST300074,2026-01-18 00:55:00,84699,101033,400000,0,200
T1000,M2005,ACCT100107,DST300163,2026-01-18 03:06:00,60732,101084,400000,0,200
T1000,M2011,ACCT100107,DST300029,2026-01-18 06:10:00,59240,101330,10000,0,200
T1000,M2009,ACCT100107,DST300090,2026-01-18 06:19:00,80456,101436,400000,0,200
T1000,M2012,ACCT100107,DST300045,2026-01-18 10:09:00,108988,101857,10000,0,200
T1000,M2011,ACCT100107,DST300194,2026-01-18 12:06:00,80311,101898,10000,0,200
T1000,M2009,ACCT100107,DST300120,2026-01-18 14:28:00,43493,101923,400000,0,200
T1000,M2010,ACCT100107,DST300094,2026-01-18 15:44:00,34273,102775,400000,0,200
T1000,M2015,ACCT100107,DST300015,2026-01-18 15:49:00,27963,103967,10000,0,200
T1000,M2017,ACCT100107,DST300103,2026-01-18 16:35:00,71605,104108,400000,0,200
T1000,M2004,ACCT100107,DST300027,2026-01-18 17:14:00,49265,104545,10000,0,200
T1000,M2006,ACCT100107,DST300039,2026-01-18 19:18:00,79522,104549,10000,68,200
T1000,M2000,ACCT100107,DST300012,2026-01-18 22:27:00,39981,104629,400000,0,200
T1000,M2007,ACCT100107,DST300139,2026-01-19 00:58:00,75451,104692,10000,0,200
T1000,M2017,ACCT100107,DST300196,2026-01-19 03:55:00,69397,104923,400000,0,200
T1000,M2017,ACCT100107,DST300001,2026-01-19 04:21:00,63575,104824,400000,0,200
T1000,M2004,ACCT100107,DST300170,2026-01-19 06:31:00,75203,104879,400000,0,200
T1023,M2009,ACCT100108,DST300136,2026-01-16 02:13:00,202001,102140,10000,0,200
T1023,M2005,ACCT100108,DST300192,2026-01-16 03:31:00,177746,100388,400000,0,200
T1023,M2004,ACCT100108,DST300182,2026-01-16 03:52:00,167004,100801,400000,0,200
T1023,M2002,ACCT100108,DST300198,2026-01-16 04:10:00,190400,102152,10000,0,200
T1010,M2003,ACCT100108,DST300011,2026-01-16 04:12:00,172316,102196,10000,0,200
T1010,M2001,ACCT100108,DST300161,2026-01-16 06:08:00,154152,102312,10000,0,200
T1023,M2014,ACCT100108,DST300122,2026-01-16 07:23:00,140219,101525,400000,0,200
T1010,M2004,ACCT100108,DST300036,2026-01-16 08:36:00,164624,102610,400000,0,200
T1023,M2017,ACCT100108,DST300170,2026-01-16 11:11:00,93825,101673,10000,0,200
T1010,M2006,ACCT100108,DST300193,2026-01-16 11:35:00,182954,102865,10000,0,200
T1010,M2005,ACCT100108,DST300005,2026-01-16 14:17:00,168866,102916,400000,0,200
T1010,M2015,ACCT100108,DST300173,2026-01-16 17:45:00,174869,103086,400000,0,200
T1010,M2000,ACCT100108,DST300082,2026-01-16 17:46:00,108342,103248,10000,0,200
T1010,M2014,ACCT100108,DST300118,2026-01-16 20:21:00,170896,104311,400000,0,200
T1010,M2010,ACCT100108,DST300187,2026-01-16 22:42:00,163663,104981,10000,0,200
T1006,M2002,ACCT100109,DST300187,2026-01-04 19:56:00,133540,100633,10000,0,200
T1006,M2009,ACCT100109,DST300057,2026-01-04 20:38:00,125571,100858,10000,0,200
T1006,M2001,ACCT100109,DST300010,2026-01-04 23:25:00,110215,101848,400000,0,200
T1006,M2009,ACCT100109,DST300007,2026-01-05 02:32:00,145071,104419,10000,0,200
T1006,M2013,ACCT100109,DST300190,2026-01-05 02:59:00,130642,104766,400000,0,200
T1006,M2001,ACCT100109,DST300158,2026-01-05 03:43:00,128692,102034,10000,0,200
T1006,M2010,ACCT100109,DST300189,2026-01-05 06:35:00,144365,102095,10000,0,200
T1006,M2017,ACCT100109,DST300022,2026-01-05 10:04:00,106945,102347,400000,0,200
T1006,M2012,ACCT100109,DST300185,2026-01-05 12:33:00,129890,102806,400000,0,200
T1006,M2009,ACCT100109,DST300168,2026-01-05 12:39:00,103281,103255,10000,0,200
T1006,M2008,ACCT100109,DST300182,2026-01-05 12:40:00,110727,103638,300000,55,200
T1006,M2011,ACCT100109,DST300036,2026-01-05 12:41:00,139442,103639,300000,55,200
T1006,M2012,ACCT100109,DST300052,2026-01-05 12:42:00,118747,103640,300000,55,200
T1006,M2000,ACCT100109,DST300119,2026-01-05 12:43:00,108284,103641,300000,55,200
T1006,M2001,ACCT100109,DST300001,2026-01-05 14:29:00,140616,104035,10000,0,200
T1026,M2008,ACCT100110,DST300189,2026-01-14 01:56:00,75830,101722,10000,0,200
T1026,M2002,ACCT100110,DST300185,2026-01-14 03:02:00,98245,100239,10000,0,200
T1026,M2001,ACCT100110,DST300118,2026-01-14 03:12:00,62323,101866,400000,0,200
T1026,M2011,ACCT100110,DST300101,2026-01-14 03:14:00,71548,102276,10000,0,200
T1026,M2015,ACCT100110,DST300164,2026-01-14 03:39:00,68000,101139,400000,0,200
T1026,M2015,ACCT100110,DST300159,2026-01-14 04:44:00,114001,100419,10000,0,200
T1026,M2008,ACCT100110,DST300173,2026-01-14 06:51:00,80909,102385,400000,0,200
T1026,M2011,ACCT100110,DST300027,2026-01-14 08:04:00,71003,100710,400000,0,200
T1026,M2015,ACCT100110,DST999999,2026-01-14 08:06:00,71934,100730,400000,0,200
T1026,M2000,ACCT100110,DST999999,2026-01-14 08:08:00,25554,100731,400000,0,200
T1026,M2010,ACCT100110,DST999999,2026-01-14 08:10:00,91787,100732,400000,0,200
T1026,M2007,ACCT100110,DST300125,2026-01-14 09:17:00,63963,102427,400000,0,200
T1026,M2004,ACCT100110,DST300050,2026-01-14 10:39:00,28400,102563,10000,0,200
T1026,M2001,ACCT100110,DST300017,2026-01-14 10:41:00,82678,102639,10000,0,200
T1026,M2003,ACCT100110,DST300099,2026-01-14 11:21:00,86177,102754,400000,68,200
T1026,M2017,ACCT100110,DST300113,2026-01-14 11:30:00,33998,101044,400000,0,200
T1026,M2011,ACCT100110,DST300019,2026-01-14 14:24:00,64249,102995,10000,0,200
T1026,M2006,ACCT100110,DST300063,2026-01-14 17:55:00,54257,103105,400000,0,200
T1026,M2001,ACCT100110,DST300020,2026-01-14 20:55:00,52216,103868,10000,0,200
T1026,M2005,ACCT100110,DST300047,2026-01-14 22:19:00,83303,104086,400000,0,200
T1026,M2011,ACCT100110,DST300032,2026-01-15 04:28:00,42974,104097,400000,51,200
T1026,M2007,ACCT100110,DST300164,2026-01-15 08:00:00,74073,104106,400000,0,200
T1026,M2015,ACCT100110,DST300043,2026-01-15 09:08:00,62224,104429,10000,0,200
T1026,M2008,ACCT100110,DST300141,2026-01-15 09:38:00,72419,104468,400000,0,200
T1026,M2011,ACCT100110,DST300135,2026-01-15 11:53:00,21511,104830,10000,0,200
T1026,M2009,ACCT100110,DST300027,2026-01-15 11:54:00,65971,104836,300000,55,200
T1026,M2017,ACCT100110,DST300104,2026-01-15 11:55:00,78356,104837,300000,55,200
T1026,M2017,ACCT100110,DST300011,2026-01-15 11:56:00,98372,104838,300000,55,200
T1026,M2019,ACCT100110,DST300012,2026-01-15 11:57:00,105417,104839,300000,55,200
T1023,M2005,ACCT100111,DST300162,2026-01-13 01:20:00,65807,100039,10000,0,200
T1023,M2000,ACCT100111,DST300100,2026-01-13 03:52:00,61565,100102,10000,0,200
T1023,M2000,ACCT100111,DST300150,2026-01-13 04:00:00,85950,100300,10000,0,200
T1023,M2016,ACCT100111,DST300045,2026-01-13 05:53:00,83273,100554,10000,0,200
T1023,M2015,ACCT100111,DST300115,2026-01-13 09:00:00,73863,101356,10000,0,200
T1023,M2010,ACCT100111,DST999999,2026-01-13 09:02:00,64814,101479,400000,0,200
T1023,M2005,ACCT100111,DST999999,2026-01-13 09:04:00,69008,101480,400000,0,200
T1023,M2004,ACCT100111,DST300017,2026-01-13 12:23:00,42744,101744,10000,0,200
T1023,M2017,ACCT100111,DST300086,2026-01-13 12:54:00,37125,101764,400000,0,200
T1023,M2013,ACCT100111,DST300163,2026-01-13 16:04:00,83426,102626,400000,0,200
T1023,M2016,ACCT100111,DST300171,2026-01-13 17:33:00,74914,102836,10000,0,200
T1023,M2007,ACCT100111,DST300083,2026-01-13 21:29:00,105221,102878,400000,51,200
T1023,M2005,ACCT100111,DST300089,2026-01-14 00:14:00,26283,102963,10000,0,200
T1023,M2015,ACCT100111,DST300180,2026-01-14 01:07:00,134209,103198,400000,0,200
T1023,M2016,ACCT100111,DST300195,2026-01-14 02:55:00,86208,104039,400000,0,200
T1023,M2017,ACCT100111,DST300101,2026-01-14 03:48:00,85368,104818,10000,0,200
T1023,M2013,ACCT100111,DST300152,2026-01-14 04:50:00,56750,103532,400000,0,200
T1023,M2018,ACCT100111,DST300007,2026-01-14 05:01:00,89588,104308,400000,0,200
T1023,M2006,ACCT100111,DST300142,2026-01-14 05:19:00,56751,104364,400000,0,200
T1023,M2018,ACCT100111,DST300155,2026-01-14 06:03:00,71952,103582,400000,0,200
T1023,M2010,ACCT100111,DST300110,2026-01-14 07:24:00,90306,103794,10000,0,200
T1023,M2001,ACCT100111,DST300124,2026-01-14 07:43:00,76534,104846,400000,0,200
T1008,M2012,ACCT100112,DST300198,2026-01-06 22:28:00,305807,100791,10000,0,200
T1002,M2008,ACCT100112,DST300094,2026-01-06 22:29:00,253382,100975,10000,0,200
T1002,M2015,ACCT100112,DST300157,2026-01-07 00:58:00,264353,100997,10000,0,200
T1002,M2011,ACCT100112,DST300016,2026-01-07 01:44:00,293653,101188,400000,0,200
T1002,M2009,ACCT100112,DST300098,2026-01-07 04:12:00,252885,101226,400000,0,200
T1002,M2008,ACCT100112,DST300075,2026-01-07 05:31:00,292669,101286,10000,0,200
T1002,M2016,ACCT100112,DST300178,2026-01-07 06:56:00,279179,101647,400000,0,200
T1002,M2016,ACCT100112,DST300018,2026-01-07 09:29:00,265217,102115,10000,0,200
T1002,M2000,ACCT100112,DST300093,2026-01-07 11:54:00,261836,102401,10000,0,200
T1002,M2011,ACCT100112,DST300122,2026-01-07 13:48:00,277985,103057,400000,0,200
T1002,M2006,ACCT100112,DST300041,2026-01-07 15:39:00,258924,103121,400000,0,200
T1002,M2004,ACCT100112,DST300150,2026-01-07 18:00:00,252136,104289,10000,0,200
T1002,M2017,ACCT100112,DST300177,2026-01-07 21:13:00,254609,104684,10000,0,200
T1002,M2010,ACCT100112,DST300197,2026-01-08 00:35:00,266641,104787,400000,0,200
T1008,M2010,ACCT100113,DST300031,2026-01-10 18:38:00,182133,100142,10000,0,200
T1008,M2004,ACCT100113,DST300073,2026-01-10 18:41:00,196869,100165,400000,68,200
T1008,M2000,ACCT100113,DST300184,2026-01-10 21:58:00,260608,100646,10000,0,200
T1008,M2009,ACCT100113,DST300183,2026-01-10 22:31:00,202835,100674,10000,0,200
T1008,M2001,ACCT100113,DST300182,2026-01-11 02:04:00,177994,100686,10000,0,200
T1008,M2009,ACCT100113,DST300089,2026-01-11 02:42:00,220127,101247,10000,0,200
T1008,M2012,ACCT100113,DST300129,2026-01-11 03:23:00,275465,101014,400000,0,200
T1008,M2013,ACCT100113,DST300191,2026-01-11 04:22:00,197617,101194,10000,0,200
T1008,M2001,ACCT100113,DST300192,2026-01-11 05:56:00,251619,101393,10000,0,200
T1008,M2006,ACCT100113,DST300148,2026-01-11 09:55:00,197193,102054,400000,0,200
T1008,M2001,ACCT100113,DST300010,2026-01-11 11:10:00,219779,102209,400000,0,200
T1008,M2019,ACCT100113,DST300130,2026-01-11 12:13:00,246698,103479,400000,0,200
T1008,M2017,ACCT100113,DST300071,2026-01-11 14:08:00,238255,104335,400000,0,200
T1011,M2009,ACCT100114,DST300167,2026-01-18 11:16:00,152581,100066,400000,0,200
T1011,M2001,ACCT100114,DST300026,2026-01-18 12:28:00,157841,100793,400000,0,200
T1011,M2006,ACCT100114,DST300027,2026-01-18 13:50:00,147481,100901,10000,0,200
T1011,M2013,ACCT100114,DST300017,2026-01-18 14:45:00,151515,102008,10000,51,200
T1011,M2004,ACCT100114,DST300139,2026-01-18 17:48:00,148297,102059,10000,0,200
T1011,M2012,ACCT100114,DST300006,2026-01-18 20:39:00,187221,102128,10000,0,200
T1011,M2003,ACCT100114,DST300144,2026-01-18 22:58:00,117509,102313,10000,0,200
T1011,M2005,ACCT100114,DST300190,2026-01-19 01:12:00,130530,102743,400000,0,200
T1011,M2002,ACCT100114,DST300047,2026-01-19 02:07:00,134512,102383,10000,51,200
T1011,M2012,ACCT100114,DST300191,2026-01-19 02:09:00,130772,102537,400000,0,200
T1011,M2003,ACCT100114,DST300026,2026-01-19 02:10:00,142851,102651,400000,51,200
T1011,M2010,ACCT100114,DST300094,2026-01-19 04:38:00,133868,103559,400000,0,200
T1011,M2001,ACCT100114,DST300127,2026-01-19 05:29:00,145042,103699,10000,0,200
T1011,M2013,ACCT100114,DST300176,2026-01-19 07:59:00,188098,103831,10000,0,200
T1011,M2017,ACCT100114,DST300042,2026-01-19 10:14:00,165928,104368,10000,0,200
T1011,M2015,ACCT100114,DST300005,2026-01-19 12:39:00,153484,104433,10000,0,200
T1011,M2012,ACCT100114,DST300120,2026-01-19 16:25:00,134947,104752,400000,0,200
T1017,M2019,ACCT100115,DST300163,2026-01-09 19:32:00,268158,100936,10000,0,200
T1017,M2002,ACCT100115,DST300026,2026-01-09 19:33:00,235553,101175,10000,0,200
T1017,M2000,ACCT100115,DST300091,2026-01-09 23:05:00,254105,102006,400000,0,200
T1017,M2005,ACCT100115,DST300015,2026-01-09 23:32:00,247109,102047,10000,0,200
T1026,M2009,ACCT100115,DST300045,2026-01-09 23:34:00,293271,102608,10000,0,200
T1026,M2011,ACCT100115,DST300012,2026-01-10 02:24:00,267142,103145,400000,0,200
T1026,M2002,ACCT100115,DST300054,2026-01-10 04:43:00,242329,104060,400000,0,200
T1026,M2008,ACCT100115,DST300066,2026-01-10 05:57:00,276083,104358,10000,0,200
T1002,M2010,ACCT100116,DST300111,2026-01-17 00:32:00,342123,100037,10000,0,200
T1002,M2004,ACCT100116,DST300085,2026-01-17 01:03:00,407110,102583,400000,0,200
T1002,M2012,ACCT100116,DST300088,2026-01-17 03:25:00,361639,102813,10000,0,200
T1002,M2019,ACCT100116,DST300077,2026-01-17 03:36:00,327706,104134,400000,0,200
T1002,M2011,ACCT100116,DST300015,2026-01-17 04:35:00,566884,100048,10000,0,200
T1002,M2003,ACCT100116,DST300194,2026-01-17 04:38:00,369161,100482,400000,0,200
T1002,M2011,ACCT100116,DST300086,2026-01-17 05:31:00,363725,102947,400000,51,200
T1002,M2012,ACCT100116,DST300083,2026-01-17 06:10:00,376066,101287,400000,0,200
T1002,M2004,ACCT100116,DST300068,2026-01-17 06:59:00,388453,101656,10000,68,200
T1002,M2000,ACCT100116,DST300049,2026-01-17 07:02:00,408852,103287,10000,0,200
T1002,M2000,ACCT100116,DST300117,2026-01-17 07:55:00,326319,101858,10000,0,200
T1002,M2002,ACCT100116,DST300113,2026-01-17 10:12:00,362189,102242,400000,0,200
T1002,M2003,ACCT100116,DST300166,2026-01-17 10:23:00,300247,103714,400000,0,200
T1002,M2010,ACCT100116,DST300125,2026-01-17 10:42:00,326444,102523,400000,0,200
T1002,M2010,ACCT100116,DST300026,2026-01-17 13:44:00,349355,104043,400000,51,200
T1029,M2011,ACCT100117,DST300163,2026-01-12 18:36:00,195443,100029,10000,0,200
T1029,M2016,ACCT100117,DST300187,2026-01-12 21:36:00,227110,101040,10000,0,200
T1029,M2016,ACCT100117,DST300122,2026-01-12 23:09:00,236974,101123,400000,0,200
T1029,M2013,ACCT100117,DST300149,2026-01-13 02:16:00,210437,101440,10000,0,200
T1029,M2014,ACCT100117,DST300111,2026-01-13 02:38:00,228668,101180,400000,0,200
T1029,M2013,ACCT100117,DST300148,2026-01-13 03:04:00,206366,101701,400000,0,200
T1029,M2000,ACCT100117,DST300186,2026-01-13 04:28:00,211914,101183,400000,0,200
T1029,M2019,ACCT100117,DST300168,2026-01-13 04:50:00,207090,101900,400000,0,200
T1029,M2008,ACCT100117,DST300031,2026-01-13 05:41:00,185633,101283,400000,0,200
T1029,M2015,ACCT100117,DST300142,2026-01-13 08:08:00,176655,101944,10000,0,200
T1029,M2003,ACCT100117,DST300196,2026-01-13 08:47:00,210415,102129,10000,0,200
T1029,M2013,ACCT100117,DST300078,2026-01-13 11:20:00,245291,103169,10000,0,200
T1029,M2003,ACCT100117,DST300034,2026-01-13 14:07:00,222336,103819,10000,0,200
T1029,M2011,ACCT100117,DST300199,2026-01-13 15:00:00,193783,104826,10000,0,200
T1029,M2007,ACCT100117,DST300192,2026-01-13 16:40:00,227849,104918,10000,0,200
T1021,M2000,ACCT100118,DST300070,2026-01-20 03:25:00,75424,103672,400000,0,200
T1021,M2018,ACCT100118,DST300006,2026-01-20 05:02:00,105175,100232,10000,68,200
T1021,M2004,ACCT100118,DST300020,2026-01-20 05:43:00,80614,104091,10000,0,200
T1021,M2000,ACCT100118,DST300141,2026-01-20 06:12:00,404947,104570,10000,0,200
T1021,M2017,ACCT100118,DST300105,2026-01-20 08:11:00,90943,100260,10000,0,200
T1021,M2006,ACCT100118,DST300148,2026-01-20 08:14:00,146611,101037,10000,0,200
T1021,M2004,ACCT100118,DST300011,2026-01-20 10:09:00,78849,101970,10000,0,200
T1021,M2005,ACCT100118,DST300125,2026-01-20 10:25:00,94967,102145,10000,0,200
T1021,M2015,ACCT100118,DST300150,2026-01-20 13:50:00,121675,102675,400000,0,200
T1021,M2001,ACCT100118,DST300156,2026-01-20 15:23:00,105481,102732,10000,0,200
T1024,M2001,ACCT100119,DST300088,2026-01-19 03:06:00,265960,101038,10000,0,200
T1024,M2016,ACCT100119,DST300058,2026-01-19 04:13:00,294378,101276,400000,0,200
T1024,M2001,ACCT100119,DST300004,2026-01-19 04:23:00,289895,100325,10000,0,200
T1024,M2017,ACCT100119,DST300194,2026-01-19 06:11:00,273608,100447,10000,0,200
T1024,M2003,ACCT100119,DST300102,2026-01-19 07:29:00,251452,101734,400000,0,200
T1024,M2016,ACCT100119,DST300117,2026-01-19 08:31:00,280987,100647,400000,0,200
T1024,M2002,ACCT100119,DST300043,2026-01-19 09:52:00,321787,101843,10000,0,200
T1024,M2018,ACCT100119,DST300170,2026-01-19 11:15:00,323948,100821,10000,0,200
T1024,M2014,ACCT100119,DST300173,2026-01-19 11:29:00,241117,102467,10000,0,200
T1024,M2013,ACCT100119,DST300044,2026-01-19 11:42:00,307721,100885,400000,0,200
T1024,M2006,ACCT100119,DST300184,2026-01-19 14:35:00,269763,100056,10000,0,200
T1024,M2008,ACCT100119,DST300157,2026-01-19 14:58:00,344007,103359,400000,0,200
T1024,M2017,ACCT100119,DST300032,2026-01-19 16:03:00,327912,103546,10000,0,200
T1024,M2005,ACCT100119,DST300198,2026-01-19 17:02:00,289394,103552,10000,0,200
T1024,M2005,ACCT100119,DST300122,2026-01-19 17:15:00,296803,103642,400000,0,200
T1024,M2008,ACCT100119,DST300048,2026-01-19 20:54:00,301053,103940,400000,0,200
T1024,M2003,ACCT100119,DST300139,2026-01-20 00:14:00,305038,104156,10000,68,200
T1024,M2009,ACCT100119,DST300180,2026-01-20 03:08:00,333477,104635,400000,0,200
T1028,M2004,ACCT100120,DST300087,2026-01-04 01:26:00,287693,102724,10000,0,200
T1028,M2017,ACCT100120,DST300094,2026-01-04 01:27:00,315763,100499,10000,0,200
T1028,M2001,ACCT100120,DST300188,2026-01-04 01:28:00,285947,104034,400000,0,200
T1028,M2015,ACCT100120,DST300168,2026-01-04 01:35:00,277539,104361,400000,0,200
T1028,M2014,ACCT100120,DST300126,2026-01-04 02:15:00,322496,102942,400000,0,200
T1028,M2015,ACCT100120,DST300078,2026-01-04 02:20:00,280707,100721,10000,0,200
T1028,M2001,ACCT100120,DST300074,2026-01-04 02:30:00,307698,101173,10000,0,200
T1028,M2009,ACCT100120,DST300098,2026-01-04 04:50:00,255291,100224,400000,0,200
T1028,M2000,ACCT100120,DST300041,2026-01-04 05:04:00,301862,103500,400000,0,200
T1028,M2001,ACCT100120,DST300119,2026-01-04 05:14:00,265995,104733,400000,0,200
T1028,M2010,ACCT100120,DST300035,2026-01-04 05:39:00,279642,101462,10000,0,200
T1028,M2018,ACCT100120,DST300095,2026-01-04 09:24:00,281806,101545,10000,0,200
T1028,M2018,ACCT100120,DST300081,2026-01-04 12:54:00,297741,101768,10000,0,200
T1028,M2006,ACCT100120,DST300193,2026-01-04 16:37:00,299683,102137,400000,0,200
T1028,M2019,ACCT100120,DST300155,2026-01-04 17:39:00,288873,102390,10000,51,200
T1028,M2000,ACCT100120,DST300009,2026-01-04 19:49:00,264592,102656,10000,0,200
T1023,M2007,ACCT100121,DST300190,2026-01-03 02:59:00,69512,102845,400000,0,200
T1016,M2004,ACCT100121,DST300196,2026-01-03 03:08:00,110457,100041,400000,0,200
T1023,M2010,ACCT100121,DST300003,2026-01-03 03:57:00,101552,103563,400000,0,200
T1016,M2008,ACCT100121,DST300170,2026-01-03 04:04:00,72112,100371,400000,0,200
T1016,M2005,ACCT100121,DST300006,2026-01-03 04:57:00,78519,101061,10000,0,200
T1023,M2001,ACCT100121,DST300085,2026-01-03 06:02:00,92430,103711,400000,68,200
T1023,M2019,ACCT100121,DST300012,2026-01-03 06:44:00,72015,103077,10000,0,200
T1016,M2004,ACCT100121,DST300004,2026-01-03 07:06:00,96258,101144,10000,0,200
T1023,M2018,ACCT100121,DST300166,2026-01-03 07:11:00,67384,101880,10000,0,200
T1023,M2011,ACCT100121,DST300080,2026-01-03 07:32:00,92345,101931,400000,0,200
T1023,M2018,ACCT100121,DST300022,2026-01-03 09:37:00,80949,103787,10000,0,200
T1023,M2008,ACCT100121,DST300022,2026-01-03 10:53:00,96448,102068,10000,0,200
T1023,M2014,ACCT100121,DST300067,2026-01-03 11:11:00,98442,104080,10000,68,200
T1023,M2009,ACCT100121,DST300132,2026-01-03 13:40:00,64905,102254,400000,0,200
T1023,M2014,ACCT100121,DST300039,2026-01-03 14:41:00,71630,104180,10000,68,200
T1023,M2005,ACCT100121,DST300156,2026-01-03 14:52:00,80112,102777,10000,0,200
T1019,M2006,ACCT100122,DST300014,2026-01-07 17:43:00,162805,100098,300000,55,200
T1019,M2009,ACCT100122,DST300067,2026-01-07 17:44:00,195563,100099,300000,55,200
T1019,M2002,ACCT100122,DST300116,2026-01-07 17:45:00,186974,100100,300000,55,200
T1019,M2008,ACCT100122,DST300042,2026-01-07 18:28:00,155709,100202,400000,0,200
T1019,M2013,ACCT100122,DST300177,2026-01-07 18:29:00,138859,100308,10000,0,200
T1019,M2015,ACCT100122,DST300140,2026-01-07 21:10:00,166770,100448,400000,0,200
T1019,M2001,ACCT100122,DST300164,2026-01-07 23:16:00,162729,100525,10000,51,200
T1019,M2004,ACCT100122,DST300091,2026-01-07 23:17:00,133209,101399,10000,0,200
T1019,M2005,ACCT100122,DST300077,2026-01-08 01:05:00,166125,102078,400000,0,200
T1019,M2008,ACCT100122,DST300172,2026-01-08 01:47:00,98474,102178,400000,0,200
T1019,M2008,ACCT100122,DST300123,2026-01-08 02:56:00,152386,104186,400000,0,200
T1019,M2003,ACCT100122,DST300038,2026-01-08 03:03:00,177835,102990,10000,0,200
T1019,M2018,ACCT100122,DST300006,2026-01-08 03:17:00,175834,103694,10000,0,200
T1019,M2000,ACCT100122,DST300019,2026-01-08 03:20:00,182605,104397,400000,0,200
T1019,M2000,ACCT100122,DST300057,2026-01-08 05:14:00,142537,104520,400000,0,200
T1019,M2003,ACCT100122,DST300122,2026-01-08 05:27:00,144339,103979,400000,0,200
T1019,M2009,ACCT100122,DST300011,2026-01-08 05:49:00,161065,104012,10000,0,200
T1019,M2004,ACCT100122,DST300074,2026-01-08 06:58:00,142364,103286,400000,0,200
T1019,M2004,ACCT100122,DST300073,2026-01-08 06:59:00,134537,103343,400000,0,200
T1019,M2006,ACCT100122,DST300037,2026-01-08 07:07:00,177312,104904,400000,0,200
T1019,M2013,ACCT100122,DST300099,2026-01-08 07:56:00,150432,103371,10000,0,200
T1019,M2016,ACCT100122,DST300030,2026-01-08 10:43:00,172098,103448,10000,0,200
T1019,M2013,ACCT100122,DST300127,2026-01-08 11:36:00,192025,103669,10000,0,200
T1024,M2012,ACCT100123,DST300067,2026-01-01 14:33:00,227825,100025,400000,0,200
T1024,M2008,ACCT100123,DST300030,2026-01-01 14:36:00,228431,100475,400000,0,200
T1024,M2009,ACCT100123,DST300025,2026-01-01 18:25:00,231998,100745,400000,0,200
T1024,M2005,ACCT100123,DST300033,2026-01-01 19:29:00,242752,100871,10000,0,200
T1024,M2011,ACCT100123,DST300019,2026-01-01 22:08:00,285591,101282,10000,0,200
T1024,M2012,ACCT100123,DST300031,2026-01-01 23:52:00,256918,101550,400000,0,200
T1024,M2018,ACCT100123,DST300072,2026-01-02 00:22:00,227677,101556,400000,0,200
T1024,M2017,ACCT100123,DST300128,2026-01-02 02:16:00,261157,101698,10000,0,200
T1024,M2008,ACCT100123,DST300047,2026-01-02 02:19:00,218652,102713,400000,0,200
T1024,M2009,ACCT100123,DST300155,2026-01-02 04:08:00,191520,103576,400000,0,200
T1024,M2016,ACCT100123,DST300142,2026-01-02 04:23:00,233983,102957,400000,0,200
T1024,M2007,ACCT100123,DST999999,2026-01-02 04:25:00,230351,103155,400000,0,200
T1024,M2000,ACCT100123,DST999999,2026-01-02 04:27:00,220707,103156,400000,0,200
T1024,M2003,ACCT100123,DST300010,2026-01-02 05:12:00,245040,103820,400000,0,200
T1024,M2013,ACCT100123,DST300081,2026-01-02 08:11:00,228460,103201,400000,0,200
T1024,M2006,ACCT100123,DST300039,2026-01-02 09:07:00,239308,103848,10000,0,200
T1024,M2007,ACCT100123,DST999999,2026-01-02 09:09:00,242194,104370,400000,0,200
T1024,M2012,ACCT100123,DST999999,2026-01-02 09:11:00,232245,104371,400000,0,200
T1024,M2006,ACCT100123,DST999999,2026-01-02 09:13:00,215546,104372,400000,0,200
T1024,M2019,ACCT100123,DST300149,2026-01-02 11:33:00,273809,103540,10000,0,200
T1024,M2014,ACCT100123,DST300148,2026-01-02 15:14:00,270513,103572,400000,0,200
T1002,M2010,ACCT100124,DST300029,2026-01-12 07:34:00,263986,100178,10000,0,200
T1002,M2015,ACCT100124,DST300106,2026-01-12 10:44:00,238255,100227,400000,0,200
T1002,M2016,ACCT100124,DST300005,2026-01-12 10:45:00,263269,100283,300000,55,200
T1002,M2015,ACCT100124,DST300107,2026-01-12 10:46:00,257502,100284,300000,55,200
T1002,M2019,ACCT100124,DST300053,2026-01-12 10:49:00,256850,100562,10000,0,200
T1002,M2008,ACCT100124,DST300008,2026-01-12 13:23:00,268302,100624,10000,0,200
T1002,M2016,ACCT100124,DST300077,2026-01-12 17:17:00,220076,101345,400000,0,200
T1002,M2009,ACCT100124,DST300144,2026-01-12 17:18:00,282894,101928,10000,0,200
T1002,M2007,ACCT100124,DST300161,2026-01-12 18:49:00,308238,102139,10000,0,200
T1002,M2006,ACCT100124,DST300174,2026-01-12 20:07:00,286367,102215,10000,0,200
T1002,M2002,ACCT100124,DST300093,2026-01-12 22:06:00,264500,102375,10000,0,200
T1002,M2014,ACCT100124,DST300079,2026-01-12 22:07:00,279959,102727,10000,0,200
T1002,M2017,ACCT100124,DST300111,2026-01-12 22:09:00,290180,102740,10000,0,200
T1002,M2019,ACCT100124,DST300136,2026-01-12 23:05:00,259799,103259,10000,0,200
T1002,M2016,ACCT100124,DST300145,2026-01-13 02:55:00,247247,103443,400000,0,200
T1002,M2016,ACCT100124,DST300011,2026-01-13 03:54:00,273926,104612,400000,0,200
T1002,M2016,ACCT100124,DST300176,2026-01-13 05:11:00,285395,104832,10000,0,200
T1004,M2013,ACCT100125,DST300186,2026-01-02 23:07:00,266484,100163,400000,0,200
T1004,M2012,ACCT100125,DST300156,2026-01-03 01:03:00,206990,101723,400000,0,200
T1004,M2006,ACCT100125,DST300000,2026-01-03 01:04:00,228301,102784,300000,55,200
T1004,M2016,ACCT100125,DST300176,2026-01-03 01:05:00,245453,102785,300000,55,200
T1004,M2001,ACCT100125,DST300173,2026-01-03 01:56:00,275837,100311,400000,0,200
T1004,M2012,ACCT100125,DST300080,2026-01-03 02:45:00,201824,100338,400000,0,200
T1004,M2012,ACCT100125,DST300110,2026-01-03 03:45:00,232475,100813,10000,0,200
T1004,M2005,ACCT100125,DST300036,2026-01-03 04:28:00,422581,104575,10000,0,200
T1004,M2002,ACCT100125,DST300016,2026-01-03 04:56:00,246295,102832,400000,0,200
T1004,M2004,ACCT100125,DST300190,2026-01-03 06:03:00,251558,101131,400000,0,200
T1004,M2018,ACCT100125,DST300152,2026-01-03 06:23:00,240837,103218,10000,0,200
T1004,M2006,ACCT100125,DST300030,2026-01-03 07:48:00,225022,104841,400000,0,200
T1004,M2013,ACCT100125,DST300001,2026-01-03 08:14:00,188313,101146,10000,0,200
T1004,M2001,ACCT100125,DST300061,2026-01-03 08:37:00,973694,101500,10000,0,200
T1004,M2000,ACCT100125,DST300143,2026-01-03 09:38:00,235811,103539,10000,51,200
T1004,M2016,ACCT100125,DST300080,2026-01-03 09:41:00,218722,104113,10000,0,200
T1004,M2017,ACCT100125,DST300013,2026-01-03 10:19:00,225450,101504,400000,0,200
T1004,M2001,ACCT100125,DST300040,2026-01-03 13:06:00,253304,104216,400000,0,200
T1004,M2014,ACCT100125,DST300064,2026-01-03 13:25:00,211801,104276,10000,0,200
T1004,M2007,ACCT100125,DST300012,2026-01-03 13:26:00,216422,104434,300000,55,200
T1004,M2013,ACCT100125,DST300093,2026-01-03 13:27:00,230279,104435,300000,55,200
T1004,M2000,ACCT100125,DST300062,2026-01-03 13:28:00,233616,104436,300000,55,200
T1023,M2019,ACCT100126,DST300030,2026-01-11 01:57:00,312178,100926,10000,0,200
T1023,M2005,ACCT100126,DST300044,2026-01-11 03:18:00,328611,103061,400000,0,200
T1023,M2000,ACCT100126,DST300191,2026-01-11 04:16:00,277616,101236,10000,0,200
T1023,M2017,ACCT100126,DST300047,2026-01-11 06:34:00,329442,101266,10000,0,200
T1023,M2016,ACCT100126,DST300035,2026-01-11 06:45:00,314086,103760,10000,51,200
T1023,M2018,ACCT100126,DST300125,2026-01-11 07:43:00,290550,103837,400000,0,200
T1023,M2002,ACCT100126,DST300090,2026-01-11 07:55:00,323393,101397,400000,0,200
T1023,M2015,ACCT100126,DST300006,2026-01-11 10:05:00,309679,101926,400000,0,200
T1023,M2016,ACCT100126,DST300052,2026-01-11 11:06:00,322648,102779,400000,0,200
T1023,M2010,ACCT100126,DST300111,2026-01-11 12:56:00,299503,102842,400000,0,200
T1023,M2000,ACCT100126,DST300044,2026-01-11 16:43:00,301078,102855,10000,0,200
T1017,M2004,ACCT100127,DST300136,2026-01-02 04:08:00,279517,100273,10000,0,200
T1017,M2002,ACCT100127,DST300091,2026-01-02 06:16:00,175416,101405,400000,0,200
T1017,M2009,ACCT100127,DST300020,2026-01-02 10:15:00,188562,101461,400000,0,200
T1017,M2010,ACCT100127,DST300146,2026-01-02 10:17:00,162859,101853,400000,0,200
T1017,M2001,ACCT100127,DST300074,2026-01-02 12:41:00,170962,101973,10000,51,200
T1017,M2004,ACCT100127,DST300075,2026-01-02 15:05:00,220989,102625,10000,0,200
T1017,M2000,ACCT100127,DST300066,2026-01-02 16:42:00,157987,103115,400000,0,200
T1017,M2013,ACCT100127,DST300091,2026-01-02 19:22:00,193803,103175,400000,0,200
T1017,M2015,ACCT100127,DST300132,2026-01-02 19:51:00,1018170,103296,10000,0,200
T1017,M2003,ACCT100127,DST300177,2026-01-02 20:28:00,149113,103816,10000,0,200
T1017,M2002,ACCT100127,DST300138,2026-01-02 20:59:00,178814,104229,10000,0,200
T1017,M2003,ACCT100127,DST300089,2026-01-02 23:02:00,188210,104438,10000,0,200
T1017,M2003,ACCT100127,DST300077,2026-01-03 00:48:00,215871,104450,10000,0,200
T1017,M2012,ACCT100127,DST300077,2026-01-03 03:13:00,182276,104522,10000,0,200
T1013,M2005,ACCT100127,DST300150,2026-01-03 03:16:00,207755,104677,10000,0,200
T1015,M2006,ACCT100128,DST300106,2026-01-05 00:00:00,146588,100494,10000,68,200
T1015,M2005,ACCT100128,DST300135,2026-01-05 03:14:00,122704,100781,400000,0,200
T1015,M2018,ACCT100128,DST300036,2026-01-05 03:29:00,134155,100541,400000,0,200
T1015,M2012,ACCT100128,DST300036,2026-01-05 06:43:00,99611,101162,10000,0,200
T1015,M2017,ACCT100128,DST300046,2026-01-05 07:03:00,74787,100556,400000,0,200
T1015,M2008,ACCT100128,DST300094,2026-01-05 09:29:00,128782,100578,400000,0,200
T1015,M2000,ACCT100128,DST300066,2026-01-05 10:05:00,112083,102189,10000,0,200
T1015,M2014,ACCT100128,DST300142,2026-01-05 11:29:00,175532,102962,400000,0,200
T1015,M2003,ACCT100128,DST300058,2026-01-05 14:35:00,150786,102966,400000,0,200
T1015,M2002,ACCT100128,DST300051,2026-01-05 15:41:00,157747,103314,400000,0,200
T1015,M2012,ACCT100128,DST300158,2026-01-05 16:47:00,140343,103326,400000,0,200
T1015,M2014,ACCT100128,DST300083,2026-01-05 20:42:00,83271,103661,10000,0,200
T1015,M2014,ACCT100128,DST300035,2026-01-05 20:55:00,102254,104125,400000,0,200
T1015,M2013,ACCT100128,DST300160,2026-01-05 22:38:00,136324,104161,400000,0,200
T1015,M2008,ACCT100128,DST300179,2026-01-06 00:15:00,139694,104587,10000,0,200
T1015,M2005,ACCT100128,DST300055,2026-01-06 04:05:00,135476,104661,400000,0,200
T1002,M2019,ACCT100129,DST300007,2026-01-17 04:49:00,87740,101487,10000,0,200
T1002,M2016,ACCT100129,DST300045,2026-01-17 05:16:00,72785,101610,10000,0,200
T1007,M2015,ACCT100129,DST300059,2026-01-17 05:18:00,68677,102406,10000,0,200
T1007,M2005,ACCT100129,DST300109,2026-01-17 08:46:00,67478,102880,400000,68,200
T1007,M2005,ACCT100129,DST300005,2026-01-17 10:03:00,44810,103039,10000,0,200
T1007,M2017,ACCT100129,DST300008,2026-01-17 13:59:00,79112,103974,400000,0,200
T1002,M2003,ACCT100129,DST300050,2026-01-17 20:52:00,101214,100409,10000,0,200
T1002,M2002,ACCT100129,DST300168,2026-01-17 20:55:00,56999,100842,400000,0,200
T1002,M2016,ACCT100129,DST300041,2026-01-17 21:26:00,92244,101049,400000,0,200
T1005,M2000,ACCT100130,DST300122,2026-01-03 01:51:00,353232,102461,10000,0,200
T1005,M2011,ACCT100130,DST300185,2026-01-03 02:35:00,215607,102571,10000,0,200
T1005,M2011,ACCT100130,DST300189,2026-01-03 02:49:00,245883,103013,400000,51,200
T1005,M2002,ACCT100130,DST300012,2026-01-03 04:40:00,186589,100319,10000,0,200
T1005,M2012,ACCT100130,DST300025,2026-01-03 06:36:00,164928,103025,400000,0,200
T1005,M2006,ACCT100130,DST300060,2026-01-03 07:06:00,195843,103033,400000,0,200
T1005,M2011,ACCT100130,DST300026,2026-01-03 07:44:00,220240,103588,10000,0,200
T1005,M2000,ACCT100130,DST300199,2026-01-03 07:53:00,182071,100330,400000,0,200
T1005,M2015,ACCT100130,DST300000,2026-01-03 07:55:00,192815,100516,400000,0,200
T1005,M2001,ACCT100130,DST300151,2026-01-03 08:10:00,207771,104471,10000,68,200
T1005,M2015,ACCT100130,DST300026,2026-01-03 09:31:00,210123,100878,400000,0,200
T1005,M2012,ACCT100130,DST300114,2026-01-03 10:03:00,217597,100912,10000,0,200
T1005,M2006,ACCT100130,DST300043,2026-01-03 12:01:00,210847,104743,10000,0,200
T1005,M2006,ACCT100130,DST300063,2026-01-03 12:39:00,170059,104803,10000,68,200
T1005,M2013,ACCT100130,DST300047,2026-01-03 13:07:00,210064,101086,10000,0,200
T1005,M2011,ACCT100130,DST300000,2026-01-03 16:33:00,193590,101532,400000,0,200
T1005,M2015,ACCT100130,DST300164,2026-01-03 20:02:00,183389,102341,10000,0,200
T1005,M2012,ACCT100131,DST300022,2026-01-19 00:24:00,353813,100097,400000,0,200
T1005,M2016,ACCT100131,DST300136,2026-01-19 04:17:00,354920,100214,10000,0,200
T1004,M2001,ACCT100131,DST300007,2026-01-19 04:19:00,361580,101059,10000,0,200
T1004,M2014,ACCT100131,DST300074,2026-01-19 06:21:00,314704,102094,400000,0,200
T1004,M2005,ACCT100131,DST300068,2026-01-19 09:47:00,298750,102314,10000,0,200
T1004,M2015,ACCT100131,DST300144,2026-01-19 13:32:00,363949,102500,400000,0,200
T1004,M2019,ACCT100131,DST300000,2026-01-19 13:33:00,325225,102513,400000,0,200
T1004,M2017,ACCT100131,DST300023,2026-01-19 15:11:00,350294,102689,400000,0,200
T1004,M2008,ACCT100131,DST300126,2026-01-19 17:02:00,321185,102972,400000,0,200
T1004,M2001,ACCT100131,DST300111,2026-01-19 19:47:00,307213,103136,400000,0,200
T1004,M2018,ACCT100131,DST300119,2026-01-19 19:50:00,296258,103208,10000,0,200
T1004,M2003,ACCT100131,DST300017,2026-01-19 20:55:00,288360,103404,400000,0,200
T1004,M2002,ACCT100131,DST300075,2026-01-19 23:18:00,328020,103733,10000,0,200
T1004,M2004,ACCT100131,DST300035,2026-01-20 00:01:00,320268,104164,400000,0,200
T1004,M2019,ACCT100131,DST300138,2026-01-20 00:54:00,312972,104602,400000,0,200
T1004,M2010,ACCT100131,DST300192,2026-01-20 00:57:00,333349,104649,400000,0,200
T1004,M2018,ACCT100131,DST300077,2026-01-20 02:05:00,322193,104741,400000,0,200
T1027,M2014,ACCT100132,DST300179,2026-01-13 12:00:00,94984,100111,10000,0,200
T1027,M2015,ACCT100132,DST300062,2026-01-13 14:42:00,104699,100176,400000,0,200
T1027,M2012,ACCT100132,DST300091,2026-01-13 18:25:00,75790,100265,10000,0,200
T1027,M2017,ACCT100132,DST300007,2026-01-13 20:38:00,46282,100288,10000,0,200
T1027,M2008,ACCT100132,DST300141,2026-01-14 00:05:00,74178,100322,400000,0,200
T1027,M2009,ACCT100132,DST300016,2026-01-14 01:17:00,33418,100352,400000,0,200
T1027,M2002,ACCT100132,DST300146,2026-01-14 02:10:00,93707,100697,10000,0,200
T1027,M2003,ACCT100132,DST300191,2026-01-14 02:12:00,83109,100755,400000,0,200
T1027,M2017,ACCT100132,DST300023,2026-01-14 02:16:00,126262,103408,400000,0,200
T1027,M2019,ACCT100132,DST300070,2026-01-14 02:59:00,58611,100883,400000,0,200
T1027,M2013,ACCT100132,DST300100,2026-01-14 03:38:00,93323,101517,10000,68,200
T1027,M2015,ACCT100132,DST300125,2026-01-14 03:39:00,65650,102573,300000,55,200
T1027,M2008,ACCT100132,DST300175,2026-01-14 03:40:00,73550,102574,300000,55,200
T1027,M2008,ACCT100132,DST300165,2026-01-14 03:41:00,93419,102575,300000,55,200
T1027,M2011,ACCT100132,DST300180,2026-01-14 04:34:00,84530,101254,10000,0,200
T1027,M2013,ACCT100132,DST300036,2026-01-14 06:15:00,34646,103856,10000,0,200
T1027,M2016,ACCT100132,DST300152,2026-01-14 06:48:00,94730,102665,400000,0,200
T1027,M2014,ACCT100132,DST999999,2026-01-14 06:50:00,105661,103213,400000,0,200
T1027,M2010,ACCT100132,DST999999,2026-01-14 06:52:00,98911,103214,400000,0,200
T1027,M2015,ACCT100132,DST300155,2026-01-14 07:35:00,47708,101305,10000,0,200
T1027,M2017,ACCT100132,DST300024,2026-01-14 10:03:00,63718,104114,400000,0,200
T1027,M2011,ACCT100132,DST300012,2026-01-14 13:53:00,72268,104306,400000,0,200
T1027,M2009,ACCT100132,DST300000,2026-01-14 13:56:00,35174,104589,400000,0,200
T1027,M2010,ACCT100132,DST300180,2026-01-14 17:32:00,90683,104827,10000,0,200
T1027,M2018,ACCT100132,DST300091,2026-01-14 18:48:00,116641,104869,10000,0,200
T1019,M2009,ACCT100133,DST300042,2026-01-01 02:09:00,356559,100320,10000,0,200
T1019,M2008,ACCT100133,DST300037,2026-01-01 02:34:00,1690933,100500,10000,0,200
T1019,M2002,ACCT100133,DST300042,2026-01-01 04:45:00,358235,101124,10000,0,200
T1019,M2003,ACCT100133,DST300116,2026-01-01 04:50:00,323144,101222,10000,51,200
T1019,M2002,ACCT100133,DST300157,2026-01-01 08:07:00,347356,101349,400000,0,200
T1019,M2007,ACCT100133,DST300141,2026-01-01 11:54:00,342314,101401,10000,0,200
T1019,M2005,ACCT100133,DST300138,2026-01-01 13:06:00,327610,100182,400000,68,200
T1019,M2017,ACCT100133,DST300139,2026-01-01 15:29:00,347318,101962,10000,0,200
T1019,M2011,ACCT100133,DST300175,2026-01-01 17:09:00,346514,102216,10000,0,200
T1019,M2004,ACCT100133,DST300025,2026-01-01 17:59:00,381650,102405,400000,0,200
T1019,M2014,ACCT100133,DST300006,2026-01-01 20:07:00,355518,102728,10000,0,200
T1019,M2010,ACCT100133,DST300085,2026-01-01 20:08:00,323385,103220,10000,0,200
T1019,M2014,ACCT100133,DST300197,2026-01-01 21:38:00,313950,103513,10000,0,200
T1019,M2011,ACCT100133,DST300033,2026-01-02 01:04:00,339027,103790,400000,0,200
T1019,M2005,ACCT100133,DST300127,2026-01-02 01:22:00,553904,104298,10000,0,200
T1019,M2016,ACCT100133,DST300101,2026-01-02 04:03:00,316870,104673,400000,0,200
T1019,M2019,ACCT100133,DST300178,2026-01-02 04:26:00,358404,103907,10000,0,200
T1019,M2008,ACCT100133,DST300111,2026-01-02 06:41:00,314634,104730,400000,0,200
T1019,M2006,ACCT100133,DST300095,2026-01-02 07:36:00,323360,104234,10000,0,200
T1009,M2019,ACCT100134,DST300079,2026-01-16 04:12:00,354342,101280,10000,0,200
T1009,M2000,ACCT100134,DST300148,2026-01-16 07:25:00,155319,101720,400000,0,200
T1009,M2000,ACCT100134,DST300112,2026-01-16 08:00:00,157684,100058,10000,0,200
T1009,M2018,ACCT100134,DST300196,2026-01-16 10:29:00,192387,101860,400000,0,200
T1009,M2001,ACCT100134,DST300079,2026-01-16 11:54:00,179525,100642,10000,0,200
T1009,M2015,ACCT100134,DST300007,2026-01-16 13:41:00,199282,100698,400000,0,200
T1009,M2008,ACCT100134,DST300026,2026-01-16 14:00:00,144602,102542,400000,68,200
T1009,M2002,ACCT100134,DST300067,2026-01-16 15:24:00,139596,101022,400000,68,200
T1009,M2012,ACCT100134,DST300152,2026-01-16 16:01:00,242938,101182,10000,0,200
T1009,M2005,ACCT100134,DST300023,2026-01-16 16:21:00,209244,102606,400000,0,200
T1009,M2018,ACCT100134,DST300179,2026-01-16 18:22:00,187698,102934,400000,51,200
T1009,M2008,ACCT100134,DST300161,2026-01-16 19:00:00,170776,101251,400000,0,200
T1009,M2002,ACCT100134,DST300009,2026-01-16 19:24:00,144456,103309,10000,0,200
T1009,M2019,ACCT100134,DST300062,2026-01-16 23:06:00,191746,103462,10000,0,200
T1009,M2004,ACCT100134,DST300168,2026-01-17 00:20:00,174975,104145,10000,0,200
T1009,M2013,ACCT100134,DST300032,2026-01-17 00:53:00,176786,104165,400000,0,200
T1009,M2013,ACCT100134,DST300131,2026-01-17 02:45:00,227801,104290,10000,0,200
T1009,M2015,ACCT100134,DST300042,2026-01-17 03:54:00,156690,104237,400000,0,200
T1009,M2013,ACCT100134,DST300040,2026-01-17 04:13:00,188478,104414,10000,0,200
T1009,M2002,ACCT100134,DST300083,2026-01-17 07:37:00,217486,104441,10000,0,200
T1009,M2002,ACCT100134,DST300026,2026-01-17 08:32:00,204366,104927,400000,0,200
T1009,M2015,ACCT100134,DST300072,2026-01-17 09:46:00,179833,104967,400000,0,200
T1009,M2013,ACCT100134,DST300189,2026-01-17 11:25:00,202280,104972,10000,0,200
T1019,M2007,ACCT100135,DST999999,2026-01-07 23:21:00,317734,100076,400000,0,200
T1019,M2016,ACCT100135,DST999999,2026-01-07 23:23:00,278391,100077,400000,0,200
T1019,M2011,ACCT100135,DST300107,2026-01-08 01:39:00,311929,100125,10000,0,200
T1010,M2009,ACCT100135,DST300003,2026-01-08 01:45:00,286685,103568,10000,0,200
T1010,M2002,ACCT100135,DST300130,2026-01-08 02:13:00,313269,103773,400000,0,200
T1010,M2013,ACCT100135,DST300105,2026-01-08 02:57:00,306043,103945,400000,0,200
T1019,M2004,ACCT100135,DST300004,2026-01-08 05:26:00,291439,100701,400000,0,200
T1019,M2009,ACCT100135,DST300021,2026-01-08 05:41:00,345834,100784,10000,0,200
T1010,M2007,ACCT100135,DST300068,2026-01-08 06:12:00,348145,104038,400000,0,200
T1019,M2000,ACCT100135,DST300024,2026-01-08 07:18:00,281342,101288,400000,0,200
T1019,M2019,ACCT100135,DST300022,2026-01-08 07:19:00,325229,101327,300000,55,200
T1019,M2018,ACCT100135,DST300155,2026-01-08 07:20:00,284115,101328,300000,55,200
T1019,M2017,ACCT100135,DST300077,2026-01-08 07:21:00,266728,101329,300000,55,200
T1010,M2004,ACCT100135,DST300146,2026-01-08 08:21:00,363208,104689,400000,0,200
T1019,M2000,ACCT100135,DST300153,2026-01-08 09:48:00,307879,101579,10000,0,200
T1019,M2001,ACCT100135,DST300140,2026-01-08 12:06:00,291953,101727,400000,0,200
T1019,M2006,ACCT100135,DST300085,2026-01-08 15:39:00,324482,102434,10000,68,200
T1019,M2009,ACCT100135,DST300160,2026-01-08 16:21:00,340889,102753,10000,0,200
T1019,M2001,ACCT100135,DST300109,2026-01-08 17:32:00,319261,103361,10000,0,200
T1010,M2012,ACCT100135,DST300164,2026-01-08 17:36:00,311624,103413,10000,0,200
T1010,M2000,ACCT100135,DST300089,2026-01-08 19:06:00,289428,103536,400000,0,200
T1029,M2001,ACCT100136,DST300041,2026-01-04 02:16:00,254405,100072,10000,0,200
T1029,M2010,ACCT100136,DST300194,2026-01-04 04:53:00,269262,100199,400000,0,200
T1029,M2005,ACCT100136,DST300015,2026-01-04 08:43:00,238867,101026,10000,0,200
T1029,M2019,ACCT100136,DST300063,2026-01-04 10:23:00,259548,101129,10000,0,200
T1029,M2012,ACCT100136,DST300152,2026-01-04 12:04:00,244237,101193,10000,0,200
T1029,M2014,ACCT100136,DST300097,2026-01-04 12:46:00,306175,101524,10000,0,200
T1029,M2011,ACCT100136,DST300147,2026-01-04 15:31:00,288169,101538,400000,0,200
T1029,M2015,ACCT100136,DST300073,2026-01-04 18:17:00,273450,101543,400000,0,200
T1029,M2007,ACCT100136,DST300161,2026-01-04 21:56:00,235667,101593,400000,0,200
T1029,M2017,ACCT100136,DST300143,2026-01-05 01:07:00,268994,101881,10000,0,200
T1029,M2005,ACCT100136,DST300053,2026-01-05 03:25:00,252644,103497,400000,0,200
T1029,M2009,ACCT100136,DST300049,2026-01-05 04:05:00,275590,103828,10000,0,200
T1029,M2012,ACCT100136,DST300069,2026-01-05 04:18:00,340248,104848,10000,0,200
T1029,M2015,ACCT100136,DST300099,2026-01-05 04:27:00,291271,104875,10000,0,200
T1029,M2011,ACCT100136,DST300018,2026-01-05 04:52:00,286006,103058,10000,0,200
T1029,M2000,ACCT100136,DST300081,2026-01-05 06:09:00,273315,104157,400000,0,200
T1008,M2016,ACCT100137,DST300184,2026-01-08 00:48:00,319300,100473,400000,68,200
T1008,M2009,ACCT100137,DST300176,2026-01-08 03:03:00,334797,100734,10000,0,200
T1008,M2009,ACCT100137,DST300100,2026-01-08 06:14:00,333178,102437,10000,0,200
T1008,M2000,ACCT100137,DST300190,2026-01-08 10:14:00,335680,102602,400000,0,200
T1008,M2009,ACCT100137,DST300126,2026-01-08 13:01:00,327649,103054,400000,0,200
T1008,M2009,ACCT100137,DST300020,2026-01-08 15:33:00,379126,103317,400000,0,200
T1008,M2018,ACCT100137,DST300083,2026-01-08 16:34:00,319580,103653,400000,0,200
T1008,M2011,ACCT100137,DST300146,2026-01-08 18:12:00,312613,103877,10000,0,200
T1008,M2004,ACCT100137,DST300034,2026-01-08 20:39:00,335937,104104,10000,0,200
T1008,M2005,ACCT100137,DST300020,2026-01-08 23:30:00,337150,104426,400000,0,200
T1008,M2017,ACCT100137,DST300118,2026-01-09 02:34:00,324363,104581,10000,0,200
T1008,M2015,ACCT100137,DST300171,2026-01-09 03:20:00,316971,104633,400000,0,200
T1008,M2014,ACCT100137,DST300074,2026-01-09 05:38:00,320680,104644,400000,0,200
T1008,M2007,ACCT100137,DST300043,2026-01-09 06:59:00,317071,104953,400000,0,200
T1022,M2003,ACCT100138,DST300014,2026-01-16 03:16:00,246436,102354,10000,51,200
T1022,M2019,ACCT100138,DST300110,2026-01-16 04:40:00,276742,102412,400000,0,200
T1022,M2013,ACCT100138,DST300109,2026-01-16 06:27:00,241752,102629,10000,0,200
T1022,M2008,ACCT100138,DST300104,2026-01-16 08:08:00,227515,102932,10000,0,200
T1022,M2014,ACCT100138,DST300069,2026-01-16 09:04:00,273954,104979,10000,0,200
T1022,M2000,ACCT100138,DST300064,2026-01-16 09:29:00,252035,100091,10000,0,200
T1022,M2006,ACCT100138,DST300161,2026-01-16 12:02:00,265845,101816,400000,0,200
T1022,M2016,ACCT100138,DST300178,2026-01-16 12:45:00,257417,101954,400000,0,200
T1018,M2016,ACCT100139,DST300112,2026-01-12 16:36:00,291781,100254,10000,0,200
T1018,M2009,ACCT100139,DST300035,2026-01-12 19:49:00,288059,100752,400000,51,200
T1018,M2012,ACCT100139,DST300000,2026-01-12 21:22:00,298574,100854,400000,0,200
T1018,M2001,ACCT100139,DST300184,2026-01-12 21:51:00,294279,101589,10000,0,200
T1018,M2007,ACCT100139,DST300182,2026-01-12 21:54:00,279659,102239,400000,68,200
T1018,M2018,ACCT100139,DST300082,2026-01-13 00:55:00,304231,102440,400000,0,200
T1018,M2005,ACCT100139,DST300049,2026-01-13 01:27:00,327184,102548,10000,0,200
T1018,M2016,ACCT100139,DST300118,2026-01-13 02:05:00,272382,103421,400000,0,200
T1018,M2015,ACCT100139,DST300191,2026-01-13 05:09:00,282412,102641,400000,0,200
T1018,M2005,ACCT100139,DST300119,2026-01-13 05:20:00,284241,103507,400000,0,200
T1018,M2008,ACCT100139,DST300007,2026-01-13 05:55:00,344051,104037,400000,0,200
T1018,M2018,ACCT100139,DST300017,2026-01-13 08:24:00,319666,104270,10000,0,200
T1018,M2012,ACCT100139,DST300066,2026-01-13 08:39:00,289171,104487,400000,0,200
T1018,M2017,ACCT100139,DST300029,2026-01-13 12:10:00,272236,104603,400000,0,200
T1018,M2003,ACCT100139,DST300124,2026-01-13 12:11:00,314754,104954,400000,0,200
T1015,M2019,ACCT100140,DST300065,2026-01-08 14:38:00,287715,100361,10000,0,200
T1015,M2005,ACCT100140,DST300000,2026-01-08 15:11:00,280472,100410,10000,0,200
T1015,M2002,ACCT100140,DST300080,2026-01-08 19:02:00,249751,100617,400000,0,200
T1015,M2005,ACCT100140,DST300075,2026-01-08 19:43:00,258393,101010,400000,0,200
T1015,M2011,ACCT100140,DST300113,2026-01-08 20:15:00,266349,101434,10000,0,200
T1015,M2014,ACCT100140,DST300177,2026-01-08 23:10:00,297364,101795,400000,0,200
T1015,M2000,ACCT100140,DST300153,2026-01-09 01:57:00,278415,101924,400000,0,200
T1015,M2000,ACCT100140,DST300044,2026-01-09 03:31:00,267440,102262,10000,0,200
T1015,M2008,ACCT100140,DST300159,2026-01-09 04:50:00,323787,103007,400000,0,200
T1015,M2013,ACCT100140,DST300096,2026-01-09 05:30:00,298438,103768,10000,0,200
T1015,M2002,ACCT100140,DST300123,2026-01-09 05:32:00,305162,104332,10000,0,200
T1015,M2003,ACCT100140,DST300101,2026-01-09 07:59:00,250441,104349,400000,0,200
T1015,M2015,ACCT100140,DST300133,2026-01-09 09:33:00,295389,104402,400000,0,200
T1015,M2007,ACCT100140,DST300096,2026-01-09 10:19:00,270067,104463,400000,0,200
T1015,M2018,ACCT100140,DST300078,2026-01-09 11:11:00,279366,104553,400000,0,200
T1001,M2012,ACCT100141,DST300157,2026-01-13 03:40:00,323757,101211,10000,0,200
T1001,M2012,ACCT100141,DST300145,2026-01-13 03:49:00,339319,100234,400000,0,200
T1001,M2009,ACCT100141,DST300169,2026-01-13 03:50:00,314485,100241,10000,0,200
T1001,M2006,ACCT100141,DST300074,2026-01-13 06:33:00,274339,101275,400000,0,200
T1001,M2013,ACCT100141,DST300076,2026-01-13 07:16:00,325615,101389,400000,0,200
T1001,M2013,ACCT100141,DST300131,2026-01-13 08:32:00,346466,102687,400000,0,200
T1001,M2003,ACCT100141,DST300026,2026-01-13 08:56:00,351282,103075,10000,0,200
T1001,M2011,ACCT100141,DST300078,2026-01-13 11:23:00,345667,104069,400000,0,200
T1001,M2001,ACCT100141,DST300158,2026-01-13 14:12:00,316312,104243,10000,0,200
T1001,M2002,ACCT100141,DST300159,2026-01-13 15:47:00,310519,104421,400000,0,200
T1004,M2002,ACCT100141,DST300017,2026-01-13 15:52:00,318934,104452,10000,0,200
T1001,M2001,ACCT100141,DST300149,2026-01-13 16:48:00,328798,100131,400000,0,200
T1004,M2010,ACCT100141,DST300099,2026-01-13 17:57:00,293358,104729,10000,0,200
T1004,M2005,ACCT100141,DST300093,2026-01-13 19:41:00,339618,104852,400000,0,200
T1001,M2007,ACCT100141,DST300086,2026-01-13 19:43:00,307468,100195,400000,0,200
T1021,M2000,ACCT100142,DST300127,2026-01-16 19:07:00,248119,100484,400000,51,200
T1021,M2008,ACCT100142,DST300020,2026-01-16 21:50:00,203212,100620,400000,0,200
T1021,M2004,ACCT100142,DST300039,2026-01-17 00:30:00,210602,100913,400000,0,200
T1021,M2002,ACCT100142,DST300035,2026-01-17 03:52:00,216250,101862,10000,0,200
T1021,M2009,ACCT100142,DST300163,2026-01-17 06:07:00,225007,102084,10000,0,200
T1021,M2006,ACCT100142,DST300129,2026-01-17 08:26:00,234191,102117,10000,0,200
T1021,M2003,ACCT100142,DST300089,2026-01-17 10:00:00,227498,102119,400000,0,200
T1021,M2004,ACCT100142,DST300033,2026-01-17 10:35:00,226083,102190,400000,0,200
T1021,M2006,ACCT100142,DST300010,2026-01-17 13:44:00,201836,102709,10000,0,200
T1021,M2010,ACCT100142,DST300014,2026-01-17 14:34:00,263554,103383,400000,0,200
T1021,M2015,ACCT100142,DST300030,2026-01-17 15:50:00,190707,103731,10000,68,200
T1014,M2002,ACCT100143,DST300078,2026-01-11 07:02:00,59290,100654,400000,0,200
T1014,M2010,ACCT100143,DST300153,2026-01-11 08:04:00,77945,101661,10000,0,200
T1014,M2018,ACCT100143,DST300109,2026-01-11 11:22:00,55274,101933,10000,0,200
T1014,M2014,ACCT100143,DST300148,2026-01-11 13:13:00,33728,101964,10000,0,200
T1014,M2007,ACCT100143,DST300093,2026-01-11 17:04:00,41429,102480,10000,0,200
T1014,M2002,ACCT100143,DST300045,2026-01-11 18:24:00,70228,102579,10000,0,200
T1014,M2016,ACCT100143,DST300057,2026-01-11 21:16:00,50496,102678,400000,0,200
T1014,M2015,ACCT100143,DST300143,2026-01-11 22:37:00,77107,102854,10000,0,200
T1014,M2004,ACCT100143,DST300021,2026-01-11 22:38:00,50865,103006,10000,0,200
T1014,M2001,ACCT100143,DST300027,2026-01-12 00:51:00,31353,103187,400000,0,200
T1014,M2000,ACCT100143,DST300194,2026-01-12 01:40:00,20000,103258,400000,0,200
T1014,M2015,ACCT100143,DST300100,2026-01-12 05:23:00,28472,104617,10000,0,200
T1014,M2006,ACCT100143,DST300009,2026-01-12 06:49:00,76005,104681,10000,68,200
T1014,M2010,ACCT100143,DST300105,2026-01-12 07:46:00,76684,104942,10000,0,200
T1008,M2006,ACCT100144,DST300105,2026-01-07 03:47:00,260718,100468,10000,0,200
T1008,M2014,ACCT100144,DST300061,2026-01-07 05:53:00,221922,100496,400000,0,200
T1008,M2007,ACCT100144,DST300079,2026-01-07 07:12:00,228084,100796,400000,0,200
T1008,M2001,ACCT100144,DST300190,2026-01-07 08:00:00,245681,100849,10000,0,200
T1008,M2008,ACCT100144,DST300161,2026-01-07 11:13:00,288544,101070,400000,0,200
T1008,M2017,ACCT100144,DST300197,2026-01-07 12:12:00,241028,101082,400000,51,200
T1008,M2000,ACCT100144,DST300034,2026-01-07 16:11:00,236768,101293,10000,0,200
T1008,M2015,ACCT100144,DST300168,2026-01-07 16:34:00,261476,101454,400000,0,200
T1008,M2005,ACCT100144,DST300010,2026-01-07 19:05:00,213659,101478,400000,0,200
T1008,M2019,ACCT100144,DST300083,2026-01-07 21:19:00,247555,101905,10000,0,200
T1008,M2010,ACCT100144,DST300041,2026-01-07 23:27:00,263710,102671,10000,0,200
T1008,M2015,ACCT100144,DST300004,2026-01-08 01:24:00,235459,103410,400000,0,200
T1008,M2006,ACCT100144,DST300092,2026-01-08 02:11:00,270279,103318,10000,0,200
T1008,M2008,ACCT100144,DST300080,2026-01-08 02:45:00,292833,103597,400000,0,200
T1008,M2010,ACCT100144,DST300069,2026-01-08 04:43:00,245086,103852,400000,0,200
T1008,M2011,ACCT100144,DST300024,2026-01-08 05:53:00,185352,104706,400000,0,200
T1029,M2006,ACCT100145,DST300158,2026-01-19 01:01:00,372152,100064,10000,0,200
T1029,M2005,ACCT100145,DST300061,2026-01-19 01:16:00,405558,100184,10000,0,200
T1029,M2013,ACCT100145,DST300048,2026-01-19 03:52:00,246120,100532,400000,0,200
T1029,M2003,ACCT100145,DST300177,2026-01-19 07:26:00,245291,100985,400000,0,200
T1029,M2010,ACCT100145,DST300073,2026-01-19 10:13:00,276114,101105,400000,0,200
T1029,M2006,ACCT100145,DST300135,2026-01-19 11:54:00,277904,101986,10000,51,200
T1029,M2010,ACCT100145,DST300106,2026-01-19 14:53:00,257019,102012,10000,0,200
T1029,M2013,ACCT100145,DST300151,2026-01-19 17:56:00,289422,102288,400000,0,200
T1029,M2017,ACCT100145,DST300152,2026-01-19 20:14:00,292002,102464,400000,0,200
T1029,M2017,ACCT100145,DST300081,2026-01-19 20:52:00,263391,102499,10000,0,200
T1029,M2009,ACCT100145,DST300150,2026-01-19 23:24:00,236127,102543,10000,0,200
T1029,M2004,ACCT100145,DST300060,2026-01-20 00:43:00,253033,102719,10000,0,200
T1029,M2009,ACCT100145,DST300120,2026-01-20 01:57:00,244880,103195,10000,0,200
T1029,M2014,ACCT100145,DST300047,2026-01-20 01:59:00,280148,104525,400000,0,200
T1029,M2019,ACCT100145,DST300118,2026-01-20 02:35:00,272957,103438,10000,0,200
T1029,M2019,ACCT100145,DST300116,2026-01-20 02:49:00,257518,103825,400000,0,200
T1029,M2006,ACCT100145,DST300192,2026-01-20 04:06:00,282227,103991,10000,0,200
T1029,M2009,ACCT100145,DST300106,2026-01-20 04:20:00,261837,104965,10000,0,200
T1029,M2002,ACCT100145,DST300033,2026-01-20 05:31:00,275485,104505,400000,0,200
T1017,M2007,ACCT100146,DST300183,2026-01-07 14:34:00,358545,100780,400000,0,200
T1017,M2005,ACCT100146,DST300026,2026-01-07 18:12:00,361226,100782,400000,0,200
T1017,M2009,ACCT100146,DST300182,2026-01-07 19:40:00,346610,101107,10000,0,200
T1017,M2018,ACCT100146,DST300038,2026-01-07 20:49:00,372589,101122,400000,0,200
T1017,M2014,ACCT100146,DST300134,2026-01-07 20:50:00,317060,101353,400000,0,200
T1017,M2011,ACCT100146,DST300013,2026-01-07 21:02:00,346806,101396,400000,0,200
T1017,M2007,ACCT100146,DST300087,2026-01-08 00:11:00,321007,101626,400000,0,200
T1017,M2001,ACCT100146,DST300078,2026-01-08 03:17:00,375775,102072,400000,0,200
T1017,M2015,ACCT100146,DST300193,2026-01-08 03:19:00,319199,102679,400000,0,200
T1017,M2000,ACCT100146,DST300095,2026-01-08 03:21:00,321303,102851,10000,0,200
T1017,M2006,ACCT100146,DST300087,2026-01-08 03:22:00,373695,103899,10000,0,200
T1017,M2003,ACCT100146,DST300197,2026-01-08 06:11:00,342303,104056,400000,0,200
T1017,M2012,ACCT100146,DST999999,2026-01-08 06:13:00,343207,104214,400000,0,200
T1017,M2015,ACCT100146,DST999999,2026-01-08 06:15:00,349244,104215,400000,0,200
T1017,M2011,ACCT100146,DST300134,2026-01-08 06:24:00,346029,104284,400000,0,200
T1013,M2011,ACCT100147,DST300179,2026-01-19 10:03:00,255996,100470,10000,0,200
T1013,M2003,ACCT100147,DST300170,2026-01-19 11:50:00,287120,100995,10000,0,200
T1013,M2015,ACCT100147,DST300004,2026-01-19 11:58:00,254753,101073,400000,0,200
T1013,M2018,ACCT100147,DST300052,2026-01-19 15:03:00,240809,101804,400000,0,200
T1001,M2016,ACCT100147,DST300170,2026-01-19 15:05:00,230275,102360,10000,0,200
T1001,M2008,ACCT100147,DST300151,2026-01-19 19:05:00,261481,102967,10000,0,200
T1001,M2006,ACCT100147,DST300198,2026-01-19 20:47:00,269700,102981,10000,0,200
T1001,M2003,ACCT100147,DST300114,2026-01-19 22:59:00,235697,103491,400000,0,200
T1001,M2016,ACCT100147,DST300041,2026-01-19 23:13:00,270744,103520,10000,0,200
T1001,M2004,ACCT100147,DST300116,2026-01-20 00:41:00,247543,103666,10000,0,200
T1001,M2005,ACCT100147,DST300012,2026-01-20 01:40:00,295813,104299,10000,0,200
T1001,M2009,ACCT100147,DST300114,2026-01-20 02:19:00,250224,104809,400000,0,200
T1001,M2000,ACCT100147,DST300095,2026-01-20 02:53:00,276796,104418,10000,0,200
T1001,M2007,ACCT100147,DST300073,2026-01-20 03:42:00,272157,103814,400000,0,200
T1001,M2012,ACCT100147,DST300052,2026-01-20 05:43:00,262429,104714,400000,0,200
T1001,M2011,ACCT100147,DST300013,2026-01-20 06:58:00,259944,104724,10000,68,200
T1001,M2013,ACCT100147,DST300106,2026-01-20 09:18:00,278811,104779,400000,0,200
T1018,M2019,ACCT100148,DST300154,2026-01-17 21:55:00,265798,100312,10000,51,200
T1018,M2009,ACCT100148,DST300110,2026-01-18 00:18:00,263182,100390,400000,0,200
T1018,M2015,ACCT100148,DST300059,2026-01-18 00:30:00,244614,100653,10000,0,200
T1018,M2013,ACCT100148,DST300103,2026-01-18 02:03:00,231849,100950,10000,0,200
T1018,M2015,ACCT100148,DST300049,2026-01-18 02:55:00,271431,101724,400000,0,200
T1018,M2007,ACCT100148,DST300153,2026-01-18 03:08:00,264312,101861,400000,0,200
T1018,M2018,ACCT100148,DST300015,2026-01-18 05:31:00,250274,101919,10000,68,200
T1018,M2003,ACCT100148,DST300092,2026-01-18 09:13:00,261787,102922,10000,51,200
T1018,M2010,ACCT100148,DST300068,2026-01-18 12:30:00,259033,103093,400000,0,200
T1018,M2004,ACCT100148,DST300039,2026-01-18 14:58:00,215627,103871,10000,0,200
T1018,M2010,ACCT100148,DST300088,2026-01-18 15:15:00,279615,104339,400000,0,200
T1018,M2005,ACCT100148,DST300186,2026-01-18 18:52:00,233197,104546,400000,0,200
T1004,M2017,ACCT100149,DST300062,2026-01-12 23:45:00,303668,100264,400000,0,200
T1004,M2000,ACCT100149,DST300197,2026-01-13 02:12:00,284531,100436,10000,0,200
T1004,M2010,ACCT100149,DST300079,2026-01-13 04:21:00,276576,100498,400000,0,200
T1004,M2001,ACCT100149,DST300076,2026-01-13 07:11:00,292103,102048,400000,0,200
T1004,M2006,ACCT100149,DST300117,2026-01-13 10:14:00,274823,102125,400000,0,200
T1004,M2011,ACCT100149,DST300199,2026-01-13 14:01:00,281558,102214,10000,0,200
T1004,M2015,ACCT100149,DST300033,2026-01-13 17:51:00,325107,102477,400000,0,200
T1004,M2018,ACCT100149,DST300132,2026-01-13 20:45:00,255978,102944,400000,0,200
T1004,M2012,ACCT100149,DST300059,2026-01-14 00:26:00,273883,103269,10000,0,200
T1004,M2015,ACCT100149,DST300158,2026-01-14 01:45:00,292961,103943,400000,0,200
T1004,M2005,ACCT100149,DST300156,2026-01-14 03:26:00,291012,103373,400000,0,200
T1004,M2015,ACCT100149,DST300049,2026-01-14 04:27:00,272983,103947,10000,0,200
T1004,M2002,ACCT100149,DST300114,2026-01-14 05:40:00,244017,103954,400000,0,200
T1004,M2015,ACCT100149,DST300049,2026-01-14 05:42:00,307124,104457,10000,0,200
T1004,M2007,ACCT100149,DST300020,2026-01-14 09:26:00,312868,104631,400000,0,200
T1004,M2003,ACCT100149,DST300076,2026-01-14 09:50:00,295420,104663,10000,0,200
T1015,M2004,ACCT100150,DST300149,2026-01-15 01:57:00,264198,102154,10000,0,200
T1015,M2005,ACCT100150,DST300172,2026-01-15 03:16:00,255166,102329,400000,0,200
T1015,M2019,ACCT100150,DST300128,2026-01-15 03:19:00,206899,102858,10000,0,200
T1015,M2008,ACCT100150,DST300042,2026-01-15 05:03:00,273745,103211,400000,0,200
T1015,M2007,ACCT100150,DST300086,2026-01-15 06:17:00,220780,100343,10000,51,200
T1015,M2008,ACCT100150,DST300169,2026-01-15 06:22:00,272329,102643,400000,0,200
T1015,M2018,ACCT100150,DST300051,2026-01-15 07:04:00,285219,103574,10000,0,200
T1015,M2005,ACCT100150,DST300117,2026-01-15 08:11:00,239429,100627,10000,51,200
T1015,M2003,ACCT100150,DST300048,2026-01-15 09:21:00,239934,100889,400000,0,200
T1015,M2012,ACCT100150,DST300199,2026-01-15 09:27:00,239318,103834,10000,51,200
T1015,M2000,ACCT100150,DST300027,2026-01-15 11:40:00,262398,104398,400000,0,200
T1015,M2008,ACCT100150,DST300038,2026-01-15 12:03:00,1618535,104548,10000,0,200
T1015,M2005,ACCT100150,DST300157,2026-01-15 13:01:00,278654,101012,10000,0,200
T1015,M2002,ACCT100150,DST300158,2026-01-15 13:22:00,224085,104697,10000,0,200
T1015,M2002,ACCT100150,DST300172,2026-01-15 14:53:00,251265,101262,10000,0,200
T1015,M2016,ACCT100150,DST300091,2026-01-15 15:32:00,268697,104931,400000,0,200
T1015,M2015,ACCT100150,DST300064,2026-01-15 16:24:00,243462,101609,400000,0,200
T1015,M2011,ACCT100150,DST300034,2026-01-15 18:09:00,208892,101707,400000,0,200
T1015,M2005,ACCT100150,DST300172,2026-01-15 18:29:00,247702,102065,400000,0,200
T1012,M2004,ACCT100151,DST300030,2026-01-12 03:41:00,159827,101700,10000,0,200
T1012,M2000,ACCT100151,DST300068,2026-01-12 03:58:00,144807,103609,400000,0,200
T1012,M2016,ACCT100151,DST300081,2026-01-12 04:10:00,191541,104212,400000,0,200
T1012,M2012,ACCT100151,DST300059,2026-01-12 04:29:00,127939,104294,400000,0,200
T1012,M2013,ACCT100151,DST300029,2026-01-12 04:41:00,115953,100555,10000,68,200
T1012,M2015,ACCT100151,DST300115,2026-01-12 06:54:00,154196,102527,10000,0,200
T1012,M2000,ACCT100151,DST300176,2026-01-12 07:24:00,181283,104422,400000,68,200
T1012,M2001,ACCT100151,DST300082,2026-01-12 07:29:00,141603,100677,400000,0,200
T1012,M2000,ACCT100151,DST300023,2026-01-12 07:32:00,107128,101164,10000,0,200
T1012,M2004,ACCT100151,DST300021,2026-01-12 07:55:00,150307,102847,400000,0,200
T1012,M2002,ACCT100151,DST300014,2026-01-12 09:31:00,162453,101232,10000,0,200
T1012,M2019,ACCT100151,DST300052,2026-01-12 09:45:00,139632,103293,400000,0,200
T1012,M2019,ACCT100151,DST300139,2026-01-12 11:24:00,131447,104604,400000,0,200
T1012,M2013,ACCT100151,DST300024,2026-01-12 12:39:00,163597,100440,400000,0,200
T1012,M2008,ACCT100151,DST300082,2026-01-12 13:34:00,163822,103297,10000,0,200
T1012,M2013,ACCT100151,DST300127,2026-01-12 14:28:00,158102,104718,400000,0,200
T1012,M2019,ACCT100151,DST300026,2026-01-12 14:42:00,134541,104793,10000,0,200
T1012,M2018,ACCT100151,DST300188,2026-01-12 17:10:00,142198,104909,10000,0,200
T1012,M2010,ACCT100151,DST300030,2026-01-12 19:01:00,199176,104947,10000,0,200
T1025,M2001,ACCT100152,DST300123,2026-01-07 01:34:00,57362,100566,10000,0,200
T1025,M2006,ACCT100152,DST300014,2026-01-07 01:40:00,100207,100918,400000,0,200
T1025,M2003,ACCT100152,DST300092,2026-01-07 05:28:00,122858,101259,10000,0,200
T1025,M2013,ACCT100152,DST300040,2026-01-07 08:47:00,121408,101385,400000,0,200
T1025,M2019,ACCT100152,DST300089,2026-01-07 09:38:00,97608,101435,400000,0,200
T1025,M2004,ACCT100152,DST300144,2026-01-07 12:09:00,98169,101520,400000,0,200
T1025,M2008,ACCT100152,DST300044,2026-01-07 14:29:00,113212,102018,400000,0,200
T1025,M2006,ACCT100152,DST300090,2026-01-07 18:26:00,94240,102958,10000,0,200
T1025,M2011,ACCT100152,DST300181,2026-01-07 21:08:00,57434,103068,400000,0,200
T1025,M2012,ACCT100152,DST300178,2026-01-07 23:05:00,54333,104760,10000,0,200
T1025,M2009,ACCT100152,DST300120,2026-01-08 00:37:00,82574,104976,10000,0,200
T1021,M2017,ACCT100153,DST300066,2026-01-10 19:54:00,51768,100080,10000,0,200
T1021,M2008,ACCT100153,DST300139,2026-01-10 20:46:00,59030,100258,10000,0,200
T1021,M2005,ACCT100153,DST300140,2026-01-10 23:58:00,100032,101309,10000,0,200
T1021,M2019,ACCT100153,DST300113,2026-01-11 01:34:00,101046,102533,400000,0,200
T1021,M2002,ACCT100153,DST300146,2026-01-11 01:42:00,71220,101780,400000,0,200
T1021,M2003,ACCT100153,DST300058,2026-01-11 01:57:00,80115,102818,10000,0,200
T1021,M2009,ACCT100153,DST300092,2026-01-11 02:40:00,82628,102052,400000,0,200
T1021,M2000,ACCT100153,DST300150,2026-01-11 03:05:00,75766,102871,10000,0,200
T1021,M2003,ACCT100153,DST300141,2026-01-11 03:59:00,84343,103079,400000,0,200
T1021,M2010,ACCT100153,DST300109,2026-01-11 04:01:00,83044,103132,400000,0,200
T1021,M2004,ACCT100153,DST300047,2026-01-11 04:24:00,67383,103206,10000,0,200
T1021,M2018,ACCT100153,DST300163,2026-01-11 04:26:00,93493,102888,10000,0,200
T1021,M2014,ACCT100153,DST300112,2026-01-11 04:56:00,64244,103224,10000,0,200
T1021,M2013,ACCT100153,DST300105,2026-01-11 04:57:00,88260,102056,10000,0,200
T1021,M2010,ACCT100153,DST300029,2026-01-11 05:02:00,88364,103557,400000,0,200
T1021,M2014,ACCT100153,DST300109,2026-01-11 05:03:00,112727,103795,300000,55,200
T1021,M2019,ACCT100153,DST300046,2026-01-11 05:04:00,73976,103796,300000,55,200
T1021,M2006,ACCT100153,DST300144,2026-01-11 05:05:00,81132,103797,300000,55,200
T1021,M2011,ACCT100153,DST300077,2026-01-11 05:06:00,72107,103798,300000,55,200
T1021,M2016,ACCT100153,DST300081,2026-01-11 08:56:00,91022,102185,400000,0,200
T1021,M2014,ACCT100153,DST300004,2026-01-11 08:57:00,72951,103935,400000,0,200
T1021,M2012,ACCT100153,DST300080,2026-01-11 09:18:00,515459,104221,10000,0,200
T1021,M2010,ACCT100153,DST300134,2026-01-11 11:02:00,88796,102331,10000,0,200
T1021,M2001,ACCT100153,DST300054,2026-01-11 12:35:00,86812,104734,400000,0,200
T1021,M2006,ACCT100153,DST300058,2026-01-11 15:17:00,76114,104871,400000,0,200
T1021,M2017,ACCT100153,DST300109,2026-01-11 18:38:00,77148,104951,400000,0,200
T1009,M2001,ACCT100154,DST300107,2026-01-19 21:40:00,238436,100881,10000,0,200
T1009,M2005,ACCT100154,DST300145,2026-01-19 23:12:00,184206,101109,10000,0,200
T1009,M2015,ACCT100154,DST300036,2026-01-20 01:13:00,197348,101400,400000,0,200
T1009,M2000,ACCT100154,DST300116,2026-01-20 01:52:00,180175,103172,400000,0,200
T1009,M2009,ACCT100154,DST300044,2026-01-20 02:18:00,192181,101854,10000,0,200
T1009,M2012,ACCT100154,DST999999,2026-01-20 02:20:00,200252,101874,400000,0,200
T1009,M2006,ACCT100154,DST999999,2026-01-20 02:22:00,220306,101875,400000,0,200
T1009,M2018,ACCT100154,DST300117,2026-01-20 03:02:00,198910,104220,10000,0,200
T1009,M2008,ACCT100154,DST300122,2026-01-20 03:44:00,178822,103372,400000,0,200
T1009,M2000,ACCT100154,DST300156,2026-01-20 04:50:00,207274,104255,400000,0,200
T1009,M2012,ACCT100154,DST300141,2026-01-20 05:02:00,190006,102029,400000,51,200
T1009,M2018,ACCT100154,DST300174,2026-01-20 05:05:00,213139,102106,10000,0,200
T1009,M2009,ACCT100154,DST300198,2026-01-20 05:06:00,195241,103104,10000,0,200
T1009,M2012,ACCT100154,DST300156,2026-01-20 07:19:00,183441,104560,400000,0,200
T1009,M2010,ACCT100154,DST300020,2026-01-20 07:20:00,223924,104655,400000,0,200
T1009,M2011,ACCT100154,DST300084,2026-01-20 10:05:00,186522,104676,400000,0,200
T1009,M2016,ACCT100154,DST300114,2026-01-20 10:33:00,174616,104901,400000,51,200
T1009,M2017,ACCT100154,DST300115,2026-01-20 12:09:00,176500,104939,10000,0,200
T1015,M2014,ACCT100155,DST300007,2026-01-09 00:46:00,211366,100061,400000,0,200
T1015,M2015,ACCT100155,DST300130,2026-01-09 01:31:00,229776,100094,10000,0,200
T1015,M2013,ACCT100155,DST300007,2026-01-09 03:04:00,426892,102387,10000,0,200
T1015,M2000,ACCT100155,DST300012,2026-01-09 03:07:00,153032,101127,10000,0,200
T1015,M2003,ACCT100155,DST300045,2026-01-09 03:58:00,273756,100218,10000,0,200
T1015,M2011,ACCT100155,DST300020,2026-01-09 05:23:00,225797,100621,10000,0,200
T1015,M2017,ACCT100155,DST300182,2026-01-09 06:05:00,208959,101202,400000,0,200
T1015,M2007,ACCT100155,DST300117,2026-01-09 07:02:00,216603,101307,10000,0,200
T1015,M2011,ACCT100155,DST300187,2026-01-09 07:04:00,205461,103028,400000,0,200
T1015,M2011,ACCT100155,DST300083,2026-01-09 07:28:00,183156,101775,10000,0,200
T1015,M2011,ACCT100155,DST300092,2026-01-09 08:40:00,200400,100828,400000,0,200
T1015,M2008,ACCT100155,DST300184,2026-01-09 10:33:00,195245,103360,400000,0,200
T1015,M2012,ACCT100155,DST300003,2026-01-09 11:17:00,201528,101940,400000,0,200
T1015,M2014,ACCT100155,DST300056,2026-01-09 12:26:00,220259,103931,10000,0,200
T1014,M2001,ACCT100155,DST300018,2026-01-09 12:28:00,240969,103955,10000,0,200
T1014,M2006,ACCT100155,DST300065,2026-01-09 13:03:00,221560,104205,10000,0,200
T1015,M2016,ACCT100155,DST300159,2026-01-09 14:03:00,199981,102019,400000,0,200
T1015,M2006,ACCT100155,DST300111,2026-01-09 15:04:00,210713,102180,400000,0,200
T1014,M2003,ACCT100155,DST300004,2026-01-09 16:39:00,209657,104320,10000,0,200
T1014,M2017,ACCT100155,DST300192,2026-01-09 17:36:00,262803,104628,10000,0,200
T1001,M2011,ACCT100156,DST300114,2026-01-17 17:06:00,326029,101099,400000,0,200
T1001,M2005,ACCT100156,DST300032,2026-01-17 17:34:00,365401,101154,400000,0,200
T1001,M2003,ACCT100156,DST300106,2026-01-17 19:03:00,352305,101227,400000,0,200
T1001,M2006,ACCT100156,DST300186,2026-01-17 19:56:00,292814,101450,10000,0,200
T1001,M2010,ACCT100156,DST300073,2026-01-17 20:19:00,301179,101577,10000,0,200
T1001,M2004,ACCT100156,DST300082,2026-01-17 21:14:00,318397,102702,10000,0,200
T1001,M2007,ACCT100156,DST300063,2026-01-17 21:46:00,331223,102908,10000,0,200
T1001,M2001,ACCT100156,DST300176,2026-01-17 22:11:00,307986,103432,400000,0,200
T1001,M2005,ACCT100156,DST300135,2026-01-18 00:15:00,328269,104040,10000,0,200
T1010,M2005,ACCT100157,DST300155,2026-01-20 01:55:00,418155,102566,10000,0,200
T1010,M2013,ACCT100157,DST300081,2026-01-20 02:11:00,260371,102609,10000,51,200
T1010,M2011,ACCT100157,DST300042,2026-01-20 02:40:00,271906,103215,10000,0,200
T1010,M2004,ACCT100157,DST300047,2026-01-20 04:09:00,1943273,100031,10000,0,200
T1010,M2016,ACCT100157,DST300197,2026-01-20 04:30:00,229269,103356,10000,0,200
T1010,M2018,ACCT100157,DST300050,2026-01-20 05:12:00,249898,104001,10000,0,200
T1010,M2007,ACCT100157,DST300122,2026-01-20 05:52:00,233479,103072,10000,0,200
T1010,M2004,ACCT100157,DST300004,2026-01-20 06:57:00,213877,104116,10000,0,200
T1010,M2016,ACCT100157,DST300159,2026-01-20 07:32:00,250654,100292,10000,0,200
T1010,M2006,ACCT100157,DST300016,2026-01-20 07:38:00,265373,103160,10000,0,200
T1010,M2008,ACCT100157,DST300044,2026-01-20 09:56:00,237498,104861,10000,51,200
T1010,M2014,ACCT100157,DST300131,2026-01-20 09:59:00,238723,104900,400000,0,200
T1010,M2003,ACCT100157,DST300030,2026-01-20 11:22:00,261811,101526,400000,0,200
T1010,M2008,ACCT100157,DST300008,2026-01-20 11:24:00,271714,101541,400000,0,200
T1010,M2015,ACCT100157,DST300122,2026-01-20 11:36:00,245538,103181,10000,0,200
T1010,M2005,ACCT100157,DST300026,2026-01-20 13:49:00,263652,101787,10000,0,200
T1010,M2017,ACCT100157,DST300004,2026-01-20 17:01:00,221852,101996,10000,0,200
T1010,M2009,ACCT100157,DST300128,2026-01-20 19:18:00,253166,102039,400000,0,200
T1010,M2008,ACCT100157,DST300106,2026-01-20 19:47:00,242498,102326,10000,0,200
T1010,M2006,ACCT100157,DST300129,2026-01-20 23:29:00,259036,102409,10000,0,200
T1007,M2007,ACCT100158,DST300087,2026-01-10 01:11:00,108989,101463,400000,0,200
T1007,M2007,ACCT100158,DST999999,2026-01-10 01:13:00,102892,102023,400000,0,200
T1007,M2001,ACCT100158,DST999999,2026-01-10 01:15:00,152820,102024,400000,0,200
T1007,M2006,ACCT100158,DST999999,2026-01-10 01:17:00,158507,102025,400000,0,200
T1007,M2018,ACCT100158,DST300021,2026-01-10 02:33:00,126977,102220,400000,0,200
T1007,M2011,ACCT100158,DST300033,2026-01-10 03:25:00,174048,102465,10000,0,200
T1007,M2005,ACCT100158,DST300034,2026-01-10 07:15:00,129283,102697,400000,0,200
T1007,M2010,ACCT100158,DST300121,2026-01-10 09:52:00,133339,102817,10000,51,200
T1007,M2002,ACCT100158,DST300034,2026-01-10 10:08:00,141310,102890,10000,0,200
T1007,M2009,ACCT100158,DST300165,2026-01-10 10:23:00,145985,101184,10000,0,200
T1007,M2000,ACCT100158,DST300098,2026-01-10 12:33:00,153117,102914,400000,0,200
T1007,M2003,ACCT100158,DST300016,2026-01-10 15:29:00,151697,103125,10000,0,200
T1007,M2015,ACCT100158,DST300068,2026-01-10 17:30:00,123401,103253,10000,0,200
T1007,M2005,ACCT100158,DST300072,2026-01-10 19:29:00,136643,103772,10000,0,200
T1007,M2003,ACCT100158,DST300033,2026-01-10 21:26:00,200489,103860,400000,0,200
T1007,M2017,ACCT100158,DST300040,2026-01-10 22:45:00,123966,104051,10000,0,200
T1007,M2011,ACCT100158,DST300007,2026-01-11 01:21:00,155299,104132,10000,0,200
T1007,M2010,ACCT100158,DST300079,2026-01-11 04:15:00,123713,104529,400000,0,200
T1007,M2005,ACCT100158,DST300118,2026-01-11 04:54:00,136501,104732,10000,0,200
T1007,M2005,ACCT100158,DST300116,2026-01-11 07:34:00,173773,104926,400000,0,200
T1007,M2003,ACCT100159,DST999999,2026-01-13 16:49:00,310505,102085,400000,0,200
T1007,M2002,ACCT100159,DST999999,2026-01-13 16:51:00,315143,102086,400000,0,200
T1007,M2010,ACCT100159,DST300050,2026-01-13 20:08:00,341920,102374,400000,0,200
T1007,M2009,ACCT100159,DST300082,2026-01-13 22:32:00,333270,102704,10000,0,200
T1007,M2013,ACCT100159,DST300094,2026-01-14 00:38:00,337357,102996,10000,51,200
T1007,M2015,ACCT100159,DST300147,2026-01-14 00:54:00,323527,103226,400000,0,200
T1007,M2016,ACCT100159,DST300169,2026-01-14 04:10:00,322596,103390,400000,0,200
T1007,M2000,ACCT100159,DST300140,2026-01-14 06:35:00,354166,103555,10000,0,200
T1007,M2005,ACCT100159,DST300140,2026-01-14 09:00:00,312076,103748,400000,0,200
T1007,M2008,ACCT100159,DST300099,2026-01-14 11:51:00,363522,103789,400000,0,200
T1007,M2001,ACCT100159,DST300144,2026-01-14 13:50:00,332264,104064,400000,0,200
T1007,M2000,ACCT100159,DST300172,2026-01-14 17:40:00,338143,104325,10000,0,200
T1009,M2000,ACCT100160,DST300111,2026-01-09 22:01:00,143334,100087,300000,55,200
T1009,M2017,ACCT100160,DST300067,2026-01-09 22:02:00,105566,100088,300000,55,200
T1009,M2016,ACCT100160,DST300009,2026-01-10 00:18:00,106884,100643,400000,0,200
T1009,M2003,ACCT100160,DST300109,2026-01-10 02:51:00,99869,100765,400000,0,200
T1009,M2018,ACCT100160,DST300064,2026-01-10 04:52:00,110430,104291,400000,0,200
T1009,M2005,ACCT100160,DST300152,2026-01-10 06:43:00,102911,101216,400000,0,200
T1009,M2004,ACCT100160,DST300183,2026-01-10 07:09:00,86260,104293,10000,0,200
T1009,M2002,ACCT100160,DST300114,2026-01-10 08:56:00,133881,101602,400000,0,200
T1009,M2019,ACCT100160,DST300138,2026-01-10 10:19:00,148850,102668,10000,0,200
T1009,M2019,ACCT100160,DST300169,2026-01-10 11:01:00,123770,103862,10000,0,200
T1009,M2015,ACCT100160,DST300012,2026-01-10 11:03:00,134403,104699,400000,0,200
T1009,M2015,ACCT100160,DST300013,2026-01-10 11:23:00,508042,104878,10000,0,200
T1009,M2013,ACCT100160,DST300089,2026-01-10 13:05:00,106798,104885,400000,0,200
T1009,M2015,ACCT100160,DST300124,2026-01-10 13:09:00,140378,103887,400000,0,200
T1015,M2000,ACCT100161,DST300158,2026-01-07 19:31:00,222837,100071,400000,0,200
T1015,M2004,ACCT100161,DST300053,2026-01-07 21:02:00,249220,100301,400000,0,200
T1015,M2002,ACCT100161,DST300074,2026-01-07 21:05:00,208702,100366,400000,0,200
T1015,M2012,ACCT100161,DST300099,2026-01-08 02:56:00,219351,100604,400000,0,200
T1015,M2010,ACCT100161,DST300126,2026-01-08 02:59:00,193362,101159,10000,0,200
T1015,M2010,ACCT100161,DST300153,2026-01-08 04:02:00,184432,104497,400000,0,200
T1015,M2011,ACCT100161,DST300051,2026-01-08 04:26:00,234366,101842,400000,0,200
T1015,M2013,ACCT100161,DST300070,2026-01-08 04:36:00,241786,102264,400000,0,200
T1015,M2017,ACCT100161,DST300021,2026-01-08 05:13:00,190174,101370,400000,0,200
T1015,M2014,ACCT100161,DST300030,2026-01-08 06:47:00,227435,102457,400000,0,200
T1015,M2012,ACCT100161,DST300161,2026-01-08 07:05:00,218984,104775,10000,0,200
T1015,M2014,ACCT100161,DST300017,2026-01-08 07:31:00,218566,101443,400000,0,200
T1015,M2013,ACCT100161,DST300003,2026-01-08 08:19:00,270062,101518,10000,0,200
T1015,M2006,ACCT100161,DST300043,2026-01-08 09:33:00,203882,102484,400000,0,200
T1015,M2014,ACCT100161,DST300046,2026-01-08 11:26:00,232676,101527,400000,0,200
T1015,M2019,ACCT100161,DST300077,2026-01-08 12:27:00,202565,103021,10000,0,200
T1015,M2011,ACCT100161,DST300122,2026-01-08 12:29:00,268467,103553,400000,0,200
T1015,M2019,ACCT100161,DST300143,2026-01-08 13:22:00,261869,101534,10000,0,200
T1015,M2008,ACCT100161,DST300038,2026-01-08 14:24:00,178659,104327,10000,0,200
T1013,M2008,ACCT100162,DST300011,2026-01-19 01:47:00,253694,101994,10000,0,200
T1013,M2018,ACCT100162,DST300196,2026-01-19 04:21:00,132165,102040,400000,0,200
T1013,M2005,ACCT100162,DST300175,2026-01-19 04:40:00,122252,100242,400000,0,200
T1013,M2003,ACCT100162,DST300197,2026-01-19 07:43:00,166977,102674,10000,0,200
T1013,M2000,ACCT100162,DST300128,2026-01-19 08:33:00,142653,100383,400000,0,200
T1013,M2012,ACCT100162,DST300168,2026-01-19 08:54:00,213301,103166,400000,0,200
T1013,M2008,ACCT100162,DST300181,2026-01-19 09:10:00,183214,100673,400000,0,200
T1013,M2002,ACCT100162,DST300136,2026-01-19 10:50:00,163787,103535,400000,0,200
T1013,M2015,ACCT100162,DST300190,2026-01-19 11:24:00,170645,100727,400000,0,200
T1013,M2016,ACCT100162,DST300120,2026-01-19 14:58:00,191539,101530,400000,0,200
T1013,M2019,ACCT100162,DST300040,2026-01-19 18:30:00,168874,101728,10000,0,200
T1013,M2005,ACCT100162,DST300057,2026-01-19 20:04:00,175024,101980,400000,0,200
T1001,M2013,ACCT100163,DST300121,2026-01-08 01:27:00,34828,103533,10000,0,200
T1001,M2003,ACCT100163,DST300144,2026-01-08 02:08:00,129647,101110,400000,0,200
T1001,M2012,ACCT100163,DST300162,2026-01-08 02:09:00,104039,104095,10000,0,200
T1001,M2006,ACCT100163,DST300146,2026-01-08 02:41:00,89004,104250,10000,0,200
T1001,M2011,ACCT100163,DST300068,2026-01-08 03:19:00,51206,104314,400000,68,200
T1001,M2007,ACCT100163,DST300077,2026-01-08 03:48:00,71447,101206,400000,68,200
T1001,M2013,ACCT100163,DST300017,2026-01-08 04:23:00,108696,104731,400000,0,200
T1001,M2012,ACCT100163,DST300152,2026-01-08 04:51:00,73204,101576,400000,0,200
T1001,M2000,ACCT100163,DST300044,2026-01-08 05:00:00,115586,101594,10000,0,200
T1001,M2017,ACCT100163,DST300047,2026-01-08 05:39:00,121071,101615,10000,0,200
T1001,M2011,ACCT100163,DST300126,2026-01-08 06:03:00,52090,104956,10000,0,200
T1001,M2018,ACCT100163,DST300153,2026-01-08 06:58:00,140508,104464,10000,0,200
T1001,M2005,ACCT100163,DST300178,2026-01-08 07:01:00,88185,104562,400000,0,200
T1001,M2017,ACCT100163,DST300143,2026-01-08 07:40:00,80589,101663,400000,0,200
T1001,M2014,ACCT100163,DST300182,2026-01-08 07:47:00,44450,104592,400000,0,200
T1001,M2011,ACCT100163,DST300120,2026-01-08 11:01:00,90902,102156,400000,0,200
T1001,M2019,ACCT100163,DST300038,2026-01-08 12:11:00,65584,102928,400000,0,200
T1001,M2002,ACCT100163,DST300109,2026-01-08 12:12:00,82605,103422,300000,55,200
T1001,M2001,ACCT100163,DST300113,2026-01-08 12:13:00,75593,103423,300000,55,200
T1001,M2011,ACCT100163,DST300096,2026-01-08 12:14:00,51373,103424,300000,55,200
T1027,M2009,ACCT100164,DST300157,2026-01-04 20:41:00,80963,100011,400000,51,200
T1027,M2015,ACCT100164,DST300027,2026-01-04 22:17:00,74311,100287,10000,0,200
T1027,M2017,ACCT100164,DST300129,2026-01-05 01:49:00,101016,100442,10000,0,200
T1027,M2007,ACCT100164,DST300086,2026-01-05 04:56:00,62180,100535,400000,0,200
T1027,M2001,ACCT100164,DST300000,2026-01-05 05:55:00,61448,100867,400000,0,200
T1027,M2007,ACCT100164,DST300135,2026-01-05 08:02:00,95306,101490,10000,0,200
T1027,M2003,ACCT100164,DST300004,2026-01-05 08:17:00,80008,101672,400000,0,200
T1027,M2001,ACCT100164,DST300013,2026-01-05 10:28:00,97644,101984,400000,0,200
T1027,M2013,ACCT100164,DST300066,2026-01-05 12:03:00,85813,102229,10000,0,200
T1027,M2019,ACCT100164,DST300068,2026-01-05 14:12:00,124122,102502,400000,0,200
T1027,M2018,ACCT100164,DST300046,2026-01-05 17:21:00,49482,102553,400000,0,200
T1027,M2009,ACCT100164,DST300059,2026-01-05 21:03:00,76232,102909,10000,0,200
T1027,M2003,ACCT100164,DST300169,2026-01-05 21:40:00,54788,103949,10000,0,200
T1027,M2016,ACCT100164,DST300037,2026-01-05 21:50:00,110472,104233,400000,0,200
T1027,M2017,ACCT100164,DST300019,2026-01-05 22:10:00,62989,104667,400000,0,200
T1027,M2003,ACCT100165,DST300155,2026-01-16 05:17:00,98686,100172,10000,0,200
T1027,M2005,ACCT100165,DST300163,2026-01-16 07:16:00,107490,100358,400000,0,200
T1027,M2014,ACCT100165,DST300128,2026-01-16 09:45:00,99289,100599,400000,0,200
T1027,M2015,ACCT100165,DST300108,2026-01-16 12:52:00,109399,100785,10000,0,200
T1027,M2016,ACCT100165,DST300182,2026-01-16 14:19:00,120967,101067,400000,0,200
T1027,M2002,ACCT100165,DST300139,2026-01-16 15:31:00,89283,101326,10000,0,200
T1027,M2000,ACCT100165,DST300134,2026-01-16 17:24:00,121380,101354,400000,0,200
T1027,M2007,ACCT100165,DST300119,2026-01-16 21:14:00,97962,101417,10000,0,200
T1027,M2003,ACCT100165,DST300006,2026-01-16 22:09:00,127412,101878,400000,68,200
T1027,M2001,ACCT100165,DST300050,2026-01-17 01:23:00,169575,102218,10000,0,200
T1027,M2014,ACCT100165,DST300192,2026-01-17 04:16:00,136876,102294,10000,0,200
T1027,M2010,ACCT100165,DST300182,2026-01-17 04:19:00,173188,103193,400000,0,200
T1027,M2009,ACCT100165,DST300087,2026-01-17 06:01:00,120371,103197,10000,0,200
T1027,M2006,ACCT100165,DST300137,2026-01-17 06:59:00,104960,103329,10000,0,200
T1027,M2008,ACCT100165,DST300136,2026-01-17 09:10:00,93393,103754,400000,0,200
T1027,M2011,ACCT100165,DST300170,2026-01-17 12:41:00,98561,104764,400000,0,200
T1014,M2018,ACCT100166,DST300018,2026-01-14 03:25:00,270754,103818,400000,0,200
T1014,M2002,ACCT100166,DST300150,2026-01-14 04:02:00,299149,103927,10000,0,200
T1005,M2004,ACCT100166,DST300197,2026-01-14 04:13:00,239448,100216,400000,0,200
T1014,M2010,ACCT100166,DST300198,2026-01-14 04:40:00,260532,104209,400000,0,200
T1005,M2003,ACCT100166,DST300187,2026-01-14 04:53:00,247194,101492,400000,0,200
T1014,M2015,ACCT100166,DST300183,2026-01-14 04:56:00,269245,101932,10000,0,200
T1014,M2010,ACCT100166,DST300114,2026-01-14 05:26:00,306445,104315,10000,0,200
T1014,M2016,ACCT100166,DST300131,2026-01-14 06:36:00,311474,102082,10000,0,200
T1014,M2019,ACCT100166,DST300109,2026-01-14 07:27:00,252970,104383,10000,0,200
T1014,M2012,ACCT100166,DST300194,2026-01-14 08:02:00,274133,104428,400000,0,200
T1014,M2017,ACCT100166,DST300070,2026-01-14 09:59:00,296421,102251,400000,0,200
T1014,M2001,ACCT100166,DST300123,2026-01-14 10:25:00,286983,104524,400000,0,200
T1014,M2017,ACCT100166,DST999999,2026-01-14 10:27:00,272825,104858,400000,0,200
T1014,M2005,ACCT100166,DST999999,2026-01-14 10:29:00,257837,104859,400000,0,200
T1014,M2000,ACCT100166,DST300095,2026-01-14 11:26:00,273289,103158,10000,0,200
T1014,M2004,ACCT100166,DST300094,2026-01-14 12:22:00,271880,103368,400000,0,200
T1016,M2004,ACCT100167,DST300082,2026-01-14 08:50:00,65010,100101,10000,0,200
T1016,M2015,ACCT100167,DST300196,2026-01-14 09:17:00,115169,100488,10000,0,200
T1016,M2018,ACCT100167,DST300151,2026-01-14 10:03:00,66381,101457,10000,0,200
T1016,M2009,ACCT100167,DST300039,2026-01-14 13:26:00,55722,101628,10000,0,200
T1016,M2018,ACCT100167,DST300008,2026-01-14 16:34:00,97233,101832,400000,51,200
T1016,M2001,ACCT100167,DST300095,2026-01-14 19:27:00,70637,101960,400000,0,200
T1016,M2002,ACCT100167,DST300078,2026-01-14 19:43:00,110137,103098,400000,0,200
T1016,M2019,ACCT100167,DST300055,2026-01-14 22:20:00,86899,103525,400000,0,200
T1016,M2000,ACCT100167,DST300074,2026-01-15 01:40:00,80162,103692,10000,0,200
T1016,M2015,ACCT100167,DST300017,2026-01-15 03:02:00,124648,103716,10000,0,200
T1016,M2006,ACCT100167,DST300097,2026-01-15 04:02:00,95126,103893,10000,0,200
T1016,M2015,ACCT100167,DST300171,2026-01-15 04:36:00,47426,103996,10000,0,200
T1016,M2014,ACCT100167,DST300093,2026-01-15 04:45:00,89434,104543,10000,0,200
T1016,M2010,ACCT100167,DST300047,2026-01-15 05:00:00,75273,104726,10000,0,200
T1016,M2004,ACCT100167,DST300018,2026-01-15 05:23:00,70259,104799,400000,0,200
T1029,M2013,ACCT100168,DST300162,2026-01-02 01:36:00,215641,100151,400000,0,200
T1029,M2016,ACCT100168,DST300122,2026-01-02 01:57:00,257691,101005,10000,0,200
T1029,M2001,ACCT100168,DST300073,2026-01-02 04:59:00,206380,101017,10000,0,200
T1029,M2006,ACCT100168,DST300154,2026-01-02 08:30:00,236431,101667,10000,0,200
T1029,M2017,ACCT100168,DST300179,2026-01-02 09:10:00,264574,101817,10000,51,200
T1029,M2014,ACCT100168,DST300164,2026-01-02 09:20:00,219717,102179,10000,0,200
T1029,M2015,ACCT100168,DST300042,2026-01-02 09:26:00,255350,102590,400000,0,200
T1029,M2000,ACCT100168,DST300145,2026-01-02 11:32:00,227930,103090,10000,0,200
T1029,M2001,ACCT100168,DST300165,2026-01-02 11:47:00,237779,103240,10000,0,200
T1029,M2003,ACCT100168,DST300144,2026-01-02 13:40:00,261523,103378,10000,0,200
T1029,M2012,ACCT100168,DST300072,2026-01-02 15:41:00,233511,103727,10000,0,200
T1029,M2005,ACCT100168,DST300193,2026-01-02 16:11:00,195304,104309,10000,0,200
T1029,M2002,ACCT100168,DST300019,2026-01-02 18:51:00,245936,104556,10000,0,200
T1029,M2016,ACCT100168,DST300178,2026-01-02 19:37:00,220598,104705,10000,0,200
T1029,M2013,ACCT100168,DST300033,2026-01-02 23:18:00,248779,104758,400000,68,200
T1029,M2016,ACCT100168,DST300179,2026-01-03 02:27:00,251597,104914,400000,0,200
T1029,M2005,ACCT100168,DST300195,2026-01-03 02:29:00,210318,104961,400000,0,200
T1002,M2014,ACCT100169,DST300136,2026-01-14 08:12:00,260673,100203,400000,0,200
T1002,M2007,ACCT100169,DST300025,2026-01-14 09:16:00,281478,100536,10000,0,200
T1002,M2017,ACCT100169,DST300127,2026-01-14 09:18:00,226159,100613,10000,0,200
T1002,M2019,ACCT100169,DST300017,2026-01-14 10:54:00,275202,100845,10000,0,200
T1002,M2013,ACCT100169,DST300182,2026-01-14 12:13:00,194784,101004,400000,0,200
T1002,M2012,ACCT100169,DST300080,2026-01-14 13:53:00,257483,101437,10000,0,200
T1002,M2013,ACCT100169,DST300121,2026-01-14 15:58:00,226675,101481,400000,0,200
T1002,M2005,ACCT100169,DST300140,2026-01-14 18:17:00,260499,102131,400000,0,200
T1002,M2009,ACCT100169,DST300062,2026-01-14 18:31:00,1932598,102596,10000,0,200
T1002,M2006,ACCT100169,DST300052,2026-01-14 22:00:00,224735,103346,400000,0,200
T1002,M2002,ACCT100169,DST300045,2026-01-14 22:49:00,282671,103717,400000,0,200
T1002,M2011,ACCT100169,DST300194,2026-01-14 23:24:00,257196,103912,10000,0,200
T1002,M2007,ACCT100169,DST300003,2026-01-15 01:40:00,251238,104516,10000,0,200
T1002,M2012,ACCT100169,DST300185,2026-01-15 01:41:00,252724,104707,300000,55,200
T1002,M2004,ACCT100169,DST300078,2026-01-15 01:42:00,252040,104708,300000,55,200
T1002,M2003,ACCT100169,DST300147,2026-01-15 01:43:00,258053,104709,300000,55,200
T1007,M2012,ACCT100170,DST300124,2026-01-13 11:16:00,266423,100790,10000,0,200
T1007,M2011,ACCT100170,DST300168,2026-01-13 13:57:00,276909,100816,400000,51,200
T1007,M2015,ACCT100170,DST300144,2026-01-13 13:58:00,262182,101471,400000,0,200
T1007,M2004,ACCT100170,DST300034,2026-01-13 17:16:00,259958,101523,400000,0,200
T1007,M2008,ACCT100170,DST300008,2026-01-13 20:27:00,230371,101957,10000,0,200
T1007,M2000,ACCT100170,DST300131,2026-01-14 00:18:00,284344,102201,400000,0,200
T1007,M2012,ACCT100170,DST300176,2026-01-14 01:12:00,238401,103178,10000,0,200
T1007,M2012,ACCT100170,DST300159,2026-01-14 03:31:00,230128,103417,400000,0,200
T1007,M2018,ACCT100170,DST300091,2026-01-14 07:19:00,297027,104085,400000,0,200
T1007,M2007,ACCT100170,DST300197,2026-01-14 09:40:00,231248,104331,10000,0,200
T1007,M2008,ACCT100170,DST300088,2026-01-14 11:32:00,272253,104770,10000,0,200
T1007,M2011,ACCT100170,DST300021,2026-01-14 11:35:00,240193,104886,10000,51,200
T1007,M2019,ACCT100170,DST999999,2026-01-14 11:37:00,254604,104892,400000,0,200
T1007,M2018,ACCT100170,DST999999,2026-01-14 11:39:00,227265,104893,400000,0,200
T1008,M2019,ACCT100171,DST300091,2026-01-01 19:01:00,174260,100158,10000,0,200
T1008,M2016,ACCT100171,DST300059,2026-01-01 21:33:00,194907,100778,400000,0,200
T1008,M2005,ACCT100171,DST300156,2026-01-01 22:18:00,177194,101179,10000,0,200
T1008,M2002,ACCT100171,DST300139,2026-01-01 22:19:00,166381,101588,400000,0,200
T1008,M2010,ACCT100171,DST300021,2026-01-01 23:57:00,165481,101657,400000,0,200
T1008,M2012,ACCT100171,DST300173,2026-01-02 01:04:00,146192,101955,10000,0,200
T1008,M2014,ACCT100171,DST300150,2026-01-02 02:39:00,165273,103663,10000,0,200
T1008,M2007,ACCT100171,DST300009,2026-01-02 04:41:00,209583,102282,10000,0,200
T1008,M2017,ACCT100171,DST300157,2026-01-02 05:28:00,193399,103988,400000,0,200
T1008,M2005,ACCT100171,DST300080,2026-01-02 05:31:00,145239,104396,10000,0,200
T1008,M2015,ACCT100171,DST300001,2026-01-02 08:35:00,145016,102345,10000,0,200
T1008,M2002,ACCT100171,DST300197,2026-01-02 08:45:00,129682,104537,400000,0,200
T1008,M2018,ACCT100171,DST300119,2026-01-02 09:37:00,161234,102419,400000,0,200
T1008,M2015,ACCT100171,DST300001,2026-01-02 10:07:00,143947,102438,400000,0,200
T1008,M2012,ACCT100171,DST300088,2026-01-02 10:17:00,146956,104619,10000,0,200
T1008,M2003,ACCT100171,DST300130,2026-01-02 10:37:00,148581,104761,400000,51,200
T1008,M2006,ACCT100171,DST300005,2026-01-02 11:58:00,150818,104930,10000,0,200
T1008,M2013,ACCT100171,DST300059,2026-01-02 13:16:00,161529,102873,400000,0,200
T1008,M2016,ACCT100171,DST300056,2026-01-02 14:49:00,195210,102897,400000,0,200
T1008,M2007,ACCT100171,DST300119,2026-01-02 15:15:00,169673,102964,400000,0,200
T1023,M2014,ACCT100172,DST300090,2026-01-06 03:29:00,140978,102970,10000,0,200
T1023,M2011,ACCT100172,DST300169,2026-01-06 04:07:00,168216,102249,10000,0,200
T1023,M2000,ACCT100172,DST300190,2026-01-06 06:57:00,144384,103031,400000,0,200
T1023,M2007,ACCT100172,DST300181,2026-01-06 07:20:00,126529,103463,400000,0,200
T1023,M2016,ACCT100172,DST300037,2026-01-06 07:35:00,169896,102811,400000,0,200
T1023,M2000,ACCT100172,DST300066,2026-01-06 09:07:00,179543,100719,400000,0,200
T1023,M2002,ACCT100172,DST300030,2026-01-06 09:17:00,149899,103799,10000,0,200
T1023,M2010,ACCT100172,DST300148,2026-01-06 12:24:00,159120,104021,400000,0,200
T1023,M2015,ACCT100172,DST300183,2026-01-06 12:45:00,169342,101766,400000,0,200
T1023,M2008,ACCT100172,DST300117,2026-01-06 15:54:00,159819,104285,400000,0,200
T1018,M2007,ACCT100173,DST300029,2026-01-11 20:54:00,126563,100002,400000,0,200
T1018,M2003,ACCT100173,DST300080,2026-01-11 22:32:00,131326,100167,400000,0,200
T1018,M2019,ACCT100173,DST300168,2026-01-12 00:34:00,97054,100193,400000,0,200
T1018,M2018,ACCT100173,DST300121,2026-01-12 02:07:00,146528,100387,400000,0,200
T1018,M2006,ACCT100173,DST999999,2026-01-12 02:09:00,147703,100502,400000,0,200
T1018,M2008,ACCT100173,DST999999,2026-01-12 02:11:00,133898,100503,400000,0,200
T1018,M2019,ACCT100173,DST999999,2026-01-12 02:13:00,138834,100504,400000,0,200
T1018,M2011,ACCT100173,DST300151,2026-01-12 02:16:00,109533,100809,10000,0,200
T1018,M2006,ACCT100173,DST300062,2026-01-12 03:04:00,83282,100835,10000,0,200
T1018,M2018,ACCT100173,DST300009,2026-01-12 03:05:00,139430,101137,300000,55,200
T1018,M2000,ACCT100173,DST300038,2026-01-12 03:06:00,127419,101138,300000,55,200
T1018,M2008,ACCT100173,DST300118,2026-01-12 04:04:00,128230,101431,400000,0,200
T1018,M2015,ACCT100173,DST300035,2026-01-12 07:45:00,122855,103374,400000,0,200
T1018,M2009,ACCT100173,DST300063,2026-01-12 11:24:00,139471,103480,10000,0,200
T1018,M2005,ACCT100173,DST300190,2026-01-12 14:24:00,137400,103906,10000,0,200
T1018,M2001,ACCT100173,DST300040,2026-01-12 15:33:00,116899,104251,400000,0,200
T1013,M2008,ACCT100174,DST300016,2026-01-07 09:09:00,127374,100036,400000,0,200
T1013,M2011,ACCT100174,DST300167,2026-01-07 12:04:00,129173,100825,10000,0,200
T1013,M2009,ACCT100174,DST300009,2026-01-07 13:34:00,151391,100832,10000,0,200
T1013,M2010,ACCT100174,DST300186,2026-01-07 14:01:00,159375,101191,10000,0,200
T1013,M2004,ACCT100174,DST300123,2026-01-07 16:05:00,160883,101477,400000,0,200
T1013,M2009,ACCT100174,DST300055,2026-01-07 19:32:00,147932,101822,10000,0,200
T1013,M2006,ACCT100174,DST300091,2026-01-07 21:29:00,170227,101965,10000,0,200
T1013,M2003,ACCT100174,DST300009,2026-01-07 21:56:00,95150,102064,400000,0,200
T1013,M2012,ACCT100174,DST300046,2026-01-07 22:38:00,140192,103339,10000,0,200
T1013,M2002,ACCT100174,DST300016,2026-01-08 00:36:00,148345,103367,10000,0,200
T1013,M2019,ACCT100174,DST300050,2026-01-08 01:05:00,146487,103840,10000,0,200
T1013,M2002,ACCT100174,DST300140,2026-01-08 02:42:00,140559,104873,10000,0,200
T1013,M2014,ACCT100174,DST300053,2026-01-08 03:22:00,97424,103946,400000,0,200
T1013,M2011,ACCT100174,DST300015,2026-01-08 03:44:00,124823,103963,400000,0,200
T1013,M2012,ACCT100174,DST300107,2026-01-08 04:17:00,133212,104014,400000,0,200
T1013,M2012,ACCT100174,DST300150,2026-01-08 07:57:00,131664,104092,10000,0,200
T1013,M2002,ACCT100174,DST300193,2026-01-08 09:39:00,171454,104254,10000,51,200
T1028,M2008,ACCT100175,DST300076,2026-01-15 20:44:00,312375,100235,400000,0,200
T1028,M2014,ACCT100175,DST300198,2026-01-15 22:40:00,304923,100332,10000,0,200
T1028,M2003,ACCT100175,DST300040,2026-01-15 23:38:00,319463,100427,400000,0,200
T1028,M2003,ACCT100175,DST300067,2026-01-16 01:15:00,291060,101011,10000,0,200
T1028,M2002,ACCT100175,DST300162,2026-01-16 01:52:00,292890,101145,10000,0,200
T1020,M2016,ACCT100175,DST300150,2026-01-16 01:56:00,318955,101285,10000,0,200
T1020,M2004,ACCT100175,DST300035,2026-01-16 04:10:00,261779,101391,400000,0,200
T1020,M2002,ACCT100175,DST300178,2026-01-16 08:02:00,290061,101946,10000,0,200
T1020,M2002,ACCT100175,DST300161,2026-01-16 10:48:00,272925,102519,10000,0,200
T1020,M2017,ACCT100175,DST300062,2026-01-16 13:28:00,300173,102711,10000,0,200
T1020,M2004,ACCT100175,DST300169,2026-01-16 16:14:00,273190,102789,400000,0,200
T1020,M2006,ACCT100175,DST300034,2026-01-16 20:02:00,300051,102867,400000,0,200
T1020,M2003,ACCT100175,DST300100,2026-01-16 22:28:00,271135,103358,10000,0,200
T1020,M2016,ACCT100175,DST300095,2026-01-17 00:50:00,289366,103476,10000,0,200
T1020,M2016,ACCT100175,DST300154,2026-01-17 04:23:00,287256,104373,400000,0,200
T1020,M2013,ACCT100175,DST300047,2026-01-17 04:55:00,270336,104521,400000,0,200
T1020,M2019,ACCT100175,DST300131,2026-01-17 06:00:00,300383,104993,400000,0,200
T1023,M2017,ACCT100176,DST300036,2026-01-10 20:55:00,319043,100961,400000,0,200
T1023,M2002,ACCT100176,DST300097,2026-01-10 22:21:00,349361,101319,400000,0,200
T1023,M2014,ACCT100176,DST300181,2026-01-10 22:24:00,310097,101596,10000,0,200
T1023,M2012,ACCT100176,DST300114,2026-01-11 00:17:00,299823,102829,10000,0,200
T1023,M2007,ACCT100176,DST300078,2026-01-11 04:07:00,302371,103009,10000,0,200
T1023,M2018,ACCT100176,DST300079,2026-01-11 04:10:00,321829,103146,10000,0,200
T1023,M2019,ACCT100176,DST300011,2026-01-11 06:25:00,281991,103281,10000,0,200
T1023,M2007,ACCT100176,DST300036,2026-01-11 09:42:00,298748,103651,10000,0,200
T1023,M2019,ACCT100176,DST300168,2026-01-11 10:48:00,349762,103847,10000,0,200
T1023,M2015,ACCT100176,DST300111,2026-01-11 12:34:00,302022,104017,400000,68,200
T1023,M2005,ACCT100176,DST300161,2026-01-11 12:37:00,302301,104318,10000,0,200
T1018,M2014,ACCT100177,DST300187,2026-01-13 09:00:00,176869,100226,10000,0,200
T1018,M2014,ACCT100177,DST300127,2026-01-13 12:29:00,173327,100270,10000,0,200
T1018,M2005,ACCT100177,DST300129,2026-01-13 16:09:00,181841,100313,400000,0,200
T1018,M2000,ACCT100177,DST300021,2026-01-13 19:00:00,127811,100451,400000,0,200
T1018,M2016,ACCT100177,DST300013,2026-01-13 20:02:00,146926,100631,400000,0,200
T1018,M2007,ACCT100177,DST300082,2026-01-13 22:26:00,133290,100800,10000,0,200
T1018,M2017,ACCT100177,DST300090,2026-01-13 23:45:00,139416,100811,400000,51,200
T1018,M2009,ACCT100177,DST300180,2026-01-14 01:45:00,163838,101402,10000,0,200
T1007,M2012,ACCT100177,DST300176,2026-01-14 02:30:00,188890,104264,400000,0,200
T1007,M2018,ACCT100177,DST300178,2026-01-14 03:02:00,152430,104881,400000,0,200
T1018,M2003,ACCT100177,DST300000,2026-01-14 03:30:00,129075,101913,10000,0,200
T1007,M2016,ACCT100177,DST300076,2026-01-14 03:33:00,160819,101922,10000,0,200
T1007,M2010,ACCT100177,DST300113,2026-01-14 04:48:00,139852,101995,400000,68,200
T1007,M2011,ACCT100177,DST300115,2026-01-14 08:41:00,162408,102346,400000,0,200
T1007,M2018,ACCT100177,DST300139,2026-01-14 10:44:00,134974,102407,10000,0,200
T1007,M2003,ACCT100177,DST300158,2026-01-14 12:43:00,145561,102539,10000,0,200
T1007,M2000,ACCT100177,DST300139,2026-01-14 14:14:00,171159,102960,10000,0,200
T1007,M2011,ACCT100177,DST300166,2026-01-14 14:30:00,128007,103516,400000,68,200
T1013,M2009,ACCT100178,DST300079,2026-01-08 00:56:00,156126,100804,400000,0,200
T1013,M2001,ACCT100178,DST300062,2026-01-08 02:03:00,126953,100810,400000,0,200
T1013,M2010,ACCT100178,DST300121,2026-01-08 02:22:00,122709,100981,10000,0,200
T1013,M2003,ACCT100178,DST300177,2026-01-08 04:19:00,150760,101521,10000,0,200
T1013,M2019,ACCT100178,DST300163,2026-01-08 05:59:00,155811,101737,10000,0,200
T1013,M2003,ACCT100178,DST300190,2026-01-08 08:59:00,147503,103064,10000,0,200
T1013,M2004,ACCT100178,DST300173,2026-01-08 09:07:00,107374,103478,10000,68,200
T1013,M2016,ACCT100178,DST300143,2026-01-08 10:41:00,124363,104834,10000,0,200
T1028,M2001,ACCT100179,DST300082,2026-01-20 07:58:00,152443,100200,400000,0,200
T1028,M2017,ACCT100179,DST300078,2026-01-20 10:39:00,143244,100291,10000,0,200
T1028,M2006,ACCT100179,DST300172,2026-01-20 11:59:00,182321,101742,400000,0,200
T1028,M2012,ACCT100179,DST300093,2026-01-20 13:06:00,126226,102462,400000,0,200
T1028,M2006,ACCT100179,DST300120,2026-01-20 16:01:00,180033,102549,400000,0,200
T1028,M2004,ACCT100179,DST300134,2026-01-20 19:12:00,152141,102987,10000,0,200
T1028,M2003,ACCT100179,DST300136,2026-01-20 21:35:00,188442,103706,400000,0,200
T1028,M2014,ACCT100179,DST300176,2026-01-20 21:36:00,196073,103826,10000,0,200
T1028,M2010,ACCT100179,DST300107,2026-01-21 01:15:00,175134,104614,10000,0,200
T1028,M2010,ACCT100179,DST300107,2026-01-21 02:10:00,170497,104856,400000,0,200
T1028,M2018,ACCT100179,DST300020,2026-01-21 03:48:00,165783,104897,10000,0,200
T1028,M2002,ACCT100179,DST300062,2026-01-21 06:49:00,135463,104946,400000,0,200
T1010,M2014,ACCT100180,DST300091,2026-01-17 02:50:00,260054,100477,10000,0,200
T1010,M2013,ACCT100180,DST300009,2026-01-17 03:19:00,320122,102949,10000,0,200
T1010,M2015,ACCT100180,DST300122,2026-01-17 03:24:00,286247,102992,10000,0,200
T1010,M2001,ACCT100180,DST300199,2026-01-17 03:56:00,292837,100948,400000,0,200
T1010,M2015,ACCT100180,DST300034,2026-01-17 04:01:00,289826,103225,400000,0,200
T1010,M2016,ACCT100180,DST300003,2026-01-17 04:02:00,319087,103299,300000,55,200
T1010,M2010,ACCT100180,DST300199,2026-01-17 04:03:00,279514,103300,300000,55,200
T1010,M2002,ACCT100180,DST300095,2026-01-17 04:04:00,291049,103301,300000,55,200
T1010,M2015,ACCT100180,DST300192,2026-01-17 04:15:00,316507,103302,400000,0,200
T1010,M2001,ACCT100180,DST300085,2026-01-17 04:45:00,314764,103654,400000,0,200
T1010,M2007,ACCT100180,DST300162,2026-01-17 06:17:00,329591,104527,10000,51,200
T1010,M2017,ACCT100180,DST300000,2026-01-17 06:37:00,300703,101021,10000,0,200
T1010,M2007,ACCT100180,DST300052,2026-01-17 06:55:00,311033,104910,10000,0,200
T1010,M2004,ACCT100180,DST300071,2026-01-17 07:38:00,315816,101097,10000,0,200
T1010,M2006,ACCT100180,DST300066,2026-01-17 08:25:00,319741,101143,10000,0,200
T1010,M2014,ACCT100180,DST300053,2026-01-17 08:59:00,287207,101223,10000,0,200
T1010,M2016,ACCT100180,DST300020,2026-01-17 09:01:00,349804,101605,10000,0,200
T1010,M2013,ACCT100180,DST300081,2026-01-17 09:48:00,327269,102132,400000,0,200
T1010,M2018,ACCT100180,DST300034,2026-01-17 10:11:00,337926,104963,400000,0,200
T1010,M2012,ACCT100180,DST300030,2026-01-17 10:42:00,297455,102935,10000,0,200
T1025,M2017,ACCT100181,DST300082,2026-01-11 01:06:00,194433,100166,10000,0,200
T1025,M2012,ACCT100181,DST300061,2026-01-11 02:19:00,170504,102486,10000,0,200
T1025,M2003,ACCT100181,DST300063,2026-01-11 02:21:00,195254,103157,400000,0,200
T1025,M2018,ACCT100181,DST300105,2026-01-11 04:09:00,174893,100302,400000,0,200
T1025,M2004,ACCT100181,DST300033,2026-01-11 04:44:00,199292,100373,400000,0,200
T1025,M2008,ACCT100181,DST300118,2026-01-11 05:34:00,200134,103405,400000,0,200
T1025,M2008,ACCT100181,DST300045,2026-01-11 08:27:00,200540,100461,10000,68,200
T1025,M2013,ACCT100181,DST300008,2026-01-11 08:40:00,246463,101224,10000,0,200
T1025,M2017,ACCT100181,DST999999,2026-01-11 08:42:00,231787,101302,400000,0,200
T1025,M2017,ACCT100181,DST999999,2026-01-11 08:44:00,207807,101303,400000,0,200
T1025,M2014,ACCT100181,DST999999,2026-01-11 08:46:00,191624,101304,400000,0,200
T1025,M2009,ACCT100181,DST300090,2026-01-11 09:34:00,190934,104023,10000,0,200
T1025,M2001,ACCT100181,DST300018,2026-01-11 09:37:00,187390,101555,400000,0,200
T1025,M2000,ACCT100181,DST300065,2026-01-11 11:13:00,257172,104093,400000,0,200
T1025,M2011,ACCT100181,DST300161,2026-01-11 13:17:00,163362,104355,400000,0,200
T1012,M2001,ACCT100182,DST300197,2026-01-02 17:37:00,154979,100057,10000,0,200
T1012,M2005,ACCT100182,DST300034,2026-01-02 18:20:00,141905,100256,400000,0,200
T1012,M2009,ACCT100182,DST300154,2026-01-02 18:21:00,159885,100443,300000,55,200
T1012,M2017,ACCT100182,DST300107,2026-01-02 18:22:00,143894,100444,300000,55,200
T1012,M2018,ACCT100182,DST300132,2026-01-02 21:35:00,126382,100582,10000,0,200
T1012,M2000,ACCT100182,DST300127,2026-01-03 01:24:00,142715,100639,400000,0,200
T1012,M2008,ACCT100182,DST300035,2026-01-03 02:13:00,281440,101741,10000,0,200
T1012,M2017,ACCT100182,DST300158,2026-01-03 05:31:00,141328,101771,400000,0,200
T1012,M2012,ACCT100182,DST300155,2026-01-03 06:24:00,117444,101796,10000,0,200
T1012,M2003,ACCT100182,DST300044,2026-01-03 07:22:00,148757,103046,10000,0,200
T1012,M2010,ACCT100182,DST300000,2026-01-03 07:56:00,165268,103088,10000,0,200
T1012,M2010,ACCT100182,DST300124,2026-01-03 08:16:00,166655,103593,400000,0,200
T1012,M2009,ACCT100182,DST300136,2026-01-03 12:10:00,162160,104206,10000,0,200
T1012,M2006,ACCT100182,DST300121,2026-01-03 14:35:00,142361,104606,400000,0,200
T1012,M2004,ACCT100182,DST300022,2026-01-03 14:38:00,166918,104920,400000,0,200
T1028,M2002,ACCT100183,DST300122,2026-01-18 01:58:00,447444,101623,10000,0,200
T1028,M2013,ACCT100183,DST300147,2026-01-18 02:20:00,342172,101627,10000,0,200
T1028,M2005,ACCT100183,DST300130,2026-01-18 02:33:00,322306,101689,10000,0,200
T1028,M2003,ACCT100183,DST300007,2026-01-18 04:07:00,345034,104924,10000,0,200
T1028,M2018,ACCT100183,DST300021,2026-01-18 04:30:00,356815,104932,400000,0,200
T1028,M2010,ACCT100183,DST300152,2026-01-18 04:39:00,334818,102204,10000,0,200
T1028,M2000,ACCT100183,DST300155,2026-01-18 07:25:00,329809,102429,400000,0,200
T1028,M2012,ACCT100183,DST300027,2026-01-18 07:36:00,323897,101117,10000,0,200
T1028,M2018,ACCT100183,DST300112,2026-01-18 08:10:00,351164,102518,400000,0,200
T1028,M2007,ACCT100183,DST300114,2026-01-18 09:44:00,332934,102572,10000,0,200
T1028,M2008,ACCT100183,DST300182,2026-01-18 12:33:00,346746,102819,10000,0,200
T1028,M2016,ACCT100183,DST300009,2026-01-18 13:04:00,335433,102974,400000,0,200
T1028,M2016,ACCT100183,DST300006,2026-01-18 14:21:00,310310,103494,400000,0,200
T1028,M2012,ACCT100183,DST300081,2026-01-18 17:49:00,364276,104222,10000,0,200
T1028,M2000,ACCT100183,DST300002,2026-01-18 19:35:00,326778,104491,400000,0,200
T1000,M2019,ACCT100184,DST300011,2026-01-19 04:01:00,138370,100263,400000,51,200
T1000,M2016,ACCT100184,DST300108,2026-01-19 07:44:00,142836,100380,400000,0,200
T1000,M2007,ACCT100184,DST300129,2026-01-19 08:35:00,141666,100386,10000,51,200
T1000,M2018,ACCT100184,DST300066,2026-01-19 08:59:00,907366,100408,10000,0,200
T1000,M2004,ACCT100184,DST300177,2026-01-19 10:28:00,170670,100756,10000,0,200
T1000,M2018,ACCT100184,DST300176,2026-01-19 12:21:00,151611,100980,400000,0,200
T1000,M2015,ACCT100184,DST300088,2026-01-19 15:07:00,197551,101015,400000,0,200
T1000,M2017,ACCT100184,DST300095,2026-01-19 17:23:00,186749,101357,10000,0,200
T1000,M2019,ACCT100184,DST300061,2026-01-19 18:42:00,216943,102309,10000,0,200
T1000,M2015,ACCT100184,DST300169,2026-01-19 22:23:00,157989,102694,10000,0,200
T1000,M2014,ACCT100184,DST300095,2026-01-19 22:50:00,166284,103310,10000,0,200
T1000,M2010,ACCT100184,DST300133,2026-01-20 02:37:00,181175,103350,10000,0,200
T1000,M2008,ACCT100184,DST300111,2026-01-20 05:35:00,160944,103498,10000,0,200
T1000,M2019,ACCT100184,DST300050,2026-01-20 09:08:00,155549,103611,10000,0,200
T1000,M2005,ACCT100184,DST300038,2026-01-20 12:55:00,203267,103685,10000,68,200
T1000,M2001,ACCT100184,DST300145,2026-01-20 14:49:00,169844,104639,10000,0,200
T1000,M2000,ACCT100184,DST300108,2026-01-20 15:23:00,179739,104756,400000,0,200
T1006,M2001,ACCT100185,DST300157,2026-01-09 22:18:00,230596,101244,10000,0,200
T1006,M2017,ACCT100185,DST300130,2026-01-10 01:41:00,256063,101578,10000,0,200
T1006,M2002,ACCT100185,DST300107,2026-01-10 03:50:00,258279,101847,400000,0,200
T1006,M2008,ACCT100185,DST300005,2026-01-10 04:50:00,236316,102478,400000,0,200
T1006,M2002,ACCT100185,DST300002,2026-01-10 05:19:00,240409,102338,400000,0,200
T1006,M2014,ACCT100185,DST300121,2026-01-10 07:26:00,284545,102731,10000,0,200
T1006,M2002,ACCT100185,DST300164,2026-01-10 07:47:00,1183981,103435,10000,0,200
T1006,M2002,ACCT100185,DST300015,2026-01-10 08:18:00,256417,104059,10000,0,200
T1006,M2004,ACCT100185,DST300026,2026-01-10 09:04:00,291421,104253,10000,0,200
T1006,M2001,ACCT100185,DST300086,2026-01-10 09:06:00,267756,104915,10000,0,200
T1016,M2002,ACCT100186,DST300197,2026-01-08 19:41:00,216481,100573,10000,0,200
T1016,M2011,ACCT100186,DST300081,2026-01-08 20:19:00,206960,100670,400000,0,200
T1016,M2005,ACCT100186,DST300036,2026-01-08 23:25:00,232222,101198,10000,0,200
T1016,M2014,ACCT100186,DST300072,2026-01-09 00:08:00,232503,101258,10000,0,200
T1016,M2013,ACCT100186,DST300194,2026-01-09 01:38:00,221834,101505,400000,0,200
T1016,M2012,ACCT100186,DST300089,2026-01-09 03:22:00,287310,102445,10000,0,200
T1016,M2002,ACCT100186,DST300115,2026-01-09 04:00:00,226715,101921,10000,0,200
T1016,M2016,ACCT100186,DST300004,2026-01-09 07:13:00,214146,102014,10000,0,200
T1016,M2013,ACCT100186,DST300028,2026-01-09 07:18:00,222193,102476,10000,0,200
T1016,M2001,ACCT100186,DST300084,2026-01-09 07:50:00,232640,102324,10000,0,200
T1016,M2017,ACCT100186,DST300056,2026-01-09 08:12:00,245501,102828,400000,0,200
T1016,M2004,ACCT100186,DST300115,2026-01-09 09:33:00,263955,102362,10000,51,200
T1016,M2004,ACCT100186,DST300033,2026-01-09 11:04:00,206454,102902,400000,0,200
T1016,M2009,ACCT100186,DST300116,2026-01-09 11:14:00,177900,103078,10000,0,200
T1016,M2001,ACCT100186,DST300145,2026-01-09 13:47:00,245922,104550,400000,0,200
T1016,M2019,ACCT100186,DST300127,2026-01-09 16:41:00,223901,104625,400000,0,200
T1016,M2004,ACCT100186,DST300187,2026-01-09 20:11:00,242426,104723,10000,68,200
T1016,M2009,ACCT100186,DST300068,2026-01-09 22:33:00,239251,104908,400000,0,200
T1003,M2004,ACCT100187,DST300088,2026-01-03 19:45:00,328152,100027,10000,0,200
T1003,M2000,ACCT100187,DST300184,2026-01-03 23:35:00,312774,100659,10000,0,200
T1003,M2003,ACCT100187,DST300120,2026-01-03 23:36:00,304006,101413,10000,0,200
T1003,M2003,ACCT100187,DST300061,2026-01-04 02:03:00,302854,101953,10000,0,200
T1003,M2014,ACCT100187,DST300019,2026-01-04 02:18:00,284073,102170,10000,0,200
T1003,M2010,ACCT100187,DST300089,2026-01-04 04:12:00,307382,102198,10000,0,200
T1003,M2006,ACCT100187,DST300164,2026-01-04 04:56:00,315495,102163,10000,0,200
T1003,M2014,ACCT100187,DST300027,2026-01-04 05:28:00,291557,102337,400000,0,200
T1003,M2012,ACCT100187,DST300166,2026-01-04 06:36:00,282652,102471,10000,0,200
T1003,M2002,ACCT100187,DST300095,2026-01-04 07:21:00,272681,102531,400000,0,200
T1003,M2001,ACCT100187,DST300150,2026-01-04 09:40:00,307636,102680,400000,51,200
T1003,M2016,ACCT100187,DST300153,2026-01-04 11:06:00,264915,102802,10000,0,200
T1003,M2019,ACCT100187,DST300160,2026-01-04 13:27:00,267857,103183,400000,0,200
T1003,M2014,ACCT100187,DST300175,2026-01-04 16:49:00,290127,103558,400000,0,200
T1003,M2001,ACCT100187,DST300161,2026-01-04 19:42:00,296717,104555,10000,0,200
T1003,M2010,ACCT100187,DST300184,2026-01-04 20:39:00,250415,104670,10000,0,200
T1019,M2002,ACCT100188,DST300191,2026-01-03 16:40:00,94921,100485,10000,0,200
T1019,M2003,ACCT100188,DST300162,2026-01-03 18:18:00,100144,100998,400000,0,200
T1019,M2017,ACCT100188,DST300110,2026-01-03 22:18:00,130227,101115,10000,0,200
T1019,M2012,ACCT100188,DST300155,2026-01-03 23:54:00,74850,101196,400000,0,200
T1019,M2008,ACCT100188,DST300178,2026-01-04 02:03:00,99206,101565,400000,0,200
T1019,M2015,ACCT100188,DST300105,2026-01-04 02:24:00,78232,102301,400000,0,200
T1019,M2010,ACCT100188,DST300117,2026-01-04 05:43:00,94024,102327,10000,0,200
T1019,M2016,ACCT100188,DST300179,2026-01-04 08:20:00,105996,102389,10000,0,200
T1019,M2018,ACCT100188,DST300120,2026-01-04 08:47:00,113456,102664,400000,0,200
T1019,M2011,ACCT100188,DST300150,2026-01-04 10:12:00,66723,103092,10000,0,200
T1019,M2010,ACCT100188,DST300131,2026-01-04 12:23:00,108738,103851,400000,0,200
T1019,M2009,ACCT100188,DST300138,2026-01-04 14:16:00,87909,104424,400000,0,200
T1003,M2017,ACCT100189,DST300106,2026-01-12 03:35:00,192944,102494,10000,0,200
T1003,M2019,ACCT100189,DST300160,2026-01-12 06:45:00,178872,103017,400000,0,200
T1003,M2014,ACCT100189,DST300168,2026-01-12 06:48:00,189109,103173,400000,0,200
T1003,M2004,ACCT100189,DST300196,2026-01-12 08:49:00,145975,103815,400000,0,200
T1003,M2016,ACCT100189,DST300058,2026-01-12 11:47:00,166389,104896,10000,0,200
T1003,M2019,ACCT100189,DST300075,2026-01-12 14:33:00,168378,100136,10000,0,200
T1003,M2011,ACCT100189,DST300143,2026-01-12 14:49:00,1342277,100298,10000,0,200
T1003,M2016,ACCT100189,DST300110,2026-01-12 16:15:00,164307,100851,10000,0,200
T1003,M2013,ACCT100189,DST300020,2026-01-12 20:07:00,168669,101221,10000,0,200
T1003,M2005,ACCT100189,DST300022,2026-01-12 20:10:00,191716,101429,10000,51,200
T1003,M2012,ACCT100189,DST300106,2026-01-12 20:42:00,182355,101840,400000,0,200
T1014,M2010,ACCT100190,DST300185,2026-01-03 16:51:00,255851,100213,400000,0,200
T1014,M2011,ACCT100190,DST300125,2026-01-03 17:24:00,232117,100423,400000,0,200
T1014,M2015,ACCT100190,DST300168,2026-01-03 17:26:00,251569,102597,10000,0,200
T1014,M2010,ACCT100190,DST300113,2026-01-03 21:22:00,256460,102654,400000,0,200
T1014,M2018,ACCT100190,DST300041,2026-01-03 21:53:00,257081,103521,400000,0,200
T1014,M2019,ACCT100190,DST300070,2026-01-03 22:42:00,260923,103695,400000,0,200
T1014,M2006,ACCT100190,DST300151,2026-01-04 01:49:00,274951,104024,10000,0,200
T1014,M2019,ACCT100190,DST300134,2026-01-04 05:48:00,302311,104387,400000,0,200
T1006,M2014,ACCT100191,DST300044,2026-01-06 18:11:00,103886,100657,10000,0,200
T1006,M2008,ACCT100191,DST300187,2026-01-06 18:41:00,104573,101485,10000,68,200
T1006,M2000,ACCT100191,DST300098,2026-01-06 19:34:00,130097,101916,10000,0,200
T1006,M2016,ACCT100191,DST300134,2026-01-06 23:25:00,120283,102599,10000,0,200
T1006,M2012,ACCT100191,DST300133,2026-01-07 02:50:00,128016,102997,400000,0,200
T1006,M2002,ACCT100191,DST300121,2026-01-07 04:18:00,101265,103083,400000,68,200
T1006,M2009,ACCT100191,DST300095,2026-01-07 07:44:00,133914,103325,10000,0,200
T1006,M2010,ACCT100191,DST300126,2026-01-07 08:38:00,117255,104347,10000,0,200
T1006,M2009,ACCT100191,DST300146,2026-01-07 08:40:00,115911,104400,10000,0,200
T1006,M2009,ACCT100191,DST300174,2026-01-07 12:04:00,135493,104448,400000,0,200
T1006,M2019,ACCT100191,DST300113,2026-01-07 13:09:00,121503,104454,400000,0,200
T1006,M2017,ACCT100191,DST300089,2026-01-07 15:59:00,161725,104557,400000,0,200
T1006,M2017,ACCT100191,DST300040,2026-01-07 18:24:00,136213,104564,400000,0,200
T1006,M2012,ACCT100191,DST300137,2026-01-07 21:40:00,139123,104713,400000,68,200
T1006,M2009,ACCT100191,DST300074,2026-01-07 21:56:00,148429,104804,10000,0,200
T1006,M2001,ACCT100191,DST300190,2026-01-07 23:05:00,129698,104898,400000,0,200
T1014,M2011,ACCT100192,DST300107,2026-01-03 02:26:00,238816,104079,400000,0,200
T1014,M2004,ACCT100192,DST300185,2026-01-03 03:05:00,190738,104632,10000,0,200
T1014,M2003,ACCT100192,DST300139,2026-01-03 04:31:00,235986,102193,10000,0,200
T1014,M2009,ACCT100192,DST300114,2026-01-03 06:49:00,227942,102393,400000,0,200
T1014,M2000,ACCT100192,DST300018,2026-01-03 07:56:00,249770,102906,10000,0,200
T1014,M2012,ACCT100192,DST300006,2026-01-03 09:28:00,199658,103257,10000,0,200
T1014,M2018,ACCT100192,DST300161,2026-01-03 12:00:00,254300,103307,400000,0,200
T1014,M2019,ACCT100192,DST300131,2026-01-03 12:27:00,228308,100509,300000,55,200
T1014,M2010,ACCT100192,DST300020,2026-01-03 12:28:00,228410,100510,300000,55,200
T1014,M2008,ACCT100192,DST300174,2026-01-03 13:02:00,247318,103470,400000,0,200
T1014,M2014,ACCT100192,DST300160,2026-01-03 13:04:00,232170,103486,400000,0,200
T1014,M2016,ACCT100192,DST300180,2026-01-03 13:09:00,256121,101681,10000,68,200
T1014,M2009,ACCT100192,DST300053,2026-01-03 16:21:00,203495,103617,10000,0,200
T1000,M2008,ACCT100193,DST300042,2026-01-15 08:18:00,317905,100106,10000,0,200
T1000,M2001,ACCT100193,DST300128,2026-01-15 11:17:00,318001,100252,10000,0,200
T1000,M2009,ACCT100193,DST300071,2026-01-15 13:51:00,296877,100354,400000,0,200
T1000,M2019,ACCT100193,DST300120,2026-01-15 15:40:00,320723,100439,10000,0,200
T1000,M2000,ACCT100193,DST300147,2026-01-15 17:27:00,341409,100665,400000,0,200
T1000,M2019,ACCT100193,DST300090,2026-01-15 17:46:00,349380,101372,400000,0,200
T1000,M2018,ACCT100193,DST300063,2026-01-15 20:45:00,279507,101554,10000,0,200
T1000,M2011,ACCT100193,DST300005,2026-01-15 23:12:00,317185,101676,400000,0,200
T1000,M2018,ACCT100193,DST300135,2026-01-16 01:48:00,332072,102001,10000,0,200
T1000,M2005,ACCT100193,DST300050,2026-01-16 02:53:00,303696,102245,10000,0,200
T1000,M2008,ACCT100193,DST300018,2026-01-16 03:14:00,295736,102278,10000,0,200
T1000,M2009,ACCT100193,DST300053,2026-01-16 03:16:00,319693,102361,10000,0,200
T1000,M2018,ACCT100193,DST300150,2026-01-16 03:22:00,308682,102593,10000,0,200
T1000,M2001,ACCT100193,DST300158,2026-01-16 05:03:00,324330,102622,400000,0,200
T1000,M2014,ACCT100193,DST300098,2026-01-16 07:40:00,341116,102968,400000,0,200
T1000,M2019,ACCT100193,DST300076,2026-01-16 07:50:00,308411,104431,10000,0,200
T1000,M2013,ACCT100193,DST300114,2026-01-16 11:38:00,294229,104691,400000,0,200
T1000,M2012,ACCT100193,DST300099,2026-01-16 15:14:00,321123,104880,400000,0,200
T1011,M2014,ACCT100194,DST300091,2026-01-16 12:59:00,198862,100016,400000,0,200
T1011,M2005,ACCT100194,DST300101,2026-01-16 13:22:00,270405,100553,10000,0,200
T1011,M2003,ACCT100194,DST300077,2026-01-16 14:41:00,227911,100574,400000,0,200
T1011,M2012,ACCT100194,DST300060,2026-01-16 15:01:00,215791,100795,10000,0,200
T1011,M2017,ACCT100194,DST300035,2026-01-16 16:18:00,226072,101168,10000,0,200
T1011,M2013,ACCT100194,DST300134,2026-01-16 18:53:00,242213,101335,400000,0,200
T1011,M2012,ACCT100194,DST300054,2026-01-16 21:00:00,243489,101447,400000,0,200
T1011,M2013,ACCT100194,DST300067,2026-01-16 23:22:00,231671,102482,400000,0,200
T1011,M2004,ACCT100194,DST300180,2026-01-17 01:50:00,190393,103027,400000,51,200
T1011,M2011,ACCT100194,DST300140,2026-01-17 03:10:00,224212,103687,400000,0,200
T1011,M2014,ACCT100194,DST300101,2026-01-17 03:52:00,263271,103758,10000,0,200
T1011,M2010,ACCT100194,DST300113,2026-01-17 04:53:00,265184,104140,400000,0,200
T1011,M2012,ACCT100194,DST300083,2026-01-17 06:45:00,241400,104195,10000,0,200
T1011,M2014,ACCT100194,DST300096,2026-01-17 10:19:00,253830,104412,10000,0,200
T1011,M2001,ACCT100194,DST300139,2026-01-17 13:34:00,206862,104609,400000,0,200
T1011,M2018,ACCT100194,DST300184,2026-01-17 17:27:00,229478,104621,400000,0,200
T1011,M2017,ACCT100194,DST300043,2026-01-17 20:14:00,222145,104989,400000,0,200
T1019,M2007,ACCT100195,DST300069,2026-01-19 20:03:00,95525,100400,10000,0,200
T1019,M2017,ACCT100195,DST300198,2026-01-19 20:22:00,95778,100519,10000,0,200
T1019,M2016,ACCT100195,DST300172,2026-01-19 21:36:00,147172,101112,10000,0,200
T1019,M2002,ACCT100195,DST300128,2026-01-19 23:16:00,86490,101410,10000,0,200
T1019,M2014,ACCT100195,DST300048,2026-01-20 03:03:00,134643,102202,400000,0,200
T1019,M2001,ACCT100195,DST300197,2026-01-20 06:57:00,122732,102250,10000,0,200
T1019,M2005,ACCT100195,DST300180,2026-01-20 07:24:00,835215,102903,10000,0,200
T1019,M2006,ACCT100195,DST300113,2026-01-20 07:26:00,160272,102984,10000,0,200
T1019,M2009,ACCT100195,DST300060,2026-01-20 09:38:00,103930,103129,400000,0,200
T1019,M2012,ACCT100195,DST300075,2026-01-20 13:13:00,120636,103200,400000,0,200
T1019,M2008,ACCT100195,DST300146,2026-01-20 16:38:00,150931,103676,400000,0,200
T1019,M2008,ACCT100195,DST300131,2026-01-20 16:44:00,116441,104507,400000,0,200
T1019,M2013,ACCT100195,DST300089,2026-01-20 17:09:00,91838,104998,400000,0,200
T1014,M2011,ACCT100196,DST300174,2026-01-05 01:33:00,93543,100908,400000,0,200
T1004,M2008,ACCT100196,DST300095,2026-01-05 04:22:00,51524,102042,400000,0,200
T1004,M2019,ACCT100196,DST300003,2026-01-05 04:23:00,89257,103652,400000,0,200
T1014,M2013,ACCT100196,DST300049,2026-01-05 05:21:00,95150,100928,400000,0,200
T1014,M2007,ACCT100196,DST300134,2026-01-05 05:38:00,69408,100976,400000,68,200
T1004,M2012,ACCT100196,DST300176,2026-01-05 05:38:00,116429,103822,400000,0,200
T1004,M2001,ACCT100196,DST300197,2026-01-05 05:41:00,82898,100993,10000,0,200
T1004,M2003,ACCT100196,DST300128,2026-01-05 08:06:00,93984,101347,10000,0,200
T1004,M2000,ACCT100196,DST300051,2026-01-05 09:03:00,97217,104248,10000,0,200
T1004,M2018,ACCT100196,DST300033,2026-01-05 10:45:00,69637,101813,10000,0,200
T1004,M2018,ACCT100196,DST300024,2026-01-05 11:44:00,103647,101914,10000,0,200
T1029,M2001,ACCT100197,DST300157,2026-01-02 21:28:00,272136,100171,10000,68,200
T1029,M2003,ACCT100197,DST300012,2026-01-02 22:22:00,287158,100362,400000,0,200
T1029,M2007,ACCT100197,DST999999,2026-01-02 22:24:00,303965,100405,400000,0,200
T1029,M2016,ACCT100197,DST999999,2026-01-02 22:26:00,316520,100406,400000,0,200
T1029,M2011,ACCT100197,DST999999,2026-01-02 22:28:00,322237,100407,400000,0,200
T1029,M2015,ACCT100197,DST300013,2026-01-03 01:17:00,264628,100558,10000,0,200
T1029,M2008,ACCT100197,DST300060,2026-01-03 03:19:00,306553,100590,400000,0,200
T1029,M2016,ACCT100197,DST300052,2026-01-03 03:25:00,253600,103320,400000,0,200
T1029,M2007,ACCT100197,DST300102,2026-01-03 05:26:00,264529,103606,400000,0,200
T1029,M2017,ACCT100197,DST300126,2026-01-03 05:46:00,324318,100969,10000,0,200
T1029,M2012,ACCT100197,DST300195,2026-01-03 09:19:00,325364,103901,400000,0,200
T1029,M2004,ACCT100197,DST300006,2026-01-03 09:36:00,312895,101279,400000,0,200
T1029,M2014,ACCT100197,DST300100,2026-01-03 10:38:00,284419,101654,10000,0,200
T1029,M2008,ACCT100197,DST300051,2026-01-03 11:45:00,296791,104103,400000,0,200
T1029,M2011,ACCT100197,DST300017,2026-01-03 13:45:00,322039,102938,10000,0,200
T1029,M2015,ACCT100197,DST300012,2026-01-03 14:07:00,268423,104304,400000,0,200
T1029,M2005,ACCT100197,DST300004,2026-01-03 14:14:00,270847,104991,10000,0,200
T1029,M2005,ACCT100197,DST300005,2026-01-03 15:59:00,316981,103123,400000,0,200
T1018,M2014,ACCT100198,DST300152,2026-01-11 01:24:00,196294,101092,400000,0,200
T1018,M2012,ACCT100198,DST300172,2026-01-11 01:47:00,194188,100841,400000,0,200
T1018,M2013,ACCT100198,DST300096,2026-01-11 02:39:00,172824,101113,10000,0,200
T1018,M2004,ACCT100198,DST300142,2026-01-11 02:48:00,196781,101261,10000,0,200
T1018,M2017,ACCT100198,DST300057,2026-01-11 03:23:00,149096,100887,10000,0,200
T1018,M2014,ACCT100198,DST300095,2026-01-11 03:38:00,162275,101089,400000,0,200
T1018,M2002,ACCT100198,DST300178,2026-01-11 04:06:00,180231,101142,400000,51,200
T1018,M2007,ACCT100198,DST300130,2026-01-11 06:19:00,189986,101542,10000,0,200
T1018,M2006,ACCT100198,DST300192,2026-01-11 06:20:00,181112,102698,300000,55,200
T1018,M2011,ACCT100198,DST300101,2026-01-11 06:21:00,214342,102699,300000,55,200
T1018,M2014,ACCT100198,DST300046,2026-01-11 07:06:00,148183,102894,400000,0,200
T1018,M2004,ACCT100198,DST300026,2026-01-11 10:20:00,156761,103047,10000,0,200
T1018,M2011,ACCT100198,DST300102,2026-01-11 10:51:00,161797,103139,400000,0,200
T1018,M2000,ACCT100198,DST300196,2026-01-11 13:47:00,179169,103614,400000,0,200
T1018,M2016,ACCT100198,DST300111,2026-01-11 16:28:00,143653,104081,10000,0,200
T1018,M2016,ACCT100198,DST300005,2026-01-11 19:14:00,189928,104883,400000,0,200
T1018,M2013,ACCT100198,DST300008,2026-01-11 21:21:00,154763,104980,400000,0,200
T1002,M2003,ACCT100199,DST300004,2026-01-06 10:27:00,353626,100424,400000,0,200
T1002,M2006,ACCT100199,DST300149,2026-01-06 13:06:00,338742,100704,400000,0,200
T1002,M2019,ACCT100199,DST300046,2026-01-06 16:19:00,339164,100938,400000,0,200
T1002,M2016,ACCT100199,DST300032,2026-01-06 17:10:00,349640,101292,400000,0,200
T1002,M2010,ACCT100199,DST300160,2026-01-06 20:52:00,336764,101333,10000,0,200
T1002,M2002,ACCT100199,DST300175,2026-01-07 00:52:00,364361,101592,400000,0,200
T1002,M2015,ACCT100199,DST300192,2026-01-07 02:35:00,299974,101630,400000,0,200
T1002,M2010,ACCT100199,DST300109,2026-01-07 02:44:00,309105,101783,400000,0,200
T1002,M2013,ACCT100199,DST300072,2026-01-07 03:36:00,354304,101865,400000,0,200
T1002,M2006,ACCT100199,DST300016,2026-01-07 04:08:00,378553,102134,400000,0,200
T1002,M2015,ACCT100199,DST300060,2026-01-07 06:16:00,332184,102241,10000,0,200
T1002,M2012,ACCT100199,DST300057,2026-01-07 08:59:00,343234,102485,10000,0,200
T1002,M2003,ACCT100199,DST300100,2026-01-07 10:41:00,326290,103159,400000,68,200
T1002,M2012,ACCT100199,DST300006,2026-01-07 11:24:00,333804,103770,400000,0,200
T1002,M2012,ACCT100199,DST300195,2026-01-07 13:01:00,322470,103936,400000,0,200
T1002,M2014,ACCT100199,DST300194,2026-01-07 13:46:00,317022,103951,400000,0,200
T1002,M2009,ACCT100199,DST300187,2026-01-07 17:20:00,367249,104416,10000,0,200
T1019,M2016,ACCT100200,DST300122,2026-01-03 13:37:00,293928,100560,400000,51,200
T1019,M2014,ACCT100200,DST300059,2026-01-03 14:03:00,282703,100630,400000,0,200
T1019,M2010,ACCT100200,DST300020,2026-01-03 16:00:00,319139,100706,400000,0,200
T1019,M2012,ACCT100200,DST300189,2026-01-03 19:49:00,274450,100947,10000,0,200
T1019,M2019,ACCT100200,DST300081,2026-01-03 20:53:00,272046,101961,400000,0,200
T1019,M2002,ACCT100200,DST300036,2026-01-03 21:50:00,322861,102421,10000,0,200
T1019,M2006,ACCT100200,DST300136,2026-01-04 01:17:00,301734,104269,400000,0,200
T1019,M2013,ACCT100200,DST300020,2026-01-04 01:37:00,315151,102758,400000,0,200
T1019,M2001,ACCT100200,DST300085,2026-01-04 02:13:00,316948,102792,400000,0,200
T1019,M2005,ACCT100200,DST300110,2026-01-04 03:15:00,365778,104362,10000,0,200
T1019,M2006,ACCT100200,DST300066,2026-01-04 03:52:00,271100,104513,10000,51,200
T1019,M2000,ACCT100200,DST300109,2026-01-04 04:01:00,321588,104594,400000,0,200
T1019,M2001,ACCT100200,DST300187,2026-01-04 04:48:00,357885,103210,10000,0,200
T1019,M2009,ACCT100200,DST300098,2026-01-04 05:38:00,310947,103227,400000,0,200
T1019,M2014,ACCT100200,DST300116,2026-01-04 06:06:00,328519,104694,10000,0,200
T1019,M2000,ACCT100200,DST300011,2026-01-04 06:56:00,298626,103365,400000,0,200
T1019,M2010,ACCT100200,DST300038,2026-01-04 06:58:00,323223,103723,400000,0,200
T1019,M2012,ACCT100200,DST300075,2026-01-04 07:24:00,291573,103761,10000,0,200
T1019,M2017,ACCT100200,DST300187,2026-01-04 08:10:00,298132,103913,400000,0,200
T1019,M2019,ACCT100200,DST300168,2026-01-04 09:58:00,314858,103965,400000,0,200
T1019,M2014,ACCT100200,DST300044,2026-01-04 10:16:00,306546,104016,10000,0,200
T1019,M2000,ACCT100200,DST300093,2026-01-04 12:59:00,309469,104117,400000,0,200
T1000,M2018,ACCT100201,DST300081,2026-01-18 22:10:00,87589,100053,10000,0,200
T1000,M2010,ACCT100201,DST300063,2026-01-18 22:41:00,53627,100123,10000,0,200
T1000,M2012,ACCT100201,DST300068,2026-01-19 01:00:00,100915,100180,400000,0,200
T1000,M2019,ACCT100201,DST300033,2026-01-19 01:38:00,81051,100581,400000,0,200
T1000,M2009,ACCT100201,DST300178,2026-01-19 02:27:00,121762,100707,400000,0,200
T1000,M2015,ACCT100201,DST300161,2026-01-19 02:53:00,367693,101041,10000,0,200
T1000,M2019,ACCT100201,DST300043,2026-01-19 03:50:00,79170,101240,400000,0,200
T1000,M2007,ACCT100201,DST300038,2026-01-19 06:33:00,83015,101291,400000,68,200
T1000,M2017,ACCT100201,DST300002,2026-01-19 09:49:00,132835,101509,10000,0,200
T1000,M2005,ACCT100201,DST300171,2026-01-19 12:24:00,138992,101629,10000,0,200
T1000,M2009,ACCT100201,DST300032,2026-01-19 15:03:00,89579,102153,400000,0,200
T1000,M2000,ACCT100201,DST300068,2026-01-19 17:20:00,69504,102236,400000,0,200
T1000,M2006,ACCT100201,DST300161,2026-01-19 20:18:00,75651,102293,10000,0,200
T1000,M2000,ACCT100201,DST300038,2026-01-19 22:51:00,48085,102342,400000,0,200
T1000,M2014,ACCT100201,DST300152,2026-01-19 23:08:00,70450,102399,400000,0,200
T1000,M2013,ACCT100201,DST300046,2026-01-19 23:53:00,79594,103133,10000,0,200
T1000,M2016,ACCT100201,DST300045,2026-01-20 00:32:00,44067,103247,400000,0,200
T1000,M2008,ACCT100201,DST300078,2026-01-20 03:52:00,117026,103487,10000,0,200
T1000,M2010,ACCT100201,DST999999,2026-01-20 03:54:00,106585,103917,400000,0,200
T1000,M2018,ACCT100201,DST999999,2026-01-20 03:56:00,130793,103918,400000,0,200
T1000,M2011,ACCT100201,DST999999,2026-01-20 03:58:00,103218,103919,400000,0,200
T1000,M2008,ACCT100201,DST300122,2026-01-20 04:05:00,531981,104166,10000,0,200
T1000,M2006,ACCT100201,DST300174,2026-01-20 05:48:00,77627,104348,10000,0,200
T1000,M2014,ACCT100201,DST300010,2026-01-20 07:09:00,108057,104480,400000,0,200
T1000,M2010,ACCT100201,DST300194,2026-01-20 10:16:00,56220,104688,400000,0,200
T1000,M2002,ACCT100202,DST300121,2026-01-02 02:35:00,221676,100992,400000,0,200
T1000,M2011,ACCT100202,DST300126,2026-01-02 02:52:00,233574,100493,400000,0,200
T1000,M2016,ACCT100202,DST300176,2026-01-02 03:08:00,245081,101043,400000,68,200
T1000,M2008,ACCT100202,DST300068,2026-01-02 04:42:00,218479,101404,400000,0,200
T1000,M2006,ACCT100202,DST300073,2026-01-02 06:43:00,225273,100955,400000,0,200
T1000,M2004,ACCT100202,DST300052,2026-01-02 07:52:00,225400,101761,400000,0,200
T1000,M2017,ACCT100202,DST300030,2026-01-02 11:43:00,230898,101992,400000,0,200
T1000,M2008,ACCT100202,DST300070,2026-01-02 15:10:00,235587,102569,10000,0,200
T1000,M2005,ACCT100202,DST300117,2026-01-02 18:49:00,207287,102848,10000,0,200
T1000,M2011,ACCT100202,DST300136,2026-01-02 18:50:00,207104,103577,300000,55,200
T1000,M2005,ACCT100202,DST300119,2026-01-02 18:51:00,231620,103578,300000,55,200
T1000,M2013,ACCT100202,DST300129,2026-01-02 18:52:00,219252,103579,300000,55,200
T1000,M2000,ACCT100202,DST300021,2026-01-02 18:53:00,214786,103580,300000,55,200
T1000,M2008,ACCT100202,DST300060,2026-01-02 19:47:00,215327,103850,10000,0,200
T1015,M2008,ACCT100203,DST300177,2026-01-01 08:10:00,199268,100278,400000,0,200
T1015,M2001,ACCT100203,DST300138,2026-01-01 10:32:00,237915,100402,10000,0,200
T1015,M2002,ACCT100203,DST300090,2026-01-01 11:28:00,232306,101060,10000,0,200
T1015,M2008,ACCT100203,DST300118,2026-01-01 13:27:00,253724,101421,400000,0,200
T1015,M2012,ACCT100203,DST300088,2026-01-01 14:36:00,213266,101726,400000,0,200
T1015,M2009,ACCT100203,DST300095,2026-01-01 17:18:00,239501,101838,400000,0,200
T1015,M2004,ACCT100203,DST300167,2026-01-01 21:00:00,297207,101967,400000,0,200
T1015,M2008,ACCT100203,DST300101,2026-01-02 00:12:00,252760,102508,10000,0,200
T1015,M2011,ACCT100203,DST300099,2026-01-02 01:00:00,214800,102554,400000,0,200
T1015,M2018,ACCT100203,DST300104,2026-01-02 02:01:00,263296,103978,10000,0,200
T1015,M2007,ACCT100203,DST300037,2026-01-02 02:23:00,222007,103029,10000,0,200
T1015,M2014,ACCT100203,DST300059,2026-01-02 02:51:00,193362,104177,400000,0,200
T1015,M2000,ACCT100203,DST300155,2026-01-02 03:08:00,225699,104262,400000,0,200
T1015,M2010,ACCT100203,DST300123,2026-01-02 03:14:00,188938,104004,10000,0,200
T1015,M2000,ACCT100203,DST300185,2026-01-02 03:57:00,240262,103599,10000,0,200
T1015,M2003,ACCT100203,DST999999,2026-01-02 03:59:00,268157,103724,400000,0,200
T1015,M2017,ACCT100203,DST999999,2026-01-02 04:01:00,210835,103725,400000,0,200
T1015,M2009,ACCT100203,DST999999,2026-01-02 04:03:00,228531,103726,400000,0,200
T1015,M2012,ACCT100203,DST300196,2026-01-02 04:56:00,191401,103809,400000,0,200
T1015,M2002,ACCT100203,DST300166,2026-01-02 05:27:00,241879,104627,400000,0,200
T1015,M2010,ACCT100203,DST300061,2026-01-02 05:46:00,217865,104109,10000,0,200
T1015,M2002,ACCT100203,DST300027,2026-01-02 06:21:00,232010,103869,400000,0,200
T1015,M2016,ACCT100203,DST300191,2026-01-02 07:52:00,214791,103876,400000,0,200
T1015,M2009,ACCT100203,DST300043,2026-01-02 10:43:00,219823,103923,10000,0,200
T1000,M2010,ACCT100204,DST300116,2026-01-10 07:01:00,249387,100069,10000,0,200
T1000,M2019,ACCT100204,DST300023,2026-01-10 07:15:00,254149,100238,400000,51,200
T1000,M2006,ACCT100204,DST300110,2026-01-10 11:11:00,279975,100914,400000,0,200
T1000,M2009,ACCT100204,DST300166,2026-01-10 13:05:00,254985,101290,400000,0,200
T1000,M2001,ACCT100204,DST300170,2026-01-10 15:35:00,236831,101632,400000,0,200
T1000,M2013,ACCT100204,DST999999,2026-01-10 15:37:00,226656,101792,400000,0,200
T1000,M2011,ACCT100204,DST999999,2026-01-10 15:39:00,255000,101793,400000,0,200
T1000,M2015,ACCT100204,DST300135,2026-01-10 17:33:00,204256,101934,10000,0,200
T1000,M2010,ACCT100204,DST300198,2026-01-10 21:19:00,221582,102021,400000,0,200
T1000,M2000,ACCT100204,DST300140,2026-01-11 01:00:00,226790,102430,10000,0,200
T1000,M2007,ACCT100204,DST300039,2026-01-11 04:43:00,270609,102615,10000,0,200
T1000,M2012,ACCT100204,DST300138,2026-01-11 05:36:00,235792,103349,10000,0,200
T1000,M2006,ACCT100204,DST300073,2026-01-11 06:35:00,244439,104461,10000,0,200
T1000,M2018,ACCT100204,DST300110,2026-01-11 07:54:00,284823,104960,10000,0,200
T1015,M2009,ACCT100205,DST300115,2026-01-21 01:33:00,285417,100249,400000,68,200
T1015,M2012,ACCT100205,DST300022,2026-01-21 02:01:00,308358,102886,10000,0,200
T1015,M2013,ACCT100205,DST300085,2026-01-21 03:25:00,321424,101659,400000,0,200
T1015,M2001,ACCT100205,DST300090,2026-01-21 03:26:00,332066,101776,300000,55,200
T1015,M2013,ACCT100205,DST300007,2026-01-21 03:27:00,289017,101777,300000,55,200
T1015,M2009,ACCT100205,DST300087,2026-01-21 03:59:00,338258,101991,400000,0,200
T1015,M2014,ACCT100205,DST300183,2026-01-21 04:19:00,351955,102973,400000,0,200
T1015,M2015,ACCT100205,DST300115,2026-01-21 04:20:00,317542,102739,400000,0,200
T1015,M2008,ACCT100205,DST300164,2026-01-21 04:26:00,325851,100296,400000,0,200
T1015,M2014,ACCT100205,DST300116,2026-01-21 05:47:00,290427,103087,10000,0,200
T1015,M2010,ACCT100205,DST300172,2026-01-21 06:23:00,297248,103261,10000,0,200
T1015,M2015,ACCT100205,DST300000,2026-01-21 07:28:00,334193,102827,10000,0,200
T1015,M2019,ACCT100205,DST300048,2026-01-21 08:11:00,291163,100586,10000,0,200
T1015,M2019,ACCT100205,DST300113,2026-01-21 08:16:00,329357,103306,10000,68,200
T1015,M2000,ACCT100205,DST300005,2026-01-21 08:19:00,324332,103937,10000,0,200
T1015,M2010,ACCT100205,DST300078,2026-01-21 09:56:00,291948,100750,10000,0,200
T1015,M2000,ACCT100205,DST300020,2026-01-21 10:13:00,330615,104652,10000,68,200
T1015,M2012,ACCT100205,DST300059,2026-01-21 11:25:00,311979,104884,400000,0,200
T1015,M2002,ACCT100205,DST300124,2026-01-21 11:30:00,307638,101235,10000,0,200
T1015,M2008,ACCT100205,DST300009,2026-01-21 14:43:00,331563,101270,10000,0,200
T1015,M2008,ACCT100205,DST300139,2026-01-21 15:23:00,293635,104916,400000,0,200
T1022,M2012,ACCT100206,DST300118,2026-01-19 01:03:00,420572,100593,10000,0,200
T1022,M2016,ACCT100206,DST300059,2026-01-19 01:28:00,224669,100474,10000,0,200
T1022,M2018,ACCT100206,DST300025,2026-01-19 02:46:00,288988,101411,10000,0,200
T1022,M2009,ACCT100206,DST300016,2026-01-19 05:48:00,231372,101516,400000,0,200
T1022,M2013,ACCT100206,DST300100,2026-01-19 06:09:00,266156,100104,400000,68,200
T1022,M2019,ACCT100206,DST300122,2026-01-19 07:14:00,273280,101704,10000,0,200
T1022,M2006,ACCT100206,DST300152,2026-01-19 08:11:00,237397,100259,400000,51,200
T1022,M2007,ACCT100206,DST300100,2026-01-19 09:12:00,262748,101894,10000,0,200
T1022,M2005,ACCT100206,DST300158,2026-01-19 09:26:00,263933,102092,400000,0,200
T1022,M2013,ACCT100206,DST300013,2026-01-19 09:43:00,283270,102452,400000,0,200
T1022,M2011,ACCT100206,DST300076,2026-01-19 11:10:00,237811,100376,400000,0,200
T1022,M2012,ACCT100206,DST300132,2026-01-19 11:35:00,253501,103806,10000,0,200
T1022,M2013,ACCT100206,DST300069,2026-01-19 14:19:00,241669,104137,400000,0,200
T1024,M2017,ACCT100207,DST300042,2026-01-05 02:22:00,411342,100208,10000,0,200
T1024,M2015,ACCT100207,DST300095,2026-01-05 03:41:00,354426,101231,10000,0,200
T1024,M2016,ACCT100207,DST300173,2026-01-05 04:52:00,297590,101564,400000,0,200
T1024,M2009,ACCT100207,DST300035,2026-01-05 06:52:00,281588,101571,10000,0,200
T1024,M2005,ACCT100207,DST300086,2026-01-05 10:44:00,334620,101713,10000,0,200
T1024,M2015,ACCT100207,DST300099,2026-01-05 11:26:00,338039,101895,400000,0,200
T1024,M2018,ACCT100207,DST300023,2026-01-05 13:01:00,342534,101971,10000,0,200
T1024,M2004,ACCT100207,DST300048,2026-01-05 13:02:00,334305,102371,400000,0,200
T1024,M2018,ACCT100207,DST300190,2026-01-05 15:54:00,343241,102541,400000,0,200
T1024,M2017,ACCT100207,DST300018,2026-01-05 17:22:00,363083,102929,10000,0,200
T1024,M2001,ACCT100207,DST300126,2026-01-05 18:17:00,298752,103377,400000,0,200
T1024,M2008,ACCT100207,DST300035,2026-01-05 19:45:00,332449,103962,400000,0,200
T1024,M2012,ACCT100207,DST300073,2026-01-05 20:46:00,337073,104319,10000,0,200
T1019,M2003,ACCT100208,DST300090,2026-01-17 03:04:00,129164,100789,10000,0,200
T1019,M2007,ACCT100208,DST300129,2026-01-17 06:38:00,124898,101301,10000,0,200
T1019,M2016,ACCT100208,DST300084,2026-01-17 10:01:00,137902,100568,10000,0,200
T1019,M2012,ACCT100208,DST300150,2026-01-17 10:28:00,141350,101687,10000,0,200
T1019,M2009,ACCT100208,DST300126,2026-01-17 11:43:00,163436,100634,10000,0,200
T1019,M2001,ACCT100208,DST300151,2026-01-17 13:01:00,178528,102035,400000,68,200
T1019,M2003,ACCT100208,DST300004,2026-01-17 13:53:00,164002,102468,400000,0,200
T1019,M2005,ACCT100208,DST300055,2026-01-17 14:12:00,142991,102750,400000,0,200
T1019,M2004,ACCT100208,DST300160,2026-01-17 15:05:00,143738,104769,10000,0,200
T1010,M2006,ACCT100209,DST300058,2026-01-16 01:15:00,114801,102031,400000,0,200
T1010,M2007,ACCT100209,DST300127,2026-01-16 03:43:00,161400,104751,400000,0,200
T1010,M2000,ACCT100209,DST300146,2026-01-16 03:48:00,132282,102093,400000,0,200
T1010,M2006,ACCT100209,DST300003,2026-01-16 04:46:00,141137,101819,400000,0,200
T1010,M2019,ACCT100209,DST300138,2026-01-16 06:21:00,118890,104753,10000,0,200
T1010,M2012,ACCT100209,DST300058,2026-01-16 06:22:00,142007,104969,10000,0,200
T1010,M2001,ACCT100209,DST300013,2026-01-16 07:01:00,152289,102258,400000,0,200
T1010,M2011,ACCT100209,DST300117,2026-01-16 07:02:00,146026,102633,400000,0,200
T1010,M2003,ACCT100209,DST300021,2026-01-16 10:02:00,184790,102677,400000,0,200
T1010,M2014,ACCT100209,DST300062,2026-01-16 12:03:00,146728,100215,10000,0,200
T1010,M2015,ACCT100209,DST300048,2026-01-16 12:11:00,156467,102953,400000,0,200
T1010,M2000,ACCT100209,DST300118,2026-01-16 12:51:00,131272,103162,10000,0,200
T1010,M2005,ACCT100209,DST300056,2026-01-16 13:42:00,130061,103260,400000,0,200
T1010,M2009,ACCT100209,DST300134,2026-01-16 14:49:00,155303,104124,10000,0,200
T1010,M2009,ACCT100209,DST300023,2026-01-16 15:14:00,157339,100716,10000,0,200
T1010,M2009,ACCT100209,DST300176,2026-01-16 15:30:00,133244,101157,400000,0,200
T1010,M2000,ACCT100209,DST300095,2026-01-16 16:26:00,176315,104395,400000,0,200
T1010,M2005,ACCT100209,DST300078,2026-01-16 18:53:00,162373,104462,10000,0,200
T1010,M2008,ACCT100209,DST300187,2026-01-16 18:55:00,142476,101697,400000,0,200
T1023,M2011,ACCT100210,DST300034,2026-01-11 01:04:00,236687,101094,400000,0,200
T1023,M2013,ACCT100210,DST300051,2026-01-11 02:29:00,274676,101165,10000,0,200
T1023,M2016,ACCT100210,DST300054,2026-01-11 03:31:00,246810,101907,400000,0,200
T1023,M2017,ACCT100210,DST300062,2026-01-11 04:52:00,261789,101635,400000,0,200
T1023,M2006,ACCT100210,DST300009,2026-01-11 05:36:00,291519,101963,10000,0,200
T1023,M2015,ACCT100210,DST300002,2026-01-11 05:50:00,246995,101979,10000,0,200
T1023,M2002,ACCT100210,DST300125,2026-01-11 06:21:00,274437,101850,400000,0,200
T1023,M2010,ACCT100210,DST300005,2026-01-11 06:29:00,258158,102646,400000,0,200
T1023,M2016,ACCT100210,DST300054,2026-01-11 06:32:00,264453,102759,10000,0,200
T1023,M2012,ACCT100210,DST300034,2026-01-11 09:26:00,260306,102763,10000,0,200
T1023,M2006,ACCT100210,DST300184,2026-01-11 11:46:00,286199,100458,10000,0,200
T1023,M2010,ACCT100210,DST300191,2026-01-11 12:14:00,248650,100638,10000,51,200
T1023,M2005,ACCT100210,DST300175,2026-01-11 12:53:00,277951,103930,10000,0,200
T1023,M2018,ACCT100210,DST300083,2026-01-11 14:28:00,282507,104049,10000,0,200
T1000,M2016,ACCT100211,DST300010,2026-01-10 12:05:00,125845,101909,400000,0,200
T1000,M2009,ACCT100211,DST300121,2026-01-10 15:45:00,154369,102176,400000,0,200
T1000,M2001,ACCT100211,DST300187,2026-01-10 19:44:00,116492,102380,10000,51,200
T1000,M2005,ACCT100211,DST300193,2026-01-10 22:17:00,133754,102760,400000,0,200
T1000,M2005,ACCT100211,DST300180,2026-01-11 01:00:00,126054,102901,10000,0,200
T1000,M2018,ACCT100211,DST300178,2026-01-11 01:01:00,94258,103835,300000,55,200
T1000,M2014,ACCT100211,DST300107,2026-01-11 01:02:00,158273,103836,300000,55,200
T1000,M2007,ACCT100211,DST300050,2026-01-11 01:03:00,166724,103976,400000,0,200
T1000,M2011,ACCT100211,DST300067,2026-01-11 03:07:00,150982,104102,400000,0,200
T1000,M2008,ACCT100211,DST300004,2026-01-11 04:28:00,137762,104585,10000,0,200
T1000,M2016,ACCT100211,DST300093,2026-01-11 06:46:00,176750,104948,10000,0,200
T1015,M2012,ACCT100212,DST300175,2026-01-02 23:41:00,210075,100132,400000,0,200
T1015,M2005,ACCT100212,DST300169,2026-01-02 23:47:00,190381,100324,10000,0,200
T1021,M2008,ACCT100212,DST300042,2026-01-02 23:51:00,171889,101670,10000,0,200
T1021,M2004,ACCT100212,DST300154,2026-01-03 03:47:00,230887,101864,400000,0,200
T1021,M2018,ACCT100212,DST300074,2026-01-03 04:50:00,193422,102498,400000,0,200
T1021,M2019,ACCT100212,DST300055,2026-01-03 08:13:00,176081,102660,10000,0,200
T1021,M2018,ACCT100212,DST300144,2026-01-03 11:30:00,158788,102667,400000,0,200
T1021,M2003,ACCT100212,DST300190,2026-01-03 13:17:00,191945,104008,400000,0,200
T1021,M2003,ACCT100212,DST300026,2026-01-03 13:28:00,211490,104217,10000,0,200
T1021,M2013,ACCT100212,DST300034,2026-01-03 16:30:00,201044,104342,10000,0,200
T1021,M2011,ACCT100212,DST300094,2026-01-03 20:16:00,184166,104805,10000,51,200
T1022,M2006,ACCT100213,DST300138,2026-01-17 02:23:00,459387,101611,10000,0,200
T1022,M2017,ACCT100213,DST300172,2026-01-17 04:42:00,282976,102951,10000,0,200
T1022,M2005,ACCT100213,DST300093,2026-01-17 04:56:00,315986,101699,400000,0,200
T1022,M2012,ACCT100213,DST300133,2026-01-17 06:27:00,312410,100081,10000,0,200
T1022,M2015,ACCT100213,DST300108,2026-01-17 06:29:00,317877,100391,10000,51,200
T1022,M2017,ACCT100213,DST300140,2026-01-17 06:37:00,330815,103015,10000,0,200
T1022,M2003,ACCT100213,DST300093,2026-01-17 07:28:00,273496,101836,400000,0,200
T1022,M2015,ACCT100213,DST300046,2026-01-17 08:02:00,342624,103204,10000,0,200
T1022,M2002,ACCT100213,DST300001,2026-01-17 09:04:00,306310,103688,10000,0,200
T1022,M2016,ACCT100213,DST300012,2026-01-17 09:41:00,333456,101025,400000,0,200
T1022,M2009,ACCT100213,DST300177,2026-01-17 10:22:00,289365,102366,400000,0,200
T1022,M2000,ACCT100213,DST300176,2026-01-17 11:55:00,276606,103878,400000,0,200
T1022,M2013,ACCT100213,DST300046,2026-01-17 12:34:00,325651,101027,10000,0,200
T1022,M2015,ACCT100213,DST300136,2026-01-17 14:11:00,312571,104188,400000,0,200
T1022,M2017,ACCT100213,DST300152,2026-01-17 14:13:00,286118,101185,400000,0,200
T1022,M2012,ACCT100213,DST300127,2026-01-17 14:37:00,290059,101344,10000,0,200
T1022,M2002,ACCT100213,DST300108,2026-01-17 17:09:00,311546,104530,10000,0,200
T1022,M2010,ACCT100213,DST300136,2026-01-17 18:33:00,302203,101364,10000,0,200
T1026,M2014,ACCT100214,DST300093,2026-01-10 17:26:00,149639,101048,400000,0,200
T1026,M2018,ACCT100214,DST300136,2026-01-10 17:33:00,148610,101339,10000,0,200
T1026,M2006,ACCT100214,DST300097,2026-01-10 19:03:00,180744,101745,10000,0,200
T1026,M2007,ACCT100214,DST300131,2026-01-10 21:22:00,138045,102136,400000,0,200
T1026,M2016,ACCT100214,DST300154,2026-01-11 00:24:00,129125,102160,400000,0,200
T1026,M2007,ACCT100214,DST300019,2026-01-11 00:25:00,176985,102473,10000,0,200
T1026,M2009,ACCT100214,DST300100,2026-01-11 00:37:00,168303,102526,400000,0,200
T1026,M2003,ACCT100214,DST300117,2026-01-11 04:04:00,151381,103003,400000,0,200
T1026,M2008,ACCT100214,DST300070,2026-01-11 04:09:00,133204,103442,10000,0,200
T1026,M2002,ACCT100214,DST300157,2026-01-11 05:39:00,142258,104263,400000,0,200
T1026,M2014,ACCT100214,DST300136,2026-01-11 06:59:00,112879,104367,10000,0,200
T1026,M2019,ACCT100214,DST300052,2026-01-11 09:57:00,175956,104675,400000,0,200
T1007,M2004,ACCT100215,DST300022,2026-01-05 03:29:00,197119,101414,10000,0,200
T1007,M2015,ACCT100215,DST300035,2026-01-05 05:22:00,156135,103407,400000,0,200
T1007,M2000,ACCT100215,DST300016,2026-01-05 07:31:00,181307,103570,10000,0,200
T1007,M2002,ACCT100215,DST300196,2026-01-05 08:33:00,134315,103613,400000,0,200
T1007,M2015,ACCT100215,DST300111,2026-01-05 09:02:00,177813,103805,10000,0,200
T1007,M2005,ACCT100215,DST300106,2026-01-05 12:00:00,164216,104352,10000,51,200
T1026,M2014,ACCT100215,DST300013,2026-01-05 12:04:00,153461,104444,10000,0,200
T1026,M2015,ACCT100215,DST300184,2026-01-05 12:06:00,138858,104862,10000,0,200
T1007,M2015,ACCT100215,DST300137,2026-01-05 14:31:00,125178,101126,10000,0,200
T1002,M2017,ACCT100216,DST300082,2026-01-10 06:00:00,353457,100317,400000,0,200
T1002,M2008,ACCT100216,DST300108,2026-01-10 07:12:00,341568,101343,10000,0,200
T1002,M2000,ACCT100216,DST300170,2026-01-10 10:14:00,328029,101493,400000,0,200
T1002,M2015,ACCT100216,DST300042,2026-01-10 13:32:00,309176,101570,10000,0,200
T1002,M2017,ACCT100216,DST300055,2026-01-10 14:21:00,332376,103461,10000,0,200
T1002,M2015,ACCT100216,DST300037,2026-01-10 16:34:00,321650,103750,10000,0,200
T1002,M2014,ACCT100216,DST300003,2026-01-10 20:21:00,327432,103863,10000,0,200
T1002,M2010,ACCT100216,DST300130,2026-01-10 23:36:00,288572,104354,10000,0,200
T1002,M2006,ACCT100216,DST300141,2026-01-11 00:05:00,344753,104698,400000,0,200
T1002,M2003,ACCT100216,DST300142,2026-01-11 01:46:00,378019,104735,400000,0,200
T1015,M2002,ACCT100217,DST300025,2026-01-07 17:49:00,145027,100183,10000,0,200
T1015,M2017,ACCT100217,DST300045,2026-01-07 18:23:00,159938,100210,400000,0,200
T1015,M2002,ACCT100217,DST300056,2026-01-07 19:10:00,142696,100526,400000,0,200
T1015,M2015,ACCT100217,DST300159,2026-01-07 21:19:00,178903,100787,400000,0,200
T1015,M2003,ACCT100217,DST300150,2026-01-07 23:33:00,134637,100830,400000,0,200
T1015,M2009,ACCT100217,DST300120,2026-01-08 00:06:00,184152,101156,10000,0,200
T1015,M2013,ACCT100217,DST300006,2026-01-08 03:10:00,199580,102032,400000,0,200
T1015,M2003,ACCT100217,DST300088,2026-01-08 03:48:00,172370,102403,400000,0,200
T1015,M2005,ACCT100217,DST300171,2026-01-08 05:11:00,174098,103010,400000,0,200
T1015,M2002,ACCT100217,DST300042,2026-01-08 08:34:00,159818,103016,400000,0,200
T1015,M2017,ACCT100217,DST300198,2026-01-08 10:29:00,162130,103389,400000,68,200
T1015,M2006,ACCT100217,DST300087,2026-01-08 10:30:00,175674,104173,10000,0,200
T1015,M2012,ACCT100217,DST300188,2026-01-08 14:25:00,179631,104297,10000,0,200
T1018,M2000,ACCT100218,DST300141,2026-01-09 01:46:00,108915,101899,400000,0,200
T1018,M2019,ACCT100218,DST300013,2026-01-09 01:54:00,128275,102013,10000,0,200
T1018,M2001,ACCT100218,DST300020,2026-01-09 03:52:00,126537,100465,10000,0,200
T1018,M2005,ACCT100218,DST300003,2026-01-09 04:23:00,46250,102280,10000,0,200
T1018,M2008,ACCT100218,DST300014,2026-01-09 07:10:00,112215,102744,400000,0,200
T1018,M2001,ACCT100218,DST300040,2026-01-09 07:43:00,105910,100880,10000,0,200
T1018,M2001,ACCT100218,DST300005,2026-01-09 09:20:00,125769,103469,400000,0,200
T1018,M2016,ACCT100218,DST300198,2026-01-09 11:27:00,58366,101119,10000,0,200
T1018,M2017,ACCT100218,DST300106,2026-01-09 11:30:00,116847,101466,10000,0,200
T1018,M2016,ACCT100218,DST300177,2026-01-09 11:33:00,62898,104481,10000,0,200
T1018,M2008,ACCT100218,DST300072,2026-01-09 13:07:00,79506,101736,10000,0,200
T1018,M2005,ACCT100218,DST300066,2026-01-09 14:57:00,90663,104515,400000,0,200
T1018,M2004,ACCT100218,DST300064,2026-01-09 15:32:00,88456,104547,10000,0,200
T1013,M2000,ACCT100219,DST300070,2026-01-12 22:56:00,242538,100078,10000,0,200
T1013,M2008,ACCT100219,DST300195,2026-01-13 01:39:00,252194,100262,400000,0,200
T1013,M2003,ACCT100219,DST300054,2026-01-13 02:48:00,288405,103096,400000,0,200
T1013,M2004,ACCT100219,DST300164,2026-01-13 02:54:00,275170,102175,10000,0,200
T1013,M2007,ACCT100219,DST300057,2026-01-13 03:18:00,280124,103277,10000,0,200
T1013,M2012,ACCT100219,DST300118,2026-01-13 05:24:00,267952,100680,10000,0,200
T1013,M2018,ACCT100219,DST300030,2026-01-13 06:21:00,268477,102717,10000,0,200
T1013,M2007,ACCT100219,DST300149,2026-01-13 06:51:00,272075,103364,400000,0,200
T1013,M2010,ACCT100219,DST300174,2026-01-13 07:46:00,254739,103801,10000,0,200
T1013,M2009,ACCT100219,DST300189,2026-01-13 08:07:00,260590,103002,400000,0,200
T1013,M2010,ACCT100219,DST300011,2026-01-13 08:19:00,291801,104031,400000,0,200
T1013,M2002,ACCT100219,DST300147,2026-01-13 09:12:00,256814,100690,10000,0,200
T1013,M2004,ACCT100219,DST300063,2026-01-13 09:59:00,242396,104193,400000,0,200
T1013,M2007,ACCT100219,DST300028,2026-01-13 11:12:00,277377,101297,400000,0,200
T1013,M2003,ACCT100219,DST300036,2026-01-13 11:13:00,263342,101528,10000,0,200
T1013,M2016,ACCT100219,DST300193,2026-01-13 13:19:00,313529,104807,400000,0,200
T1013,M2006,ACCT100219,DST300165,2026-01-13 13:28:00,272623,102123,10000,0,200
T1002,M2000,ACCT100220,DST300016,2026-01-08 14:47:00,97309,100035,10000,0,200
T1002,M2008,ACCT100220,DST300056,2026-01-08 15:37:00,101047,100874,400000,0,200
T1002,M2011,ACCT100220,DST300065,2026-01-08 16:08:00,123290,101088,10000,0,200
T1002,M2008,ACCT100220,DST300017,2026-01-08 18:33:00,87086,101746,400000,0,200
T1002,M2012,ACCT100220,DST300193,2026-01-08 19:46:00,78137,101790,400000,0,200
T1002,M2002,ACCT100220,DST300057,2026-01-08 22:53:00,103946,101863,10000,0,200
T1002,M2011,ACCT100220,DST300194,2026-01-08 23:39:00,96459,102804,10000,0,200
T1002,M2005,ACCT100220,DST300177,2026-01-09 02:23:00,69771,103012,400000,0,200
T1002,M2005,ACCT100220,DST300023,2026-01-09 02:24:00,56247,103095,10000,0,200
T1002,M2011,ACCT100220,DST300106,2026-01-09 03:37:00,72731,103468,10000,0,200
T1002,M2008,ACCT100220,DST300055,2026-01-09 04:47:00,109555,103531,400000,0,200
T1002,M2006,ACCT100220,DST300011,2026-01-09 05:54:00,40330,103859,10000,0,200
T1002,M2004,ACCT100220,DST300058,2026-01-09 06:27:00,101581,104112,10000,0,200
T1002,M2009,ACCT100220,DST300024,2026-01-09 08:27:00,85329,104155,10000,0,200
T1002,M2009,ACCT100220,DST300069,2026-01-09 11:15:00,94464,104874,400000,0,200
T1020,M2000,ACCT100221,DST300095,2026-01-07 19:54:00,225504,100483,10000,0,200
T1020,M2012,ACCT100221,DST300034,2026-01-07 20:41:00,229684,100861,10000,0,200
T1020,M2001,ACCT100221,DST300161,2026-01-07 23:09:00,215854,100923,400000,0,200
T1020,M2013,ACCT100221,DST300030,2026-01-08 00:51:00,220979,101476,400000,0,200
T1020,M2003,ACCT100221,DST300186,2026-01-08 02:14:00,243187,101791,400000,0,200
T1020,M2014,ACCT100221,DST300158,2026-01-08 03:51:00,223925,101794,10000,68,200
T1020,M2000,ACCT100221,DST300039,2026-01-08 04:44:00,228583,102577,10000,0,200
T1020,M2018,ACCT100221,DST300187,2026-01-08 07:23:00,214012,102676,10000,0,200
T1020,M2007,ACCT100221,DST300041,2026-01-08 07:36:00,187943,103069,400000,0,200
T1020,M2007,ACCT100221,DST300160,2026-01-08 09:34:00,227166,103829,400000,0,200
T1020,M2017,ACCT100221,DST300052,2026-01-08 13:24:00,229586,103857,10000,0,200
T1020,M2004,ACCT100221,DST300062,2026-01-08 15:28:00,215939,103970,400000,0,200
T1020,M2014,ACCT100221,DST300061,2026-01-08 18:01:00,223474,104919,400000,0,200
T1002,M2010,ACCT100222,DST300022,2026-01-14 18:32:00,299943,100000,10000,0,200
T1002,M2005,ACCT100222,DST300016,2026-01-14 19:50:00,263348,100425,400000,0,200
T1002,M2016,ACCT100222,DST300182,2026-01-14 20:45:00,278199,100600,10000,0,200
T1002,M2007,ACCT100222,DST300055,2026-01-15 00:18:00,274903,101553,400000,0,200
T1002,M2011,ACCT100222,DST999999,2026-01-15 00:20:00,211339,102247,400000,0,200
T1002,M2002,ACCT100222,DST999999,2026-01-15 00:22:00,273530,102248,400000,0,200
T1002,M2015,ACCT100222,DST300140,2026-01-15 03:07:00,274845,103186,10000,0,200
T1002,M2017,ACCT100222,DST300168,2026-01-15 05:50:00,298686,103229,10000,0,200
T1002,M2009,ACCT100222,DST300119,2026-01-15 06:58:00,277706,103298,400000,0,200
T1002,M2008,ACCT100222,DST300032,2026-01-15 09:24:00,294245,103747,10000,0,200
T1002,M2009,ACCT100222,DST300081,2026-01-15 12:12:00,294809,103866,10000,0,200
T1002,M2013,ACCT100222,DST300036,2026-01-15 12:29:00,313427,103933,10000,0,200
T1002,M2016,ACCT100222,DST300047,2026-01-15 15:27:00,259704,104407,10000,0,200
T1002,M2013,ACCT100222,DST300072,2026-01-15 18:52:00,301928,104710,400000,0,200
T1002,M2010,ACCT100222,DST300050,2026-01-15 20:09:00,263834,104899,10000,0,200
T1026,M2005,ACCT100223,DST300044,2026-01-14 04:12:00,287192,100038,400000,0,200
T1026,M2013,ACCT100223,DST300174,2026-01-14 06:53:00,308669,100154,10000,0,200
T1026,M2001,ACCT100223,DST300133,2026-01-14 10:25:00,294299,100616,400000,0,200
T1026,M2011,ACCT100223,DST300036,2026-01-14 13:39:00,243362,100799,400000,0,200
T1026,M2019,ACCT100223,DST300089,2026-01-14 17:04:00,283980,101090,10000,0,200
T1026,M2009,ACCT100223,DST300006,2026-01-14 19:03:00,267406,101199,400000,0,200
T1026,M2015,ACCT100223,DST300086,2026-01-14 21:52:00,316008,101825,400000,0,200
T1026,M2019,ACCT100223,DST300054,2026-01-14 23:53:00,259634,102194,10000,0,200
T1026,M2006,ACCT100223,DST300078,2026-01-15 03:39:00,270821,102257,10000,0,200
T1026,M2000,ACCT100223,DST300073,2026-01-15 07:15:00,325467,102587,400000,0,200
T1026,M2007,ACCT100223,DST300068,2026-01-15 10:38:00,334285,102691,10000,0,200
T1026,M2001,ACCT100223,DST300036,2026-01-15 11:39:00,295295,102735,400000,0,200
T1026,M2019,ACCT100223,DST300040,2026-01-15 12:34:00,262168,103170,10000,0,200
T1026,M2018,ACCT100223,DST300004,2026-01-15 16:05:00,275558,103249,10000,0,200
T1026,M2014,ACCT100223,DST300040,2026-01-15 16:18:00,1795256,103592,10000,0,200
T1026,M2001,ACCT100223,DST300003,2026-01-15 17:30:00,315736,103626,400000,0,200
T1026,M2002,ACCT100223,DST300179,2026-01-15 19:35:00,256141,104066,400000,0,200
T1026,M2007,ACCT100223,DST300170,2026-01-15 22:09:00,303328,104172,10000,0,200
T1026,M2011,ACCT100223,DST300049,2026-01-16 02:04:00,259997,104695,400000,0,200
T1026,M2018,ACCT100223,DST300064,2026-01-16 03:57:00,309876,104785,400000,0,200
T1001,M2001,ACCT100224,DST300137,2026-01-08 13:11:00,235114,100384,400000,0,200
T1001,M2000,ACCT100224,DST300015,2026-01-08 13:39:00,268282,100855,10000,0,200
T1001,M2004,ACCT100224,DST300091,2026-01-08 14:31:00,276755,101885,400000,0,200
T1001,M2005,ACCT100224,DST300155,2026-01-08 17:49:00,252750,101947,10000,0,200
T1001,M2016,ACCT100224,DST300130,2026-01-08 18:19:00,268140,102186,10000,0,200
T1001,M2009,ACCT100224,DST300167,2026-01-08 21:01:00,272888,102290,400000,0,200
T1001,M2015,ACCT100224,DST300071,2026-01-09 00:16:00,241531,102642,400000,51,200
T1001,M2000,ACCT100224,DST300028,2026-01-09 00:38:00,1794525,102645,10000,0,200
T1001,M2004,ACCT100224,DST300198,2026-01-09 01:23:00,258124,102838,10000,0,200
T1001,M2015,ACCT100224,DST300057,2026-01-09 02:19:00,269803,102862,400000,0,200
T1001,M2019,ACCT100224,DST300024,2026-01-09 03:05:00,334425,103081,10000,0,200
T1001,M2000,ACCT100224,DST300161,2026-01-09 03:06:00,275641,103190,300000,55,200
T1001,M2012,ACCT100224,DST300106,2026-01-09 03:07:00,253266,103191,300000,55,200
T1001,M2005,ACCT100224,DST300102,2026-01-09 03:08:00,283891,103192,300000,55,200
T1001,M2004,ACCT100224,DST300102,2026-01-09 03:11:00,241587,103272,400000,0,200
T1001,M2000,ACCT100224,DST300038,2026-01-09 04:19:00,266007,103571,400000,0,200
T1001,M2018,ACCT100224,DST300192,2026-01-09 05:06:00,257640,103600,10000,51,200
T1001,M2010,ACCT100224,DST300141,2026-01-09 05:44:00,286671,102882,400000,0,200
T1001,M2004,ACCT100224,DST300014,2026-01-09 06:19:00,280099,103627,400000,0,200
T1001,M2012,ACCT100224,DST300157,2026-01-09 10:15:00,256902,104392,400000,51,200
T1001,M2002,ACCT100224,DST300020,2026-01-09 10:41:00,268657,104417,10000,0,200
T1001,M2015,ACCT100224,DST300178,2026-01-09 12:50:00,259844,104765,400000,0,200
T1014,M2010,ACCT100225,DST300076,2026-01-04 12:12:00,337405,100033,10000,0,200
T1014,M2006,ACCT100225,DST300118,2026-01-04 15:41:00,346904,100115,10000,0,200
T1014,M2003,ACCT100225,DST300113,2026-01-04 18:23:00,352640,100754,10000,0,200
T1014,M2000,ACCT100225,DST300144,2026-01-04 20:34:00,377732,101422,400000,0,200
T1014,M2001,ACCT100225,DST300128,2026-01-04 22:56:00,373447,101918,10000,0,200
T1014,M2009,ACCT100225,DST300085,2026-01-05 00:34:00,344636,102266,10000,51,200
T1014,M2018,ACCT100225,DST300190,2026-01-05 01:57:00,326619,102495,10000,0,200
T1014,M2003,ACCT100225,DST300028,2026-01-05 02:03:00,321130,104334,400000,0,200
T1014,M2003,ACCT100225,DST300031,2026-01-05 02:13:00,348615,102561,400000,0,200
T1014,M2008,ACCT100225,DST300153,2026-01-05 02:52:00,320305,104540,400000,0,200
T1014,M2011,ACCT100225,DST300062,2026-01-05 02:53:00,355471,102948,400000,0,200
T1014,M2012,ACCT100225,DST300012,2026-01-05 03:14:00,326625,104018,10000,0,200
T1014,M2009,ACCT100225,DST300177,2026-01-05 05:51:00,328876,104246,400000,0,200
T1027,M2000,ACCT100226,DST300037,2026-01-03 22:41:00,225574,100117,400000,0,200
T1027,M2006,ACCT100226,DST300071,2026-01-04 02:41:00,223077,100491,10000,51,200
T1027,M2012,ACCT100226,DST300004,2026-01-04 03:02:00,245987,100652,10000,0,200
T1027,M2012,ACCT100226,DST300068,2026-01-04 03:13:00,214501,101069,10000,0,200
T1027,M2017,ACCT100226,DST300092,2026-01-04 03:16:00,169751,102488,400000,0,200
T1027,M2014,ACCT100226,DST300101,2026-01-04 03:55:00,232462,101529,10000,0,200
T1027,M2004,ACCT100226,DST300198,2026-01-04 04:08:00,172050,102708,400000,0,200
T1027,M2002,ACCT100226,DST300103,2026-01-04 05:22:00,208699,100700,10000,0,200
T1027,M2017,ACCT100226,DST300107,2026-01-04 05:28:00,216002,100977,400000,0,200
T1027,M2017,ACCT100226,DST300122,2026-01-04 05:50:00,193119,101674,400000,0,200
T1027,M2003,ACCT100226,DST300029,2026-01-04 06:03:00,207886,102723,10000,0,200
T1027,M2017,ACCT100226,DST300130,2026-01-04 07:18:00,227858,103450,10000,0,200
T1027,M2014,ACCT100226,DST300194,2026-01-04 08:07:00,207195,103647,400000,0,200
T1027,M2017,ACCT100226,DST300098,2026-01-04 08:10:00,233764,104343,400000,0,200
T1027,M2004,ACCT100226,DST300196,2026-01-04 09:54:00,262424,104777,10000,0,200
T1027,M2004,ACCT100226,DST300080,2026-01-04 11:08:00,249073,104957,400000,0,200
T1026,M2016,ACCT100227,DST300023,2026-01-14 04:55:00,215595,100478,400000,0,200
T1026,M2019,ACCT100227,DST300006,2026-01-14 08:12:00,199986,100702,10000,0,200
T1026,M2019,ACCT100227,DST300006,2026-01-14 08:39:00,212756,101252,400000,0,200
T1026,M2011,ACCT100227,DST300147,2026-01-14 09:52:00,201572,101731,10000,0,200
T1026,M2008,ACCT100227,DST300021,2026-01-14 10:47:00,254475,101769,400000,0,200
T1026,M2002,ACCT100227,DST300125,2026-01-14 13:46:00,174672,101985,10000,0,200
T1026,M2011,ACCT100227,DST300110,2026-01-14 16:13:00,209686,102768,10000,0,200
T1026,M2011,ACCT100227,DST300012,2026-01-14 18:34:00,198303,102786,400000,0,200
T1026,M2017,ACCT100227,DST300111,2026-01-14 21:11:00,214673,102941,400000,0,200
T1026,M2005,ACCT100227,DST300077,2026-01-14 23:34:00,242864,103022,400000,0,200
T1026,M2005,ACCT100227,DST300100,2026-01-15 01:14:00,234681,103074,10000,0,200
T1026,M2015,ACCT100227,DST300171,2026-01-15 03:40:00,193281,103275,10000,0,200
T1026,M2013,ACCT100227,DST300189,2026-01-15 06:44:00,202425,103288,10000,0,200
T1026,M2016,ACCT100227,DST300193,2026-01-15 10:12:00,198700,103436,400000,0,200
T1026,M2018,ACCT100227,DST300068,2026-01-15 13:50:00,221502,103453,400000,0,200
T1026,M2004,ACCT100227,DST300147,2026-01-15 17:02:00,210331,103585,10000,0,200
T1026,M2014,ACCT100227,DST300181,2026-01-15 20:42:00,198407,103703,400000,0,200
T1026,M2003,ACCT100227,DST300042,2026-01-15 20:43:00,230419,104151,300000,55,200
T1026,M2001,ACCT100227,DST300034,2026-01-15 20:44:00,191337,104152,300000,55,200
T1026,M2016,ACCT100227,DST300106,2026-01-15 20:45:00,232242,104153,300000,55,200
T1026,M2002,ACCT100227,DST300157,2026-01-15 20:46:00,208306,104154,300000,55,200
T1026,M2010,ACCT100227,DST300073,2026-01-15 21:21:00,179872,104712,400000,0,200
T1000,M2000,ACCT100228,DST300078,2026-01-12 01:31:00,174240,101591,400000,0,200
T1000,M2004,ACCT100228,DST300070,2026-01-12 01:44:00,363787,100459,10000,0,200
T1000,M2016,ACCT100228,DST300181,2026-01-12 03:15:00,220929,103920,10000,0,200
T1000,M2010,ACCT100228,DST300055,2026-01-12 03:45:00,222489,103256,10000,51,200
T1000,M2017,ACCT100228,DST300142,2026-01-12 05:41:00,195242,100751,400000,0,200
T1000,M2014,ACCT100228,DST300048,2026-01-12 06:06:00,146617,103671,400000,0,200
T1000,M2010,ACCT100228,DST300004,2026-01-12 06:16:00,152614,103983,400000,0,200
T1000,M2008,ACCT100228,DST300100,2026-01-12 06:51:00,170893,104567,10000,0,200
T1000,M2010,ACCT100228,DST300033,2026-01-12 07:45:00,210979,104740,10000,0,200
T1000,M2006,ACCT100228,DST300038,2026-01-12 09:29:00,202935,103793,10000,0,200
T1000,M2011,ACCT100228,DST300099,2026-01-12 09:37:00,176661,101503,400000,0,200
T1014,M2012,ACCT100229,DST300144,2026-01-15 04:05:00,353351,102926,400000,0,200
T1014,M2011,ACCT100229,DST300194,2026-01-15 05:58:00,293064,100062,400000,0,200
T1014,M2015,ACCT100229,DST300008,2026-01-15 07:07:00,349616,103414,10000,0,200
T1014,M2001,ACCT100229,DST300131,2026-01-15 07:25:00,2141053,104842,10000,0,200
T1014,M2009,ACCT100229,DST300051,2026-01-15 08:33:00,328621,100569,10000,0,200
T1014,M2008,ACCT100229,DST300007,2026-01-15 09:59:00,407124,101158,400000,0,200
T1014,M2007,ACCT100229,DST300035,2026-01-15 11:14:00,310550,104894,400000,0,200
T1014,M2012,ACCT100229,DST300063,2026-01-15 13:58:00,339405,101677,400000,0,200
T1014,M2004,ACCT100229,DST300055,2026-01-15 17:19:00,370253,102536,10000,0,200
T1022,M2012,ACCT100230,DST300199,2026-01-09 02:24:00,296997,100879,10000,0,200
T1022,M2012,ACCT100230,DST300039,2026-01-09 04:06:00,297486,101394,10000,0,200
T1022,M2002,ACCT100230,DST300179,2026-01-09 08:02:00,246747,101573,10000,0,200
T1022,M2018,ACCT100230,DST300189,2026-01-09 09:44:00,276053,102033,10000,0,200
T1022,M2001,ACCT100230,DST300141,2026-01-09 11:19:00,265787,102067,400000,0,200
T1022,M2012,ACCT100230,DST300069,2026-01-09 11:20:00,264752,103501,10000,0,200
T1022,M2013,ACCT100230,DST300025,2026-01-09 12:42:00,251659,103575,10000,0,200
T1022,M2016,ACCT100230,DST300054,2026-01-09 14:16:00,266680,104231,10000,0,200
T1022,M2018,ACCT100230,DST300031,2026-01-09 16:30:00,265376,104445,400000,0,200
T1022,M2019,ACCT100230,DST300149,2026-01-09 17:45:00,283568,104558,400000,0,200
T1022,M2012,ACCT100230,DST300094,2026-01-09 20:11:00,312103,104559,10000,0,200
T1013,M2017,ACCT100231,DST300051,2026-01-13 01:55:00,329756,104033,400000,0,200
T1013,M2000,ACCT100231,DST300010,2026-01-13 02:36:00,640715,100285,10000,0,200
T1013,M2014,ACCT100231,DST300193,2026-01-13 04:12:00,321062,100181,400000,0,200
T1013,M2011,ACCT100231,DST300068,2026-01-13 04:40:00,307748,104346,400000,0,200
T1013,M2012,ACCT100231,DST300160,2026-01-13 04:41:00,330409,103459,400000,0,200
T1013,M2004,ACCT100231,DST300150,2026-01-13 04:52:00,301318,100271,10000,0,200
T1013,M2009,ACCT100231,DST300017,2026-01-13 06:10:00,272957,103765,10000,0,200
T1013,M2002,ACCT100231,DST300069,2026-01-13 06:28:00,307027,104703,400000,0,200
T1013,M2016,ACCT100231,DST300005,2026-01-13 06:32:00,337533,100935,10000,0,200
T1013,M2004,ACCT100231,DST300046,2026-01-13 07:00:00,357162,101911,400000,0,200
T1013,M2008,ACCT100231,DST300103,2026-01-13 09:10:00,315471,103771,400000,0,200
T1013,M2000,ACCT100231,DST300180,2026-01-13 09:50:00,264922,102795,400000,0,200
T1013,M2013,ACCT100231,DST300013,2026-01-13 09:52:00,346748,104759,10000,0,200
T1013,M2000,ACCT100231,DST300154,2026-01-13 12:47:00,312151,104971,10000,0,200
T1013,M2018,ACCT100231,DST300014,2026-01-13 13:40:00,349246,102982,400000,0,200
T1013,M2006,ACCT100231,DST300109,2026-01-13 15:33:00,300997,104975,400000,0,200
T1013,M2010,ACCT100231,DST300061,2026-01-13 16:25:00,311958,103113,400000,0,200
T1013,M2008,ACCT100232,DST300129,2026-01-14 03:52:00,291596,102487,400000,0,200
T1013,M2007,ACCT100232,DST300067,2026-01-14 04:01:00,303056,102736,400000,0,200
T1013,M2019,ACCT100232,DST300026,2026-01-14 06:26:00,305363,100601,400000,0,200
T1013,M2014,ACCT100232,DST300194,2026-01-14 07:14:00,278015,102794,10000,0,200
T1013,M2003,ACCT100232,DST300157,2026-01-14 08:06:00,253056,100672,10000,0,200
T1013,M2010,ACCT100232,DST300049,2026-01-14 10:46:00,272197,103118,10000,0,200
T1013,M2006,ACCT100232,DST300002,2026-01-14 10:48:00,280811,103844,400000,0,200
T1013,M2000,ACCT100232,DST300078,2026-01-14 11:11:00,270270,101031,400000,0,200
T1013,M2008,ACCT100232,DST300038,2026-01-14 11:12:00,268811,101546,400000,0,200
T1013,M2009,ACCT100232,DST300136,2026-01-14 14:17:00,298541,101747,400000,0,200
T1013,M2005,ACCT100232,DST300161,2026-01-14 16:55:00,308095,102299,400000,0,200
T1013,M2013,ACCT100232,DST300073,2026-01-14 18:37:00,273611,102392,400000,0,200
T1013,M2011,ACCT100232,DST300182,2026-01-14 19:19:00,289200,102428,400000,0,200
T1015,M2002,ACCT100233,DST300050,2026-01-20 19:26:00,101027,100309,400000,0,200
T1015,M2013,ACCT100233,DST300046,2026-01-20 22:24:00,146455,100823,10000,68,200
T1015,M2019,ACCT100233,DST300025,2026-01-21 04:33:00,79938,103430,10000,0,200
T1015,M2011,ACCT100233,DST300096,2026-01-21 04:47:00,58122,102416,10000,0,200
T1015,M2008,ACCT100233,DST300010,2026-01-21 07:24:00,72977,102989,10000,0,200
T1015,M2013,ACCT100233,DST300058,2026-01-21 07:35:00,92073,103682,400000,51,200
T1015,M2001,ACCT100233,DST300129,2026-01-21 10:08:00,57074,103014,10000,0,200
T1015,M2016,ACCT100233,DST300139,2026-01-21 10:21:00,93157,103348,400000,0,200
T1015,M2011,ACCT100233,DST300179,2026-01-21 11:34:00,99436,103880,400000,0,200
T1015,M2008,ACCT100233,DST300043,2026-01-21 13:37:00,83004,104646,400000,0,200
T1015,M2004,ACCT100233,DST300108,2026-01-21 17:14:00,128636,104651,400000,0,200
T1015,M2001,ACCT100233,DST300111,2026-01-21 17:20:00,65962,104744,10000,0,200
T1015,M2006,ACCT100233,DST300080,2026-01-21 20:46:00,94498,104763,400000,0,200
T1015,M2010,ACCT100233,DST300089,2026-01-21 22:14:00,102550,104840,10000,51,200
T1000,M2009,ACCT100234,DST300024,2026-01-08 16:28:00,123490,100010,400000,0,200
T1000,M2015,ACCT100234,DST300156,2026-01-08 17:23:00,164592,100109,400000,68,200
T1000,M2001,ACCT100234,DST300092,2026-01-08 19:32:00,156754,100557,10000,0,200
T1000,M2005,ACCT100234,DST300011,2026-01-08 22:22:00,169932,100683,10000,0,200
T1000,M2013,ACCT100234,DST300159,2026-01-09 00:41:00,172736,100742,10000,0,200
T1000,M2009,ACCT100234,DST300183,2026-01-09 04:08:00,196324,101649,400000,0,200
T1000,M2001,ACCT100234,DST300124,2026-01-09 04:18:00,223998,101784,400000,0,200
T1000,M2000,ACCT100234,DST300041,2026-01-09 04:43:00,174696,102055,10000,0,200
T1000,M2014,ACCT100234,DST300128,2026-01-09 06:10:00,171882,102398,400000,0,200
T1000,M2013,ACCT100234,DST300083,2026-01-09 09:13:00,153340,102469,400000,0,200
T1000,M2014,ACCT100234,DST300069,2026-01-09 11:24:00,173723,102761,10000,0,200
T1000,M2012,ACCT100234,DST300048,2026-01-09 11:29:00,201801,102830,400000,0,200
T1000,M2000,ACCT100234,DST300111,2026-01-09 11:58:00,171327,103171,400000,0,200
T1000,M2017,ACCT100234,DST300192,2026-01-09 14:04:00,154306,103209,10000,0,200
T1000,M2006,ACCT100234,DST300171,2026-01-09 16:36:00,169458,103506,400000,0,200
T1000,M2009,ACCT100234,DST300069,2026-01-09 20:15:00,196412,103813,10000,0,200
T1000,M2004,ACCT100234,DST300164,2026-01-09 21:35:00,191173,103855,400000,0,200
T1000,M2017,ACCT100234,DST300143,2026-01-10 00:13:00,162623,104032,400000,0,200
T1000,M2018,ACCT100234,DST300097,2026-01-10 03:01:00,151770,104486,400000,0,200
T1000,M2006,ACCT100234,DST300147,2026-01-10 06:40:00,157181,104750,400000,0,200
T1013,M2017,ACCT100235,DST300186,2026-01-03 12:19:00,280333,100006,10000,0,200
T1013,M2005,ACCT100235,DST300055,2026-01-03 15:51:00,283773,100119,10000,0,200
T1013,M2002,ACCT100235,DST300113,2026-01-03 19:35:00,341685,100137,10000,0,200
T1013,M2000,ACCT100235,DST300023,2026-01-03 21:33:00,279644,100315,10000,0,200
T1013,M2014,ACCT100235,DST300199,2026-01-03 21:44:00,319573,100457,10000,0,200
T1013,M2005,ACCT100235,DST300113,2026-01-04 01:24:00,323330,104391,400000,0,200
T1013,M2002,ACCT100235,DST300042,2026-01-04 01:37:00,361921,100805,10000,68,200
T1013,M2005,ACCT100235,DST300028,2026-01-04 02:19:00,340178,101264,400000,0,200
T1013,M2010,ACCT100235,DST300050,2026-01-04 02:31:00,307959,104399,10000,0,200
T1013,M2011,ACCT100235,DST999999,2026-01-04 02:33:00,319934,104534,400000,0,200
T1013,M2013,ACCT100235,DST999999,2026-01-04 02:35:00,291843,104535,400000,0,200
T1013,M2012,ACCT100235,DST300090,2026-01-04 02:36:00,296518,101369,10000,0,200
T1013,M2014,ACCT100235,DST999999,2026-01-04 02:37:00,336772,104536,400000,0,200
T1013,M2010,ACCT100235,DST300171,2026-01-04 05:22:00,314833,104551,400000,0,200
T1013,M2018,ACCT100235,DST300110,2026-01-04 05:50:00,294781,101483,10000,0,200
T1013,M2012,ACCT100235,DST300000,2026-01-04 07:30:00,291890,102552,400000,0,200
T1013,M2013,ACCT100235,DST300184,2026-01-04 11:13:00,323877,102692,400000,0,200
T1013,M2004,ACCT100235,DST300114,2026-01-04 11:57:00,299182,103398,400000,0,200
T1013,M2013,ACCT100235,DST300015,2026-01-04 13:26:00,311324,103914,10000,0,200
T1013,M2014,ACCT100235,DST300014,2026-01-04 15:14:00,334382,103915,400000,0,200
T1013,M2012,ACCT100235,DST300055,2026-01-04 15:51:00,304486,104000,10000,0,200
T1013,M2000,ACCT100235,DST300127,2026-01-04 16:21:00,298773,104200,10000,0,200
T1001,M2005,ACCT100236,DST300095,2026-01-12 14:52:00,278154,100083,10000,0,200
T1001,M2012,ACCT100236,DST300031,2026-01-12 16:48:00,274180,101074,10000,0,200
T1001,M2005,ACCT100236,DST300092,2026-01-12 17:14:00,228227,101098,10000,0,200
T1001,M2004,ACCT100236,DST300105,2026-01-12 20:20:00,228676,101387,400000,0,200
T1001,M2012,ACCT100236,DST300087,2026-01-12 22:52:00,235311,101426,400000,0,200
T1001,M2007,ACCT100236,DST300071,2026-01-13 01:18:00,340712,102983,10000,0,200
T1001,M2005,ACCT100236,DST300158,2026-01-13 01:39:00,217688,101925,400000,68,200
T1001,M2016,ACCT100236,DST300175,2026-01-13 01:41:00,244243,101950,400000,0,200
T1001,M2018,ACCT100236,DST300021,2026-01-13 01:42:00,257815,102098,10000,0,200
T1001,M2013,ACCT100236,DST300056,2026-01-13 01:43:00,228484,102356,300000,55,200
T1001,M2008,ACCT100236,DST300091,2026-01-13 01:44:00,246801,102357,300000,55,200
T1001,M2010,ACCT100236,DST300052,2026-01-13 03:24:00,278585,103134,10000,68,200
T1001,M2013,ACCT100236,DST300195,2026-01-13 03:54:00,230408,102532,400000,51,200
T1001,M2002,ACCT100236,DST300065,2026-01-13 05:02:00,224434,103670,400000,0,200
T1001,M2013,ACCT100236,DST300015,2026-01-13 06:02:00,254709,103693,400000,0,200
T1001,M2013,ACCT100236,DST300045,2026-01-13 07:27:00,269590,102582,400000,0,200
T1001,M2010,ACCT100236,DST300108,2026-01-13 09:26:00,250679,103712,400000,0,200
T1001,M2000,ACCT100236,DST300170,2026-01-13 13:22:00,240940,103755,400000,0,200
T1001,M2010,ACCT100236,DST300030,2026-01-13 14:50:00,278520,103845,10000,0,200
T1001,M2003,ACCT100236,DST300094,2026-01-13 17:41:00,232747,104045,400000,0,200
T1001,M2016,ACCT100236,DST300023,2026-01-13 19:12:00,252557,104235,400000,0,200
T1001,M2003,ACCT100236,DST300150,2026-01-13 20:36:00,259010,104584,400000,0,200
T1008,M2011,ACCT100237,DST300093,2026-01-08 01:16:00,323325,100859,10000,0,200
T1008,M2017,ACCT100237,DST300052,2026-01-08 01:56:00,347879,100949,400000,0,200
T1008,M2015,ACCT100237,DST300189,2026-01-08 03:23:00,308956,101245,10000,0,200
T1008,M2001,ACCT100237,DST300129,2026-01-08 04:01:00,305829,102581,10000,0,200
T1008,M2014,ACCT100237,DST300188,2026-01-08 04:37:00,323109,101977,10000,0,200
T1008,M2012,ACCT100237,DST300063,2026-01-08 04:40:00,321917,102053,10000,0,200
T1008,M2012,ACCT100237,DST300054,2026-01-08 05:06:00,305873,103990,10000,0,200
T1008,M2004,ACCT100237,DST300147,2026-01-08 07:12:00,304843,102497,10000,0,200
T1008,M2016,ACCT100237,DST300189,2026-01-08 08:12:00,320039,104439,10000,0,200
T1008,M2007,ACCT100237,DST300172,2026-01-08 10:54:00,274023,104966,10000,68,200
T1008,M2012,ACCT100237,DST300098,2026-01-08 19:29:00,299880,100664,10000,0,200
T1008,M2001,ACCT100238,DST300172,2026-01-08 08:35:00,161715,100022,400000,0,200
T1008,M2010,ACCT100238,DST300052,2026-01-08 12:17:00,106016,100276,10000,0,200
T1008,M2019,ACCT100238,DST300029,2026-01-08 16:11:00,124989,100336,10000,0,200
T1008,M2016,ACCT100238,DST300193,2026-01-08 19:43:00,122355,100349,10000,0,200
T1008,M2019,ACCT100238,DST300039,2026-01-08 20:03:00,136410,100594,400000,0,200
T1008,M2012,ACCT100238,DST300195,2026-01-08 23:54:00,149868,100648,10000,0,200
T1008,M2016,ACCT100238,DST300133,2026-01-09 00:49:00,158600,100729,10000,0,200
T1008,M2014,ACCT100238,DST300186,2026-01-09 01:26:00,133552,102796,400000,0,200
T1008,M2004,ACCT100238,DST300023,2026-01-09 03:24:00,140293,100766,10000,0,200
T1008,M2016,ACCT100238,DST300149,2026-01-09 03:58:00,153012,103216,10000,0,200
T1008,M2019,ACCT100238,DST300188,2026-01-09 06:54:00,139621,101087,10000,0,200
T1008,M2006,ACCT100238,DST300059,2026-01-09 06:58:00,134565,103289,400000,0,200
T1008,M2017,ACCT100238,DST300153,2026-01-09 08:28:00,140393,101213,10000,0,200
T1008,M2006,ACCT100238,DST300061,2026-01-09 09:55:00,129037,101220,10000,0,200
T1008,M2000,ACCT100238,DST300166,2026-01-09 10:38:00,178123,101246,400000,0,200
T1008,M2002,ACCT100238,DST300042,2026-01-09 10:56:00,133113,104386,400000,0,200
T1008,M2005,ACCT100238,DST300073,2026-01-09 11:02:00,126800,101765,400000,0,200
T1008,M2006,ACCT100238,DST300023,2026-01-09 12:31:00,136209,104578,400000,0,200
T1008,M2000,ACCT100238,DST300038,2026-01-09 12:46:00,122874,102365,10000,0,200
T1021,M2019,ACCT100239,DST300122,2026-01-02 05:07:00,125536,100032,10000,0,200
T1021,M2003,ACCT100239,DST300011,2026-01-02 05:46:00,119396,100236,400000,0,200
T1021,M2008,ACCT100239,DST300063,2026-01-02 08:19:00,114109,100456,400000,0,200
T1021,M2004,ACCT100239,DST300150,2026-01-02 10:02:00,111545,100565,400000,0,200
T1021,M2012,ACCT100239,DST300042,2026-01-02 10:22:00,75230,100744,10000,68,200
T1021,M2009,ACCT100239,DST300098,2026-01-02 11:13:00,101611,101621,400000,0,200
T1021,M2001,ACCT100239,DST300190,2026-01-02 11:30:00,112695,101703,10000,0,200
T1021,M2011,ACCT100239,DST300054,2026-01-02 13:27:00,98447,102049,400000,0,200
T1021,M2016,ACCT100239,DST300166,2026-01-02 13:52:00,87364,102822,400000,0,200
T1021,M2009,ACCT100239,DST300029,2026-01-02 16:42:00,98330,102920,400000,0,200
T1021,M2012,ACCT100239,DST300141,2026-01-02 20:40:00,75762,103056,400000,0,200
T1021,M2001,ACCT100239,DST300022,2026-01-02 20:42:00,107724,103084,10000,0,200
T1021,M2009,ACCT100239,DST300087,2026-01-02 21:05:00,98651,103153,10000,0,200
T1021,M2018,ACCT100239,DST300112,2026-01-02 23:05:00,119792,104162,400000,0,200
T1021,M2009,ACCT100239,DST300116,2026-01-02 23:28:00,75599,104224,10000,0,200
T1021,M2017,ACCT100239,DST300093,2026-01-03 02:30:00,133294,104850,10000,0,200
T1027,M2016,ACCT100240,DST300194,2026-01-05 02:18:00,216948,104196,10000,0,200
T1027,M2003,ACCT100240,DST300088,2026-01-05 03:31:00,188713,100517,10000,0,200
T1027,M2018,ACCT100240,DST300073,2026-01-05 06:00:00,203350,104261,10000,0,200
T1027,M2007,ACCT100240,DST300082,2026-01-05 06:26:00,162637,100584,400000,68,200
T1027,M2004,ACCT100240,DST300152,2026-01-05 06:27:00,192175,101403,400000,0,200
T1027,M2007,ACCT100240,DST300015,2026-01-05 06:43:00,176957,104456,400000,0,200
T1027,M2013,ACCT100240,DST300189,2026-01-05 07:41:00,125764,102044,10000,0,200
T1027,M2019,ACCT100240,DST300183,2026-01-05 07:49:00,160409,104867,400000,0,200
T1027,M2005,ACCT100240,DST300115,2026-01-05 08:17:00,157541,102162,10000,0,200
T1027,M2007,ACCT100240,DST300018,2026-01-05 08:18:00,175344,102292,400000,0,200
T1027,M2011,ACCT100240,DST300171,2026-01-05 08:47:00,159413,104943,10000,0,200
T1027,M2017,ACCT100240,DST300039,2026-01-05 09:04:00,116776,102730,400000,0,200
T1027,M2012,ACCT100240,DST300095,2026-01-05 10:56:00,182898,103656,10000,68,200
T1027,M2001,ACCT100240,DST300088,2026-01-05 11:22:00,184172,104990,400000,0,200
T1027,M2000,ACCT100240,DST300115,2026-01-05 12:55:00,170139,103948,400000,0,200
T1016,M2017,ACCT100241,DST300175,2026-01-06 11:39:00,300094,101298,300000,55,200
T1016,M2003,ACCT100241,DST300083,2026-01-06 11:40:00,276727,101299,300000,55,200
T1016,M2018,ACCT100241,DST300080,2026-01-06 11:41:00,244831,101300,300000,55,200
T1016,M2014,ACCT100241,DST300134,2026-01-06 13:06:00,283833,101983,400000,0,200
T1016,M2014,ACCT100241,DST300092,2026-01-06 15:24:00,281894,102556,10000,0,200
T1016,M2010,ACCT100241,DST300079,2026-01-06 16:35:00,294493,102776,400000,0,200
T1016,M2011,ACCT100241,DST300124,2026-01-06 18:01:00,241146,102781,10000,68,200
T1016,M2018,ACCT100241,DST300079,2026-01-06 20:25:00,329142,102887,400000,51,200
T1016,M2016,ACCT100241,DST300138,2026-01-06 22:30:00,290265,102889,10000,0,200
T1016,M2019,ACCT100241,DST300114,2026-01-07 00:39:00,322394,103202,400000,0,200
T1016,M2012,ACCT100241,DST300165,2026-01-07 04:05:00,295998,103369,400000,0,200
T1016,M2004,ACCT100241,DST300156,2026-01-07 04:51:00,299638,103735,10000,0,200
T1016,M2009,ACCT100241,DST300182,2026-01-07 07:22:00,283365,103854,400000,0,200
T1016,M2001,ACCT100241,DST300137,2026-01-07 09:21:00,274304,103995,10000,0,200
T1016,M2011,ACCT100241,DST300198,2026-01-07 12:59:00,294971,104182,10000,0,200
T1016,M2017,ACCT100241,DST300085,2026-01-07 15:14:00,269650,104571,10000,0,200
T1016,M2015,ACCT100241,DST300191,2026-01-07 15:20:00,296131,104870,10000,0,200
T1016,M2001,ACCT100241,DST300130,2026-01-07 18:58:00,303211,104962,400000,0,200
T1016,M2000,ACCT100241,DST300001,2026-01-07 20:20:00,304635,104995,10000,0,200
T1000,M2009,ACCT100242,DST300109,2026-01-05 17:07:00,157822,100798,10000,0,200
T1000,M2015,ACCT100242,DST300128,2026-01-05 20:48:00,150475,101006,10000,0,200
T1000,M2001,ACCT100242,DST300167,2026-01-05 23:59:00,161331,101166,10000,0,200
T1000,M2011,ACCT100242,DST300128,2026-01-06 00:30:00,131750,101464,10000,0,200
T1000,M2001,ACCT100242,DST300186,2026-01-06 04:23:00,189462,101941,400000,0,200
T1000,M2011,ACCT100242,DST300045,2026-01-06 08:07:00,128603,103053,400000,0,200
T1000,M2003,ACCT100242,DST300101,2026-01-06 08:09:00,149909,103324,400000,0,200
T1000,M2007,ACCT100242,DST300033,2026-01-06 11:27:00,164370,103548,400000,0,200
T1000,M2011,ACCT100242,DST300112,2026-01-06 15:23:00,137706,103769,10000,0,200
T1000,M2013,ACCT100242,DST300182,2026-01-06 18:18:00,172099,103952,10000,68,200
T1000,M2010,ACCT100242,DST300148,2026-01-06 21:22:00,164544,104650,400000,0,200
T1000,M2016,ACCT100242,DST300064,2026-01-07 01:07:00,191205,104863,400000,0,200
T1028,M2017,ACCT100243,DST300053,2026-01-10 20:12:00,90977,100190,10000,0,200
T1028,M2003,ACCT100243,DST300117,2026-01-10 21:34:00,33396,101671,400000,0,200
T1028,M2011,ACCT100243,DST300006,2026-01-11 00:59:00,62290,101910,400000,51,200
T1028,M2017,ACCT100243,DST300088,2026-01-11 02:02:00,92368,104094,10000,0,200
T1020,M2000,ACCT100243,DST300195,2026-01-11 02:03:00,93830,104423,10000,0,200
T1028,M2015,ACCT100243,DST300114,2026-01-11 02:13:00,53976,102433,400000,0,200
T1028,M2015,ACCT100243,DST300179,2026-01-11 05:50:00,46547,102557,10000,0,200
T1028,M2016,ACCT100243,DST300050,2026-01-11 06:02:00,81309,103485,10000,0,200
T1028,M2012,ACCT100243,DST300153,2026-01-11 07:10:00,90280,103909,10000,0,200
T1016,M2005,ACCT100244,DST300028,2026-01-17 00:12:00,72125,100344,10000,0,200
T1016,M2015,ACCT100244,DST300099,2026-01-17 02:45:00,62315,100628,400000,51,200
T1016,M2018,ACCT100244,DST300036,2026-01-17 03:18:00,453558,100685,10000,0,200
T1016,M2002,ACCT100244,DST300112,2026-01-17 06:57:00,64682,100991,10000,0,200
T1016,M2001,ACCT100244,DST300131,2026-01-17 06:59:00,69502,101225,400000,0,200
T1016,M2005,ACCT100244,DST300015,2026-01-17 07:10:00,73082,101374,400000,0,200
T1016,M2005,ACCT100244,DST300071,2026-01-17 09:37:00,87218,101531,10000,0,200
T1016,M2013,ACCT100244,DST300008,2026-01-17 11:58:00,69577,102087,10000,0,200
T1016,M2004,ACCT100244,DST300130,2026-01-17 12:47:00,73002,102088,400000,0,200
T1016,M2004,ACCT100244,DST300096,2026-01-17 15:31:00,66430,102411,10000,0,200
T1016,M2011,ACCT100244,DST300032,2026-01-17 16:58:00,79475,102876,10000,0,200
T1016,M2018,ACCT100244,DST300032,2026-01-17 17:30:00,40134,103120,400000,0,200
T1016,M2002,ACCT100244,DST300168,2026-01-17 18:01:00,78184,103457,400000,51,200
T1016,M2006,ACCT100244,DST300103,2026-01-17 20:47:00,46861,103705,400000,0,200
T1016,M2013,ACCT100244,DST300012,2026-01-17 20:59:00,48713,104006,400000,0,200
T1016,M2011,ACCT100244,DST300169,2026-01-17 21:01:00,35967,104223,400000,0,200
T1016,M2016,ACCT100244,DST300176,2026-01-17 21:12:00,58942,104326,10000,0,200
T1016,M2016,ACCT100244,DST300118,2026-01-17 23:09:00,92443,104593,10000,0,200
T1015,M2001,ACCT100245,DST300063,2026-01-02 01:56:00,262688,103686,10000,0,200
T1015,M2015,ACCT100245,DST300086,2026-01-02 02:52:00,269751,100268,400000,0,200
T1015,M2008,ACCT100245,DST300076,2026-01-02 03:19:00,485660,104218,10000,0,200
T1015,M2008,ACCT100245,DST300008,2026-01-02 05:15:00,315668,103777,10000,0,200
T1015,M2003,ACCT100245,DST300061,2026-01-02 05:21:00,301783,104169,10000,0,200
T1015,M2003,ACCT100245,DST300152,2026-01-02 05:57:00,283316,104313,10000,0,200
T1015,M2000,ACCT100245,DST300177,2026-01-02 06:32:00,303946,100329,400000,0,200
T1015,M2014,ACCT100245,DST300026,2026-01-02 06:36:00,244609,104988,400000,0,200
T1015,M2002,ACCT100245,DST300094,2026-01-02 07:45:00,269486,104181,10000,0,200
T1015,M2009,ACCT100245,DST300138,2026-01-02 08:26:00,267654,100827,10000,0,200
T1015,M2014,ACCT100245,DST300010,2026-01-02 12:12:00,286969,100894,400000,0,200
T1015,M2018,ACCT100245,DST300033,2026-01-02 14:47:00,303455,101488,10000,0,200
T1015,M2012,ACCT100245,DST300158,2026-01-02 16:09:00,289392,101779,400000,0,200
T1015,M2016,ACCT100245,DST300014,2026-01-02 17:33:00,288759,102418,10000,0,200
T1015,M2002,ACCT100245,DST300195,2026-01-02 18:05:00,264849,100205,10000,0,200
T1015,M2019,ACCT100245,DST300167,2026-01-02 20:34:00,299015,103363,10000,0,200
T1020,M2014,ACCT100246,DST300010,2026-01-15 12:29:00,308743,100207,400000,0,200
T1020,M2018,ACCT100246,DST300170,2026-01-15 13:49:00,298669,100310,400000,68,200
T1020,M2014,ACCT100246,DST300041,2026-01-15 16:55:00,308441,100466,10000,0,200
T1020,M2015,ACCT100246,DST300132,2026-01-15 20:14:00,251128,100884,400000,0,200
T1020,M2015,ACCT100246,DST300003,2026-01-15 23:10:00,260011,100906,10000,0,200
T1020,M2016,ACCT100246,DST300020,2026-01-16 01:46:00,268468,102655,10000,0,200
T1020,M2005,ACCT100246,DST300157,2026-01-16 02:11:00,312608,101013,10000,0,200
T1020,M2007,ACCT100246,DST300059,2026-01-16 03:24:00,293633,101080,400000,0,200
T1020,M2000,ACCT100246,DST300024,2026-01-16 04:10:00,336901,101132,10000,0,200
T1020,M2007,ACCT100246,DST300009,2026-01-16 04:21:00,273974,103590,400000,0,200
T1020,M2004,ACCT100246,DST300130,2026-01-16 05:16:00,295191,102363,10000,0,200
T1020,M2011,ACCT100246,DST300166,2026-01-16 05:34:00,2251089,102455,10000,0,200
T1020,M2013,ACCT100246,DST300112,2026-01-16 06:09:00,296077,102555,400000,0,200
T1020,M2006,ACCT100246,DST300038,2026-01-16 07:41:00,278666,103637,400000,0,200
T1020,M2005,ACCT100246,DST300038,2026-01-16 08:26:00,278408,102607,400000,0,200
T1020,M2000,ACCT100246,DST300036,2026-01-16 11:05:00,275645,104171,10000,0,200
T1020,M2011,ACCT100246,DST300156,2026-01-16 14:38:00,234605,104430,10000,0,200
T1020,M2014,ACCT100246,DST300131,2026-01-16 15:46:00,257047,104987,400000,0,200
T1004,M2013,ACCT100247,DST300068,2026-01-10 00:10:00,140969,100192,10000,0,200
T1004,M2006,ACCT100247,DST300078,2026-01-10 00:12:00,167568,100377,10000,0,200
T1004,M2019,ACCT100247,DST300172,2026-01-10 03:03:00,164226,100717,400000,0,200
T1004,M2012,ACCT100247,DST300126,2026-01-10 04:56:00,185024,101839,10000,0,200
T1013,M2003,ACCT100247,DST300146,2026-01-10 04:59:00,192510,103082,10000,0,200
T1004,M2002,ACCT100247,DST300088,2026-01-10 06:33:00,177601,100904,10000,0,200
T1004,M2003,ACCT100247,DST300063,2026-01-10 06:55:00,135391,101248,400000,0,200
T1013,M2018,ACCT100247,DST300060,2026-01-10 07:47:00,135768,103219,10000,0,200
T1013,M2013,ACCT100247,DST300178,2026-01-10 09:07:00,153201,103702,400000,0,200
T1013,M2016,ACCT100247,DST300025,2026-01-10 09:21:00,184535,103715,10000,0,200
T1013,M2015,ACCT100247,DST300017,2026-01-10 10:35:00,172956,103739,10000,0,200
T1013,M2002,ACCT100247,DST300093,2026-01-10 10:38:00,161948,104786,10000,51,200
T1029,M2017,ACCT100248,DST300090,2026-01-17 01:18:00,258529,100775,10000,0,200
T1029,M2005,ACCT100248,DST300050,2026-01-17 03:16:00,207375,100929,10000,0,200
T1029,M2006,ACCT100248,DST300190,2026-01-17 03:26:00,199657,103529,10000,0,200
T1029,M2013,ACCT100248,DST300060,2026-01-17 05:46:00,222797,103595,10000,0,200
T1029,M2006,ACCT100248,DST300011,2026-01-17 06:41:00,220201,104179,400000,0,200
T1029,M2007,ACCT100248,DST300181,2026-01-17 07:10:00,256533,101177,400000,0,200
T1029,M2008,ACCT100248,DST300132,2026-01-17 07:44:00,1521496,101373,10000,0,200
T1029,M2010,ACCT100248,DST300135,2026-01-17 08:49:00,241479,104626,400000,0,200
T1029,M2018,ACCT100248,DST300091,2026-01-17 11:16:00,201954,101395,400000,0,200
T1029,M2019,ACCT100248,DST300038,2026-01-17 12:26:00,259991,101582,400000,0,200
T1029,M2004,ACCT100248,DST300078,2026-01-17 14:15:00,229524,102921,400000,0,200
T1029,M2008,ACCT100248,DST300138,2026-01-17 14:18:00,259650,103180,400000,68,200
T1029,M2002,ACCT100248,DST300084,2026-01-17 17:41:00,235937,103252,400000,0,200
T1029,M2009,ACCT100248,DST300066,2026-01-17 19:14:00,238210,100658,10000,0,200
T1003,M2003,ACCT100249,DST300115,2026-01-08 19:45:00,261968,100018,10000,68,200
T1003,M2009,ACCT100249,DST300188,2026-01-08 22:24:00,262907,100050,10000,0,200
T1003,M2014,ACCT100249,DST300068,2026-01-09 02:11:00,302123,100248,10000,0,200
T1003,M2010,ACCT100249,DST300099,2026-01-09 02:14:00,248595,100367,10000,0,200
T1003,M2006,ACCT100249,DST300193,2026-01-09 04:43:00,270800,100572,10000,0,200
T1003,M2015,ACCT100249,DST300061,2026-01-09 06:09:00,325952,101008,400000,0,200
T1003,M2001,ACCT100249,DST300120,2026-01-09 06:24:00,1156668,101465,10000,0,200
T1003,M2005,ACCT100249,DST300000,2026-01-09 09:45:00,278952,102586,10000,0,200
T1003,M2012,ACCT100249,DST300002,2026-01-09 09:46:00,257770,103534,10000,0,200
T1003,M2003,ACCT100249,DST300058,2026-01-09 10:16:00,262265,104087,10000,0,200
T1003,M2010,ACCT100249,DST300148,2026-01-09 11:52:00,252318,104821,400000,0,200
T1003,M2008,ACCT100249,DST300198,2026-01-09 15:21:00,266300,104906,400000,0,200
T1003,M2015,ACCT100249,DST300024,2026-01-09 18:17:00,298726,104949,10000,0,200
T1014,M2007,ACCT100250,DST300094,2026-01-03 23:29:00,214103,100275,10000,0,200
T1014,M2005,ACCT100250,DST300135,2026-01-03 23:44:00,211238,100453,10000,0,200
T1014,M2010,ACCT100250,DST300137,2026-01-03 23:55:00,230079,100747,10000,0,200
T1014,M2003,ACCT100250,DST300108,2026-01-04 01:41:00,255470,100843,400000,0,200
T1014,M2018,ACCT100250,DST300047,2026-01-04 02:50:00,224231,100905,10000,0,200
T1014,M2019,ACCT100250,DST300019,2026-01-04 05:51:00,230646,101093,10000,0,200
T1014,M2014,ACCT100250,DST300180,2026-01-04 06:33:00,256957,101186,10000,0,200
T1014,M2018,ACCT100250,DST300170,2026-01-04 08:44:00,230310,101351,400000,0,200
T1014,M2013,ACCT100250,DST300128,2026-01-04 11:21:00,236749,101382,10000,0,200
T1014,M2009,ACCT100250,DST300169,2026-01-04 12:33:00,207383,101498,10000,68,200
T1014,M2006,ACCT100250,DST300053,2026-01-04 12:50:00,197943,102104,10000,0,200
T1014,M2017,ACCT100250,DST300121,2026-01-04 16:24:00,183570,102122,10000,0,200
T1014,M2018,ACCT100250,DST300196,2026-01-04 18:34:00,201797,102334,10000,0,200
T1014,M2012,ACCT100250,DST300101,2026-01-04 19:12:00,180429,102900,10000,0,200
T1014,M2000,ACCT100250,DST300177,2026-01-04 21:09:00,200654,104711,10000,0,200
T1010,M2003,ACCT100251,DST300127,2026-01-10 12:54:00,65769,100542,400000,0,200
T1010,M2016,ACCT100251,DST300008,2026-01-10 14:17:00,88259,100824,400000,0,200
T1010,M2016,ACCT100251,DST300002,2026-01-10 14:39:00,59969,101622,400000,0,200
T1010,M2014,ACCT100251,DST300057,2026-01-10 17:12:00,52785,102051,10000,0,200
T1010,M2011,ACCT100251,DST300126,2026-01-10 17:13:00,41181,102108,300000,55,200
T1010,M2008,ACCT100251,DST300111,2026-01-10 17:14:00,45184,102109,300000,55,200
T1010,M2015,ACCT100251,DST300106,2026-01-10 17:15:00,77718,102110,300000,55,200
T1010,M2015,ACCT100251,DST300054,2026-01-10 17:16:00,61528,102111,300000,55,200
T1010,M2019,ACCT100251,DST300168,2026-01-10 18:16:00,75529,102585,400000,0,200
T1010,M2019,ACCT100251,DST300018,2026-01-10 21:49:00,63135,103352,10000,0,200
T1010,M2005,ACCT100251,DST300197,2026-01-11 01:40:00,88161,103679,400000,0,200
T1010,M2018,ACCT100251,DST300088,2026-01-11 04:51:00,39870,103925,10000,0,200
T1010,M2019,ACCT100251,DST300164,2026-01-11 08:33:00,86824,104078,10000,0,200
T1010,M2007,ACCT100251,DST300142,2026-01-11 12:07:00,63839,104359,400000,0,200
T1023,M2019,ACCT100252,DST300009,2026-01-15 04:15:00,61792,100059,400000,0,200
T1023,M2007,ACCT100252,DST300076,2026-01-15 06:40:00,89650,100170,10000,0,200
T1023,M2008,ACCT100252,DST300115,2026-01-15 06:42:00,87239,100655,10000,0,200
T1023,M2019,ACCT100252,DST300021,2026-01-15 08:40:00,63052,100678,400000,0,200
T1023,M2003,ACCT100252,DST300171,2026-01-15 11:27:00,92337,100868,10000,0,200
T1023,M2009,ACCT100252,DST300194,2026-01-15 15:13:00,68978,101648,10000,0,200
T1023,M2007,ACCT100252,DST300066,2026-01-15 18:03:00,83208,102011,400000,0,200
T1023,M2017,ACCT100252,DST300080,2026-01-15 19:16:00,101926,102174,400000,0,200
T1023,M2003,ACCT100252,DST300085,2026-01-15 21:11:00,115241,102373,400000,0,200
T1023,M2016,ACCT100252,DST300070,2026-01-15 23:46:00,68988,102868,10000,0,200
T1023,M2009,ACCT100252,DST300007,2026-01-16 01:29:00,99962,104532,10000,0,200
T1023,M2001,ACCT100252,DST300155,2026-01-16 01:58:00,86600,104921,10000,0,200
T1023,M2017,ACCT100252,DST300090,2026-01-16 05:03:00,94658,104944,400000,0,200
T1005,M2011,ACCT100253,DST300072,2026-01-09 15:34:00,153263,100323,10000,0,200
T1005,M2016,ACCT100253,DST300198,2026-01-09 16:22:00,185911,100412,400000,0,200
T1005,M2006,ACCT100253,DST300180,2026-01-09 18:37:00,154514,100438,10000,0,200
T1005,M2008,ACCT100253,DST300193,2026-01-09 19:22:00,180155,100705,10000,0,200
T1005,M2005,ACCT100253,DST300110,2026-01-09 22:35:00,176356,100724,400000,0,200
T1005,M2004,ACCT100253,DST300169,2026-01-09 23:13:00,183476,101195,400000,0,200
T1005,M2007,ACCT100253,DST300138,2026-01-10 02:42:00,168345,101260,10000,0,200
T1005,M2001,ACCT100253,DST300178,2026-01-10 03:17:00,187755,102436,10000,0,200
T1005,M2005,ACCT100253,DST300138,2026-01-10 03:31:00,158260,102580,400000,0,200
T1005,M2014,ACCT100253,DST300103,2026-01-10 05:18:00,158014,102653,400000,68,200
T1005,M2008,ACCT100253,DST300086,2026-01-10 09:14:00,167826,103342,400000,0,200
T1005,M2019,ACCT100253,DST300120,2026-01-10 12:43:00,167264,103495,10000,0,200
T1005,M2016,ACCT100253,DST300065,2026-01-10 16:26:00,201746,104245,10000,0,200
T1008,M2005,ACCT100254,DST300110,2026-01-02 02:21:00,73831,100055,10000,0,200
T1008,M2015,ACCT100254,DST300144,2026-01-02 02:36:00,94494,100134,400000,0,200
T1008,M2007,ACCT100254,DST300143,2026-01-02 03:14:00,105380,100506,400000,0,200
T1008,M2016,ACCT100254,DST300063,2026-01-02 03:45:00,59554,103522,400000,0,200
T1008,M2001,ACCT100254,DST300025,2026-01-02 05:14:00,87735,103554,10000,0,200
T1008,M2003,ACCT100254,DST300021,2026-01-02 05:15:00,80244,103643,300000,55,200
T1008,M2013,ACCT100254,DST300152,2026-01-02 05:16:00,88027,103644,300000,55,200
T1008,M2013,ACCT100254,DST300049,2026-01-02 05:23:00,89834,100588,10000,0,200
T1008,M2000,ACCT100254,DST300047,2026-01-02 06:17:00,95547,103751,400000,51,200
T1008,M2012,ACCT100254,DST300033,2026-01-02 07:45:00,36162,100622,400000,0,200
T1008,M2013,ACCT100254,DST300108,2026-01-02 07:56:00,42982,101998,10000,0,200
T1008,M2001,ACCT100254,DST300052,2026-01-02 11:02:00,75743,102224,400000,0,200
T1008,M2001,ACCT100254,DST300072,2026-01-02 13:06:00,53029,102501,400000,0,200
T1008,M2007,ACCT100254,DST300048,2026-01-02 16:20:00,122123,103164,400000,0,200
T1008,M2000,ACCT100254,DST300123,2026-01-02 19:18:00,81000,103402,400000,0,200
T1028,M2007,ACCT100255,DST300098,2026-01-17 06:32:00,214780,100009,10000,0,200
T1028,M2003,ACCT100255,DST300142,2026-01-17 07:18:00,155716,100112,400000,0,200
T1028,M2012,ACCT100255,DST300157,2026-01-17 08:14:00,198191,100237,400000,0,200
T1028,M2005,ACCT100255,DST300198,2026-01-17 09:38:00,241866,100585,10000,0,200
T1028,M2012,ACCT100255,DST300177,2026-01-17 11:35:00,222729,100612,400000,0,200
T1028,M2016,ACCT100255,DST300192,2026-01-17 13:03:00,199003,100989,10000,0,200
T1028,M2002,ACCT100255,DST300128,2026-01-17 13:49:00,230689,101237,400000,0,200
T1028,M2011,ACCT100255,DST300015,2026-01-17 16:36:00,255158,101313,10000,0,200
T1028,M2016,ACCT100255,DST300067,2026-01-17 17:06:00,243762,101599,400000,0,200
T1028,M2015,ACCT100255,DST300114,2026-01-17 18:46:00,228863,101730,10000,0,200
T1028,M2013,ACCT100255,DST300155,2026-01-17 19:56:00,226057,101743,10000,0,200
T1028,M2009,ACCT100255,DST300110,2026-01-17 22:16:00,238671,102184,400000,0,200
T1028,M2013,ACCT100255,DST300054,2026-01-17 23:23:00,209253,102315,10000,0,200
T1028,M2001,ACCT100255,DST300105,2026-01-18 00:49:00,211670,102450,400000,0,200
T1028,M2010,ACCT100255,DST300030,2026-01-18 01:27:00,337499,102517,10000,0,200
T1028,M2005,ACCT100255,DST300064,2026-01-18 04:40:00,205978,102685,400000,0,200
T1028,M2003,ACCT100255,DST300065,2026-01-18 05:07:00,207422,102883,10000,51,200
T1028,M2019,ACCT100255,DST300197,2026-01-18 05:40:00,207535,103270,400000,0,200
T1028,M2010,ACCT100255,DST300023,2026-01-18 05:42:00,214705,103999,400000,0,200
T1028,M2010,ACCT100255,DST300196,2026-01-18 09:12:00,240826,104495,400000,0,200
T1028,M2003,ACCT100255,DST300019,2026-01-18 09:26:00,210292,104544,400000,0,200
T1028,M2019,ACCT100255,DST300177,2026-01-18 10:59:00,200649,104588,10000,0,200
T1012,M2006,ACCT100256,DST300188,2026-01-09 02:18:00,204385,101358,400000,0,200
T1012,M2008,ACCT100256,DST300116,2026-01-09 03:18:00,236381,100177,10000,0,200
T1012,M2013,ACCT100256,DST300003,2026-01-09 05:53:00,226617,101972,400000,0,200
T1012,M2006,ACCT100256,DST300081,2026-01-09 06:37:00,186921,101975,400000,0,200
T1012,M2000,ACCT100256,DST300105,2026-01-09 07:17:00,250754,100626,400000,0,200
T1012,M2012,ACCT100256,DST300122,2026-01-09 09:31:00,198068,100666,400000,0,200
T1012,M2001,ACCT100256,DST300191,2026-01-09 10:34:00,245986,102454,400000,0,200
T1012,M2004,ACCT100256,DST300199,2026-01-09 14:11:00,248521,103102,10000,0,200
T1012,M2013,ACCT100256,DST300198,2026-01-09 14:12:00,251538,103141,400000,0,200
T1012,M2014,ACCT100256,DST300140,2026-01-09 15:37:00,253212,103808,400000,0,200
T1012,M2002,ACCT100256,DST300098,2026-01-09 17:09:00,288788,103853,400000,0,200
T1012,M2012,ACCT100256,DST300024,2026-01-09 18:24:00,237727,104561,10000,0,200
T1012,M2006,ACCT100256,DST300078,2026-01-09 18:27:00,239104,104624,10000,0,200
T1012,M2001,ACCT100256,DST300077,2026-01-09 18:46:00,242608,104811,400000,0,200
T1001,M2016,ACCT100257,DST300097,2026-01-02 20:22:00,111249,100160,10000,0,200
T1001,M2006,ACCT100257,DST300198,2026-01-02 21:52:00,124542,100304,400000,0,200
T1001,M2003,ACCT100257,DST300121,2026-01-02 22:44:00,68619,100540,400000,0,200
T1001,M2012,ACCT100257,DST300161,2026-01-02 22:45:00,157779,100615,400000,0,200
T1001,M2011,ACCT100257,DST300127,2026-01-02 23:52:00,125094,100941,400000,68,200
T1001,M2012,ACCT100257,DST300033,2026-01-03 03:42:00,102786,101167,10000,0,200
T1001,M2017,ACCT100257,DST300173,2026-01-03 07:16:00,75000,102742,400000,0,200
T1001,M2016,ACCT100257,DST300155,2026-01-03 11:01:00,143518,103143,400000,0,200
T1001,M2017,ACCT100257,DST300157,2026-01-03 14:30:00,131212,103569,400000,0,200
T1001,M2003,ACCT100257,DST300128,2026-01-03 16:27:00,129053,104150,400000,51,200
T1001,M2002,ACCT100257,DST300150,2026-01-03 19:22:00,73068,104363,400000,0,200
T1001,M2012,ACCT100257,DST300022,2026-01-03 22:58:00,110102,104905,10000,0,200
T1027,M2000,ACCT100258,DST300053,2026-01-03 04:15:00,156794,102773,400000,0,200
T1027,M2011,ACCT100258,DST300085,2026-01-03 06:33:00,147839,102843,10000,0,200
T1027,M2010,ACCT100258,DST300015,2026-01-03 09:00:00,144852,103052,10000,0,200
T1027,M2004,ACCT100258,DST300096,2026-01-03 11:10:00,165452,100222,10000,0,200
T1027,M2018,ACCT100258,DST300054,2026-01-03 11:15:00,126735,100290,10000,0,200
T1027,M2016,ACCT100258,DST300120,2026-01-03 11:54:00,121482,103238,10000,51,200
T1027,M2015,ACCT100258,DST300110,2026-01-03 13:14:00,157113,100372,10000,0,200
T1027,M2018,ACCT100258,DST300082,2026-01-03 13:27:00,140974,103456,400000,68,200
T1027,M2003,ACCT100258,DST300175,2026-01-03 14:33:00,155958,103526,400000,0,200
T1027,M2001,ACCT100258,DST300085,2026-01-03 15:35:00,140004,100576,400000,0,200
T1027,M2019,ACCT100258,DST300001,2026-01-03 16:50:00,158286,103619,10000,0,200
T1027,M2011,ACCT100258,DST300015,2026-01-03 19:19:00,132043,103633,10000,0,200
T1027,M2003,ACCT100258,DST300085,2026-01-03 19:29:00,129033,100792,10000,0,200
T1027,M2001,ACCT100258,DST300149,2026-01-03 21:05:00,162843,103778,400000,0,200
T1027,M2015,ACCT100258,DST300058,2026-01-03 21:55:00,164079,103879,400000,0,200
T1027,M2018,ACCT100258,DST300142,2026-01-03 22:04:00,128408,101930,400000,0,200
T1027,M2013,ACCT100258,DST300095,2026-01-03 22:13:00,155819,101942,400000,0,200
T1027,M2009,ACCT100258,DST300089,2026-01-03 22:26:00,105277,102352,10000,0,200
T1027,M2015,ACCT100258,DST300027,2026-01-03 23:01:00,159240,104041,10000,0,200
T1027,M2019,ACCT100258,DST300073,2026-01-04 01:47:00,100984,104149,10000,0,200
T1018,M2012,ACCT100259,DST300009,2026-01-18 00:15:00,236580,100096,10000,0,200
T1018,M2008,ACCT100259,DST300035,2026-01-18 01:37:00,198478,103284,400000,0,200
T1018,M2013,ACCT100259,DST300055,2026-01-18 02:40:00,169032,100217,400000,0,200
T1018,M2017,ACCT100259,DST300139,2026-01-18 02:45:00,193455,103062,10000,0,200
T1018,M2003,ACCT100259,DST300128,2026-01-18 02:53:00,187368,102213,400000,0,200
T1018,M2007,ACCT100259,DST300163,2026-01-18 03:04:00,184208,102378,400000,0,200
T1018,M2010,ACCT100259,DST300196,2026-01-18 03:18:00,316491,103846,10000,0,200
T1018,M2003,ACCT100259,DST300136,2026-01-18 04:07:00,210415,103939,10000,0,200
T1018,M2014,ACCT100259,DST300079,2026-01-18 06:44:00,213111,104185,400000,0,200
T1018,M2015,ACCT100259,DST300058,2026-01-18 07:41:00,210550,104187,400000,0,200
T1018,M2018,ACCT100259,DST300186,2026-01-18 08:11:00,191309,104598,400000,0,200
T1018,M2017,ACCT100259,DST300113,2026-01-18 11:58:00,198678,104600,400000,0,200
T1003,M2019,ACCT100260,DST300000,2026-01-19 06:19:00,70668,100051,10000,0,200
T1003,M2018,ACCT100260,DST300124,2026-01-19 06:40:00,20000,100060,10000,0,200
T1003,M2007,ACCT100260,DST300197,2026-01-19 07:28:00,23841,100070,10000,0,200
T1003,M2010,ACCT100260,DST300133,2026-01-19 11:26:00,28404,100247,400000,0,200
T1003,M2008,ACCT100260,DST300094,2026-01-19 13:23:00,26844,100696,400000,0,200
T1003,M2017,ACCT100260,DST300101,2026-01-19 16:43:00,85737,101081,10000,51,200
T1003,M2015,ACCT100260,DST300057,2026-01-19 19:05:00,42068,101812,400000,0,200
T1003,M2019,ACCT100260,DST300110,2026-01-19 22:18:00,93480,102538,10000,0,200
T1003,M2014,ACCT100260,DST300113,2026-01-19 22:46:00,49113,104672,10000,0,200
T1007,M2006,ACCT100261,DST300028,2026-01-11 01:04:00,40325,100635,10000,0,200
T1007,M2004,ACCT100261,DST300028,2026-01-11 03:44:00,58795,101161,10000,0,200
T1007,M2010,ACCT100261,DST300157,2026-01-11 07:38:00,78156,101499,10000,0,200
T1007,M2008,ACCT100261,DST300138,2026-01-11 09:46:00,41850,101829,400000,0,200
T1007,M2016,ACCT100261,DST300089,2026-01-11 12:17:00,78819,102271,10000,0,200
T1007,M2008,ACCT100261,DST300148,2026-01-11 13:12:00,71911,102509,400000,0,200
T1007,M2006,ACCT100261,DST300045,2026-01-11 15:21:00,78635,103337,10000,51,200
T1007,M2014,ACCT100261,DST300068,2026-01-11 16:18:00,69305,104147,400000,51,200
T1007,M2016,ACCT100261,DST300087,2026-01-11 16:51:00,57434,104615,400000,0,200
T1007,M2010,ACCT100261,DST300110,2026-01-11 17:41:00,69148,104945,10000,51,200
T1001,M2010,ACCT100262,DST300180,2026-01-17 05:46:00,232218,100607,400000,0,200
T1001,M2001,ACCT100262,DST300135,2026-01-17 08:31:00,248543,100943,400000,0,200
T1001,M2006,ACCT100262,DST300178,2026-01-17 12:00:00,241526,101106,10000,0,200
T1001,M2006,ACCT100262,DST300114,2026-01-17 12:31:00,244618,101197,400000,0,200
T1001,M2000,ACCT100262,DST300148,2026-01-17 13:01:00,222988,101406,10000,0,200
T1001,M2007,ACCT100262,DST300107,2026-01-17 13:54:00,239961,102504,10000,0,200
T1001,M2013,ACCT100262,DST300149,2026-01-17 14:05:00,272513,102595,10000,0,200
T1001,M2014,ACCT100262,DST300128,2026-01-17 17:51:00,286801,102766,400000,0,200
T1001,M2011,ACCT100262,DST300033,2026-01-17 19:32:00,291066,103321,400000,0,200
T1001,M2016,ACCT100262,DST300197,2026-01-17 23:12:00,240876,103340,10000,0,200
T1001,M2000,ACCT100262,DST300116,2026-01-18 00:17:00,272442,103589,400000,0,200
T1001,M2018,ACCT100262,DST300072,2026-01-18 03:13:00,240119,104496,400000,0,200
T1001,M2008,ACCT100262,DST300199,2026-01-18 03:14:00,265927,104801,400000,0,200
T1015,M2018,ACCT100263,DST300001,2026-01-16 02:47:00,224530,101187,10000,0,200
T1015,M2012,ACCT100263,DST300196,2026-01-16 03:08:00,249182,101956,10000,0,200
T1015,M2010,ACCT100263,DST300161,2026-01-16 03:44:00,250451,102080,400000,0,200
T1015,M2005,ACCT100263,DST300002,2026-01-16 03:53:00,227681,103409,10000,0,200
T1015,M2008,ACCT100263,DST300074,2026-01-16 04:22:00,208501,102703,10000,0,200
T1015,M2014,ACCT100263,DST300116,2026-01-16 04:26:00,185897,100017,10000,0,200
T1015,M2000,ACCT100263,DST300089,2026-01-16 04:28:00,225694,102994,10000,0,200
T1015,M2013,ACCT100263,DST300039,2026-01-16 04:32:00,223493,104201,400000,0,200
T1015,M2007,ACCT100263,DST300052,2026-01-16 06:50:00,247150,103274,400000,0,200
T1015,M2018,ACCT100263,DST300142,2026-01-16 06:57:00,246581,100564,400000,0,200
T1015,M2012,ACCT100263,DST300167,2026-01-16 08:29:00,250244,104479,10000,0,200
T1015,M2001,ACCT100263,DST300026,2026-01-16 09:03:00,201213,100786,400000,0,200
T1015,M2009,ACCT100263,DST300031,2026-01-16 10:41:00,217403,104554,10000,0,200
T1015,M2006,ACCT100263,DST300181,2026-01-16 14:19:00,266479,104828,400000,0,200
T1015,M2016,ACCT100263,DST300161,2026-01-16 14:35:00,179231,104933,400000,0,200
T1019,M2011,ACCT100264,DST300100,2026-01-08 00:29:00,146107,100153,10000,0,200
T1019,M2016,ACCT100264,DST300173,2026-01-08 01:11:00,135160,100229,400000,0,200
T1016,M2007,ACCT100264,DST300120,2026-01-08 03:08:00,116639,101634,400000,0,200
T1016,M2019,ACCT100264,DST300143,2026-01-08 03:11:00,142674,101833,400000,0,200
T1016,M2012,ACCT100264,DST300088,2026-01-08 03:14:00,114152,101939,10000,0,200
T1016,M2002,ACCT100264,DST300153,2026-01-08 03:16:00,137605,102075,10000,0,200
T1019,M2004,ACCT100264,DST300166,2026-01-08 03:59:00,185674,100637,10000,0,200
T1016,M2006,ACCT100264,DST300163,2026-01-08 04:00:00,167463,101348,10000,0,200
T1016,M2004,ACCT100264,DST300106,2026-01-08 04:28:00,129683,101557,10000,0,200
T1016,M2018,ACCT100264,DST300198,2026-01-08 06:47:00,135744,102091,400000,0,200
T1016,M2006,ACCT100264,DST300147,2026-01-08 06:52:00,92191,102422,10000,0,200
T1016,M2006,ACCT100264,DST300005,2026-01-08 07:56:00,142822,102663,10000,0,200
T1016,M2002,ACCT100264,DST300114,2026-01-08 11:13:00,147559,103934,400000,0,200
T1016,M2013,ACCT100264,DST300052,2026-01-08 11:41:00,166511,103994,10000,0,200
T1016,M2013,ACCT100264,DST300009,2026-01-08 15:21:00,146973,104176,10000,0,200
T1016,M2018,ACCT100264,DST300080,2026-01-08 16:34:00,123179,104267,10000,0,200
T1016,M2012,ACCT100264,DST999999,2026-01-08 16:36:00,161810,104498,400000,0,200
T1016,M2015,ACCT100264,DST999999,2026-01-08 16:38:00,153951,104499,400000,0,200
T1016,M2009,ACCT100264,DST300197,2026-01-08 18:18:00,133903,104851,400000,0,200
T1025,M2002,ACCT100265,DST300076,2026-01-06 12:04:00,217360,100114,400000,0,200
T1025,M2012,ACCT100265,DST300194,2026-01-06 15:40:00,178345,100547,400000,0,200
T1025,M2018,ACCT100265,DST300153,2026-01-06 17:03:00,197729,100741,400000,0,200
T1025,M2012,ACCT100265,DST300041,2026-01-06 18:08:00,145598,101491,400000,0,200
T1025,M2018,ACCT100265,DST300084,2026-01-06 18:10:00,183207,101551,10000,68,200
T1025,M2003,ACCT100265,DST300067,2026-01-06 19:13:00,173209,101755,10000,68,200
T1025,M2010,ACCT100265,DST300115,2026-01-06 20:43:00,165043,101823,400000,51,200
T1025,M2013,ACCT100265,DST999999,2026-01-06 20:45:00,173537,101871,400000,0,200
T1025,M2014,ACCT100265,DST999999,2026-01-06 20:47:00,227707,101872,400000,0,200
T1025,M2013,ACCT100265,DST300173,2026-01-06 21:53:00,243433,102030,10000,0,200
T1025,M2008,ACCT100265,DST300103,2026-01-06 23:26:00,190337,102565,400000,0,200
T1025,M2013,ACCT100265,DST300188,2026-01-07 00:52:00,174611,102578,400000,0,200
T1025,M2002,ACCT100265,DST300004,2026-01-07 02:34:00,168672,102598,400000,0,200
T1025,M2007,ACCT100265,DST300028,2026-01-07 02:56:00,163131,103035,10000,0,200
T1025,M2008,ACCT100265,DST300093,2026-01-07 03:10:00,164490,103051,400000,0,200
T1011,M2017,ACCT100266,DST300160,2026-01-20 16:13:00,341244,100103,400000,0,200
T1011,M2008,ACCT100266,DST300059,2026-01-20 17:18:00,330382,100129,400000,0,200
T1011,M2016,ACCT100266,DST300090,2026-01-20 20:42:00,352485,100910,10000,0,200
T1011,M2019,ACCT100266,DST300123,2026-01-20 22:44:00,349832,101141,400000,0,200
T1011,M2011,ACCT100266,DST300162,2026-01-21 01:31:00,314456,101560,10000,0,200
T1011,M2003,ACCT100266,DST300175,2026-01-21 02:29:00,308005,101613,10000,0,200
T1011,M2013,ACCT100266,DST300054,2026-01-21 02:30:00,348215,101638,300000,55,200
T1011,M2007,ACCT100266,DST300001,2026-01-21 02:31:00,338380,101639,300000,55,200
T1011,M2010,ACCT100266,DST300067,2026-01-21 02:32:00,320747,101640,300000,55,200
T1011,M2016,ACCT100266,DST300039,2026-01-21 03:05:00,302611,101641,10000,0,200
T1011,M2001,ACCT100266,DST300068,2026-01-21 03:22:00,338880,102057,10000,0,200
T1011,M2010,ACCT100266,DST300023,2026-01-21 04:04:00,341153,102113,10000,0,200
T1011,M2019,ACCT100266,DST300020,2026-01-21 05:58:00,343519,102267,10000,0,200
T1011,M2019,ACCT100266,DST999999,2026-01-21 06:00:00,362646,102320,400000,0,200
T1011,M2013,ACCT100266,DST999999,2026-01-21 06:02:00,331255,102321,400000,0,200
T1011,M2015,ACCT100266,DST999999,2026-01-21 06:04:00,306187,102322,400000,0,200
T1011,M2000,ACCT100266,DST300089,2026-01-21 07:56:00,321349,102546,400000,0,200
T1011,M2013,ACCT100266,DST300121,2026-01-21 08:25:00,2645641,102547,10000,0,200
T1011,M2005,ACCT100266,DST300080,2026-01-21 11:23:00,321445,103050,400000,0,200
T1011,M2007,ACCT100266,DST300176,2026-01-21 13:21:00,326645,103055,10000,0,200
T1011,M2000,ACCT100266,DST300105,2026-01-21 14:04:00,300468,103598,400000,0,200
T1011,M2008,ACCT100266,DST300128,2026-01-21 17:39:00,322057,103894,10000,0,200
T1011,M2019,ACCT100266,DST300026,2026-01-21 18:30:00,350812,104590,400000,0,200
T1010,M2013,ACCT100267,DST300150,2026-01-10 04:40:00,143590,100201,400000,0,200
T1010,M2014,ACCT100267,DST300056,2026-01-10 05:57:00,156238,100206,10000,0,200
T1010,M2007,ACCT100267,DST300037,2026-01-10 09:32:00,109843,100347,10000,0,200
T1010,M2009,ACCT100267,DST300195,2026-01-10 11:05:00,156552,100559,10000,68,200
T1010,M2014,ACCT100267,DST300119,2026-01-10 13:52:00,182905,100671,10000,0,200
T1010,M2008,ACCT100267,DST300189,2026-01-10 15:56:00,65765,100758,10000,0,200
T1010,M2000,ACCT100267,DST300069,2026-01-10 19:28:00,132726,100776,400000,0,200
T1010,M2012,ACCT100267,DST300158,2026-01-10 20:01:00,680414,100788,10000,0,200
T1010,M2015,ACCT100267,DST300133,2026-01-10 21:56:00,125030,101035,10000,0,200
T1010,M2007,ACCT100267,DST300174,2026-01-11 01:10:00,112815,101096,10000,0,200
T1010,M2010,ACCT100267,DST300076,2026-01-11 01:13:00,93117,102026,400000,0,200
T1010,M2003,ACCT100267,DST300183,2026-01-11 05:01:00,100891,102300,10000,0,200
T1010,M2001,ACCT100267,DST300134,2026-01-11 06:47:00,98093,102311,10000,0,200
T1010,M2014,ACCT100267,DST300037,2026-01-11 09:25:00,118007,102382,400000,0,200
T1010,M2019,ACCT100267,DST300187,2026-01-11 10:46:00,108702,102864,10000,0,200
T1010,M2006,ACCT100267,DST300136,2026-01-11 13:27:00,131456,103018,10000,0,200
T1010,M2003,ACCT100267,DST300051,2026-01-11 13:56:00,92727,103019,10000,68,200
T1010,M2005,ACCT100267,DST300045,2026-01-11 14:14:00,108923,103111,10000,0,200
T1010,M2000,ACCT100267,DST300088,2026-01-11 15:00:00,99263,103804,10000,0,200
T1010,M2009,ACCT100267,DST300189,2026-01-11 16:43:00,116703,104131,400000,0,200
T1019,M2010,ACCT100268,DST300177,2026-01-05 01:25:00,80507,102751,400000,0,200
T1019,M2006,ACCT100268,DST300061,2026-01-05 02:21:00,115501,104138,10000,0,200
T1019,M2017,ACCT100268,DST300190,2026-01-05 02:24:00,112923,104378,400000,0,200
T1019,M2017,ACCT100268,DST300128,2026-01-05 05:22:00,108175,102767,400000,0,200
T1019,M2018,ACCT100268,DST300120,2026-01-05 06:07:00,122212,104568,400000,0,200
T1019,M2014,ACCT100268,DST300043,2026-01-05 06:59:00,131758,102780,10000,0,200
T1019,M2013,ACCT100268,DST300013,2026-01-05 07:50:00,82576,103560,10000,0,200
T1019,M2017,ACCT100268,DST300193,2026-01-05 07:51:00,120178,104098,300000,55,200
T1019,M2008,ACCT100268,DST300019,2026-01-05 07:52:00,99436,104099,300000,55,200
T1019,M2013,ACCT100268,DST300054,2026-01-05 07:53:00,125266,104100,300000,55,200
T1019,M2011,ACCT100268,DST300136,2026-01-05 07:54:00,148359,104101,300000,55,200
T1019,M2019,ACCT100268,DST300104,2026-01-05 08:25:00,119216,104974,10000,0,200
T1019,M2017,ACCT100268,DST300132,2026-01-05 12:10:00,91226,101990,10000,0,200
T1019,M2006,ACCT100268,DST300044,2026-01-05 13:36:00,94208,102368,400000,0,200
T1024,M2016,ACCT100269,DST300150,2026-01-14 13:41:00,200233,101007,400000,0,200
T1024,M2012,ACCT100269,DST300014,2026-01-14 17:32:00,150821,101032,10000,0,200
T1024,M2016,ACCT100269,DST300121,2026-01-14 18:36:00,204154,101314,10000,0,200
T1024,M2009,ACCT100269,DST300039,2026-01-14 20:44:00,143044,101416,400000,0,200
T1024,M2005,ACCT100269,DST300168,2026-01-14 22:07:00,198376,101845,10000,68,200
T1024,M2006,ACCT100269,DST300073,2026-01-14 23:40:00,199723,102540,400000,0,200
T1024,M2002,ACCT100269,DST300089,2026-01-15 02:41:00,176407,102650,400000,0,200
T1024,M2018,ACCT100269,DST300086,2026-01-15 03:24:00,162921,104902,400000,0,200
T1024,M2018,ACCT100269,DST300039,2026-01-15 04:53:00,157287,102891,10000,51,200
T1024,M2004,ACCT100269,DST300018,2026-01-15 07:18:00,181970,102917,400000,0,200
T1024,M2011,ACCT100269,DST300116,2026-01-15 10:01:00,159369,103357,10000,0,200
T1024,M2005,ACCT100269,DST300092,2026-01-15 12:56:00,163757,103550,400000,0,200
T1024,M2005,ACCT100269,DST999999,2026-01-15 12:58:00,197932,103720,400000,0,200
T1024,M2006,ACCT100269,DST999999,2026-01-15 13:00:00,184666,103721,400000,0,200
T1024,M2008,ACCT100269,DST999999,2026-01-15 13:02:00,173001,103722,400000,0,200
T1024,M2019,ACCT100269,DST300116,2026-01-15 15:06:00,167513,103821,10000,0,200
T1024,M2005,ACCT100269,DST300115,2026-01-15 18:42:00,146041,104329,10000,0,200
T1024,M2008,ACCT100269,DST300014,2026-01-15 19:52:00,151563,104640,10000,0,200
T1013,M2007,ACCT100270,DST300109,2026-01-07 20:51:00,81097,100314,400000,51,200
T1013,M2009,ACCT100270,DST300025,2026-01-07 23:43:00,74272,100431,400000,0,200
T1013,M2001,ACCT100270,DST300030,2026-01-08 03:30:00,35206,100497,400000,0,200
T1013,M2016,ACCT100270,DST300107,2026-01-08 04:02:00,20589,100668,10000,0,200
T1013,M2013,ACCT100270,DST300192,2026-01-08 07:00:00,33151,100571,400000,0,200
T1013,M2005,ACCT100270,DST300146,2026-01-08 07:02:00,51396,100897,10000,0,200
T1013,M2000,ACCT100270,DST300088,2026-01-08 10:15:00,53338,101935,10000,0,200
T1013,M2004,ACCT100270,DST300195,2026-01-08 10:17:00,37813,102351,10000,0,200
T1013,M2019,ACCT100270,DST300082,2026-01-08 13:54:00,48103,102424,10000,0,200
T1013,M2011,ACCT100270,DST300193,2026-01-08 15:58:00,41547,104259,400000,0,200
T1013,M2004,ACCT100270,DST300175,2026-01-08 18:06:00,79469,104812,400000,0,200
T1020,M2010,ACCT100271,DST300145,2026-01-13 11:07:00,146523,100130,10000,0,200
T1020,M2011,ACCT100271,DST300100,2026-01-13 11:37:00,139951,100164,400000,0,200
T1020,M2006,ACCT100271,DST300145,2026-01-13 13:06:00,85984,100306,10000,0,200
T1020,M2011,ACCT100271,DST300170,2026-01-13 13:09:00,95604,100537,400000,0,200
T1020,M2019,ACCT100271,DST300184,2026-01-13 14:43:00,131001,100944,400000,68,200
T1020,M2013,ACCT100271,DST300105,2026-01-13 15:56:00,120243,101631,400000,0,200
T1020,M2011,ACCT100271,DST300023,2026-01-13 17:24:00,92707,101653,400000,0,200
T1020,M2000,ACCT100271,DST300048,2026-01-13 21:14:00,128364,102323,400000,0,200
T1020,M2015,ACCT100271,DST300111,2026-01-13 21:56:00,72562,102442,10000,0,200
T1020,M2011,ACCT100271,DST300133,2026-01-13 23:25:00,116340,102621,10000,0,200
T1020,M2019,ACCT100271,DST300026,2026-01-13 23:50:00,94952,102658,10000,0,200
T1020,M2014,ACCT100271,DST300190,2026-01-14 03:30:00,93240,102756,10000,0,200
T1020,M2014,ACCT100271,DST300176,2026-01-14 03:32:00,129704,104274,10000,0,200
T1020,M2018,ACCT100271,DST300188,2026-01-14 05:27:00,149780,104664,10000,0,200
T1020,M2005,ACCT100271,DST300053,2026-01-14 05:30:00,92951,104887,10000,0,200
T1020,M2012,ACCT100271,DST300182,2026-01-14 08:07:00,99760,104925,10000,0,200
T1007,M2000,ACCT100272,DST300084,2026-01-21 00:16:00,182245,100531,10000,0,200
T1007,M2013,ACCT100272,DST300136,2026-01-21 02:08:00,145337,101002,10000,0,200
T1007,M2010,ACCT100272,DST300116,2026-01-21 02:22:00,645392,101169,10000,0,200
T1007,M2009,ACCT100272,DST300109,2026-01-21 02:35:00,178844,101367,400000,0,200
T1007,M2014,ACCT100272,DST300144,2026-01-21 02:42:00,164297,102693,10000,0,200
T1007,M2004,ACCT100272,DST300094,2026-01-21 05:49:00,161872,103108,400000,0,200
T1007,M2012,ACCT100272,DST300131,2026-01-21 08:32:00,184798,103147,10000,0,200
T1007,M2015,ACCT100272,DST999999,2026-01-21 08:34:00,181897,103315,400000,0,200
T1007,M2000,ACCT100272,DST999999,2026-01-21 08:36:00,145485,103316,400000,0,200
T1007,M2003,ACCT100272,DST300031,2026-01-21 12:03:00,155836,104641,400000,0,200
T1007,M2018,ACCT100272,DST300027,2026-01-21 12:29:00,172708,104738,400000,0,200
T1005,M2007,ACCT100273,DST300084,2026-01-10 20:25:00,64744,100253,400000,0,200
T1005,M2002,ACCT100273,DST300037,2026-01-11 00:18:00,113553,100552,400000,0,200
T1005,M2009,ACCT100273,DST300082,2026-01-11 01:02:00,64363,103783,10000,0,200
T1005,M2011,ACCT100273,DST300111,2026-01-11 01:03:00,62514,103872,300000,55,200
T1005,M2015,ACCT100273,DST300149,2026-01-11 01:04:00,62519,103873,300000,55,200
T1005,M2001,ACCT100273,DST300063,2026-01-11 01:05:00,56608,103874,300000,55,200
T1005,M2009,ACCT100273,DST300089,2026-01-11 01:06:00,29230,103875,300000,55,200
T1005,M2014,ACCT100273,DST300177,2026-01-11 01:42:00,61444,104027,400000,51,200
T1005,M2004,ACCT100273,DST300191,2026-01-11 02:45:00,71677,101433,400000,0,200
T1005,M2011,ACCT100273,DST300001,2026-01-11 03:32:00,97003,101475,400000,0,200
T1005,M2005,ACCT100273,DST999999,2026-01-11 03:34:00,77884,101748,400000,0,200
T1005,M2016,ACCT100273,DST999999,2026-01-11 03:36:00,85712,101749,400000,0,200
T1005,M2012,ACCT100273,DST999999,2026-01-11 03:38:00,96500,101750,400000,0,200
T1005,M2001,ACCT100273,DST300035,2026-01-11 06:14:00,27862,101770,10000,51,200
T1005,M2017,ACCT100273,DST300116,2026-01-11 06:24:00,511350,102022,10000,0,200
T1005,M2018,ACCT100273,DST300151,2026-01-11 07:05:00,55275,102885,10000,0,200
T1005,M2015,ACCT100273,DST300105,2026-01-11 10:17:00,68829,103322,400000,0,200
T1005,M2002,ACCT100273,DST300061,2026-01-11 10:56:00,53379,103344,400000,0,200
T1005,M2001,ACCT100273,DST300027,2026-01-11 13:30:00,53658,103511,10000,0,200
T1000,M2001,ACCT100274,DST300163,2026-01-12 07:45:00,312953,100156,10000,0,200
T1000,M2016,ACCT100274,DST300054,2026-01-12 10:47:00,311240,100197,10000,68,200
T1000,M2011,ACCT100274,DST300039,2026-01-12 10:49:00,293313,100675,10000,0,200
T1000,M2010,ACCT100274,DST300150,2026-01-12 11:48:00,306731,101118,400000,0,200
T1000,M2005,ACCT100274,DST300103,2026-01-12 15:20:00,330361,101452,10000,0,200
T1000,M2003,ACCT100274,DST300032,2026-01-12 17:47:00,348767,101702,10000,68,200
T1000,M2013,ACCT100274,DST300187,2026-01-12 18:15:00,330162,101852,10000,0,200
T1000,M2001,ACCT100274,DST300092,2026-01-12 19:28:00,359286,102400,10000,0,200
T1000,M2016,ACCT100274,DST300075,2026-01-12 21:44:00,310326,102463,400000,0,200
T1000,M2002,ACCT100274,DST300195,2026-01-12 22:43:00,313266,102624,10000,0,200
T1000,M2017,ACCT100274,DST300068,2026-01-13 02:35:00,344582,103020,10000,0,200
T1000,M2005,ACCT100274,DST300142,2026-01-13 05:59:00,299597,103420,10000,0,200
T1000,M2011,ACCT100274,DST300094,2026-01-13 06:47:00,334283,103504,10000,0,200
T1000,M2004,ACCT100274,DST300017,2026-01-13 07:32:00,336633,103512,400000,0,200
T1000,M2002,ACCT100274,DST300142,2026-01-13 07:34:00,341623,103515,400000,0,200
T1000,M2016,ACCT100274,DST300137,2026-01-13 09:56:00,332574,103764,400000,0,200
T1000,M2007,ACCT100274,DST300022,2026-01-13 10:09:00,2489237,104089,10000,0,200
T1000,M2019,ACCT100274,DST300112,2026-01-13 11:53:00,306826,104523,400000,0,200
T1000,M2006,ACCT100274,DST300113,2026-01-13 13:11:00,305261,104701,10000,0,200
T1000,M2001,ACCT100274,DST300000,2026-01-13 16:35:00,336239,104997,10000,0,200
T1024,M2015,ACCT100275,DST300057,2026-01-13 22:30:00,345437,100146,300000,55,200
T1024,M2008,ACCT100275,DST300151,2026-01-13 22:31:00,365274,100147,300000,55,200
T1024,M2011,ACCT100275,DST300151,2026-01-13 22:32:00,325561,100148,300000,55,200
T1024,M2003,ACCT100275,DST300062,2026-01-13 22:33:00,373408,100149,300000,55,200
T1024,M2011,ACCT100275,DST300194,2026-01-14 00:37:00,352918,100797,10000,0,200
T1024,M2019,ACCT100275,DST300195,2026-01-14 03:24:00,316691,101360,400000,0,200
T1024,M2000,ACCT100275,DST300008,2026-01-14 04:27:00,402577,101544,400000,0,200
T1024,M2019,ACCT100275,DST300158,2026-01-14 07:13:00,330872,101618,400000,0,200
T1024,M2013,ACCT100275,DST300149,2026-01-14 10:12:00,338253,101837,400000,0,200
T1024,M2013,ACCT100275,DST300129,2026-01-14 11:01:00,317455,101890,400000,0,200
T1024,M2011,ACCT100275,DST300185,2026-01-14 14:19:00,319873,102103,400000,0,200
T1024,M2008,ACCT100275,DST300160,2026-01-14 17:36:00,326856,102657,10000,0,200
T1024,M2019,ACCT100275,DST300116,2026-01-14 18:11:00,333749,102752,400000,0,200
T1024,M2004,ACCT100275,DST300109,2026-01-14 21:31:00,296455,102793,10000,0,200
T1024,M2009,ACCT100275,DST300068,2026-01-14 21:58:00,347325,102837,10000,0,200
T1024,M2019,ACCT100275,DST300114,2026-01-14 22:36:00,364827,103217,400000,0,200
T1024,M2002,ACCT100275,DST300122,2026-01-15 00:33:00,367262,103327,400000,0,200
T1024,M2009,ACCT100275,DST300065,2026-01-15 03:13:00,361784,103785,10000,0,200
T1009,M2016,ACCT100276,DST300032,2026-01-06 14:19:00,53190,100001,400000,0,200
T1009,M2013,ACCT100276,DST300014,2026-01-06 18:16:00,48265,100004,10000,0,200
T1009,M2014,ACCT100276,DST300052,2026-01-06 19:33:00,79938,100511,10000,0,200
T1009,M2005,ACCT100276,DST300133,2026-01-06 20:43:00,37121,100619,400000,0,200
T1009,M2009,ACCT100276,DST300064,2026-01-06 21:02:00,29556,100951,400000,0,200
T1009,M2007,ACCT100276,DST300047,2026-01-06 22:53:00,88838,101646,400000,0,200
T1009,M2019,ACCT100276,DST300045,2026-01-07 00:37:00,84346,101917,10000,0,200
T1009,M2001,ACCT100276,DST300084,2026-01-07 04:31:00,80147,102061,400000,0,200
T1009,M2005,ACCT100276,DST300069,2026-01-07 06:22:00,83032,102130,400000,0,200
T1009,M2003,ACCT100276,DST300067,2026-01-07 08:36:00,77273,102432,10000,0,200
T1009,M2006,ACCT100276,DST300102,2026-01-07 12:12:00,60675,102603,10000,0,200
T1009,M2003,ACCT100276,DST300051,2026-01-07 12:29:00,61299,102895,400000,51,200
T1009,M2012,ACCT100276,DST300027,2026-01-07 15:58:00,57273,102918,10000,0,200
T1009,M2014,ACCT100276,DST300098,2026-01-07 17:48:00,87944,103149,400000,0,200
T1002,M2018,ACCT100277,DST300123,2026-01-03 04:03:00,46804,100907,400000,0,200
T1002,M2005,ACCT100277,DST300050,2026-01-03 07:18:00,55145,101268,400000,0,200
T1002,M2014,ACCT100277,DST300084,2026-01-03 09:04:00,47515,101572,10000,68,200
T1002,M2005,ACCT100277,DST300132,2026-01-03 09:05:00,61551,101718,400000,0,200
T1002,M2017,ACCT100277,DST300165,2026-01-03 09:21:00,83128,103150,400000,0,200
T1002,M2019,ACCT100277,DST300015,2026-01-03 10:48:00,84366,104483,400000,0,200
T1002,M2014,ACCT100277,DST300152,2026-01-03 13:24:00,70269,104509,400000,0,200
T1002,M2005,ACCT100277,DST300014,2026-01-03 13:29:00,84772,104829,10000,0,200
T1009,M2011,ACCT100278,DST300097,2026-01-07 01:27:00,299167,101277,400000,0,200
T1009,M2010,ACCT100278,DST300176,2026-01-07 01:50:00,301853,100921,400000,0,200
T1009,M2010,ACCT100278,DST300013,2026-01-07 02:14:00,263688,102481,400000,0,200
T1009,M2006,ACCT100278,DST300069,2026-01-07 02:26:00,373048,103895,10000,0,200
T1009,M2019,ACCT100278,DST300061,2026-01-07 03:18:00,295447,102564,400000,0,200
T1009,M2015,ACCT100278,DST300108,2026-01-07 03:21:00,263419,103902,10000,0,200
T1009,M2004,ACCT100278,DST300122,2026-01-07 03:25:00,300348,103333,10000,0,200
T1009,M2006,ACCT100278,DST300058,2026-01-07 04:29:00,529217,102950,10000,0,200
T1009,M2015,ACCT100278,DST300122,2026-01-07 05:27:00,263590,101233,400000,0,200
T1009,M2000,ACCT100278,DST300042,2026-01-07 05:42:00,302340,103975,10000,0,200
T1009,M2009,ACCT100278,DST300058,2026-01-07 08:08:00,289897,104844,10000,0,200
T1009,M2010,ACCT100278,DST300120,2026-01-07 08:10:00,275048,100110,10000,0,200
T1009,M2016,ACCT100278,DST300130,2026-01-07 11:20:00,316489,100337,10000,0,200
T1009,M2003,ACCT100278,DST999999,2026-01-07 11:22:00,312840,100369,400000,0,200
T1009,M2010,ACCT100278,DST999999,2026-01-07 11:24:00,370467,100370,400000,0,200
T1009,M2007,ACCT100278,DST300086,2026-01-07 11:26:00,270653,100602,400000,0,200
T1026,M2006,ACCT100279,DST300157,2026-01-03 04:09:00,305014,100873,400000,0,200
T1026,M2011,ACCT100279,DST300154,2026-01-03 04:55:00,333581,100978,10000,0,200
T1026,M2015,ACCT100279,DST300088,2026-01-03 08:27:00,296280,101346,10000,51,200
T1026,M2017,ACCT100279,DST300092,2026-01-03 08:28:00,287483,101561,300000,55,200
T1026,M2010,ACCT100279,DST300115,2026-01-03 08:29:00,281848,101562,300000,55,200
T1026,M2016,ACCT100279,DST300070,2026-01-03 08:30:00,332705,101563,300000,55,200
T1026,M2008,ACCT100279,DST300180,2026-01-03 09:04:00,276210,100351,10000,0,200
T1026,M2010,ACCT100279,DST300090,2026-01-03 09:13:00,304413,103482,10000,0,200
T1026,M2016,ACCT100279,DST300104,2026-01-03 10:10:00,329327,100359,400000,0,200
T1026,M2012,ACCT100279,DST300074,2026-01-03 10:42:00,274163,100632,400000,0,200
T1026,M2005,ACCT100279,DST300128,2026-01-03 12:14:00,312747,100853,10000,0,200
T1026,M2011,ACCT100279,DST300125,2026-01-03 12:49:00,302336,103528,400000,0,200
T1026,M2006,ACCT100279,DST999999,2026-01-03 12:51:00,301352,104057,400000,0,200
T1026,M2012,ACCT100279,DST999999,2026-01-03 12:53:00,325767,104058,400000,0,200
T1026,M2018,ACCT100279,DST300190,2026-01-03 15:17:00,315896,104072,10000,0,200
T1026,M2017,ACCT100279,DST300170,2026-01-03 17:30:00,274265,104088,400000,0,200
T1026,M2013,ACCT100279,DST300104,2026-01-03 18:59:00,340085,104197,400000,0,200
T1026,M2014,ACCT100279,DST300145,2026-01-03 19:08:00,301752,104510,10000,0,200
T1026,M2008,ACCT100280,DST300060,2026-01-17 16:03:00,161396,100082,400000,0,200
T1026,M2003,ACCT100280,DST300112,2026-01-17 17:07:00,175546,100095,400000,0,200
T1026,M2002,ACCT100280,DST300112,2026-01-17 18:33:00,160126,100145,10000,0,200
T1026,M2013,ACCT100280,DST300194,2026-01-17 18:34:00,137801,100357,10000,0,200
T1026,M2010,ACCT100280,DST300037,2026-01-17 20:37:00,107692,101078,10000,0,200
T1026,M2012,ACCT100280,DST300120,2026-01-18 00:19:00,121173,101201,400000,0,200
T1026,M2007,ACCT100280,DST300094,2026-01-18 02:07:00,101273,101552,10000,0,200
T1026,M2008,ACCT100280,DST300192,2026-01-18 05:15:00,139138,102206,10000,0,200
T1026,M2007,ACCT100280,DST300041,2026-01-18 09:09:00,118483,102335,400000,0,200
T1026,M2017,ACCT100280,DST300184,2026-01-18 12:10:00,166880,102721,400000,0,200
T1026,M2016,ACCT100280,DST300029,2026-01-18 15:46:00,152353,102823,10000,0,200
T1026,M2017,ACCT100280,DST300030,2026-01-18 17:42:00,130072,103864,10000,0,200
T1026,M2006,ACCT100280,DST300100,2026-01-18 20:35:00,138771,103984,400000,0,200
T1026,M2011,ACCT100280,DST300035,2026-01-18 22:13:00,123776,104052,10000,0,200
T1026,M2010,ACCT100280,DST300144,2026-01-18 23:01:00,134700,104526,400000,0,200
T1026,M2008,ACCT100280,DST300085,2026-01-19 01:51:00,127811,104773,400000,0,200
T1000,M2019,ACCT100281,DST300034,2026-01-06 22:14:00,299549,100024,10000,0,200
T1000,M2003,ACCT100281,DST300079,2026-01-06 22:38:00,333698,100490,10000,0,200
T1000,M2005,ACCT100281,DST300030,2026-01-07 00:41:00,294672,100650,10000,0,200
T1000,M2015,ACCT100281,DST300126,2026-01-07 02:37:00,292269,101801,400000,0,200
T1000,M2009,ACCT100281,DST300143,2026-01-07 05:36:00,296586,101827,400000,0,200
T1000,M2007,ACCT100281,DST300138,2026-01-07 08:48:00,332148,101835,10000,0,200
T1000,M2012,ACCT100281,DST300108,2026-01-07 12:09:00,332044,102058,400000,0,200
T1000,M2015,ACCT100281,DST300134,2026-01-07 15:40:00,306293,102096,10000,0,200
T1000,M2015,ACCT100281,DST300115,2026-01-07 16:29:00,331450,102219,400000,0,200
T1000,M2003,ACCT100281,DST300116,2026-01-07 20:20:00,301699,102770,10000,0,200
T1000,M2009,ACCT100281,DST300161,2026-01-07 20:57:00,330036,103305,400000,0,200
T1000,M2014,ACCT100281,DST300061,2026-01-07 23:19:00,291298,103788,10000,0,200
T1000,M2005,ACCT100281,DST300048,2026-01-08 02:50:00,333798,103792,10000,51,200
T1000,M2011,ACCT100281,DST300062,2026-01-08 02:50:00,311128,104053,400000,0,200
T1000,M2004,ACCT100281,DST300125,2026-01-08 04:11:00,319626,104333,10000,0,200
T1000,M2019,ACCT100281,DST300005,2026-01-08 05:41:00,334652,104453,10000,0,200
T1000,M2017,ACCT100281,DST300133,2026-01-08 06:38:00,311790,104788,10000,0,200
T1000,M2006,ACCT100281,DST300126,2026-01-08 09:18:00,286960,104891,10000,0,200
T1007,M2016,ACCT100282,DST300006,2026-01-15 01:16:00,155565,100020,10000,0,200
T1007,M2007,ACCT100282,DST300183,2026-01-15 03:07:00,156421,100281,400000,0,200
T1007,M2004,ACCT100282,DST300146,2026-01-15 04:40:00,161687,101263,400000,0,200
T1007,M2007,ACCT100282,DST300179,2026-01-15 05:26:00,175690,101051,10000,0,200
T1007,M2000,ACCT100282,DST300093,2026-01-15 05:45:00,174414,101366,400000,0,200
T1007,M2016,ACCT100282,DST300019,2026-01-15 08:40:00,139505,101683,400000,0,200
T1007,M2015,ACCT100282,DST300006,2026-01-15 10:31:00,182176,101820,10000,0,200
T1007,M2010,ACCT100282,DST300199,2026-01-15 13:05:00,215702,101883,400000,0,200
T1007,M2018,ACCT100282,DST300040,2026-01-15 15:12:00,193385,102173,400000,0,200
T1007,M2002,ACCT100282,DST300036,2026-01-15 16:30:00,173735,102197,400000,0,200
T1007,M2017,ACCT100282,DST300128,2026-01-15 19:51:00,171642,102285,400000,0,200
T1007,M2005,ACCT100282,DST300173,2026-01-15 21:39:00,133119,102506,400000,0,200
T1007,M2018,ACCT100282,DST300153,2026-01-16 00:32:00,198807,102535,400000,0,200
T1007,M2003,ACCT100282,DST300181,2026-01-16 02:27:00,185574,102814,10000,0,200
T1007,M2002,ACCT100282,DST300100,2026-01-16 02:28:00,205669,103185,400000,0,200
T1007,M2000,ACCT100282,DST300028,2026-01-16 04:24:00,190642,103391,10000,0,200
T1007,M2013,ACCT100282,DST300029,2026-01-16 08:12:00,202430,104504,10000,0,200
T1007,M2000,ACCT100282,DST300165,2026-01-16 11:33:00,167624,104685,400000,0,200
T1007,M2002,ACCT100282,DST300162,2026-01-16 11:53:00,165944,104806,10000,0,200
T1023,M2016,ACCT100283,DST300131,2026-01-09 02:02:00,114451,101331,10000,0,200
T1023,M2002,ACCT100283,DST300159,2026-01-09 02:15:00,101033,100368,10000,0,200
T1023,M2009,ACCT100283,DST300175,2026-01-09 02:48:00,98387,100030,10000,0,200
T1023,M2017,ACCT100283,DST300152,2026-01-09 03:46:00,103101,102076,10000,0,200
T1023,M2014,ACCT100283,DST300022,2026-01-09 05:31:00,87005,100455,10000,0,200
T1023,M2015,ACCT100283,DST300019,2026-01-09 05:52:00,72573,102155,10000,68,200
T1023,M2013,ACCT100283,DST300152,2026-01-09 06:26:00,81969,100139,10000,51,200
T1023,M2016,ACCT100283,DST300143,2026-01-09 06:55:00,99267,100251,400000,0,200
T1023,M2019,ACCT100283,DST300066,2026-01-09 08:14:00,60448,101079,10000,51,200
T1023,M2005,ACCT100283,DST300036,2026-01-09 09:27:00,75270,102681,10000,0,200
T1023,M2016,ACCT100283,DST300041,2026-01-09 11:38:00,100446,102998,10000,0,200
T1023,M2018,ACCT100283,DST300061,2026-01-09 13:56:00,117750,103427,10000,0,200
T1023,M2009,ACCT100283,DST300066,2026-01-09 17:42:00,51688,103446,400000,0,200
T1023,M2000,ACCT100283,DST300097,2026-01-09 18:25:00,101133,103499,400000,0,200
T1023,M2019,ACCT100283,DST300082,2026-01-09 18:52:00,43909,104168,10000,0,200
T1023,M2009,ACCT100283,DST300015,2026-01-09 18:53:00,35030,104225,300000,55,200
T1023,M2010,ACCT100283,DST300162,2026-01-09 18:54:00,56842,104226,300000,55,200
T1023,M2018,ACCT100283,DST300001,2026-01-09 18:55:00,54954,104227,300000,55,200
T1023,M2008,ACCT100283,DST300151,2026-01-09 20:12:00,86946,104252,10000,0,200
T1023,M2002,ACCT100283,DST300008,2026-01-09 20:34:00,139725,104369,400000,0,200
T1023,M2006,ACCT100283,DST300091,2026-01-09 20:37:00,110763,104889,400000,51,200
T1013,M2016,ACCT100284,DST300123,2026-01-18 10:12:00,155055,100294,300000,55,200
T1013,M2015,ACCT100284,DST300108,2026-01-18 10:13:00,141370,100295,300000,55,200
T1013,M2012,ACCT100284,DST300137,2026-01-18 10:51:00,157376,100920,400000,68,200
T1013,M2006,ACCT100284,DST300000,2026-01-18 10:58:00,134971,101155,400000,0,200
T1013,M2005,ACCT100284,DST300183,2026-01-18 13:16:00,148473,101192,10000,0,200
T1013,M2012,ACCT100284,DST300081,2026-01-18 17:09:00,157542,101341,10000,0,200
T1013,M2010,ACCT100284,DST300122,2026-01-18 18:45:00,119035,101598,10000,0,200
T1013,M2018,ACCT100284,DST300190,2026-01-18 19:28:00,182505,101668,400000,0,200
T1013,M2001,ACCT100284,DST300137,2026-01-18 21:23:00,146535,102349,400000,0,200
T1013,M2009,ACCT100284,DST300131,2026-01-19 00:20:00,146213,102652,10000,0,200
T1013,M2013,ACCT100284,DST300149,2026-01-19 02:04:00,209923,102857,400000,0,200
T1013,M2007,ACCT100284,DST300092,2026-01-19 03:53:00,178187,103905,400000,0,200
T1013,M2006,ACCT100284,DST300195,2026-01-19 04:17:00,143447,104105,10000,51,200
T1013,M2003,ACCT100284,DST300064,2026-01-19 06:18:00,184842,104026,10000,0,200
T1013,M2000,ACCT100284,DST300160,2026-01-19 06:55:00,130105,104338,400000,0,200
T1013,M2012,ACCT100284,DST300114,2026-01-19 07:24:00,152110,104737,400000,0,200
T1018,M2002,ACCT100285,DST300060,2026-01-10 21:05:00,345637,100476,400000,51,200
T1018,M2000,ACCT100285,DST300016,2026-01-10 23:17:00,309756,100767,10000,0,200
T1018,M2006,ACCT100285,DST300008,2026-01-11 01:20:00,344691,101229,400000,0,200
T1018,M2019,ACCT100285,DST300109,2026-01-11 01:21:00,342828,101706,400000,0,200
T1018,M2015,ACCT100285,DST300082,2026-01-11 04:56:00,338127,101782,400000,0,200
T1018,M2000,ACCT100285,DST300163,2026-01-11 08:50:00,325947,102510,400000,0,200
T1018,M2010,ACCT100285,DST300015,2026-01-11 12:30:00,350621,102931,400000,0,200
T1018,M2008,ACCT100285,DST300034,2026-01-11 15:48:00,339290,103177,10000,51,200
T1018,M2014,ACCT100285,DST300017,2026-01-11 16:28:00,336234,103649,400000,0,200
T1018,M2008,ACCT100285,DST300087,2026-01-11 20:03:00,383190,104143,10000,0,200
T1018,M2000,ACCT100285,DST300130,2026-01-11 23:57:00,330210,104213,10000,0,200
T1005,M2002,ACCT100286,DST300061,2026-01-03 01:28:00,274646,101376,10000,0,200
T1005,M2016,ACCT100286,DST300113,2026-01-03 03:22:00,260045,100676,10000,0,200
T1005,M2004,ACCT100286,DST300188,2026-01-03 04:06:00,238544,101151,10000,0,200
T1005,M2008,ACCT100286,DST300095,2026-01-03 04:50:00,242841,101788,400000,0,200
T1005,M2008,ACCT100286,DST300033,2026-01-03 05:45:00,246565,102010,10000,0,200
T1009,M2002,ACCT100286,DST300186,2026-01-03 05:47:00,282700,102524,10000,0,200
T1005,M2001,ACCT100286,DST300023,2026-01-03 08:06:00,287841,100157,400000,0,200
T1009,M2008,ACCT100286,DST300188,2026-01-03 09:16:00,311143,103265,400000,0,200
T1005,M2016,ACCT100286,DST300150,2026-01-03 09:46:00,284775,100269,400000,0,200
T1005,M2006,ACCT100286,DST300013,2026-01-03 10:18:00,253366,100649,10000,0,200
T1009,M2012,ACCT100286,DST300096,2026-01-03 12:05:00,265159,103323,400000,0,200
T1009,M2014,ACCT100286,DST300004,2026-01-03 15:05:00,288540,104573,10000,0,200
T1018,M2012,ACCT100287,DST300197,2026-01-16 22:28:00,213541,100245,400000,0,200
T1018,M2011,ACCT100287,DST300102,2026-01-17 00:28:00,183554,100305,400000,0,200
T1018,M2001,ACCT100287,DST300049,2026-01-17 03:12:00,183780,100397,400000,51,200
T1018,M2019,ACCT100287,DST300199,2026-01-17 06:50:00,138772,100538,10000,0,200
T1018,M2007,ACCT100287,DST300065,2026-01-17 10:20:00,182509,101228,10000,51,200
T1018,M2003,ACCT100287,DST300073,2026-01-17 12:01:00,201324,101424,400000,0,200
T1018,M2014,ACCT100287,DST300136,2026-01-17 14:03:00,199733,101451,400000,0,200
T1018,M2007,ACCT100287,DST300164,2026-01-17 14:24:00,184720,101711,400000,0,200
T1018,M2007,ACCT100287,DST300067,2026-01-17 17:19:00,188021,101859,400000,0,200
T1018,M2010,ACCT100287,DST300061,2026-01-17 18:55:00,181981,101869,400000,0,200
T1018,M2010,ACCT100287,DST300095,2026-01-17 21:44:00,175128,101976,400000,0,200
T1018,M2005,ACCT100287,DST300064,2026-01-18 03:37:00,203736,102797,400000,0,200
T1018,M2007,ACCT100287,DST300061,2026-01-18 06:33:00,186900,103140,10000,0,200
T1018,M2007,ACCT100287,DST300056,2026-01-18 07:29:00,208207,103441,400000,0,200
T1018,M2002,ACCT100287,DST300012,2026-01-18 09:20:00,202493,103689,10000,0,200
T1018,M2009,ACCT100287,DST300181,2026-01-18 10:26:00,201131,104517,10000,0,200
T1018,M2014,ACCT100287,DST300047,2026-01-18 13:43:00,165483,104579,10000,0,200
T1018,M2019,ACCT100287,DST300084,2026-01-18 15:01:00,174974,104876,10000,0,200
T1017,M2001,ACCT100288,DST300103,2026-01-16 09:05:00,272212,100687,10000,0,200
T1017,M2015,ACCT100288,DST300136,2026-01-16 12:05:00,244624,101993,400000,0,200
T1017,M2017,ACCT100288,DST300178,2026-01-16 14:24:00,247072,102514,10000,0,200
T1017,M2013,ACCT100288,DST300010,2026-01-16 15:11:00,248467,102874,400000,68,200
T1017,M2015,ACCT100288,DST300145,2026-01-16 15:39:00,271891,104199,10000,0,200
T1017,M2001,ACCT100288,DST300097,2026-01-16 17:45:00,264671,104489,400000,0,200
T1017,M2010,ACCT100288,DST300051,2026-01-16 20:46:00,228994,104725,10000,0,200
T1017,M2008,ACCT100288,DST300084,2026-01-16 21:19:00,236374,104847,10000,0,200
T1018,M2006,ACCT100289,DST300146,2026-01-13 12:28:00,340933,100761,10000,0,200
T1018,M2011,ACCT100289,DST300194,2026-01-13 15:30:00,306479,100831,400000,68,200
T1018,M2013,ACCT100289,DST300135,2026-01-13 19:04:00,313422,101208,10000,0,200
T1018,M2015,ACCT100289,DST300120,2026-01-13 22:23:00,336486,101441,10000,0,200
T1018,M2008,ACCT100289,DST300027,2026-01-13 22:24:00,305548,101652,400000,68,200
T1018,M2015,ACCT100289,DST300162,2026-01-14 02:04:00,355032,101666,10000,0,200
T1018,M2014,ACCT100289,DST300055,2026-01-14 05:52:00,347979,101679,10000,0,200
T1018,M2013,ACCT100289,DST300158,2026-01-14 07:51:00,333688,101886,10000,0,200
T1018,M2005,ACCT100289,DST300094,2026-01-14 10:04:00,307615,101904,10000,0,200
T1018,M2005,ACCT100289,DST300141,2026-01-14 11:40:00,304671,102384,400000,0,200
T1018,M2012,ACCT100289,DST300198,2026-01-14 11:43:00,324443,102859,400000,68,200
T1018,M2002,ACCT100289,DST300188,2026-01-14 13:36:00,334903,102980,10000,0,200
T1018,M2012,ACCT100289,DST300169,2026-01-14 15:51:00,306837,103239,10000,0,200
T1018,M2007,ACCT100289,DST300096,2026-01-14 15:52:00,325515,103971,10000,0,200
T1018,M2014,ACCT100289,DST300197,2026-01-14 16:03:00,352696,104745,400000,51,200
T1018,M2013,ACCT100289,DST300055,2026-01-14 19:08:00,313440,104791,10000,51,200
T1018,M2007,ACCT100289,DST300149,2026-01-14 21:54:00,328456,104815,10000,0,200
T1026,M2018,ACCT100290,DST300098,2026-01-02 04:32:00,124933,100161,10000,0,200
T1026,M2005,ACCT100290,DST300112,2026-01-02 07:30:00,124870,100471,10000,0,200
T1026,M2014,ACCT100290,DST300040,2026-01-02 07:53:00,118495,100580,400000,0,200
T1026,M2002,ACCT100290,DST300146,2026-01-02 11:17:00,140011,100915,400000,51,200
T1026,M2013,ACCT100290,DST300043,2026-01-02 13:00:00,127146,101595,10000,0,200
T1026,M2018,ACCT100290,DST300021,2026-01-02 14:22:00,96222,101802,400000,0,200
T1026,M2013,ACCT100290,DST300118,2026-01-02 16:18:00,132851,102195,10000,0,200
T1026,M2007,ACCT100290,DST300153,2026-01-02 19:57:00,115751,102232,400000,0,200
T1026,M2004,ACCT100290,DST300151,2026-01-02 20:04:00,135365,102613,10000,0,200
T1026,M2004,ACCT100290,DST300107,2026-01-02 23:04:00,123408,103466,400000,0,200
T1026,M2003,ACCT100290,DST300199,2026-01-03 00:23:00,100849,103471,10000,0,200
T1026,M2018,ACCT100290,DST300016,2026-01-03 04:09:00,132306,104586,400000,0,200
T1026,M2003,ACCT100290,DST300086,2026-01-03 06:13:00,136384,104994,400000,0,200
T1012,M2007,ACCT100291,DST300123,2026-01-18 01:02:00,209282,100822,400000,0,200
T1012,M2009,ACCT100291,DST300131,2026-01-18 01:25:00,239494,101052,10000,0,200
T1012,M2014,ACCT100291,DST300040,2026-01-18 01:53:00,243933,101269,400000,0,200
T1012,M2011,ACCT100291,DST300066,2026-01-18 02:14:00,227942,101633,10000,0,200
T1012,M2012,ACCT100291,DST300083,2026-01-18 04:48:00,257919,101821,400000,0,200
T1012,M2002,ACCT100291,DST300160,2026-01-18 06:33:00,227993,101876,400000,0,200
T1012,M2005,ACCT100291,DST300194,2026-01-18 06:36:00,243400,101997,400000,0,200
T1012,M2015,ACCT100291,DST300051,2026-01-18 08:21:00,274881,102105,10000,0,200
T1012,M2010,ACCT100291,DST300001,2026-01-18 11:49:00,296104,102364,400000,0,200
T1012,M2013,ACCT100291,DST300052,2026-01-18 14:37:00,225632,103701,10000,0,200
T1012,M2006,ACCT100291,DST300090,2026-01-18 17:46:00,232232,104011,10000,0,200
T1012,M2013,ACCT100291,DST300019,2026-01-18 20:01:00,208723,104044,400000,0,200
T1012,M2006,ACCT100291,DST300181,2026-01-18 20:32:00,265142,100452,10000,0,200
T1012,M2019,ACCT100291,DST300080,2026-01-18 22:23:00,230750,100656,10000,0,200
T1012,M2009,ACCT100291,DST300018,2026-01-18 22:41:00,1627935,100660,10000,0,200
T1012,M2003,ACCT100291,DST300198,2026-01-18 23:34:00,243202,104277,400000,0,200
T1012,M2001,ACCT100291,DST300193,2026-01-19 02:03:00,300294,104642,10000,0,200
T1028,M2006,ACCT100292,DST300120,2026-01-15 23:34:00,232255,100464,10000,0,200
T1028,M2009,ACCT100292,DST300013,2026-01-16 02:29:00,228095,100545,10000,0,200
T1028,M2012,ACCT100292,DST300111,2026-01-16 02:55:00,1254215,100779,10000,0,200
T1028,M2014,ACCT100292,DST300014,2026-01-16 04:58:00,154496,101172,400000,0,200
T1028,M2003,ACCT100292,DST300103,2026-01-16 08:32:00,199162,102318,10000,0,200
T1028,M2006,ACCT100292,DST300012,2026-01-16 08:38:00,213339,102453,10000,0,200
T1028,M2010,ACCT100292,DST300037,2026-01-16 10:23:00,207653,102493,10000,0,200
T1028,M2007,ACCT100292,DST300146,2026-01-16 10:57:00,165351,102930,400000,0,200
T1028,M2017,ACCT100292,DST300017,2026-01-16 13:06:00,187740,103472,400000,0,200
T1028,M2003,ACCT100292,DST300079,2026-01-16 13:15:00,218145,103603,400000,0,200
T1028,M2008,ACCT100292,DST300108,2026-01-16 16:55:00,201329,104107,10000,68,200
T1028,M2004,ACCT100292,DST300047,2026-01-16 19:19:00,216757,104287,400000,0,200
T1028,M2001,ACCT100292,DST300052,2026-01-16 19:22:00,185339,104580,10000,0,200
T1028,M2007,ACCT100292,DST300191,2026-01-16 21:19:00,223009,104599,400000,0,200
T1028,M2019,ACCT100292,DST300163,2026-01-16 23:23:00,209004,104843,10000,0,200
T1028,M2005,ACCT100292,DST300177,2026-01-17 01:40:00,204078,104853,10000,0,200
T1010,M2005,ACCT100293,DST300021,2026-01-04 01:40:00,246162,100209,400000,0,200
T1010,M2005,ACCT100293,DST300027,2026-01-04 01:48:00,194784,100749,400000,0,200
T1010,M2015,ACCT100293,DST300082,2026-01-04 02:25:00,183346,101515,400000,0,200
T1010,M2007,ACCT100293,DST300057,2026-01-04 04:00:00,210531,101581,400000,0,200
T1010,M2005,ACCT100293,DST300014,2026-01-04 04:39:00,225917,101694,10000,0,200
T1010,M2013,ACCT100293,DST300051,2026-01-04 08:21:00,196589,102231,10000,0,200
T1010,M2018,ACCT100293,DST300193,2026-01-04 09:34:00,210665,102325,400000,0,200
T1010,M2016,ACCT100293,DST300196,2026-01-04 12:06:00,222578,102474,400000,0,200
T1010,M2018,ACCT100293,DST300102,2026-01-04 12:08:00,233202,102636,400000,0,200
T1010,M2016,ACCT100293,DST300143,2026-01-04 15:16:00,206346,102881,400000,0,200
T1010,M2001,ACCT100293,DST300198,2026-01-04 18:52:00,216217,103573,10000,0,200
T1010,M2004,ACCT100293,DST300003,2026-01-04 19:16:00,204694,103645,400000,0,200
T1010,M2006,ACCT100293,DST300010,2026-01-04 19:34:00,248667,103977,10000,0,200
T1010,M2017,ACCT100293,DST300152,2026-01-04 23:32:00,214324,104010,10000,0,200
T1010,M2009,ACCT100293,DST300018,2026-01-05 02:02:00,232312,104959,10000,0,200
T1000,M2010,ACCT100294,DST300135,2026-01-02 22:17:00,195787,100116,400000,0,200
T1000,M2006,ACCT100294,DST300015,2026-01-03 01:37:00,200906,100297,10000,0,200
T1000,M2002,ACCT100294,DST300177,2026-01-03 04:40:00,213937,100663,400000,0,200
T1000,M2010,ACCT100294,DST300189,2026-01-03 06:51:00,149246,100922,10000,0,200
T1000,M2006,ACCT100294,DST300151,2026-01-03 07:56:00,192373,101029,10000,0,200
T1000,M2001,ACCT100294,DST300153,2026-01-03 10:06:00,182108,101095,400000,0,200
T1000,M2007,ACCT100294,DST300052,2026-01-03 13:42:00,188033,101308,400000,0,200
T1000,M2018,ACCT100294,DST300195,2026-01-03 15:52:00,157536,101692,10000,0,200
T1000,M2008,ACCT100294,DST300144,2026-01-03 17:46:00,210749,101803,10000,0,200
T1000,M2002,ACCT100294,DST300130,2026-01-03 17:47:00,198409,101830,300000,55,200
T1000,M2016,ACCT100294,DST300193,2026-01-03 17:48:00,179767,101831,300000,55,200
T1000,M2011,ACCT100294,DST300092,2026-01-03 19:59:00,168337,102265,400000,0,200
T1000,M2008,ACCT100294,DST300163,2026-01-03 21:31:00,199157,102710,10000,0,200
T1000,M2001,ACCT100294,DST300108,2026-01-04 01:09:00,162714,102904,400000,0,200
T1000,M2010,ACCT100294,DST300021,2026-01-04 03:16:00,171373,104015,400000,0,200
T1000,M2001,ACCT100294,DST300175,2026-01-04 04:47:00,191379,103406,400000,0,200
T1000,M2009,ACCT100294,DST300067,2026-01-04 04:48:00,183021,103696,300000,55,200
T1000,M2019,ACCT100294,DST300095,2026-01-04 04:49:00,209758,103697,300000,55,200
T1000,M2009,ACCT100294,DST300112,2026-01-04 04:50:00,227704,103698,300000,55,200
T1000,M2015,ACCT100294,DST300056,2026-01-04 06:12:00,157109,104385,10000,0,200
T1000,M2014,ACCT100294,DST300079,2026-01-04 07:47:00,155081,103752,10000,0,200
T1000,M2009,ACCT100294,DST300122,2026-01-04 08:07:00,178861,103921,400000,0,200
T1000,M2001,ACCT100294,DST300146,2026-01-04 09:15:00,235852,104458,10000,0,200
T1010,M2003,ACCT100295,DST300044,2026-01-10 13:53:00,270605,100003,10000,0,200
T1010,M2018,ACCT100295,DST999999,2026-01-10 13:55:00,292699,100479,400000,0,200
T1010,M2012,ACCT100295,DST999999,2026-01-10 13:57:00,305356,100480,400000,0,200
T1010,M2003,ACCT100295,DST300160,2026-01-10 17:09:00,297682,100794,10000,0,200
T1010,M2015,ACCT100295,DST300111,2026-01-10 19:18:00,274427,100875,400000,0,200
T1010,M2009,ACCT100295,DST300100,2026-01-10 21:31:00,296212,100962,400000,0,200
T1010,M2002,ACCT100295,DST300116,2026-01-10 22:58:00,257866,101295,10000,0,200
T1010,M2018,ACCT100295,DST300099,2026-01-11 02:40:00,315976,101587,10000,0,200
T1010,M2007,ACCT100295,DST300066,2026-01-11 02:43:00,306155,101797,400000,0,200
T1010,M2017,ACCT100295,DST300080,2026-01-11 06:24:00,309216,102141,10000,0,200
T1010,M2015,ACCT100295,DST300108,2026-01-11 09:04:00,312981,102925,400000,0,200
T1010,M2019,ACCT100295,DST300126,2026-01-11 10:53:00,245604,103043,400000,0,200
T1010,M2006,ACCT100295,DST300063,2026-01-11 12:35:00,286485,103085,10000,0,200
T1010,M2004,ACCT100295,DST300003,2026-01-11 12:58:00,275630,103144,10000,68,200
T1010,M2010,ACCT100295,DST300060,2026-01-11 15:12:00,292441,103867,400000,0,200
T1010,M2006,ACCT100295,DST300196,2026-01-11 16:51:00,305087,104388,400000,0,200
T1010,M2013,ACCT100295,DST300112,2026-01-11 19:35:00,238959,104484,10000,0,200
T1010,M2008,ACCT100295,DST300065,2026-01-11 21:57:00,265465,104973,400000,0,200
T1005,M2017,ACCT100296,DST300014,2026-01-16 02:42:00,305915,100667,400000,0,200
T1005,M2010,ACCT100296,DST300166,2026-01-16 05:22:00,316036,100692,10000,0,200
T1005,M2012,ACCT100296,DST300039,2026-01-16 09:21:00,316142,100748,400000,0,200
T1005,M2013,ACCT100296,DST300047,2026-01-16 12:17:00,318073,101204,400000,0,200
T1005,M2017,ACCT100296,DST300039,2026-01-16 15:42:00,296690,101607,10000,0,200
T1005,M2019,ACCT100296,DST300184,2026-01-16 19:14:00,315817,101608,10000,0,200
T1005,M2004,ACCT100296,DST300083,2026-01-16 19:16:00,343041,101655,400000,0,200
T1005,M2016,ACCT100296,DST300149,2026-01-16 19:18:00,338505,101870,10000,0,200
T1005,M2013,ACCT100296,DST300014,2026-01-16 22:31:00,343498,102099,400000,0,200
T1005,M2007,ACCT100296,DST300071,2026-01-16 23:36:00,312331,102210,400000,0,200
T1005,M2016,ACCT100296,DST300015,2026-01-17 01:20:00,366212,103285,400000,0,200
T1005,M2012,ACCT100296,DST300022,2026-01-17 03:28:00,268167,103445,400000,0,200
T1005,M2011,ACCT100296,DST300063,2026-01-17 03:47:00,332572,103615,10000,68,200
T1005,M2017,ACCT100296,DST300093,2026-01-17 04:49:00,369906,104238,10000,0,200
T1005,M2015,ACCT100296,DST300016,2026-01-17 06:18:00,331789,104239,400000,0,200
T1005,M2006,ACCT100296,DST300000,2026-01-17 08:58:00,331689,104506,10000,0,200
T1001,M2015,ACCT100297,DST300180,2026-01-06 16:07:00,80786,100514,10000,0,200
T1001,M2000,ACCT100297,DST300003,2026-01-06 18:00:00,117271,100662,400000,0,200
T1001,M2005,ACCT100297,DST300017,2026-01-06 21:34:00,124498,101053,10000,0,200
T1001,M2010,ACCT100297,DST300005,2026-01-07 00:05:00,132941,101058,10000,0,200
T1001,M2019,ACCT100297,DST300003,2026-01-07 02:46:00,127627,101522,400000,0,200
T1001,M2011,ACCT100297,DST300099,2026-01-07 03:13:00,93964,102644,400000,0,200
T1001,M2008,ACCT100297,DST300183,2026-01-07 04:00:00,101113,102423,10000,0,200
T1001,M2010,ACCT100297,DST300038,2026-01-07 06:17:00,128968,102682,400000,0,200
T1001,M2013,ACCT100297,DST999999,2026-01-07 06:19:00,130011,103059,400000,0,200
T1001,M2015,ACCT100297,DST999999,2026-01-07 06:21:00,101638,103060,400000,0,200
T1001,M2002,ACCT100297,DST300102,2026-01-07 08:51:00,147400,103114,10000,0,200
T1001,M2014,ACCT100297,DST300141,2026-01-07 10:47:00,147663,103304,400000,0,200
T1001,M2009,ACCT100297,DST300119,2026-01-07 10:49:00,144416,103824,400000,0,200
T1001,M2016,ACCT100297,DST300053,2026-01-07 11:06:00,116230,104273,400000,0,200
T1001,M2011,ACCT100297,DST300088,2026-01-07 11:29:00,93363,104958,400000,0,200
T1001,M2010,ACCT100298,DST300104,2026-01-18 01:05:00,171511,102369,10000,0,200
T1001,M2004,ACCT100298,DST300040,2026-01-18 01:58:00,193790,104142,400000,0,200
T1001,M2008,ACCT100298,DST300057,2026-01-18 03:57:00,180587,102466,10000,0,200
T1001,M2010,ACCT100298,DST300195,2026-01-18 04:24:00,175985,104768,400000,0,200
T1001,M2015,ACCT100298,DST300004,2026-01-18 04:31:00,166548,102707,10000,0,200
T1001,M2018,ACCT100298,DST300013,2026-01-18 08:02:00,155960,100355,400000,0,200
T1001,M2002,ACCT100298,DST300081,2026-01-18 08:22:00,146015,102726,10000,0,200
T1001,M2013,ACCT100298,DST300088,2026-01-18 10:00:00,191111,100839,400000,0,200
T1001,M2001,ACCT100298,DST300028,2026-01-18 10:05:00,173343,101018,400000,0,200
T1001,M2014,ACCT100298,DST300118,2026-01-18 10:23:00,166765,102790,10000,0,200
T1001,M2014,ACCT100298,DST300036,2026-01-18 10:25:00,183377,102959,400000,0,200
T1001,M2005,ACCT100298,DST300096,2026-01-18 12:00:00,169908,103618,400000,0,200
T1001,M2005,ACCT100298,DST300180,2026-01-18 12:59:00,163903,102243,400000,0,200
T1001,M2016,ACCT100299,DST300115,2026-01-02 08:18:00,207041,100026,10000,68,200
T1001,M2012,ACCT100299,DST300071,2026-01-02 08:27:00,229370,100240,400000,0,200
T1001,M2002,ACCT100299,DST300070,2026-01-02 11:32:00,229316,100518,10000,0,200
T1001,M2000,ACCT100299,DST300166,2026-01-02 14:48:00,211890,101289,400000,0,200
T1001,M2007,ACCT100299,DST300083,2026-01-02 17:58:00,229686,101693,10000,0,200
T1001,M2009,ACCT100299,DST300105,2026-01-02 21:23:00,219403,101763,400000,51,200
T1001,M2003,ACCT100299,DST300052,2026-01-03 00:28:00,199508,102097,10000,0,200
T1001,M2007,ACCT100299,DST300165,2026-01-03 01:01:00,226764,102256,400000,0,200
T1001,M2017,ACCT100299,DST300176,2026-01-03 03:51:00,263611,102281,10000,0,200
T1001,M2003,ACCT100299,DST300023,2026-01-03 04:26:00,286295,104275,10000,0,200
T1001,M2009,ACCT100299,DST300127,2026-01-03 05:50:00,208143,104478,400000,0,200
T1001,M2011,ACCT100299,DST300059,2026-01-03 06:39:00,241378,102448,400000,0,200
T1001,M2008,ACCT100299,DST300097,2026-01-03 06:59:00,193600,102640,10000,0,200
T1001,M2004,ACCT100299,DST300008,2026-01-03 07:11:00,232234,104665,400000,68,200
T1001,M2003,ACCT100299,DST300155,2026-01-03 08:31:00,242374,102670,10000,0,200
T1001,M2010,ACCT100299,DST300116,2026-01-03 08:54:00,206555,104907,10000,0,200
T1001,M2003,ACCT100299,DST300183,2026-01-03 10:19:00,272609,103148,400000,0,200
T1001,M2008,ACCT100299,DST300167,2026-01-03 13:38:00,219871,103683,10000,0,200
T1001,M2001,ACCT100299,DST300172,2026-01-03 14:48:00,216347,103881,400000,0,200
T1001,M2017,ACCT100299,DST300192,2026-01-03 16:59:00,209724,103911,10000,0,200
T1001,M2008,ACCT100299,DST300000,2026-01-03 17:14:00,235889,103958,400000,0,200
T1001,M2003,ACCT100299,DST300175,2026-01-03 20:52:00,229175,104198,10000,0,200
T1009,M2013,ACCT100300,DST300195,2026-01-02 16:03:00,85772,100570,400000,0,200
T1009,M2019,ACCT100300,DST300163,2026-01-02 16:04:00,55357,101210,400000,0,200
T1009,M2012,ACCT100300,DST300169,2026-01-02 16:34:00,24874,101705,400000,0,200
T1009,M2003,ACCT100300,DST300059,2026-01-02 19:12:00,35706,101712,10000,0,200
T1009,M2019,ACCT100300,DST300181,2026-01-02 20:42:00,71114,101721,400000,0,200
T1009,M2016,ACCT100300,DST300102,2026-01-02 22:52:00,80972,102444,400000,0,200
T1009,M2015,ACCT100300,DST300184,2026-01-03 01:51:00,46854,102560,10000,0,200
T1004,M2012,ACCT100300,DST300065,2026-01-03 01:52:00,74317,102798,10000,0,200
T1004,M2008,ACCT100300,DST300176,2026-01-03 03:13:00,43746,102913,400000,0,200
T1004,M2002,ACCT100300,DST300052,2026-01-03 05:13:00,99804,103137,400000,0,200
T1004,M2014,ACCT100300,DST300053,2026-01-03 07:47:00,26180,103708,400000,0,200
T1004,M2016,ACCT100300,DST300086,2026-01-03 11:12:00,64113,103766,400000,0,200
T1004,M2011,ACCT100300,DST300093,2026-01-03 11:15:00,58689,104964,10000,0,200
T1025,M2015,ACCT100301,DST300092,2026-01-07 22:05:00,77342,100757,10000,0,200
T1025,M2013,ACCT100301,DST300042,2026-01-07 22:10:00,84169,100764,10000,0,200
T1025,M2005,ACCT100301,DST300109,2026-01-08 02:01:00,48518,101152,10000,0,200
T1025,M2015,ACCT100301,DST300011,2026-01-08 02:29:00,110844,104204,400000,68,200
T1025,M2017,ACCT100301,DST999999,2026-01-08 02:31:00,97268,104469,400000,0,200
T1025,M2003,ACCT100301,DST999999,2026-01-08 02:33:00,26523,104470,400000,0,200
T1025,M2006,ACCT100301,DST300090,2026-01-08 03:50:00,112336,101324,10000,0,200
T1025,M2018,ACCT100301,DST300001,2026-01-08 04:25:00,71761,101438,10000,0,200
T1025,M2004,ACCT100301,DST300092,2026-01-08 04:32:00,25013,104488,10000,0,200
T1025,M2009,ACCT100301,DST300003,2026-01-08 05:24:00,82053,104789,10000,0,200
T1025,M2015,ACCT100301,DST300159,2026-01-08 05:34:00,64311,101612,400000,0,200
T1025,M2016,ACCT100301,DST300063,2026-01-08 08:41:00,102835,101902,10000,0,200
T1025,M2009,ACCT100301,DST300038,2026-01-08 09:08:00,96874,101951,400000,68,200
T1025,M2007,ACCT100301,DST300106,2026-01-08 10:22:00,70088,102211,400000,0,200
T1025,M2001,ACCT100301,DST300171,2026-01-08 10:45:00,65720,102594,400000,0,200
T1025,M2004,ACCT100301,DST300143,2026-01-08 11:18:00,80342,102952,10000,68,200
T1025,M2010,ACCT100301,DST300093,2026-01-08 13:32:00,73275,103234,400000,0,200
T1025,M2017,ACCT100301,DST300020,2026-01-08 14:17:00,39487,103483,400000,0,200
T1025,M2008,ACCT100301,DST300062,2026-01-08 18:07:00,54762,103490,10000,0,200
T1025,M2014,ACCT100301,DST300032,2026-01-08 18:08:00,81328,104061,300000,55,200
T1025,M2010,ACCT100301,DST300170,2026-01-08 18:09:00,86088,104062,300000,55,200
T1025,M2010,ACCT100301,DST300030,2026-01-08 18:10:00,83494,104063,300000,55,200
T1026,M2002,ACCT100302,DST300034,2026-01-04 19:07:00,193226,100065,10000,0,200
T1026,M2005,ACCT100302,DST300028,2026-01-04 19:08:00,203267,100257,400000,68,200
T1026,M2017,ACCT100302,DST300116,2026-01-04 21:27:00,172803,101686,10000,0,200
T1026,M2004,ACCT100302,DST300082,2026-01-04 21:54:00,180751,102036,400000,0,200
T1026,M2002,ACCT100302,DST300163,2026-01-05 00:37:00,195523,102060,10000,0,200
T1026,M2001,ACCT100302,DST300155,2026-01-05 04:12:00,178321,102253,400000,51,200
T1026,M2012,ACCT100302,DST300047,2026-01-05 04:14:00,194152,104742,10000,0,200
T1026,M2011,ACCT100302,DST300143,2026-01-05 05:37:00,266921,102358,400000,0,200
T1026,M2009,ACCT100302,DST300167,2026-01-05 06:21:00,209260,103411,400000,0,200
T1026,M2017,ACCT100302,DST300002,2026-01-05 09:02:00,182968,103634,400000,51,200
T1026,M2007,ACCT100302,DST300116,2026-01-05 10:33:00,261712,103802,400000,0,200
T1026,M2002,ACCT100302,DST300153,2026-01-05 11:44:00,139668,103938,10000,0,200
T1026,M2004,ACCT100302,DST300146,2026-01-05 11:55:00,195601,103981,10000,0,200
T1026,M2018,ACCT100302,DST300129,2026-01-05 14:07:00,194539,103992,400000,0,200
T1024,M2009,ACCT100303,DST300020,2026-01-09 01:34:00,174964,100437,10000,0,200
T1024,M2001,ACCT100303,DST300040,2026-01-09 02:24:00,131169,100512,10000,0,200
T1024,M2001,ACCT100303,DST300116,2026-01-09 05:41:00,151265,100759,10000,0,200
T1024,M2006,ACCT100303,DST300123,2026-01-09 09:27:00,144048,101549,10000,0,200
T1024,M2006,ACCT100303,DST300148,2026-01-09 13:19:00,149297,101583,400000,0,200
T1024,M2001,ACCT100303,DST300087,2026-01-09 13:21:00,159616,103418,400000,0,200
T1024,M2002,ACCT100303,DST300013,2026-01-09 13:39:00,178922,103492,400000,0,200
T1024,M2017,ACCT100303,DST300048,2026-01-09 15:38:00,138741,103537,10000,0,200
T1024,M2012,ACCT100303,DST300042,2026-01-09 15:46:00,93221,104022,400000,0,200
T1024,M2017,ACCT100303,DST300181,2026-01-09 16:58:00,134251,104538,10000,68,200
T1024,M2018,ACCT100303,DST300038,2026-01-09 19:16:00,147485,104831,10000,0,200
T1024,M2011,ACCT100303,DST300150,2026-01-09 21:11:00,106873,104833,400000,51,200
T1008,M2006,ACCT100304,DST300060,2026-01-01 01:12:00,175564,101114,400000,0,200
T1008,M2004,ACCT100304,DST300092,2026-01-01 02:02:00,164186,101310,400000,0,200
T1008,M2007,ACCT100304,DST300137,2026-01-01 03:29:00,157922,101507,400000,0,200
T1008,M2014,ACCT100304,DST300077,2026-01-01 04:05:00,132489,100079,10000,0,200
T1008,M2013,ACCT100304,DST300110,2026-01-01 04:56:00,163598,101682,10000,0,200
T1008,M2002,ACCT100304,DST300076,2026-01-01 05:37:00,190742,100221,10000,51,200
T1008,M2005,ACCT100304,DST300042,2026-01-01 07:38:00,139091,102350,10000,0,200
T1008,M2006,ACCT100304,DST300176,2026-01-01 08:50:00,190801,102417,400000,0,200
T1008,M2003,ACCT100304,DST300011,2026-01-01 09:33:00,178786,100877,10000,0,200
T1008,M2008,ACCT100304,DST300123,2026-01-01 11:54:00,161954,102534,400000,0,200
T1008,M2015,ACCT100304,DST300135,2026-01-01 13:02:00,160597,100994,10000,0,200
T1008,M2000,ACCT100304,DST300156,2026-01-01 13:35:00,144983,102771,10000,0,200
T1008,M2011,ACCT100304,DST300130,2026-01-01 13:40:00,165464,102791,400000,0,200
T1008,M2004,ACCT100304,DST300162,2026-01-01 16:49:00,180070,102946,400000,0,200
T1008,M2014,ACCT100304,DST300140,2026-01-01 18:26:00,139224,103565,10000,0,200
T1008,M2005,ACCT100304,DST300189,2026-01-01 21:50:00,162103,103566,10000,0,200
T1008,M2006,ACCT100304,DST300098,2026-01-02 00:31:00,150574,103942,10000,0,200
T1021,M2013,ACCT100305,DST300024,2026-01-03 16:48:00,266292,100534,10000,0,200
T1021,M2005,ACCT100305,DST300105,2026-01-03 20:05:00,246503,100890,400000,0,200
T1021,M2015,ACCT100305,DST300082,2026-01-03 22:55:00,298381,100996,400000,0,200
T1021,M2015,ACCT100305,DST300064,2026-01-04 00:40:00,262335,101278,400000,0,200
T1021,M2006,ACCT100305,DST300168,2026-01-04 04:03:00,294723,102634,400000,0,200
T1021,M2008,ACCT100305,DST300110,2026-01-04 07:14:00,281460,103041,10000,51,200
T1021,M2018,ACCT100305,DST300079,2026-01-04 08:00:00,279564,103602,400000,0,200
T1021,M2012,ACCT100305,DST300011,2026-01-04 11:52:00,282442,103732,400000,0,200
T1021,M2011,ACCT100305,DST300087,2026-01-04 13:40:00,287267,103776,10000,0,200
T1021,M2017,ACCT100305,DST300007,2026-01-04 15:17:00,307751,104312,10000,0,200
T1021,M2016,ACCT100306,DST300175,2026-01-11 17:55:00,289643,100847,10000,0,200
T1021,M2013,ACCT100306,DST300014,2026-01-11 19:51:00,202071,101375,10000,0,200
T1021,M2008,ACCT100306,DST300168,2026-01-11 21:12:00,248201,101494,10000,0,200
T1026,M2005,ACCT100306,DST300172,2026-01-11 21:17:00,268289,101818,10000,0,200
T1026,M2007,ACCT100306,DST300094,2026-01-12 00:32:00,209763,101906,400000,0,200
T1026,M2006,ACCT100306,DST300030,2026-01-12 02:08:00,244094,102223,400000,0,200
T1026,M2005,ACCT100306,DST300059,2026-01-12 06:00:00,254706,102310,10000,0,200
T1026,M2010,ACCT100306,DST300054,2026-01-12 09:50:00,236288,102521,10000,68,200
T1026,M2002,ACCT100306,DST300028,2026-01-12 10:50:00,216761,102939,400000,68,200
T1026,M2014,ACCT100306,DST300042,2026-01-12 11:55:00,213357,103387,400000,68,200
T1026,M2012,ACCT100306,DST300041,2026-01-12 14:10:00,253610,103388,400000,0,200
T1026,M2001,ACCT100306,DST300196,2026-01-12 15:27:00,271252,103830,10000,0,200
T1026,M2016,ACCT100306,DST300153,2026-01-12 17:46:00,254244,103897,400000,0,200
T1026,M2000,ACCT100306,DST300070,2026-01-12 21:17:00,246691,104071,10000,0,200
T1026,M2019,ACCT100306,DST300117,2026-01-12 23:20:00,274378,104126,10000,0,200
T1026,M2016,ACCT100306,DST999999,2026-01-12 23:22:00,249523,104379,400000,0,200
T1026,M2018,ACCT100306,DST999999,2026-01-12 23:24:00,242462,104380,400000,0,200
T1005,M2012,ACCT100307,DST300120,2026-01-17 01:09:00,267717,103063,400000,0,200
T1005,M2001,ACCT100307,DST300082,2026-01-17 03:31:00,255143,104130,10000,51,200
T1005,M2013,ACCT100307,DST300133,2026-01-17 07:16:00,234393,104160,400000,0,200
T1005,M2005,ACCT100307,DST300121,2026-01-17 07:18:00,250449,104268,400000,0,200
T1005,M2015,ACCT100307,DST300183,2026-01-17 08:18:00,201964,104802,400000,0,200
T1005,M2001,ACCT100307,DST300155,2026-01-17 08:24:00,249283,100462,400000,0,200
T1005,M2015,ACCT100307,DST300161,2026-01-17 08:39:00,1605815,100529,10000,0,200
T1005,M2017,ACCT100307,DST300118,2026-01-17 10:16:00,248069,100850,10000,0,200
T1005,M2004,ACCT100307,DST300087,2026-01-17 10:42:00,192216,104817,400000,0,200
T1005,M2017,ACCT100307,DST300006,2026-01-17 14:14:00,225157,102234,400000,0,200
T1005,M2000,ACCT100307,DST300116,2026-01-17 17:53:00,230481,102720,400000,0,200
T1002,M2006,ACCT100308,DST300021,2026-01-19 10:22:00,170400,100175,400000,0,200
T1002,M2008,ACCT100308,DST300176,2026-01-19 11:29:00,196160,100274,10000,0,200
T1002,M2011,ACCT100308,DST300136,2026-01-19 13:30:00,136875,100864,10000,0,200
T1002,M2001,ACCT100308,DST300078,2026-01-19 14:43:00,155412,101047,400000,0,200
T1002,M2016,ACCT100308,DST300002,2026-01-19 16:21:00,150256,101214,400000,0,200
T1002,M2009,ACCT100308,DST300199,2026-01-19 18:24:00,173380,101799,10000,0,200
T1002,M2005,ACCT100308,DST300182,2026-01-19 21:31:00,196444,102620,400000,0,200
T1002,M2000,ACCT100308,DST300088,2026-01-19 22:31:00,178693,102831,10000,0,200
T1002,M2018,ACCT100308,DST300119,2026-01-20 00:34:00,148883,102844,10000,0,200
T1002,M2008,ACCT100308,DST300062,2026-01-20 01:50:00,170106,102975,400000,0,200
T1002,M2017,ACCT100308,DST300011,2026-01-20 01:58:00,155511,103231,400000,0,200
T1002,M2019,ACCT100308,DST300179,2026-01-20 02:01:00,161288,103658,10000,0,200
T1002,M2001,ACCT100308,DST300002,2026-01-20 05:44:00,148381,104175,400000,0,200
T1002,M2018,ACCT100308,DST300080,2026-01-20 05:46:00,204316,104690,400000,0,200
T1011,M2002,ACCT100309,DST300110,2026-01-01 05:08:00,68355,100040,400000,0,200
T1011,M2011,ACCT100309,DST300071,2026-01-01 05:44:00,93775,100279,10000,0,200
T1011,M2008,ACCT100309,DST300158,2026-01-01 09:32:00,78668,100956,10000,0,200
T1011,M2013,ACCT100309,DST300130,2026-01-01 11:02:00,116165,101140,10000,0,200
T1011,M2017,ACCT100309,DST300074,2026-01-01 11:23:00,101631,101430,400000,0,200
T1011,M2005,ACCT100309,DST300150,2026-01-01 12:52:00,86825,101624,400000,0,200
T1011,M2002,ACCT100309,DST300015,2026-01-01 12:54:00,94997,101849,400000,0,200
T1011,M2000,ACCT100309,DST300053,2026-01-01 13:26:00,64013,102138,400000,0,200
T1011,M2006,ACCT100309,DST300042,2026-01-01 16:11:00,124533,102269,400000,0,200
T1011,M2011,ACCT100309,DST300032,2026-01-01 19:10:00,91717,102496,10000,0,200
T1011,M2018,ACCT100309,DST300071,2026-01-01 19:50:00,110059,102530,400000,0,200
T1011,M2007,ACCT100309,DST300081,2026-01-01 19:51:00,83842,102820,10000,0,200
T1011,M2014,ACCT100309,DST300113,2026-01-01 22:45:00,82240,103444,400000,0,200
T1011,M2009,ACCT100309,DST300092,2026-01-02 01:16:00,89069,103524,10000,0,200
T1011,M2006,ACCT100309,DST300012,2026-01-02 01:45:00,83748,103774,400000,0,200
T1011,M2008,ACCT100309,DST300086,2026-01-02 04:00:00,121504,103900,10000,0,200
T1011,M2003,ACCT100309,DST300133,2026-01-02 04:52:00,71694,103966,10000,0,200
T1011,M2002,ACCT100309,DST300155,2026-01-02 07:05:00,118031,104084,10000,0,200
T1011,M2015,ACCT100309,DST300101,2026-01-02 10:03:00,88361,104637,400000,0,200
T1005,M2007,ACCT100310,DST300130,2026-01-03 22:49:00,84622,100385,10000,0,200
T1005,M2002,ACCT100310,DST300141,2026-01-04 00:42:00,64907,100401,400000,0,200
T1005,M2005,ACCT100310,DST300006,2026-01-04 01:06:00,80923,102151,400000,51,200
T1005,M2006,ACCT100310,DST300060,2026-01-04 03:34:00,89134,100418,400000,0,200
T1005,M2009,ACCT100310,DST300127,2026-01-04 03:40:00,100916,102395,10000,0,200
T1005,M2002,ACCT100310,DST300176,2026-01-04 03:42:00,63353,102414,10000,0,200
T1005,M2001,ACCT100310,DST300145,2026-01-04 04:46:00,48023,101989,400000,0,200
T1005,M2000,ACCT100310,DST300055,2026-01-04 04:47:00,123485,101535,10000,0,200
T1005,M2011,ACCT100310,DST300021,2026-01-04 04:56:00,116807,101968,400000,0,200
T1005,M2003,ACCT100310,DST300070,2026-01-04 07:41:00,67794,102662,400000,0,200
T1005,M2019,ACCT100310,DST300026,2026-01-04 08:51:00,70824,103762,10000,0,200
T1005,M2019,ACCT100310,DST300010,2026-01-04 10:06:00,63215,103843,10000,0,200
T1005,M2003,ACCT100310,DST300138,2026-01-04 10:08:00,107605,104983,10000,0,200
T1027,M2015,ACCT100311,DST300076,2026-01-12 01:44:00,137050,100023,400000,0,200
T1027,M2003,ACCT100311,DST300084,2026-01-12 02:18:00,111514,100223,400000,0,200
T1027,M2014,ACCT100311,DST300156,2026-01-12 05:58:00,134023,100379,400000,0,200
T1027,M2016,ACCT100311,DST300014,2026-01-12 06:51:00,176879,102570,400000,0,200
T1027,M2006,ACCT100311,DST300064,2026-01-12 10:05:00,173988,103040,10000,0,200
T1027,M2014,ACCT100311,DST300190,2026-01-12 12:09:00,139927,103049,10000,0,200
T1027,M2018,ACCT100311,DST300169,2026-01-12 14:26:00,167768,103972,10000,0,200
T1027,M2008,ACCT100311,DST300054,2026-01-12 18:09:00,158766,104144,10000,0,200
T1027,M2012,ACCT100312,DST300187,2026-01-20 21:02:00,66342,100043,400000,0,200
T1027,M2009,ACCT100312,DST300079,2026-01-20 21:33:00,51106,100911,10000,0,200
T1027,M2015,ACCT100312,DST300176,2026-01-20 23:30:00,36556,101501,400000,0,200
T1019,M2016,ACCT100312,DST300183,2026-01-21 03:07:00,95196,104662,10000,0,200
T1027,M2010,ACCT100312,DST300064,2026-01-21 03:20:00,70452,101684,10000,0,200
T1019,M2019,ACCT100312,DST300076,2026-01-21 04:31:00,65266,104146,400000,0,200
T1027,M2008,ACCT100312,DST300064,2026-01-21 04:51:00,64969,102217,10000,0,200
T1019,M2019,ACCT100312,DST300058,2026-01-21 06:02:00,33464,104565,10000,0,200
T1027,M2008,ACCT100312,DST300156,2026-01-21 07:15:00,88968,102512,10000,0,200
T1027,M2006,ACCT100312,DST300199,2026-01-21 07:32:00,63984,102788,400000,0,200
T1027,M2019,ACCT100312,DST300095,2026-01-21 08:13:00,73880,102919,10000,0,200
T1027,M2015,ACCT100312,DST300150,2026-01-21 11:45:00,46960,103355,400000,0,200
T1027,M2018,ACCT100312,DST300124,2026-01-21 13:44:00,45965,103379,400000,0,200
T1027,M2011,ACCT100312,DST999999,2026-01-21 13:46:00,60831,103690,400000,0,200
T1027,M2019,ACCT100312,DST999999,2026-01-21 13:48:00,58336,103691,400000,0,200
T1027,M2008,ACCT100312,DST300094,2026-01-21 13:49:00,48700,103700,400000,68,200
T1027,M2006,ACCT100312,DST300123,2026-01-21 16:06:00,55246,104047,10000,0,200
T1019,M2007,ACCT100312,DST300149,2026-01-21 16:11:00,83039,104065,10000,0,200
T1004,M2016,ACCT100313,DST300105,2026-01-18 17:17:00,199414,100054,400000,0,200
T1004,M2006,ACCT100313,DST300053,2026-01-18 17:59:00,161916,100186,10000,0,200
T1004,M2011,ACCT100313,DST300034,2026-01-18 20:14:00,207065,101645,400000,0,200
T1004,M2000,ACCT100313,DST300180,2026-01-18 23:22:00,162283,102000,10000,51,200
T1004,M2007,ACCT100313,DST300011,2026-01-19 00:00:00,178822,102297,10000,0,200
T1004,M2016,ACCT100313,DST300173,2026-01-19 01:11:00,202103,102856,400000,0,200
T1004,M2008,ACCT100313,DST300029,2026-01-19 03:33:00,203788,103212,10000,0,200
T1004,M2016,ACCT100313,DST300150,2026-01-19 07:18:00,185129,103496,10000,0,200
T1004,M2019,ACCT100313,DST300049,2026-01-19 10:30:00,193584,103956,10000,51,200
T1004,M2007,ACCT100313,DST300071,2026-01-19 11:31:00,180118,103960,400000,0,200
T1004,M2014,ACCT100313,DST300106,2026-01-19 14:51:00,141728,104798,10000,68,200
T1004,M2012,ACCT100313,DST300199,2026-01-19 15:47:00,219204,104854,400000,0,200
T1004,M2008,ACCT100313,DST300195,2026-01-19 19:19:00,218106,104985,10000,0,200
T1000,M2009,ACCT100314,DST300139,2026-01-14 21:08:00,237551,100211,10000,0,200
T1000,M2005,ACCT100314,DST300109,2026-01-14 21:33:00,241034,100644,10000,0,200
T1000,M2016,ACCT100314,DST300032,2026-01-15 00:46:00,256339,101181,400000,0,200
T1000,M2003,ACCT100314,DST300136,2026-01-15 04:03:00,270976,101412,400000,0,200
T1000,M2002,ACCT100314,DST300197,2026-01-15 04:04:00,250331,101510,300000,55,200
T1000,M2014,ACCT100314,DST300107,2026-01-15 04:05:00,246173,101511,300000,55,200
T1000,M2017,ACCT100314,DST300191,2026-01-15 04:06:00,273165,101512,300000,55,200
T1000,M2002,ACCT100314,DST300149,2026-01-15 04:07:00,235757,101513,300000,55,200
T1000,M2010,ACCT100314,DST300099,2026-01-15 04:47:00,276373,101569,10000,0,200
T1000,M2010,ACCT100314,DST300151,2026-01-15 04:50:00,245535,101978,400000,0,200
T1000,M2010,ACCT100314,DST300151,2026-01-15 04:55:00,258922,102470,400000,0,200
T1007,M2004,ACCT100314,DST300029,2026-01-15 05:00:00,265668,103151,10000,0,200
T1007,M2002,ACCT100314,DST300098,2026-01-15 07:11:00,258479,103380,10000,0,200
T1007,M2019,ACCT100314,DST300156,2026-01-15 10:24:00,295411,103452,10000,0,200
T1007,M2019,ACCT100314,DST300166,2026-01-15 12:05:00,272161,103594,400000,0,200
T1007,M2011,ACCT100314,DST300168,2026-01-15 15:43:00,247680,103677,10000,0,200
T1007,M2013,ACCT100314,DST300186,2026-01-15 18:30:00,254694,104868,400000,0,200
T1027,M2002,ACCT100315,DST300138,2026-01-11 13:53:00,63748,101066,10000,0,200
T1027,M2003,ACCT100315,DST300159,2026-01-11 13:55:00,111144,101160,10000,0,200
T1027,M2019,ACCT100315,DST300146,2026-01-11 14:04:00,58391,101760,10000,0,200
T1027,M2018,ACCT100315,DST300159,2026-01-11 17:22:00,112523,102114,400000,0,200
T1027,M2002,ACCT100315,DST300122,2026-01-11 20:53:00,45808,102135,10000,0,200
T1027,M2011,ACCT100315,DST300130,2026-01-11 21:20:00,116148,102177,10000,0,200
T1027,M2010,ACCT100315,DST300139,2026-01-12 00:59:00,84736,102447,10000,0,200
T1027,M2013,ACCT100315,DST300090,2026-01-12 02:59:00,113259,103924,400000,0,200
T1027,M2000,ACCT100315,DST300191,2026-01-12 03:00:00,109145,104067,10000,0,200
T1027,M2011,ACCT100315,DST300191,2026-01-12 04:10:00,95228,103004,10000,0,200
T1027,M2018,ACCT100315,DST300170,2026-01-12 06:36:00,78278,104813,10000,0,200
T1027,M2007,ACCT100315,DST300073,2026-01-12 07:12:00,106533,103109,10000,0,200
T1027,M2019,ACCT100315,DST300168,2026-01-12 10:23:00,62091,103591,10000,0,200
T1027,M2002,ACCT100315,DST300154,2026-01-12 14:03:00,87121,103841,10000,0,200
T1005,M2004,ACCT100316,DST300077,2026-01-10 14:50:00,121377,101390,400000,0,200
T1005,M2007,ACCT100316,DST300124,2026-01-10 15:10:00,159849,101467,400000,0,200
T1005,M2012,ACCT100316,DST300081,2026-01-10 15:29:00,135966,101548,400000,0,200
T1005,M2000,ACCT100316,DST300040,2026-01-10 17:39:00,169284,101773,400000,0,200
T1005,M2012,ACCT100316,DST300047,2026-01-10 21:16:00,155426,102235,10000,0,200
T1005,M2005,ACCT100316,DST300122,2026-01-10 21:28:00,104009,102666,400000,0,200
T1005,M2016,ACCT100316,DST300042,2026-01-11 02:31:00,234675,102872,10000,0,200
T1005,M2008,ACCT100316,DST300105,2026-01-11 05:44:00,124657,103236,400000,0,200
T1005,M2011,ACCT100316,DST300091,2026-01-11 06:08:00,93465,103561,400000,0,200
T1005,M2014,ACCT100316,DST300086,2026-01-11 07:10:00,193161,103564,10000,0,200
T1005,M2013,ACCT100316,DST300007,2026-01-11 10:25:00,145551,103763,400000,0,200
T1005,M2007,ACCT100316,DST300038,2026-01-11 13:16:00,127949,104503,10000,0,200
T1005,M2001,ACCT100316,DST300075,2026-01-11 14:33:00,162346,104890,400000,0,200
T1007,M2006,ACCT100317,DST300196,2026-01-10 02:13:00,223678,104028,400000,0,200
T1007,M2017,ACCT100317,DST300087,2026-01-10 02:36:00,272548,100118,400000,0,200
T1007,M2004,ACCT100317,DST300048,2026-01-10 04:06:00,245442,104405,10000,68,200
T1007,M2016,ACCT100317,DST300044,2026-01-10 06:27:00,247271,100126,400000,0,200
T1007,M2015,ACCT100317,DST300041,2026-01-10 07:50:00,249299,104952,400000,0,200
T1007,M2002,ACCT100317,DST300193,2026-01-10 08:32:00,268426,100772,10000,0,200
T1007,M2009,ACCT100317,DST300125,2026-01-10 11:25:00,254873,100979,10000,0,200
T1007,M2007,ACCT100317,DST300183,2026-01-10 13:37:00,243446,101057,10000,0,200
T1007,M2010,ACCT100317,DST300014,2026-01-10 14:55:00,256254,101574,400000,0,200
T1007,M2014,ACCT100317,DST300113,2026-01-10 17:58:00,251219,102071,400000,0,200
T1007,M2008,ACCT100317,DST300041,2026-01-10 18:34:00,271883,102283,10000,0,200
T1007,M2013,ACCT100317,DST300175,2026-01-10 19:04:00,270841,102420,10000,0,200
T1007,M2014,ACCT100317,DST300038,2026-01-10 22:37:00,216895,103556,10000,0,200
T1009,M2011,ACCT100318,DST300044,2026-01-07 01:13:00,20000,104877,400000,0,200
T1026,M2009,ACCT100318,DST300094,2026-01-07 02:56:00,67402,101076,10000,0,200
T1026,M2019,ACCT100318,DST300199,2026-01-07 03:39:00,30315,101536,400000,51,200
T1009,M2018,ACCT100318,DST300031,2026-01-07 04:00:00,21709,104467,10000,0,200
T1026,M2012,ACCT100318,DST300119,2026-01-07 04:36:00,55495,101100,10000,0,200
T1026,M2008,ACCT100318,DST300124,2026-01-07 04:43:00,42737,102165,400000,0,200
T1009,M2017,ACCT100318,DST300131,2026-01-07 04:44:00,26026,103756,10000,0,200
T1026,M2012,ACCT100318,DST300042,2026-01-07 05:06:00,20000,101234,400000,0,200
T1009,M2009,ACCT100318,DST300061,2026-01-07 05:07:00,217867,103898,10000,0,200
T1026,M2008,ACCT100318,DST300103,2026-01-07 05:20:00,68669,101250,10000,0,200
T1009,M2002,ACCT100318,DST300100,2026-01-07 05:49:00,35526,104174,400000,0,200
T1026,M2010,ACCT100318,DST300028,2026-01-07 06:47:00,32492,101472,400000,0,200
T1009,M2011,ACCT100318,DST300192,2026-01-07 07:11:00,55468,104728,10000,0,200
T1026,M2014,ACCT100318,DST300186,2026-01-07 11:13:00,53227,100688,400000,0,200
T1026,M2007,ACCT100318,DST300061,2026-01-07 11:14:00,38441,100933,300000,55,200
T1026,M2015,ACCT100318,DST300159,2026-01-07 11:15:00,77231,100934,300000,55,200
T1026,M2009,ACCT100318,DST300116,2026-01-07 12:04:00,95097,100960,10000,0,200
T1017,M2007,ACCT100319,DST300162,2026-01-08 03:33:00,344254,100763,400000,0,200
T1017,M2011,ACCT100319,DST300086,2026-01-08 04:32:00,334624,101445,10000,51,200
T1017,M2009,ACCT100319,DST300123,2026-01-08 05:35:00,332000,100899,10000,0,200
T1017,M2005,ACCT100319,DST300128,2026-01-08 08:29:00,264821,101362,10000,0,200
T1017,M2004,ACCT100319,DST300095,2026-01-08 08:31:00,324993,101506,400000,0,200
T1017,M2011,ACCT100319,DST300045,2026-01-08 09:12:00,350758,101444,10000,0,200
T1017,M2010,ACCT100319,DST300148,2026-01-08 12:16:00,303895,101892,10000,0,200
T1017,M2018,ACCT100319,DST300191,2026-01-08 16:06:00,303592,102073,400000,0,200
T1017,M2011,ACCT100319,DST300120,2026-01-08 18:30:00,332400,102274,10000,0,200
T1017,M2001,ACCT100319,DST300173,2026-01-08 19:56:00,273622,102391,10000,0,200
T1017,M2014,ACCT100319,DST300134,2026-01-08 23:35:00,290077,102725,10000,68,200
T1017,M2012,ACCT100319,DST300100,2026-01-09 00:23:00,314848,102907,400000,0,200
T1017,M2019,ACCT100319,DST300066,2026-01-09 03:08:00,276144,103106,400000,0,200
T1017,M2015,ACCT100319,DST300055,2026-01-09 05:00:00,256251,103503,10000,0,200
T1017,M2003,ACCT100319,DST300059,2026-01-09 08:09:00,336995,103608,10000,51,200
