BILL_ID,CUSTOMER_ID,BILL_AMOUNT,PAYMENT_AMOUNT,BILL_DATE,PAYMENT_DATE,CHANNEL,BILL_STATUS,REFUND_FLAG
BILL140632,CUST10425,254546,254546,2026-02-02 00:00:00,2026-02-04 00:00:00,Web,Paid,0
BILL388191,CUST10379,267137,261585,2026-02-09 00:00:00,2026-02-14 00:00:00,API,Paid,0
BILL599182,CUST10406,256264,256264,2026-02-01 00:00:00,2026-02-02 00:00:00,Web,Paid,0
BILL820688,CUST10369,307889,307889,2026-01-31 00:00:00,2026-02-03 00:00:00,Web,Paid,0
BILL118538,CUST10071,237224,227616,2026-02-04 00:00:00,2026-02-08 00:00:00,API,Paid,0
BILL542717,CUST10362,146134,146134,2026-01-31 00:00:00,2026-02-03 00:00:00,Mobile,Paid,0
BILL937572,CUST10385,299414,299414,2026-02-02 00:00:00,2026-02-02 00:00:00,API,Paid,0
BILL999952,CUST10103,263167,263167,2026-02-02 00:00:00,2026-02-03 00:00:00,Mobile,Paid,0
BILL463047,CUST10143,295085,295085,2026-02-09 00:00:00,2026-02-10 00:00:00,Web,Paid,0
BILL651665,CUST10493,105706,105706,2026-02-07 00:00:00,2026-02-10 00:00:00,API,Paid,0
BILL148668,CUST10194,305707,305707,2026-02-10 00:00:00,2026-02-11 00:00:00,API,Paid,0
BILL127438,CUST10344,240657,240657,2026-02-01 00:00:00,2026-02-04 00:00:00,Web,Paid,0
BILL816920,CUST10100,173743,173743,2026-02-05 00:00:00,2026-02-10 00:00:00,Web,Paid,0
BILL641838,CUST10540,380305,375734,2026-02-02 00:00:00,2026-02-02 00:00:00,Web,Paid,0
BILL670066,CUST10379,267137,267137,2026-03-16 00:00:00,2026-03-21 00:00:00,Mobile,Paid,0
BILL418220,CUST10321,259198,259198,2026-01-31 00:00:00,2026-02-02 00:00:00,Web,Paid,0
BILL219351,CUST10245,149125,149125,2026-02-03 00:00:00,2026-02-04 00:00:00,Web,Paid,0
BILL256914,CUST10484,371120,371120,2026-02-03 00:00:00,2026-02-06 00:00:00,Mobile,Paid,0
BILL265561,CUST10205,363069,363069,2026-02-05 00:00:00,2026-02-05 00:00:00,Mobile,Paid,0
BILL487535,CUST10358,125188,125188,2026-02-07 00:00:00,2026-02-09 00:00:00,Mobile,Paid,0
BILL930738,CUST10347,230904,230904,2026-02-06 00:00:00,2026-02-10 00:00:00,Web,Paid,0
BILL325375,CUST10204,212495,212495,2026-02-08 00:00:00,2026-02-09 00:00:00,Web,Paid,0
BILL613586,CUST10149,180427,180427,2026-02-01 00:00:00,2026-02-05 00:00:00,Mobile,Paid,0
BILL359632,CUST10127,395325,395325,2026-01-31 00:00:00,2026-02-04 00:00:00,Web,Paid,0
BILL100939,CUST10076,374032,374032,2026-02-08 00:00:00,2026-02-09 00:00:00,Web,Paid,0
BILL380340,CUST10303,116210,116210,2026-02-10 00:00:00,2026-02-12 00:00:00,Web,Paid,0
BILL175983,CUST10360,105618,105618,2026-01-31 00:00:00,2026-02-02 00:00:00,Web,Paid,0
BILL589994,CUST10199,298717,298717,2026-02-09 00:00:00,2026-02-13 00:00:00,API,Paid,0
BILL813836,CUST10571,308834,308834,2026-02-04 00:00:00,2026-02-08 00:00:00,API,Paid,0
BILL128168,CUST10211,136555,136555,2026-02-09 00:00:00,2026-02-13 00:00:00,Web,Paid,0
BILL980484,CUST10066,362601,362601,2026-01-31 00:00:00,2026-02-01 00:00:00,Web,Paid,0
BILL109790,CUST10465,350477,350477,2026-02-01 00:00:00,2026-02-02 00:00:00,Mobile,Paid,0
BILL705960,CUST10131,168512,168512,2026-02-03 00:00:00,2026-02-03 00:00:00,Mobile,Paid,0
BILL544103,CUST10075,282116,282116,2026-02-03 00:00:00,2026-02-05 00:00:00,Web,Paid,0
BILL893393,CUST10607,195355,195355,2026-02-07 00:00:00,2026-02-08 00:00:00,API,Paid,0
BILL723349,CUST10383,346266,346266,2026-02-07 00:00:00,2026-02-09 00:00:00,Web,Paid,0
BILL470380,CUST10604,335897,335897,2026-02-04 00:00:00,2026-02-07 00:00:00,Web,Paid,0
BILL702871,CUST10063,291682,291682,2026-02-09 00:00:00,2026-02-12 00:00:00,Web,Paid,0
BILL728396,CUST10101,176350,176350,2026-01-31 00:00:00,2026-02-03 00:00:00,Web,Paid,0
BILL330915,CUST10423,319827,319827,2026-02-03 00:00:00,2026-02-08 00:00:00,Web,Paid,0
BILL553469,CUST10437,176170,176170,2026-02-10 00:00:00,2026-02-12 00:00:00,API,Paid,0
BILL293475,CUST10130,263630,263630,2026-02-02 00:00:00,2026-02-05 00:00:00,Mobile,Paid,0
BILL560484,CUST10073,207444,207444,2026-02-07 00:00:00,2026-02-10 00:00:00,Web,Paid,0
BILL249971,CUST10609,222054,222054,2026-02-01 00:00:00,2026-02-06 00:00:00,Web,Paid,0
BILL719143,CUST10367,217341,217341,2026-02-08 00:00:00,2026-02-12 00:00:00,Web,Paid,0
BILL142304,CUST10398,332324,332324,2026-02-01 00:00:00,2026-02-05 00:00:00,API,Paid,0
BILL850773,CUST10301,384312,384312,2026-02-01 00:00:00,2026-02-06 00:00:00,Web,Paid,0
BILL282265,CUST10324,159805,159805,2026-02-05 00:00:00,2026-02-08 00:00:00,Web,Paid,0
BILL950817,CUST10226,203978,203978,2026-02-08 00:00:00,2026-02-10 00:00:00,Web,Paid,0
BILL200879,CUST10563,263339,263339,2026-02-04 00:00:00,2026-02-05 00:00:00,Web,Paid,0
BILL410885,CUST10387,288975,288975,2026-02-02 00:00:00,2026-02-03 00:00:00,Mobile,Paid,0
BILL763923,CUST10299,369454,369454,2026-02-03 00:00:00,2026-02-08 00:00:00,Mobile,Paid,0
BILL792249,CUST10424,225010,225010,2026-02-09 00:00:00,2026-02-10 00:00:00,Mobile,Paid,0
BILL651346,CUST10368,133379,130954,2026-02-04 00:00:00,2026-02-04 00:00:00,Web,Paid,0
BILL620958,CUST10578,194175,194175,2026-02-09 00:00:00,2026-02-11 00:00:00,Mobile,Paid,0
BILL229589,CUST10563,263339,142322,2026-03-07 00:00:00,2026-03-08 00:00:00,Web,Paid,0
BILL980488,CUST10010,272952,272952,2026-01-31 00:00:00,2026-02-01 00:00:00,Mobile,Paid,0
BILL810890,CUST10513,326951,326951,2026-02-09 00:00:00,2026-02-10 00:00:00,Web,Paid,0
BILL653796,CUST10045,348206,348206,2026-02-05 00:00:00,2026-02-06 00:00:00,Mobile,Paid,0
BILL694016,CUST10285,375934,375934,2026-01-31 00:00:00,2026-02-02 00:00:00,API,Paid,0
BILL239262,CUST10004,290789,290789,2026-01-31 00:00:00,2026-02-02 00:00:00,Mobile,Paid,0
BILL613559,CUST10143,295085,295085,2026-03-12 00:00:00,2026-03-14 00:00:00,API,Paid,0
BILL998918,CUST10318,217679,217679,2026-02-03 00:00:00,2026-02-06 00:00:00,Web,Paid,0
BILL211097,CUST10511,361457,361457,2026-02-04 00:00:00,2026-02-08 00:00:00,Mobile,Paid,0
BILL608155,CUST10543,125974,125974,2026-02-01 00:00:00,2026-01-31 00:00:00,Web,Paid,0
BILL234475,CUST10406,256264,256264,2026-03-04 00:00:00,2026-03-08 00:00:00,Web,Paid,0
BILL597312,CUST10588,279935,279935,2026-02-03 00:00:00,2026-02-05 00:00:00,Mobile,Paid,0
BILL338183,CUST10223,305291,308971,2026-02-01 00:00:00,2026-02-03 00:00:00,Mobile,Paid,0
BILL527060,CUST10465,350477,350477,2026-03-04 00:00:00,2026-03-04 00:00:00,API,Paid,0
BILL833520,CUST10465,350477,350477,2026-03-04 00:00:00,2026-03-04 00:01:00,API,Paid,0
BILL868425,CUST10465,350477,350477,2026-03-04 00:00:00,2026-03-04 00:02:00,API,Paid,0
BILL145551,CUST10314,104406,104406,2026-02-08 00:00:00,2026-02-10 00:00:00,Mobile,Paid,0
BILL739945,CUST10240,178367,178367,2026-02-06 00:00:00,2026-02-10 00:00:00,Web,Paid,0
BILL633672,CUST10168,296917,296917,2026-02-06 00:00:00,2026-02-08 00:00:00,Mobile,Paid,0
BILL896961,CUST10500,194860,194860,2026-02-01 00:00:00,2026-02-02 00:00:00,Mobile,Paid,0
BILL294886,CUST10468,286051,286051,2026-02-10 00:00:00,2026-02-13 00:00:00,Web,Paid,0
BILL965310,CUST10407,317152,317152,2026-02-09 00:00:00,2026-02-09 00:00:00,Mobile,Paid,0
BILL311163,CUST10340,346715,346715,2026-02-04 00:00:00,2026-02-05 00:00:00,Web,Paid,1
BILL816565,CUST10581,319058,319058,2026-02-07 00:00:00,2026-02-12 00:00:00,Mobile,Paid,0
BILL781465,CUST10304,131699,131699,2026-02-04 00:00:00,2026-02-04 00:00:00,Web,Paid,0
BILL155271,CUST10457,217047,115887,2026-01-31 00:00:00,2026-02-02 00:00:00,Web,Paid,0
BILL896275,CUST10517,222616,222616,2026-02-09 00:00:00,2026-02-12 00:00:00,Mobile,Paid,0
BILL456598,CUST10520,353247,353247,2026-02-06 00:00:00,2026-02-06 00:00:00,Web,Paid,0
BILL949169,CUST10514,228952,228952,2026-02-05 00:00:00,2026-02-08 00:00:00,Web,Paid,0
BILL119407,CUST10448,114297,114297,2026-02-10 00:00:00,2026-02-15 00:00:00,Web,Paid,0
BILL369583,CUST10512,262637,262637,2026-02-02 00:00:00,2026-02-05 00:00:00,Web,Paid,0
BILL251093,CUST10141,352427,352427,2026-02-04 00:00:00,2026-02-08 00:00:00,Web,Paid,0
BILL406638,CUST10162,173421,173421,2026-02-09 00:00:00,2026-02-12 00:00:00,Web,Paid,0
BILL604440,CUST10378,120457,120457,2026-02-07 00:00:00,2026-02-12 00:00:00,Web,Paid,0
BILL118184,CUST10229,101182,101182,2026-02-01 00:00:00,2026-02-05 00:00:00,Web,Paid,0
BILL380815,CUST10230,298652,298652,2026-02-07 00:00:00,2026-02-12 00:00:00,Web,Paid,0
BILL754756,CUST10564,309257,309257,2026-02-03 00:00:00,2026-02-08 00:00:00,Web,Paid,0
BILL628664,CUST10393,323135,323135,2026-02-04 00:00:00,2026-02-09 00:00:00,Web,Paid,0
BILL251269,CUST10249,312332,312332,2026-02-02 00:00:00,2026-02-05 00:00:00,Mobile,Paid,0
BILL674377,CUST10331,117190,117190,2026-02-10 00:00:00,2026-02-14 00:00:00,Mobile,Paid,0
BILL939638,CUST10311,170587,170587,2026-02-05 00:00:00,2026-02-09 00:00:00,Mobile,Paid,0
BILL340938,CUST10196,193206,193206,2026-02-09 00:00:00,2026-02-09 00:00:00,Mobile,Paid,0
BILL798793,CUST10503,252261,252261,2026-02-01 00:00:00,2026-02-03 00:00:00,Mobile,Paid,0
BILL852152,CUST10459,103100,103100,2026-02-01 00:00:00,2026-02-01 00:00:00,Mobile,Paid,0
BILL655122,CUST10143,295085,295085,2026-04-13 00:00:00,2026-04-18 00:00:00,Web,Paid,0
BILL618500,CUST10004,290789,290789,2026-03-04 00:00:00,2026-03-05 00:00:00,API,Paid,0
BILL907812,CUST10596,256895,256895,2026-02-05 00:00:00,2026-02-04 00:00:00,Web,Paid,0
BILL188896,CUST10389,232085,232085,2026-02-08 00:00:00,2026-02-12 00:00:00,Web,Paid,0
BILL873902,CUST10372,220460,220460,2026-02-04 00:00:00,2026-02-07 00:00:00,Web,Paid,0
BILL187440,CUST10261,192948,192948,2026-02-01 00:00:00,2026-02-04 00:00:00,Mobile,Paid,0
BILL604828,CUST10573,131534,131534,2026-02-01 00:00:00,2026-01-31 00:00:00,Web,Paid,0
BILL645297,CUST10468,286051,172930,2026-03-15 00:00:00,2026-03-18 00:00:00,API,Paid,0
BILL475230,CUST10094,245816,245816,2026-02-09 00:00:00,2026-02-10 00:00:00,Mobile,Paid,0
BILL222286,CUST10498,335312,335312,2026-02-02 00:00:00,2026-02-07 00:00:00,Mobile,Paid,0
BILL354875,CUST10081,332441,332441,2026-02-09 00:00:00,2026-02-13 00:00:00,Mobile,Paid,0
BILL517493,CUST10223,305291,305291,2026-03-05 00:00:00,2026-03-08 00:00:00,Mobile,Paid,0
BILL384608,CUST10335,141698,141698,2026-02-04 00:00:00,2026-02-05 00:00:00,Mobile,Paid,1
BILL994724,CUST10297,269700,269700,2026-02-03 00:00:00,2026-02-03 00:00:00,Web,Paid,0
BILL435856,CUST10224,304571,304571,2026-02-07 00:00:00,2026-02-09 00:00:00,Mobile,Paid,0
BILL993483,CUST10072,168087,168087,2026-02-03 00:00:00,2026-02-05 00:00:00,Mobile,Paid,0
BILL156618,CUST10134,366610,366610,2026-02-08 00:00:00,2026-02-13 00:00:00,Web,Paid,0
BILL676524,CUST10407,317152,317152,2026-03-11 00:00:00,2026-03-11 00:00:00,Mobile,Paid,0
BILL518197,CUST10367,217341,217341,2026-03-14 00:00:00,2026-03-15 00:00:00,Web,Paid,0
BILL422314,CUST10393,323135,323135,2026-03-11 00:00:00,2026-03-14 00:00:00,Web,Paid,0
BILL961752,CUST10413,298647,298647,2026-02-08 00:00:00,2026-02-13 00:00:00,Web,Paid,0
BILL129143,CUST10147,193914,193914,2026-02-05 00:00:00,2026-02-10 00:00:00,Mobile,Paid,0
BILL638097,CUST10492,132628,132847,2026-02-02 00:00:00,2026-02-03 00:00:00,Web,Paid,0
BILL718571,CUST10450,324116,326551,2026-01-31 00:00:00,2026-01-31 00:00:00,Web,Paid,0
BILL746037,CUST10421,286502,286502,2026-02-08 00:00:00,2026-02-08 00:00:00,API,Paid,0
BILL313775,CUST10421,286502,286502,2026-02-08 00:00:00,2026-02-08 00:01:00,API,Paid,0
BILL936006,CUST10421,286502,286502,2026-02-08 00:00:00,2026-02-08 00:02:00,API,Paid,0
BILL601595,CUST10442,209546,209546,2026-02-10 00:00:00,2026-02-12 00:00:00,Web,Paid,0
BILL822448,CUST10008,235370,235370,2026-02-08 00:00:00,2026-02-12 00:00:00,API,Paid,0
BILL765841,CUST10387,288975,1135983,2026-03-05 00:00:00,2026-03-10 00:00:00,Mobile,Paid,0
BILL364576,CUST10567,212531,212531,2026-02-05 00:00:00,2026-02-08 00:00:00,Mobile,Paid,0
BILL281073,CUST10206,162750,162750,2026-02-03 00:00:00,2026-02-03 00:00:00,Mobile,Paid,0
BILL548634,CUST10560,304731,1087957,2026-02-09 00:00:00,2026-02-13 00:00:00,Web,Paid,0
BILL216317,CUST10432,148263,148263,2026-02-08 00:00:00,2026-02-08 00:00:00,Mobile,Paid,0
BILL426574,CUST10546,178968,178968,2026-02-05 00:00:00,2026-02-08 00:00:00,Web,Paid,0
BILL649875,CUST10411,149767,149767,2026-02-10 00:00:00,2026-02-10 00:00:00,Web,Paid,0
BILL520144,CUST10482,317106,317106,2026-02-05 00:00:00,2026-02-05 00:00:00,Web,Paid,0
BILL323975,CUST10481,287879,287879,2026-02-01 00:00:00,2026-02-04 00:00:00,Mobile,Paid,0
BILL499760,CUST10193,205671,205671,2026-02-04 00:00:00,2026-02-06 00:00:00,Web,Paid,0
BILL492131,CUST10275,284799,284799,2026-01-31 00:00:00,2026-02-01 00:00:00,Web,Paid,0
BILL174134,CUST10258,198716,114166,2026-02-05 00:00:00,2026-02-10 00:00:00,Web,Paid,0
BILL928340,CUST10406,256264,256264,2026-04-07 00:00:00,2026-04-12 00:00:00,Web,Paid,0
BILL122331,CUST10434,222596,222596,2026-02-06 00:00:00,2026-02-10 00:00:00,Mobile,Paid,0
BILL181386,CUST10038,283493,283493,2026-02-01 00:00:00,2026-02-06 00:00:00,Mobile,Paid,0
BILL403088,CUST10451,253228,253228,2026-02-05 00:00:00,2026-02-08 00:00:00,Mobile,Paid,0
BILL448812,CUST10470,167619,167619,2026-02-05 00:00:00,2026-02-05 00:00:00,Web,Paid,0
BILL140362,CUST10260,149695,149695,2026-02-07 00:00:00,2026-02-07 00:00:00,API,Paid,0
BILL627711,CUST10260,149695,149695,2026-02-07 00:00:00,2026-02-07 00:01:00,API,Paid,0
BILL599554,CUST10260,149695,149695,2026-02-07 00:00:00,2026-02-07 00:02:00,API,Paid,0
BILL172301,CUST10034,108235,108235,2026-02-03 00:00:00,2026-02-04 00:00:00,Mobile,Paid,0
BILL630798,CUST10361,297495,297495,2026-01-31 00:00:00,2026-02-05 00:00:00,Web,Paid,0
BILL445103,CUST10394,290450,290450,2026-02-08 00:00:00,2026-02-10 00:00:00,Web,Paid,0
BILL952906,CUST10487,343510,343510,2026-02-06 00:00:00,2026-02-07 00:00:00,Web,Paid,0
BILL115224,CUST10248,211923,211923,2026-02-07 00:00:00,2026-02-08 00:00:00,Mobile,Paid,0
BILL738970,CUST10306,221146,221146,2026-02-08 00:00:00,2026-02-13 00:00:00,Mobile,Paid,0
BILL384701,CUST10416,138452,138452,2026-02-09 00:00:00,2026-02-11 00:00:00,Mobile,Paid,0
BILL661679,CUST10582,399188,399188,2026-02-01 00:00:00,2026-02-04 00:00:00,Mobile,Paid,0
BILL683584,CUST10550,272473,272473,2026-02-07 00:00:00,2026-02-11 00:00:00,Web,Paid,0
BILL569036,CUST10320,224248,224248,2026-02-01 00:00:00,2026-02-02 00:00:00,Web,Paid,0
BILL368792,CUST10437,176170,176170,2026-03-14 00:00:00,2026-03-19 00:00:00,API,Paid,0
BILL267934,CUST10074,155407,155407,2026-02-02 00:00:00,2026-02-06 00:00:00,API,Paid,0
BILL788362,CUST10383,346266,346266,2026-03-11 00:00:00,2026-03-12 00:00:00,Web,Paid,0
BILL497120,CUST10047,174040,395500,2026-02-01 00:00:00,2026-02-03 00:00:00,API,Paid,0
BILL120317,CUST10167,172148,172148,2026-02-06 00:00:00,2026-02-08 00:00:00,Web,Paid,0
BILL142426,CUST10063,291682,291682,2026-03-14 00:00:00,2026-03-19 00:00:00,Web,Paid,0
BILL525306,CUST10344,240657,240657,2026-03-06 00:00:00,2026-03-07 00:00:00,Web,Paid,0
BILL205683,CUST10297,269700,269700,2026-03-05 00:00:00,2026-03-10 00:00:00,Web,Paid,0
BILL426623,CUST10194,305707,305707,2026-03-13 00:00:00,2026-03-16 00:00:00,Mobile,Paid,0
BILL814656,CUST10245,149125,149125,2026-03-06 00:00:00,2026-03-08 00:00:00,API,Paid,0
BILL234950,CUST10530,292483,73954,2026-02-05 00:00:00,2026-02-09 00:00:00,Mobile,Paid,0
BILL714279,CUST10330,341313,341313,2026-02-02 00:00:00,2026-02-07 00:00:00,Mobile,Paid,0
BILL749063,CUST10509,150011,150011,2026-02-06 00:00:00,2026-02-06 00:00:00,Web,Paid,0
BILL559980,CUST10499,367983,367983,2026-01-31 00:00:00,2026-02-01 00:00:00,Mobile,Paid,0
BILL637032,CUST10464,127515,127515,2026-02-07 00:00:00,2026-02-07 00:00:00,Mobile,Paid,0
BILL820549,CUST10283,101051,101051,2026-02-05 00:00:00,2026-02-10 00:00:00,Mobile,Paid,0
BILL678220,CUST10583,228215,228215,2026-02-05 00:00:00,2026-02-07 00:00:00,Mobile,Paid,0
BILL854734,CUST10491,217446,217446,2026-02-01 00:00:00,2026-02-03 00:00:00,Mobile,Paid,0
BILL526846,CUST10404,362092,362092,2026-02-06 00:00:00,2026-02-08 00:00:00,Web,Paid,0
BILL985870,CUST10301,384312,384312,2026-03-08 00:00:00,2026-03-13 00:00:00,Web,Paid,0
BILL113423,CUST10389,232085,232085,2026-03-14 00:00:00,2026-03-14 00:00:00,Web,Paid,0
BILL287218,CUST10024,252646,252646,2026-02-01 00:00:00,2026-02-01 00:00:00,Web,Paid,0
BILL769974,CUST10202,218656,218656,2026-01-31 00:00:00,2026-02-02 00:00:00,Web,Paid,0
BILL754351,CUST10498,335312,335312,2026-03-09 00:00:00,2026-03-12 00:00:00,Mobile,Paid,0
BILL795257,CUST10551,310461,310461,2026-02-01 00:00:00,2026-02-01 00:00:00,Mobile,Paid,0
BILL245084,CUST10070,110369,110369,2026-01-31 00:00:00,2026-02-03 00:00:00,Web,Paid,0
BILL902655,CUST10410,224918,224918,2026-02-05 00:00:00,2026-02-08 00:00:00,API,Paid,0
BILL286945,CUST10313,199325,199325,2026-02-05 00:00:00,2026-02-08 00:00:00,Mobile,Paid,0
BILL187593,CUST10488,202266,202266,2026-02-09 00:00:00,2026-02-14 00:00:00,Mobile,Paid,0
BILL423961,CUST10594,300870,306801,2026-02-03 00:00:00,2026-02-05 00:00:00,Mobile,Paid,0
BILL679233,CUST10395,126871,62482,2026-02-07 00:00:00,2026-02-08 00:00:00,Mobile,Paid,0
BILL675956,CUST10536,220011,220011,2026-01-31 00:00:00,2026-02-03 00:00:00,Web,Paid,0
BILL813512,CUST10040,301677,301677,2026-02-09 00:00:00,2026-02-08 00:00:00,Mobile,Paid,0
BILL663517,CUST10083,191697,191697,2026-02-03 00:00:00,2026-02-07 00:00:00,Web,Paid,0
BILL451608,CUST10548,324309,324309,2026-02-06 00:00:00,2026-02-07 00:00:00,Web,Paid,0
BILL296526,CUST10346,173798,173798,2026-02-05 00:00:00,2026-02-10 00:00:00,Mobile,Paid,0
BILL865768,CUST10108,336692,336692,2026-02-03 00:00:00,2026-02-06 00:00:00,Mobile,Paid,0
BILL790144,CUST10195,267270,267270,2026-02-09 00:00:00,2026-02-09 00:00:00,Mobile,Paid,0
BILL129161,CUST10592,260721,260721,2026-02-09 00:00:00,2026-02-13 00:00:00,Web,Paid,0
BILL551026,CUST10616,196054,196054,2026-02-02 00:00:00,2026-02-03 00:00:00,Mobile,Paid,0
BILL695707,CUST10134,366610,366610,2026-03-15 00:00:00,2026-03-20 00:00:00,Web,Paid,0
BILL104387,CUST10406,256264,265582,2026-05-12 00:00:00,2026-05-16 00:00:00,Web,Paid,0
BILL267637,CUST10170,290605,290605,2026-02-10 00:00:00,2026-02-12 00:00:00,Mobile,Paid,0
BILL305525,CUST10408,218921,218921,2026-01-31 00:00:00,2026-02-02 00:00:00,Web,Paid,0
BILL127014,CUST10476,355985,355985,2026-02-10 00:00:00,2026-02-15 00:00:00,Web,Paid,0
BILL150426,CUST10131,168512,168512,2026-03-05 00:00:00,2026-03-05 00:00:00,Mobile,Paid,0
BILL786723,CUST10165,382686,105025,2026-02-09 00:00:00,2026-02-14 00:00:00,API,Paid,0
BILL502089,CUST10410,224918,224918,2026-03-10 00:00:00,2026-03-12 00:00:00,Mobile,Paid,0
BILL251708,CUST10571,308834,308834,2026-03-10 00:00:00,2026-03-09 00:00:00,Mobile,Paid,0
BILL340028,CUST10380,136412,136412,2026-02-10 00:00:00,2026-02-14 00:00:00,Web,Paid,0
BILL155267,CUST10226,203978,203978,2026-03-12 00:00:00,2026-03-17 00:00:00,Web,Paid,0
BILL313016,CUST10270,355476,355476,2026-02-08 00:00:00,2026-02-12 00:00:00,Web,Paid,0
BILL695595,CUST10575,294651,294651,2026-02-07 00:00:00,2026-02-08 00:00:00,Mobile,Paid,0
BILL885276,CUST10137,312474,312474,2026-02-10 00:00:00,2026-02-13 00:00:00,Web,Paid,0
BILL954219,CUST10457,217047,217047,2026-03-04 00:00:00,2026-03-09 00:00:00,API,Paid,0
BILL710699,CUST10288,111155,111155,2026-02-02 00:00:00,2026-02-02 00:00:00,Mobile,Paid,0
BILL209337,CUST10385,299414,299414,2026-03-04 00:00:00,2026-03-07 00:00:00,Web,Paid,0
BILL430076,CUST10314,104406,104406,2026-03-12 00:00:00,2026-03-12 00:00:00,Mobile,Paid,0
BILL247097,CUST10496,159420,159420,2026-02-09 00:00:00,2026-02-10 00:00:00,Mobile,Paid,0
BILL354050,CUST10589,243034,243034,2026-02-02 00:00:00,2026-02-06 00:00:00,Mobile,Paid,0
BILL699853,CUST10056,259856,259856,2026-02-02 00:00:00,2026-02-06 00:00:00,Mobile,Paid,0
BILL140841,CUST10592,260721,1443059,2026-03-15 00:00:00,2026-03-17 00:00:00,Web,Paid,0
BILL969592,CUST10073,207444,207444,2026-03-12 00:00:00,2026-03-13 00:00:00,Web,Paid,0
BILL359920,CUST10446,332242,332242,2026-02-02 00:00:00,2026-02-02 00:00:00,Web,Paid,0
BILL491846,CUST10469,346728,346728,2026-02-07 00:00:00,2026-02-11 00:00:00,Mobile,Paid,1
BILL423219,CUST10382,319178,334433,2026-02-01 00:00:00,2026-02-01 00:00:00,Web,Paid,0
BILL431398,CUST10044,169553,169553,2026-02-02 00:00:00,2026-02-03 00:00:00,Web,Paid,0
BILL275782,CUST10337,169043,169043,2026-02-09 00:00:00,2026-02-09 00:00:00,Mobile,Paid,0
BILL129335,CUST10275,284799,284799,2026-03-03 00:00:00,2026-03-06 00:00:00,Web,Paid,0
BILL179691,CUST10060,153034,153034,2026-02-09 00:00:00,2026-02-09 00:00:00,Web,Paid,0
BILL979147,CUST10312,385962,385962,2026-01-31 00:00:00,2026-02-04 00:00:00,Mobile,Paid,0
BILL533627,CUST10023,275833,275833,2026-02-04 00:00:00,2026-02-09 00:00:00,Mobile,Paid,0
BILL508098,CUST10496,159420,159420,2026-03-12 00:00:00,2026-03-12 00:00:00,Mobile,Paid,0
BILL113941,CUST10317,393733,393733,2026-02-04 00:00:00,2026-02-08 00:00:00,Mobile,Paid,0
BILL467904,CUST10383,346266,346266,2026-04-11 00:00:00,2026-04-15 00:00:00,Web,Paid,0
BILL233701,CUST10605,167331,167331,2026-02-10 00:00:00,2026-02-13 00:00:00,Web,Paid,0
BILL809518,CUST10033,192674,192674,2026-02-05 00:00:00,2026-02-05 00:00:00,Mobile,Paid,0
BILL166545,CUST10038,283493,287254,2026-03-08 00:00:00,2026-03-08 00:00:00,Mobile,Paid,0
BILL652592,CUST10409,337522,337522,2026-02-06 00:00:00,2026-02-07 00:00:00,API,Paid,0
BILL918693,CUST10430,119549,119549,2026-02-10 00:00:00,2026-02-12 00:00:00,Mobile,Paid,0
BILL644755,CUST10177,188340,188340,2026-02-08 00:00:00,2026-02-08 00:00:00,Web,Paid,0
BILL863314,CUST10017,248631,248631,2026-01-31 00:00:00,2026-02-02 00:00:00,Web,Paid,0
BILL652563,CUST10044,169553,168855,2026-03-05 00:00:00,2026-03-09 00:00:00,Web,Paid,0
BILL420092,CUST10297,269700,269700,2026-04-09 00:00:00,2026-04-14 00:00:00,Web,Paid,0
BILL709515,CUST10571,308834,308834,2026-04-08 00:00:00,2026-04-10 00:00:00,Mobile,Paid,0
BILL507096,CUST10222,302556,302556,2026-02-10 00:00:00,2026-02-15 00:00:00,Web,Paid,0
BILL529556,CUST10287,337070,912584,2026-02-01 00:00:00,2026-02-01 00:00:00,Web,Paid,0
BILL731709,CUST10144,156018,156018,2026-02-08 00:00:00,2026-02-13 00:00:00,Web,Paid,0
BILL724525,CUST10477,154672,154672,2026-01-31 00:00:00,2026-02-05 00:00:00,Mobile,Paid,0
BILL264924,CUST10482,317106,317106,2026-03-07 00:00:00,2026-03-07 00:00:00,Web,Paid,0
BILL802522,CUST10502,327978,327978,2026-02-10 00:00:00,2026-02-12 00:00:00,Web,Paid,0
BILL400067,CUST10406,256264,256264,2026-06-15 00:00:00,2026-06-19 00:00:00,Web,Paid,0
BILL858237,CUST10090,263843,263843,2026-02-07 00:00:00,2026-02-10 00:00:00,Web,Paid,0
BILL294426,CUST10161,344866,344866,2026-02-03 00:00:00,2026-02-08 00:00:00,Mobile,Paid,0
BILL855605,CUST10155,387650,385979,2026-01-31 00:00:00,2026-02-04 00:00:00,Mobile,Paid,0
BILL867290,CUST10518,144976,144976,2026-02-03 00:00:00,2026-02-08 00:00:00,Web,Paid,0
BILL972182,CUST10287,337070,337070,2026-03-03 00:00:00,2026-03-06 00:00:00,Web,Paid,0
BILL170240,CUST10451,253228,253228,2026-03-10 00:00:00,2026-03-14 00:00:00,Mobile,Paid,0
BILL607161,CUST10142,103897,103897,2026-02-05 00:00:00,2026-02-05 00:00:00,API,Paid,0
BILL949428,CUST10358,125188,78151,2026-03-11 00:00:00,2026-03-13 00:00:00,Mobile,Paid,0
BILL554971,CUST10272,118808,118808,2026-02-04 00:00:00,2026-02-04 00:00:00,Web,Paid,0
BILL799532,CUST10152,104595,104595,2026-01-31 00:00:00,2026-02-05 00:00:00,Mobile,Paid,0
BILL681623,CUST10110,259291,259291,2026-02-01 00:00:00,2026-02-03 00:00:00,Mobile,Paid,0
BILL821224,CUST10010,272952,272952,2026-03-03 00:00:00,2026-03-03 00:00:00,API,Paid,0
BILL133158,CUST10010,272952,272952,2026-03-03 00:00:00,2026-03-03 00:01:00,API,Paid,0
BILL790116,CUST10010,272952,272952,2026-03-03 00:00:00,2026-03-03 00:02:00,API,Paid,0
BILL466679,CUST10173,273864,273864,2026-02-01 00:00:00,2026-02-01 00:00:00,Mobile,Paid,0
BILL789780,CUST10382,319178,319178,2026-03-03 00:00:00,2026-03-05 00:00:00,Web,Paid,0
BILL178535,CUST10573,131534,131534,2026-03-02 00:00:00,2026-03-06 00:00:00,Web,Paid,0
BILL280132,CUST10415,167276,167276,2026-02-02 00:00:00,2026-02-06 00:00:00,Mobile,Paid,0
BILL979944,CUST10145,392922,392922,2026-02-05 00:00:00,2026-02-10 00:00:00,Web,Paid,0
BILL634787,CUST10373,266015,266015,2026-02-01 00:00:00,2026-02-04 00:00:00,Web,Paid,0
BILL834661,CUST10533,335715,335715,2026-02-05 00:00:00,2026-02-09 00:00:00,Web,Paid,0
BILL565970,CUST10363,390051,390051,2026-02-06 00:00:00,2026-02-08 00:00:00,Web,Paid,0
BILL545165,CUST10338,214725,214725,2026-02-01 00:00:00,2026-02-03 00:00:00,Mobile,Paid,0
BILL636924,CUST10005,153842,153842,2026-02-08 00:00:00,2026-02-08 00:00:00,Web,Paid,0
BILL108418,CUST10115,371698,371698,2026-02-08 00:00:00,2026-02-09 00:00:00,Mobile,Paid,0
BILL548991,CUST10528,152607,152607,2026-02-08 00:00:00,2026-02-08 00:00:00,Mobile,Paid,0
BILL167962,CUST10101,176350,176350,2026-03-05 00:00:00,2026-03-07 00:00:00,Web,Paid,0
BILL353226,CUST10256,321442,321442,2026-02-05 00:00:00,2026-02-05 00:00:00,Web,Paid,0
BILL517564,CUST10394,290450,290450,2026-03-12 00:00:00,2026-03-13 00:00:00,Web,Paid,0
BILL987887,CUST10259,161507,161507,2026-01-31 00:00:00,2026-01-31 00:00:00,Web,Paid,0
BILL303496,CUST10376,370526,370526,2026-02-05 00:00:00,2026-02-06 00:00:00,Web,Paid,0
BILL161538,CUST10025,333506,333506,2026-02-07 00:00:00,2026-02-11 00:00:00,Web,Paid,0
BILL507765,CUST10359,265900,265900,2026-02-08 00:00:00,2026-02-11 00:00:00,Web,Paid,0
BILL659936,CUST10372,220460,220460,2026-03-09 00:00:00,2026-03-12 00:00:00,Web,Paid,0
BILL949688,CUST10508,348867,348867,2026-01-31 00:00:00,2026-02-04 00:00:00,Web,Paid,0
BILL218699,CUST10062,312378,312378,2026-02-01 00:00:00,2026-02-05 00:00:00,Mobile,Paid,0
BILL860135,CUST10133,321466,321466,2026-02-05 00:00:00,2026-02-05 00:00:00,Web,Paid,0
BILL590188,CUST10379,267137,267137,2026-04-20 00:00:00,2026-04-24 00:00:00,Mobile,Paid,0
BILL172605,CUST10287,337070,337070,2026-04-05 00:00:00,2026-04-07 00:00:00,Web,Paid,0
BILL324508,CUST10471,365335,365335,2026-02-04 00:00:00,2026-02-06 00:00:00,Mobile,Paid,0
BILL909687,CUST10238,239019,239019,2026-02-06 00:00:00,2026-02-06 00:00:00,Mobile,Paid,0
BILL885845,CUST10018,378464,378464,2026-02-10 00:00:00,2026-02-15 00:00:00,Mobile,Paid,0
BILL586724,CUST10424,225010,225010,2026-03-12 00:00:00,2026-03-12 00:00:00,Mobile,Paid,0
BILL172734,CUST10515,239952,239952,2026-02-08 00:00:00,2026-02-11 00:00:00,Mobile,Paid,0
BILL846015,CUST10361,297495,297495,2026-03-07 00:00:00,2026-03-08 00:00:00,Web,Paid,0
BILL442342,CUST10349,168829,168829,2026-01-31 00:00:00,2026-02-05 00:00:00,Mobile,Paid,0
BILL693599,CUST10281,145537,145537,2026-02-09 00:00:00,2026-02-14 00:00:00,Web,Paid,0
BILL296914,CUST10619,156874,156874,2026-02-08 00:00:00,2026-02-11 00:00:00,Mobile,Paid,0
BILL509012,CUST10579,131456,131456,2026-01-31 00:00:00,2026-02-04 00:00:00,API,Paid,0
BILL291263,CUST10321,259198,259198,2026-03-04 00:00:00,2026-03-04 00:00:00,API,Paid,0
BILL681976,CUST10071,237224,237224,2026-03-10 00:00:00,2026-03-14 00:00:00,API,Paid,0
BILL279710,CUST10300,103916,103916,2026-02-02 00:00:00,2026-02-03 00:00:00,Mobile,Paid,0
BILL432776,CUST10534,291049,295918,2026-02-09 00:00:00,2026-02-09 00:00:00,Mobile,Paid,0
BILL906074,CUST10099,272414,272414,2026-02-05 00:00:00,2026-02-09 00:00:00,Web,Paid,0
BILL413430,CUST10597,222142,222142,2026-02-02 00:00:00,2026-02-03 00:00:00,Web,Paid,0
BILL811539,CUST10377,248037,248037,2026-02-01 00:00:00,2026-02-04 00:00:00,API,Paid,0
BILL285806,CUST10397,321880,321880,2026-02-09 00:00:00,2026-02-14 00:00:00,Mobile,Paid,0
BILL398863,CUST10581,319058,319058,2026-03-14 00:00:00,2026-03-19 00:00:00,Mobile,Paid,0
BILL525247,CUST10492,132628,132628,2026-03-05 00:00:00,2026-03-06 00:00:00,Web,Paid,0
BILL253483,CUST10285,375934,375934,2026-03-04 00:00:00,2026-03-07 00:00:00,Mobile,Paid,0
BILL399517,CUST10298,252847,252847,2026-02-05 00:00:00,2026-02-05 00:00:00,Mobile,Paid,0
BILL846936,CUST10557,259648,259648,2026-02-01 00:00:00,2026-02-06 00:00:00,Mobile,Paid,0
BILL722700,CUST10012,354052,354052,2026-02-09 00:00:00,2026-02-12 00:00:00,Mobile,Paid,0
BILL913116,CUST10030,378810,378810,2026-02-01 00:00:00,2026-01-31 00:00:00,Web,Paid,0
BILL598723,CUST10511,361457,361457,2026-03-10 00:00:00,2026-03-11 00:00:00,Mobile,Paid,0
BILL985406,CUST10407,317152,317152,2026-04-10 00:00:00,2026-04-15 00:00:00,Mobile,Paid,0
BILL710143,CUST10554,369856,369856,2026-02-08 00:00:00,2026-02-09 00:00:00,API,Paid,0
BILL116696,CUST10604,335897,335897,2026-03-09 00:00:00,2026-03-09 00:00:00,Web,Paid,0
BILL868500,CUST10503,252261,252261,2026-03-05 00:00:00,2026-03-04 00:00:00,Mobile,Paid,0
BILL396889,CUST10121,363947,363947,2026-02-04 00:00:00,2026-02-04 00:00:00,Mobile,Paid,0
BILL950228,CUST10196,193206,193206,2026-03-11 00:00:00,2026-03-12 00:00:00,Mobile,Paid,0
BILL189021,CUST10369,307889,307889,2026-03-05 00:00:00,2026-03-09 00:00:00,Web,Paid,0
BILL365501,CUST10004,290789,290789,2026-04-04 00:00:00,2026-04-06 00:00:00,Mobile,Paid,0
BILL292600,CUST10298,252847,252847,2026-03-07 00:00:00,2026-03-07 00:00:00,Mobile,Paid,0
BILL799115,CUST10479,264655,264655,2026-02-04 00:00:00,2026-02-06 00:00:00,Web,Paid,0
BILL178152,CUST10502,327978,327978,2026-03-14 00:00:00,2026-03-17 00:00:00,Web,Paid,0
BILL771565,CUST10480,105645,105645,2026-02-04 00:00:00,2026-02-07 00:00:00,Mobile,Paid,0
BILL740944,CUST10490,308508,308508,2026-02-02 00:00:00,2026-02-06 00:00:00,Mobile,Paid,0
BILL725152,CUST10350,227517,227517,2026-01-31 00:00:00,2026-02-01 00:00:00,Mobile,Paid,0
BILL459162,CUST10209,158617,158617,2026-02-09 00:00:00,2026-02-14 00:00:00,Mobile,Paid,0
BILL736582,CUST10515,239952,239952,2026-03-13 00:00:00,2026-03-17 00:00:00,Mobile,Paid,0
BILL773319,CUST10197,240006,240006,2026-02-05 00:00:00,2026-02-06 00:00:00,Mobile,Paid,0
BILL491190,CUST10461,160670,160670,2026-02-07 00:00:00,2026-02-10 00:00:00,Mobile,Paid,0
BILL536077,CUST10539,274276,274276,2026-02-01 00:00:00,2026-02-02 00:00:00,Mobile,Paid,0
BILL418732,CUST10377,248037,248037,2026-03-06 00:00:00,2026-03-06 00:00:00,Mobile,Paid,0
BILL305154,CUST10503,252261,252261,2026-04-03 00:00:00,2026-04-06 00:00:00,Mobile,Paid,0
BILL311523,CUST10255,188144,188144,2026-02-09 00:00:00,2026-02-09 00:00:00,Web,Paid,0
BILL939967,CUST10399,273643,273643,2026-02-06 00:00:00,2026-02-07 00:00:00,Web,Paid,0
BILL597230,CUST10018,378464,378464,2026-03-17 00:00:00,2026-03-21 00:00:00,Mobile,Paid,0
BILL223173,CUST10507,151074,156066,2026-02-01 00:00:00,2026-02-03 00:00:00,Mobile,Paid,0
BILL458292,CUST10351,243567,243567,2026-02-02 00:00:00,2026-02-07 00:00:00,Web,Paid,0
BILL997719,CUST10339,166164,166164,2026-02-01 00:00:00,2026-02-03 00:00:00,Mobile,Paid,0
BILL753093,CUST10146,116906,116906,2026-02-07 00:00:00,2026-02-09 00:00:00,Web,Paid,0
BILL502479,CUST10158,223467,223467,2026-02-04 00:00:00,2026-02-09 00:00:00,Web,Paid,0
BILL674173,CUST10577,390170,390170,2026-02-06 00:00:00,2026-02-11 00:00:00,Web,Paid,0
BILL529613,CUST10340,346715,346715,2026-03-07 00:00:00,2026-03-11 00:00:00,Web,Paid,0
BILL816823,CUST10360,105618,105618,2026-03-04 00:00:00,2026-03-04 00:00:00,Web,Paid,0
BILL985198,CUST10410,224918,828270,2026-04-11 00:00:00,2026-04-10 00:00:00,Mobile,Paid,0
BILL245448,CUST10387,288975,288975,2026-04-09 00:00:00,2026-04-09 00:00:00,Mobile,Paid,0
BILL310330,CUST10235,396186,396186,2026-02-09 00:00:00,2026-02-09 00:00:00,Mobile,Paid,0
BILL699776,CUST10612,296808,296808,2026-02-04 00:00:00,2026-02-05 00:00:00,Web,Paid,0
BILL750341,CUST10444,299032,299032,2026-02-05 00:00:00,2026-02-07 00:00:00,Web,Paid,0
BILL188986,CUST10604,335897,335897,2026-04-08 00:00:00,2026-04-13 00:00:00,Web,Paid,0
BILL846294,CUST10310,162282,162282,2026-02-08 00:00:00,2026-02-09 00:00:00,Mobile,Paid,0
BILL227963,CUST10108,336692,336692,2026-03-08 00:00:00,2026-03-12 00:00:00,Mobile,Paid,0
BILL591964,CUST10275,284799,284799,2026-04-05 00:00:00,2026-04-07 00:00:00,Web,Paid,0
BILL361875,CUST10046,304792,304792,2026-02-01 00:00:00,2026-02-01 00:00:00,Web,Paid,0
BILL174560,CUST10458,327118,327118,2026-02-04 00:00:00,2026-02-06 00:00:00,Mobile,Paid,0
BILL362053,CUST10303,116210,116210,2026-03-14 00:00:00,2026-03-16 00:00:00,Web,Paid,0
BILL125667,CUST10382,319178,319178,2026-04-04 00:00:00,2026-04-04 00:00:00,Web,Paid,0
BILL736409,CUST10612,296808,296808,2026-03-07 00:00:00,2026-03-09 00:00:00,Web,Paid,0
BILL977871,CUST10557,259648,259648,2026-03-08 00:00:00,2026-03-10 00:00:00,Mobile,Paid,0
BILL592320,CUST10014,292242,292242,2026-02-04 00:00:00,2026-02-05 00:00:00,Mobile,Paid,0
BILL415803,CUST10244,360335,360335,2026-02-09 00:00:00,2026-02-10 00:00:00,Mobile,Paid,0
BILL316306,CUST10325,220741,220741,2026-02-04 00:00:00,2026-02-04 00:00:00,API,Paid,0
BILL765165,CUST10529,334563,346246,2026-02-09 00:00:00,2026-02-14 00:00:00,Web,Paid,0
BILL838752,CUST10534,291049,291049,2026-03-11 00:00:00,2026-03-14 00:00:00,Mobile,Paid,0
BILL751404,CUST10228,360483,360483,2026-02-01 00:00:00,2026-02-01 00:00:00,Mobile,Paid,0
BILL114963,CUST10559,119656,119656,2026-02-05 00:00:00,2026-02-05 00:00:00,Mobile,Paid,0
BILL424864,CUST10532,229729,229729,2026-02-06 00:00:00,2026-02-06 00:00:00,Mobile,Paid,0
BILL761889,CUST10606,122236,122236,2026-02-10 00:00:00,2026-02-15 00:00:00,Mobile,Paid,0
BILL874058,CUST10026,141285,141285,2026-02-06 00:00:00,2026-02-10 00:00:00,Web,Paid,0
BILL807298,CUST10424,225010,225010,2026-04-11 00:00:00,2026-04-16 00:00:00,Mobile,Paid,0
BILL491282,CUST10115,371698,368636,2026-03-11 00:00:00,2026-03-16 00:00:00,Mobile,Paid,0
BILL712414,CUST10264,192558,192558,2026-02-05 00:00:00,2026-02-10 00:00:00,Web,Paid,0
BILL757381,CUST10193,205671,205671,2026-03-08 00:00:00,2026-03-13 00:00:00,Web,Paid,0
BILL224481,CUST10184,307487,300319,2026-01-31 00:00:00,2026-02-02 00:00:00,Web,Paid,0
BILL673560,CUST10202,218656,218656,2026-03-04 00:00:00,2026-03-09 00:00:00,Web,Paid,0
BILL590274,CUST10456,297942,292644,2026-02-09 00:00:00,2026-02-11 00:00:00,Mobile,Paid,0
BILL789166,CUST10366,135898,135898,2026-02-02 00:00:00,2026-02-04 00:00:00,Mobile,Paid,0
BILL903717,CUST10332,192531,192531,2026-02-01 00:00:00,2026-02-05 00:00:00,API,Paid,0
BILL363405,CUST10066,362601,362601,2026-03-03 00:00:00,2026-03-04 00:00:00,Web,Paid,0
BILL732514,CUST10191,230963,230963,2026-02-02 00:00:00,2026-02-02 00:00:00,Mobile,Paid,0
BILL861100,CUST10048,286473,286473,2026-02-01 00:00:00,2026-02-04 00:00:00,Mobile,Paid,0
BILL260321,CUST10140,178769,178769,2026-02-10 00:00:00,2026-02-13 00:00:00,Mobile,Paid,0
BILL655615,CUST10578,194175,194175,2026-03-13 00:00:00,2026-03-14 00:00:00,Mobile,Paid,0
BILL340626,CUST10046,304792,304792,2026-03-03 00:00:00,2026-03-06 00:00:00,Web,Paid,0
BILL633117,CUST10435,240524,240524,2026-02-08 00:00:00,2026-02-10 00:00:00,Mobile,Paid,0
BILL419194,CUST10312,385962,385962,2026-03-06 00:00:00,2026-03-09 00:00:00,Mobile,Paid,0
BILL945195,CUST10161,344866,344866,2026-03-10 00:00:00,2026-03-11 00:00:00,Mobile,Paid,0
BILL474661,CUST10317,393733,393733,2026-03-10 00:00:00,2026-03-13 00:00:00,Mobile,Paid,0
BILL897798,CUST10194,305707,305707,2026-04-15 00:00:00,2026-04-15 00:00:00,Mobile,Paid,0
BILL711928,CUST10161,344866,344866,2026-04-10 00:00:00,2026-04-15 00:00:00,Mobile,Paid,0
BILL770543,CUST10605,167331,167331,2026-03-15 00:00:00,2026-03-17 00:00:00,API,Paid,0
BILL527844,CUST10609,222054,222054,2026-03-08 00:00:00,2026-03-09 00:00:00,Web,Paid,0
BILL123923,CUST10537,313828,313828,2026-02-06 00:00:00,2026-02-09 00:00:00,Mobile,Paid,0
BILL825796,CUST10403,274987,274987,2026-02-10 00:00:00,2026-02-14 00:00:00,Web,Paid,0
BILL690552,CUST10262,114741,114741,2026-02-10 00:00:00,2026-02-10 00:00:00,Web,Paid,0
BILL308863,CUST10467,239957,99957,2026-02-02 00:00:00,2026-02-06 00:00:00,API,Paid,0
BILL160708,CUST10105,208383,208383,2026-02-03 00:00:00,2026-02-06 00:00:00,Mobile,Paid,0
BILL585171,CUST10052,251664,251664,2026-02-06 00:00:00,2026-02-11 00:00:00,Mobile,Paid,0
BILL240774,CUST10091,271646,271646,2026-02-02 00:00:00,2026-02-07 00:00:00,Web,Paid,0
BILL228673,CUST10577,390170,376754,2026-03-13 00:00:00,2026-03-13 00:00:00,Web,Paid,0
BILL628824,CUST10144,156018,156018,2026-03-15 00:00:00,2026-03-17 00:00:00,Web,Paid,0
BILL770366,CUST10313,199325,199325,2026-03-10 00:00:00,2026-03-12 00:00:00,Mobile,Paid,0
BILL764137,CUST10336,314172,314172,2026-02-08 00:00:00,2026-02-08 00:00:00,Mobile,Paid,0
BILL908227,CUST10426,269834,1218034,2026-02-02 00:00:00,2026-02-05 00:00:00,Web,Paid,0
BILL135188,CUST10085,211430,211430,2026-02-04 00:00:00,2026-02-09 00:00:00,Mobile,Paid,0
BILL396737,CUST10120,190853,1093098,2026-02-08 00:00:00,2026-02-07 00:00:00,Mobile,Paid,0
BILL327836,CUST10279,232515,232515,2026-02-07 00:00:00,2026-02-09 00:00:00,Web,Paid,0
BILL674018,CUST10459,103100,103100,2026-03-03 00:00:00,2026-03-07 00:00:00,Mobile,Paid,0
BILL864240,CUST10274,234102,234102,2026-02-08 00:00:00,2026-02-10 00:00:00,Mobile,Paid,0
BILL960982,CUST10467,239957,239957,2026-03-08 00:00:00,2026-03-11 00:00:00,Mobile,Paid,0
BILL862569,CUST10148,325831,325831,2026-02-06 00:00:00,2026-02-09 00:00:00,Web,Paid,0
BILL613744,CUST10595,388505,388505,2026-01-31 00:00:00,2026-02-02 00:00:00,Mobile,Paid,0
BILL661067,CUST10433,352026,352026,2026-02-08 00:00:00,2026-02-13 00:00:00,Web,Paid,0
BILL778360,CUST10284,295311,295311,2026-02-10 00:00:00,2026-02-13 00:00:00,Web,Paid,0
BILL258878,CUST10140,178769,178769,2026-03-15 00:00:00,2026-03-20 00:00:00,Mobile,Paid,0
BILL508005,CUST10451,253228,253228,2026-04-13 00:00:00,2026-04-14 00:00:00,API,Paid,0
BILL730635,CUST10098,135211,135211,2026-02-02 00:00:00,2026-02-05 00:00:00,Web,Paid,0
BILL117420,CUST10596,256895,256895,2026-03-06 00:00:00,2026-03-10 00:00:00,Web,Paid,0
BILL180715,CUST10591,281465,281465,2026-02-01 00:00:00,2026-02-05 00:00:00,Mobile,Paid,0
BILL195577,CUST10110,259291,259291,2026-03-05 00:00:00,2026-03-06 00:00:00,Mobile,Paid,0
BILL595247,CUST10449,285445,285445,2026-02-06 00:00:00,2026-02-10 00:00:00,Web,Paid,0
BILL130596,CUST10340,346715,346715,2026-04-10 00:00:00,2026-04-10 00:00:00,Web,Paid,0
BILL600108,CUST10328,184243,184243,2026-02-08 00:00:00,2026-02-11 00:00:00,Web,Paid,0
BILL597963,CUST10523,276201,276201,2026-02-03 00:00:00,2026-02-05 00:00:00,Web,Paid,0
BILL688882,CUST10206,162750,162750,2026-03-05 00:00:00,2026-03-07 00:00:00,Mobile,Paid,0
BILL769089,CUST10221,300750,202322,2026-02-05 00:00:00,2026-02-05 00:00:00,Mobile,Paid,0
BILL272202,CUST10495,342600,342600,2026-02-06 00:00:00,2026-02-10 00:00:00,Web,Paid,0
BILL606458,CUST10392,380320,380320,2026-02-08 00:00:00,2026-02-12 00:00:00,Mobile,Paid,0
BILL834522,CUST10332,192531,192531,2026-03-07 00:00:00,2026-03-11 00:00:00,Mobile,Paid,0
BILL287797,CUST10116,102455,102455,2026-01-31 00:00:00,2026-02-04 00:00:00,Mobile,Paid,0
BILL666579,CUST10043,117933,117933,2026-02-07 00:00:00,2026-02-09 00:00:00,Web,Paid,0
BILL121817,CUST10144,156018,156018,2026-04-16 00:00:00,2026-04-20 00:00:00,Web,Paid,0
BILL232681,CUST10363,390051,390051,2026-03-10 00:00:00,2026-03-13 00:00:00,Web,Paid,0
BILL605866,CUST10269,293166,293166,2026-02-07 00:00:00,2026-02-11 00:00:00,Web,Paid,0
BILL463642,CUST10018,378464,378464,2026-04-20 00:00:00,2026-04-24 00:00:00,Mobile,Paid,0
BILL819704,CUST10367,217341,217341,2026-04-14 00:00:00,2026-04-16 00:00:00,API,Paid,0
BILL990861,CUST10176,366658,366658,2026-02-10 00:00:00,2026-02-10 00:00:00,Web,Paid,0
BILL921127,CUST10262,114741,114741,2026-03-12 00:00:00,2026-03-13 00:00:00,API,Paid,0
BILL425656,CUST10495,342600,342600,2026-03-12 00:00:00,2026-03-12 00:00:00,Web,Paid,0
BILL604796,CUST10348,355414,355414,2026-01-31 00:00:00,2026-02-05 00:00:00,Web,Paid,0
BILL157327,CUST10592,260721,260721,2026-04-16 00:00:00,2026-04-16 00:00:00,API,Paid,0
BILL393853,CUST10592,260721,260721,2026-04-16 00:00:00,2026-04-16 00:01:00,API,Paid,0
BILL686947,CUST10577,390170,390170,2026-04-12 00:00:00,2026-04-14 00:00:00,Web,Paid,0
BILL295620,CUST10205,363069,197768,2026-03-07 00:00:00,2026-03-09 00:00:00,Mobile,Paid,0
BILL938964,CUST10083,191697,191697,2026-03-09 00:00:00,2026-03-10 00:00:00,Web,Paid,0
BILL615562,CUST10472,398226,398226,2026-02-02 00:00:00,2026-02-07 00:00:00,Mobile,Paid,0
BILL870105,CUST10163,268582,268582,2026-02-03 00:00:00,2026-02-07 00:00:00,Mobile,Paid,0
BILL429001,CUST10604,335897,335897,2026-05-13 00:00:00,2026-05-17 00:00:00,Web,Paid,0
BILL589415,CUST10571,308834,308834,2026-05-10 00:00:00,2026-05-13 00:00:00,Mobile,Paid,0
BILL933280,CUST10490,308508,308508,2026-03-08 00:00:00,2026-03-11 00:00:00,Mobile,Paid,0
BILL582160,CUST10518,144976,144976,2026-03-10 00:00:00,2026-03-11 00:00:00,Web,Paid,0
BILL262494,CUST10615,228653,228653,2026-02-05 00:00:00,2026-02-09 00:00:00,Web,Paid,0
BILL424936,CUST10603,158354,158354,2026-02-10 00:00:00,2026-02-12 00:00:00,Web,Paid,0
BILL822980,CUST10517,222616,222616,2026-03-14 00:00:00,2026-03-15 00:00:00,Mobile,Paid,0
BILL793280,CUST10573,131534,131534,2026-04-05 00:00:00,2026-04-10 00:00:00,Web,Paid,0
BILL696498,CUST10052,251664,251664,2026-03-13 00:00:00,2026-03-16 00:00:00,Mobile,Paid,0
BILL123071,CUST10172,250168,250168,2026-02-06 00:00:00,2026-02-08 00:00:00,Web,Paid,0
BILL449042,CUST10285,375934,375934,2026-04-06 00:00:00,2026-04-06 00:00:00,Mobile,Paid,0
BILL491756,CUST10002,132483,132483,2026-02-05 00:00:00,2026-02-05 00:00:00,API,Paid,0
BILL814919,CUST10002,132483,132483,2026-02-05 00:00:00,2026-02-05 00:01:00,API,Paid,0
BILL964388,CUST10002,132483,132483,2026-02-05 00:00:00,2026-02-05 00:02:00,API,Paid,0
BILL288840,CUST10266,323621,323621,2026-02-06 00:00:00,2026-02-10 00:00:00,API,Paid,0
BILL334179,CUST10170,290605,105977,2026-03-14 00:00:00,2026-03-14 00:00:00,Mobile,Paid,0
BILL669240,CUST10502,327978,327978,2026-04-16 00:00:00,2026-04-17 00:00:00,Web,Paid,0
BILL742421,CUST10406,256264,256264,2026-07-19 00:00:00,2026-07-21 00:00:00,Web,Paid,0
BILL463455,CUST10476,355985,355985,2026-03-17 00:00:00,2026-03-20 00:00:00,Web,Paid,0
BILL838755,CUST10452,181594,181594,2026-02-09 00:00:00,2026-02-09 00:00:00,API,Paid,0
BILL996311,CUST10452,181594,181594,2026-02-09 00:00:00,2026-02-09 00:01:00,API,Paid,0
BILL738021,CUST10355,283799,283799,2026-02-03 00:00:00,2026-02-03 00:00:00,Web,Paid,0
BILL393302,CUST10017,248631,248631,2026-03-04 00:00:00,2026-03-07 00:00:00,Web,Paid,0
BILL655226,CUST10322,250013,250013,2026-02-06 00:00:00,2026-02-07 00:00:00,Web,Paid,0
BILL884181,CUST10432,148263,148263,2026-03-10 00:00:00,2026-03-15 00:00:00,Mobile,Paid,0
BILL117581,CUST10173,273864,273864,2026-03-03 00:00:00,2026-03-04 00:00:00,Mobile,Paid,0
BILL235853,CUST10349,168829,168829,2026-03-07 00:00:00,2026-03-07 00:00:00,Mobile,Paid,0
BILL923275,CUST10110,259291,259291,2026-04-05 00:00:00,2026-04-07 00:00:00,Mobile,Paid,0
BILL855706,CUST10009,375989,375989,2026-01-31 00:00:00,2026-02-02 00:00:00,Mobile,Paid,0
BILL918268,CUST10187,162615,162615,2026-02-02 00:00:00,2026-02-02 00:00:00,Mobile,Paid,0
BILL711405,CUST10071,237224,237224,2026-04-13 00:00:00,2026-04-16 00:00:00,Web,Paid,0
BILL406406,CUST10281,145537,145537,2026-03-16 00:00:00,2026-03-21 00:00:00,Web,Paid,0
BILL485919,CUST10332,192531,192531,2026-04-10 00:00:00,2026-04-13 00:00:00,Mobile,Paid,0
BILL369506,CUST10063,291682,290442,2026-04-18 00:00:00,2026-04-22 00:00:00,Web,Paid,0
BILL782923,CUST10151,334128,334128,2026-02-05 00:00:00,2026-02-10 00:00:00,Web,Paid,0
BILL899148,CUST10025,333506,333506,2026-03-13 00:00:00,2026-03-18 00:00:00,Web,Paid,0
BILL760618,CUST10132,376210,376210,2026-02-04 00:00:00,2026-02-09 00:00:00,Web,Paid,0
BILL534906,CUST10368,133379,133379,2026-03-06 00:00:00,2026-03-10 00:00:00,Web,Paid,0
BILL519430,CUST10078,117102,117102,2026-02-05 00:00:00,2026-02-04 00:00:00,Mobile,Paid,0
BILL382635,CUST10148,325831,325831,2026-03-11 00:00:00,2026-03-11 00:00:00,API,Paid,0
BILL321248,CUST10148,325831,325831,2026-03-11 00:00:00,2026-03-11 00:01:00,API,Paid,0
BILL173931,CUST10148,325831,325831,2026-03-11 00:00:00,2026-03-11 00:02:00,API,Paid,0
BILL194618,CUST10607,195355,195355,2026-03-10 00:00:00,2026-03-10 00:00:00,Web,Paid,0
BILL815763,CUST10156,219188,73868,2026-02-05 00:00:00,2026-02-08 00:00:00,Web,Paid,0
BILL547271,CUST10119,278581,278581,2026-02-02 00:00:00,2026-02-05 00:00:00,Mobile,Paid,0
BILL649951,CUST10174,340419,340419,2026-02-08 00:00:00,2026-02-09 00:00:00,Mobile,Paid,0
BILL206958,CUST10022,241872,241872,2026-02-08 00:00:00,2026-02-11 00:00:00,Mobile,Paid,0
BILL829128,CUST10614,326804,326804,2026-02-04 00:00:00,2026-02-04 00:00:00,Web,Paid,0
BILL901568,CUST10230,298652,298652,2026-03-14 00:00:00,2026-03-19 00:00:00,Web,Paid,0
BILL269831,CUST10063,291682,291682,2026-05-22 00:00:00,2026-05-26 00:00:00,Web,Paid,0
BILL998209,CUST10325,220741,220741,2026-03-06 00:00:00,2026-03-08 00:00:00,Web,Paid,0
BILL606253,CUST10110,259291,259291,2026-05-07 00:00:00,2026-05-09 00:00:00,Mobile,Paid,0
BILL265911,CUST10131,168512,168512,2026-04-04 00:00:00,2026-04-07 00:00:00,Mobile,Paid,1
BILL980332,CUST10454,215896,215896,2026-02-05 00:00:00,2026-02-10 00:00:00,Web,Paid,0
BILL206622,CUST10316,324947,324947,2026-02-01 00:00:00,2026-02-06 00:00:00,Mobile,Paid,0
BILL588155,CUST10122,151433,151433,2026-02-09 00:00:00,2026-02-11 00:00:00,Web,Paid,0
BILL413505,CUST10141,352427,352427,2026-03-10 00:00:00,2026-03-13 00:00:00,Web,Paid,0
BILL863307,CUST10381,173810,173810,2026-02-10 00:00:00,2026-02-10 00:00:00,Web,Paid,0
BILL870681,CUST10452,181594,172677,2026-03-11 00:02:00,2026-03-16 00:02:00,Web,Paid,0
BILL321364,CUST10398,332324,332324,2026-03-07 00:00:00,2026-03-12 00:00:00,API,Paid,0
BILL254272,CUST10281,145537,145537,2026-04-20 00:00:00,2026-04-22 00:00:00,Web,Paid,0
BILL407681,CUST10126,368583,369664,2026-02-07 00:00:00,2026-02-11 00:00:00,Web,Paid,0
BILL301738,CUST10443,351740,351740,2026-02-01 00:00:00,2026-02-06 00:00:00,Web,Paid,0
BILL637557,CUST10341,220156,220156,2026-02-02 00:00:00,2026-02-03 00:00:00,Mobile,Paid,0
BILL737307,CUST10331,117190,117190,2026-03-16 00:00:00,2026-03-17 00:00:00,API,Paid,0
BILL493679,CUST10008,235370,235370,2026-03-14 00:00:00,2026-03-15 00:00:00,Web,Paid,0
BILL139538,CUST10313,199325,199325,2026-04-11 00:00:00,2026-04-13 00:00:00,Mobile,Paid,0
BILL505699,CUST10470,167619,167619,2026-03-07 00:00:00,2026-03-11 00:00:00,API,Paid,0
BILL194566,CUST10450,324116,324116,2026-03-02 00:00:00,2026-03-05 00:00:00,API,Paid,0
BILL792929,CUST10034,108235,108235,2026-03-06 00:00:00,2026-03-09 00:00:00,Mobile,Paid,0
BILL794563,CUST10338,214725,214725,2026-03-05 00:00:00,2026-03-05 00:00:00,Mobile,Paid,0
BILL346390,CUST10013,154503,318491,2026-02-03 00:00:00,2026-02-04 00:00:00,Mobile,Paid,0
BILL529276,CUST10543,125974,125974,2026-03-02 00:00:00,2026-03-07 00:00:00,Web,Paid,0
BILL217863,CUST10227,325860,325860,2026-01-31 00:00:00,2026-02-02 00:00:00,Mobile,Paid,0
BILL197030,CUST10119,278581,278581,2026-03-07 00:00:00,2026-03-07 00:00:00,API,Paid,0
BILL325667,CUST10119,278581,278581,2026-03-07 00:00:00,2026-03-07 00:01:00,API,Paid,0
BILL803251,CUST10528,152607,152607,2026-03-10 00:00:00,2026-03-10 00:00:00,Mobile,Paid,0
BILL821959,CUST10439,250474,250474,2026-02-01 00:00:00,2026-02-01 00:00:00,Mobile,Paid,0
BILL104731,CUST10585,195739,195739,2026-02-07 00:00:00,2026-02-09 00:00:00,Mobile,Paid,0
BILL909763,CUST10202,218656,218656,2026-04-08 00:00:00,2026-04-10 00:00:00,Web,Paid,0
BILL569901,CUST10377,248037,248037,2026-04-05 00:00:00,2026-04-09 00:00:00,API,Paid,0
BILL734183,CUST10451,253228,253228,2026-05-14 00:00:00,2026-05-18 00:00:00,Mobile,Paid,0
BILL506047,CUST10455,395476,395476,2026-02-08 00:00:00,2026-02-10 00:00:00,Web,Paid,0
BILL972342,CUST10252,396619,396619,2026-02-01 00:00:00,2026-02-05 00:00:00,API,Paid,0
BILL791858,CUST10552,129409,129409,2026-02-05 00:00:00,2026-02-06 00:00:00,Web,Paid,0
BILL571634,CUST10192,166878,166878,2026-02-04 00:00:00,2026-02-07 00:00:00,Mobile,Paid,0
BILL506073,CUST10537,313828,313828,2026-03-11 00:00:00,2026-03-13 00:00:00,Mobile,Paid,0
BILL868136,CUST10432,148263,148263,2026-04-14 00:00:00,2026-04-15 00:00:00,Mobile,Paid,0
BILL583164,CUST10486,205954,205954,2026-02-08 00:00:00,2026-02-08 00:00:00,API,Paid,0
BILL522438,CUST10486,205954,205954,2026-02-08 00:00:00,2026-02-08 00:01:00,API,Paid,0
BILL151949,CUST10127,395325,395325,2026-03-06 00:00:00,2026-03-06 00:00:00,Web,Paid,0
BILL638744,CUST10442,209546,209546,2026-03-14 00:00:00,2026-03-16 00:00:00,API,Paid,0
BILL975754,CUST10471,365335,353488,2026-03-08 00:00:00,2026-03-11 00:00:00,Mobile,Paid,0
BILL457242,CUST10548,324309,324309,2026-03-09 00:00:00,2026-03-13 00:00:00,Web,Paid,0
BILL550582,CUST10351,243567,243567,2026-03-09 00:00:00,2026-03-11 00:00:00,Web,Paid,0
BILL812370,CUST10146,116906,116906,2026-03-11 00:00:00,2026-03-12 00:00:00,Web,Paid,0
BILL732969,CUST10320,224248,224248,2026-03-04 00:00:00,2026-03-07 00:00:00,Web,Paid,0
BILL395256,CUST10360,105618,63293,2026-04-03 00:00:00,2026-04-03 00:00:00,Web,Paid,0
BILL214145,CUST10331,117190,117190,2026-04-16 00:00:00,2026-04-16 00:00:00,Mobile,Paid,0
BILL373888,CUST10150,257602,257602,2026-02-04 00:00:00,2026-02-07 00:00:00,Mobile,Paid,0
BILL380752,CUST10389,232085,232085,2026-04-13 00:00:00,2026-04-15 00:00:00,Web,Paid,0
BILL771835,CUST10450,324116,324116,2026-04-04 00:00:00,2026-04-06 00:00:00,Web,Paid,0
BILL255493,CUST10564,309257,309257,2026-03-10 00:00:00,2026-03-13 00:00:00,Web,Paid,0
BILL734130,CUST10357,216028,216028,2026-02-01 00:00:00,2026-02-03 00:00:00,Mobile,Paid,0
BILL795942,CUST10577,390170,390170,2026-05-14 00:00:00,2026-05-17 00:00:00,Web,Paid,0
BILL759921,CUST10486,205954,205954,2026-03-10 00:02:00,2026-03-10 00:02:00,Mobile,Paid,0
BILL243453,CUST10146,116906,116906,2026-04-11 00:00:00,2026-04-11 00:00:00,API,Paid,0
BILL269399,CUST10146,116906,116906,2026-04-11 00:00:00,2026-04-11 00:01:00,API,Paid,0
BILL678055,CUST10146,116906,116906,2026-04-11 00:00:00,2026-04-11 00:02:00,API,Paid,0
BILL321683,CUST10266,323621,308357,2026-03-12 00:00:00,2026-03-15 00:00:00,Mobile,Paid,0
BILL658884,CUST10188,116421,116421,2026-02-07 00:00:00,2026-02-11 00:00:00,Mobile,Paid,0
BILL610668,CUST10456,297942,297942,2026-03-13 00:00:00,2026-03-15 00:00:00,Mobile,Paid,0
BILL676971,CUST10332,192531,192531,2026-05-13 00:00:00,2026-05-18 00:00:00,Mobile,Paid,0
BILL784243,CUST10452,181594,181594,2026-04-15 00:02:00,2026-04-20 00:02:00,API,Paid,0
BILL569530,CUST10302,246406,246406,2026-02-08 00:00:00,2026-02-12 00:00:00,Web,Paid,0
BILL785269,CUST10448,114297,114297,2026-03-17 00:00:00,2026-03-19 00:00:00,Web,Paid,0
BILL201411,CUST10222,302556,302556,2026-03-17 00:00:00,2026-03-22 00:00:00,Web,Paid,0
BILL500856,CUST10563,263339,263339,2026-04-07 00:00:00,2026-04-09 00:00:00,Web,Paid,0
BILL672964,CUST10444,299032,299032,2026-03-09 00:00:00,2026-03-14 00:00:00,Web,Paid,0
BILL415873,CUST10560,304731,304731,2026-03-15 00:00:00,2026-03-17 00:00:00,Web,Paid,0
BILL324494,CUST10180,125186,125186,2026-02-09 00:00:00,2026-02-11 00:00:00,Mobile,Paid,0
BILL634799,CUST10032,380438,380438,2026-02-03 00:00:00,2026-02-04 00:00:00,Web,Paid,0
BILL138441,CUST10353,274267,274267,2026-02-09 00:00:00,2026-02-10 00:00:00,Mobile,Paid,0
BILL805685,CUST10555,138509,87832,2026-02-10 00:00:00,2026-02-12 00:00:00,Mobile,Paid,0
BILL643188,CUST10008,235370,235370,2026-04-14 00:00:00,2026-04-17 00:00:00,Web,Paid,0
BILL710717,CUST10548,324309,324309,2026-04-12 00:00:00,2026-04-16 00:00:00,Web,Paid,0
BILL118855,CUST10066,362601,362601,2026-04-03 00:00:00,2026-04-06 00:00:00,Web,Paid,0
BILL971761,CUST10582,399188,399188,2026-03-06 00:00:00,2026-03-09 00:00:00,Mobile,Paid,0
BILL120318,CUST10482,317106,317106,2026-04-06 00:00:00,2026-04-06 00:00:00,Web,Paid,0
BILL524222,CUST10498,335312,335312,2026-04-11 00:00:00,2026-04-14 00:00:00,Mobile,Paid,0
BILL951372,CUST10127,395325,1851605,2026-04-05 00:00:00,2026-04-06 00:00:00,Web,Paid,0
BILL458564,CUST10610,166415,166415,2026-02-03 00:00:00,2026-02-05 00:00:00,Web,Paid,0
BILL254174,CUST10453,138926,138926,2026-02-10 00:00:00,2026-02-12 00:00:00,Web,Paid,0
BILL387735,CUST10464,127515,127515,2026-03-09 00:00:00,2026-03-14 00:00:00,API,Paid,0
BILL655691,CUST10240,178367,178367,2026-03-12 00:00:00,2026-03-13 00:00:00,Web,Paid,0
BILL642095,CUST10596,256895,256895,2026-04-09 00:00:00,2026-04-14 00:00:00,API,Paid,0
BILL659793,CUST10387,288975,288975,2026-05-09 00:00:00,2026-05-13 00:00:00,Mobile,Paid,0
BILL752742,CUST10334,331403,331403,2026-02-01 00:00:00,2026-02-06 00:00:00,Web,Paid,0
BILL673976,CUST10174,340419,340419,2026-03-11 00:00:00,2026-03-10 00:00:00,API,Paid,0
BILL300911,CUST10609,222054,222054,2026-04-08 00:00:00,2026-04-13 00:00:00,Web,Paid,0
BILL260231,CUST10544,237131,237131,2026-02-03 00:00:00,2026-02-06 00:00:00,Mobile,Paid,0
BILL909429,CUST10204,212495,212495,2026-03-11 00:00:00,2026-03-11 00:00:00,Web,Paid,0
BILL323132,CUST10443,351740,351740,2026-03-08 00:00:00,2026-03-08 00:00:00,Web,Paid,0
BILL975866,CUST10577,390170,390170,2026-06-16 00:00:00,2026-06-21 00:00:00,Web,Paid,0
BILL957075,CUST10470,167619,167619,2026-04-10 00:00:00,2026-04-14 00:00:00,Web,Paid,0
BILL157265,CUST10542,236444,236444,2026-01-31 00:00:00,2026-02-02 00:00:00,Mobile,Paid,0
BILL702992,CUST10418,114272,114272,2026-02-04 00:00:00,2026-02-05 00:00:00,Web,Paid,0
BILL996034,CUST10223,305291,305291,2026-04-07 00:00:00,2026-04-11 00:00:00,Mobile,Paid,0
BILL608869,CUST10576,241667,241667,2026-02-08 00:00:00,2026-02-08 00:00:00,Web,Paid,0
BILL912197,CUST10349,168829,419292,2026-04-06 00:00:00,2026-04-11 00:00:00,Mobile,Paid,0
BILL219347,CUST10476,355985,355985,2026-04-19 00:00:00,2026-04-24 00:00:00,Web,Paid,0
BILL495848,CUST10342,134818,134818,2026-02-09 00:00:00,2026-02-14 00:00:00,Web,Paid,0
BILL176504,CUST10294,134073,134073,2026-01-31 00:00:00,2026-02-05 00:00:00,Mobile,Paid,0
BILL146430,CUST10019,290331,290331,2026-02-10 00:00:00,2026-02-15 00:00:00,API,Paid,0
BILL517631,CUST10262,114741,114741,2026-04-12 00:00:00,2026-04-13 00:00:00,Web,Paid,0
BILL726619,CUST10179,339114,339114,2026-02-05 00:00:00,2026-02-08 00:00:00,Web,Paid,0
BILL892761,CUST10398,332324,332324,2026-04-11 00:00:00,2026-04-10 00:00:00,Mobile,Paid,0
BILL224914,CUST10213,196683,196683,2026-02-08 00:00:00,2026-02-08 00:00:00,API,Paid,0
BILL957801,CUST10344,240657,240657,2026-04-06 00:00:00,2026-04-06 00:00:00,Web,Paid,0
BILL846961,CUST10000,393969,393969,2026-02-06 00:00:00,2026-02-06 00:00:00,Web,Paid,0
BILL908602,CUST10055,143097,143097,2026-02-01 00:00:00,2026-02-01 00:00:00,Web,Paid,0
BILL506189,CUST10031,133901,133901,2026-02-06 00:00:00,2026-02-09 00:00:00,Web,Paid,0
BILL490233,CUST10476,355985,355985,2026-05-24 00:00:00,2026-05-26 00:00:00,Web,Paid,0
BILL617838,CUST10466,160179,160179,2026-02-10 00:00:00,2026-02-11 00:00:00,Mobile,Paid,0
BILL862007,CUST10264,192558,192558,2026-03-12 00:00:00,2026-03-12 00:00:00,Web,Paid,0
BILL496676,CUST10449,285445,285445,2026-03-12 00:00:00,2026-03-16 00:00:00,Web,Paid,0
BILL314327,CUST10216,221501,221501,2026-02-01 00:00:00,2026-02-06 00:00:00,Web,Paid,0
BILL157275,CUST10572,310423,310423,2026-02-04 00:00:00,2026-02-06 00:00:00,Web,Paid,0
BILL148626,CUST10230,298652,298652,2026-04-18 00:00:00,2026-04-18 00:00:00,Web,Paid,0
BILL105041,CUST10014,292242,292242,2026-03-07 00:00:00,2026-03-11 00:00:00,Mobile,Paid,0
BILL886985,CUST10167,172148,172148,2026-03-10 00:00:00,2026-03-12 00:00:00,Web,Paid,0
BILL376875,CUST10125,225149,225149,2026-02-01 00:00:00,2026-01-31 00:00:00,Web,Paid,0
BILL550707,CUST10313,199325,199325,2026-05-13 00:00:00,2026-05-13 00:00:00,Mobile,Paid,0
BILL747947,CUST10089,286667,286667,2026-02-05 00:00:00,2026-02-09 00:00:00,Web,Paid,0
BILL926009,CUST10019,290331,290331,2026-03-17 00:00:00,2026-03-20 00:00:00,Mobile,Paid,0
BILL215797,CUST10354,179044,179044,2026-02-01 00:00:00,2026-02-03 00:00:00,Mobile,Paid,0
BILL850901,CUST10024,252646,260414,2026-03-03 00:00:00,2026-03-04 00:00:00,Web,Paid,0
BILL148067,CUST10009,375989,375989,2026-03-04 00:00:00,2026-03-04 00:00:00,Mobile,Paid,0
BILL475808,CUST10041,101371,101371,2026-02-09 00:00:00,2026-02-14 00:00:00,Web,Paid,0
BILL255131,CUST10583,228215,228215,2026-03-09 00:00:00,2026-03-08 00:00:00,Mobile,Paid,0
BILL835416,CUST10486,205954,205954,2026-04-09 00:02:00,2026-04-11 00:02:00,Mobile,Paid,0
BILL358718,CUST10515,239952,239952,2026-04-16 00:00:00,2026-04-19 00:00:00,Mobile,Paid,0
BILL635992,CUST10222,302556,302556,2026-04-21 00:00:00,2026-04-21 00:00:00,Web,Paid,0
BILL193399,CUST10130,263630,263630,2026-03-07 00:00:00,2026-03-10 00:00:00,API,Paid,0
BILL974033,CUST10189,310340,310340,2026-02-02 00:00:00,2026-02-07 00:00:00,Mobile,Paid,0
BILL677037,CUST10512,262637,262637,2026-03-07 00:00:00,2026-03-09 00:00:00,Web,Paid,0
BILL972131,CUST10055,143097,143097,2026-03-03 00:00:00,2026-03-04 00:00:00,Web,Paid,0
BILL518111,CUST10221,300750,300750,2026-03-07 00:00:00,2026-03-11 00:00:00,Mobile,Paid,0
BILL952256,CUST10075,282116,282116,2026-03-07 00:00:00,2026-03-11 00:00:00,API,Paid,0
BILL122961,CUST10472,398226,398226,2026-03-09 00:00:00,2026-03-09 00:00:00,Mobile,Paid,0
BILL925276,CUST10007,119802,119802,2026-02-08 00:00:00,2026-02-08 00:00:00,Web,Paid,0
BILL653609,CUST10214,130783,130783,2026-02-05 00:00:00,2026-02-10 00:00:00,Web,Paid,0
BILL657901,CUST10331,117190,611329,2026-05-16 00:00:00,2026-05-18 00:00:00,Mobile,Paid,0
BILL227118,CUST10387,288975,288975,2026-06-12 00:00:00,2026-06-12 00:00:00,Mobile,Paid,0
BILL562741,CUST10264,192558,192558,2026-04-11 00:00:00,2026-04-12 00:00:00,Web,Paid,0
BILL795493,CUST10242,250923,250923,2026-02-09 00:00:00,2026-02-08 00:00:00,Mobile,Paid,0
BILL217811,CUST10282,242114,242114,2026-02-01 00:00:00,2026-02-01 00:00:00,Mobile,Paid,0
BILL862839,CUST10315,135973,135973,2026-02-01 00:00:00,2026-02-01 00:00:00,Web,Paid,0
BILL736245,CUST10184,307487,307487,2026-03-04 00:00:00,2026-03-04 00:00:00,Web,Paid,0
BILL378494,CUST10395,126871,126871,2026-03-10 00:00:00,2026-03-12 00:00:00,Mobile,Paid,0
BILL387606,CUST10466,160179,160179,2026-03-13 00:00:00,2026-03-13 00:00:00,Mobile,Paid,0
BILL881417,CUST10184,307487,307487,2026-04-03 00:00:00,2026-04-07 00:00:00,Web,Paid,0
BILL418400,CUST10121,363947,363947,2026-03-06 00:00:00,2026-03-08 00:00:00,Mobile,Paid,0
BILL544357,CUST10566,389780,389780,2026-02-09 00:00:00,2026-02-11 00:00:00,Web,Paid,0
BILL974891,CUST10491,217446,217446,2026-03-05 00:00:00,2026-03-08 00:00:00,Mobile,Paid,0
BILL371746,CUST10119,278581,278581,2026-04-06 00:02:00,2026-04-06 00:02:00,Mobile,Paid,0
BILL414126,CUST10171,142781,142781,2026-02-01 00:00:00,2026-02-05 00:00:00,Mobile,Paid,0
BILL497401,CUST10018,378464,378464,2026-05-24 00:00:00,2026-05-29 00:00:00,Mobile,Paid,0
BILL172668,CUST10434,222596,222596,2026-03-12 00:00:00,2026-03-16 00:00:00,Mobile,Paid,0
BILL863846,CUST10328,184243,184243,2026-03-13 00:00:00,2026-03-15 00:00:00,Web,Paid,0
BILL937545,CUST10540,380305,372861,2026-03-04 00:00:00,2026-03-04 00:00:00,Web,Paid,0
BILL242848,CUST10177,188340,188340,2026-03-10 00:00:00,2026-03-15 00:00:00,Web,Paid,0
BILL844168,CUST10387,288975,288975,2026-07-12 00:00:00,2026-07-12 00:00:00,Mobile,Paid,0
BILL835321,CUST10130,263630,263630,2026-04-09 00:00:00,2026-04-14 00:00:00,Mobile,Paid,0
BILL918036,CUST10010,272952,272952,2026-04-02 00:03:00,2026-04-02 00:03:00,API,Paid,0
BILL969313,CUST10010,272952,272952,2026-04-02 00:03:00,2026-04-02 00:04:00,API,Paid,0
BILL555563,CUST10010,272952,272952,2026-04-02 00:03:00,2026-04-02 00:05:00,API,Paid,0
BILL599728,CUST10331,117190,117190,2026-06-17 00:00:00,2026-06-21 00:00:00,Mobile,Paid,0
BILL254541,CUST10376,370526,370526,2026-03-08 00:00:00,2026-03-09 00:00:00,Web,Paid,0
BILL282095,CUST10476,355985,355985,2026-06-25 00:00:00,2026-06-28 00:00:00,Web,Paid,0
BILL661406,CUST10433,352026,352026,2026-03-15 00:00:00,2026-03-18 00:00:00,Web,Paid,0
BILL766085,CUST10351,243567,243567,2026-04-10 00:00:00,2026-04-10 00:00:00,Web,Paid,0
BILL477688,CUST10182,277770,277770,2026-02-03 00:00:00,2026-02-07 00:00:00,Web,Paid,0
BILL122883,CUST10590,338082,338082,2026-02-03 00:00:00,2026-02-05 00:00:00,Web,Paid,0
BILL834756,CUST10326,371573,371573,2026-02-03 00:00:00,2026-02-08 00:00:00,API,Paid,0
BILL563070,CUST10570,261002,258983,2026-02-08 00:00:00,2026-02-09 00:00:00,Web,Paid,0
BILL657513,CUST10282,242114,242114,2026-03-03 00:00:00,2026-03-04 00:00:00,Mobile,Paid,0
BILL516593,CUST10201,142456,142456,2026-02-08 00:00:00,2026-02-13 00:00:00,Web,Paid,0
BILL622835,CUST10506,110402,115860,2026-02-04 00:00:00,2026-02-04 00:00:00,Mobile,Paid,0
BILL451558,CUST10150,257602,257602,2026-03-09 00:00:00,2026-03-13 00:00:00,Mobile,Paid,0
BILL783874,CUST10458,327118,327118,2026-03-08 00:00:00,2026-03-12 00:00:00,Mobile,Paid,0
BILL680584,CUST10227,325860,325860,2026-03-04 00:00:00,2026-03-08 00:00:00,Mobile,Paid,0
BILL682457,CUST10222,302556,302556,2026-05-21 00:00:00,2026-05-24 00:00:00,Web,Paid,0
BILL132105,CUST10302,246406,246406,2026-03-14 00:00:00,2026-03-16 00:00:00,Web,Paid,0
BILL468132,CUST10254,113526,113526,2026-02-02 00:00:00,2026-02-02 00:00:00,Web,Paid,0
BILL740894,CUST10378,120457,120457,2026-03-14 00:00:00,2026-03-17 00:00:00,API,Paid,0
BILL829074,CUST10309,395004,395004,2026-02-10 00:00:00,2026-02-11 00:00:00,API,Paid,0
BILL697154,CUST10171,142781,142781,2026-03-07 00:00:00,2026-03-10 00:00:00,Mobile,Paid,0
BILL606510,CUST10144,156018,156018,2026-05-20 00:00:00,2026-05-21 00:00:00,Web,Paid,0
BILL196890,CUST10253,224900,224900,2026-02-09 00:00:00,2026-02-10 00:00:00,API,Paid,0
BILL582406,CUST10421,286502,286502,2026-03-10 00:03:00,2026-03-12 00:03:00,API,Paid,0
BILL842506,CUST10311,170587,170587,2026-03-11 00:00:00,2026-03-13 00:00:00,Mobile,Paid,0
BILL660459,CUST10110,259291,259291,2026-06-08 00:00:00,2026-06-09 00:00:00,Mobile,Paid,0
BILL719668,CUST10375,145501,145501,2026-02-03 00:00:00,2026-02-04 00:00:00,Mobile,Paid,0
BILL613092,CUST10032,380438,380438,2026-03-06 00:00:00,2026-03-07 00:00:00,Web,Paid,0
BILL253494,CUST10310,162282,159710,2026-03-11 00:00:00,2026-03-15 00:00:00,Mobile,Paid,0
BILL346855,CUST10165,382686,382686,2026-03-16 00:00:00,2026-03-20 00:00:00,Web,Paid,0
BILL756220,CUST10198,372200,372200,2026-02-09 00:00:00,2026-02-12 00:00:00,Mobile,Paid,0
BILL533544,CUST10028,233088,233088,2026-02-09 00:00:00,2026-02-14 00:00:00,Web,Paid,0
BILL492081,CUST10388,195075,195075,2026-02-09 00:00:00,2026-02-09 00:00:00,Web,Paid,0
BILL227319,CUST10174,340419,340419,2026-04-09 00:00:00,2026-04-12 00:00:00,Mobile,Paid,0
BILL357049,CUST10120,190853,190853,2026-03-09 00:00:00,2026-03-12 00:00:00,Mobile,Paid,0
BILL365663,CUST10317,393733,393733,2026-04-12 00:00:00,2026-04-17 00:00:00,Mobile,Paid,0
BILL784316,CUST10266,323621,323621,2026-04-14 00:00:00,2026-04-14 00:00:00,API,Paid,0
BILL415016,CUST10286,351577,351577,2026-02-03 00:00:00,2026-02-05 00:00:00,Mobile,Paid,0
BILL258616,CUST10309,395004,395004,2026-03-13 00:00:00,2026-03-18 00:00:00,Mobile,Paid,0
BILL607327,CUST10229,101182,101182,2026-03-07 00:00:00,2026-03-10 00:00:00,Web,Paid,0
BILL864457,CUST10591,281465,281465,2026-03-07 00:00:00,2026-03-07 00:00:00,Mobile,Paid,0
BILL678391,CUST10292,357685,357685,2026-01-31 00:00:00,2026-02-01 00:00:00,API,Paid,0
BILL685660,CUST10452,181594,181594,2026-05-20 00:02:00,2026-05-25 00:02:00,API,Paid,0
BILL800690,CUST10095,162561,162561,2026-02-07 00:00:00,2026-02-12 00:00:00,API,Paid,0
BILL613989,CUST10048,286473,286473,2026-03-06 00:00:00,2026-03-06 00:00:00,Mobile,Paid,0
BILL261285,CUST10442,209546,209546,2026-04-15 00:00:00,2026-04-17 00:00:00,Web,Paid,0
BILL615212,CUST10102,378569,378569,2026-01-31 00:00:00,2026-02-04 00:00:00,API,Paid,0
BILL660323,CUST10166,363350,363350,2026-02-10 00:00:00,2026-02-12 00:00:00,Web,Paid,0
BILL390845,CUST10340,346715,346715,2026-05-10 00:00:00,2026-05-13 00:00:00,Web,Paid,0
BILL892472,CUST10263,238303,238303,2026-02-02 00:00:00,2026-02-03 00:00:00,Web,Paid,0
BILL713539,CUST10436,179560,179560,2026-02-08 00:00:00,2026-02-10 00:00:00,Mobile,Paid,0
BILL577762,CUST10246,264249,264249,2026-02-02 00:00:00,2026-02-03 00:00:00,API,Paid,0
BILL314619,CUST10394,290450,290450,2026-04-12 00:00:00,2026-04-14 00:00:00,Web,Paid,0
BILL599098,CUST10013,154503,154503,2026-03-06 00:00:00,2026-03-10 00:00:00,Mobile,Paid,0
BILL842393,CUST10213,196683,196683,2026-03-10 00:00:00,2026-03-12 00:00:00,Web,Paid,0
BILL272951,CUST10414,229181,229181,2026-02-08 00:00:00,2026-02-10 00:00:00,Mobile,Paid,0
BILL332107,CUST10360,105618,105618,2026-05-03 00:00:00,2026-05-07 00:00:00,Web,Paid,0
BILL725660,CUST10279,232515,232515,2026-03-11 00:00:00,2026-03-14 00:00:00,Web,Paid,0
BILL998779,CUST10208,255388,255388,2026-02-07 00:00:00,2026-02-11 00:00:00,Mobile,Paid,0
BILL313353,CUST10603,158354,161714,2026-03-14 00:00:00,2026-03-17 00:00:00,Web,Paid,0
BILL943639,CUST10109,373800,373800,2026-01-31 00:00:00,2026-02-05 00:00:00,Web,Paid,0
BILL254122,CUST10316,324947,324947,2026-03-08 00:00:00,2026-03-13 00:00:00,Mobile,Paid,0
BILL543084,CUST10138,372983,372983,2026-02-02 00:00:00,2026-02-07 00:00:00,API,Paid,0
BILL251587,CUST10575,294651,294651,2026-03-10 00:00:00,2026-03-10 00:00:00,Mobile,Paid,0
BILL406870,CUST10433,352026,352026,2026-04-17 00:00:00,2026-04-17 00:00:00,Web,Paid,0
BILL550453,CUST10509,150011,150011,2026-03-08 00:00:00,2026-03-11 00:00:00,Web,Paid,0
BILL167639,CUST10564,309257,309257,2026-04-12 00:00:00,2026-04-16 00:00:00,Web,Paid,0
BILL704757,CUST10480,105645,105645,2026-03-09 00:00:00,2026-03-14 00:00:00,Mobile,Paid,0
BILL972624,CUST10532,229729,229729,2026-03-08 00:00:00,2026-03-10 00:00:00,Mobile,Paid,0
BILL370961,CUST10138,372983,372983,2026-03-09 00:00:00,2026-03-10 00:00:00,Mobile,Paid,0
BILL233926,CUST10357,216028,216028,2026-03-05 00:00:00,2026-03-08 00:00:00,Mobile,Paid,0
BILL113964,CUST10576,241667,241667,2026-03-10 00:00:00,2026-03-15 00:00:00,Web,Paid,0
BILL140222,CUST10289,398229,398229,2026-02-03 00:00:00,2026-02-08 00:00:00,Web,Paid,0
BILL980569,CUST10104,190483,190483,2026-02-08 00:00:00,2026-02-09 00:00:00,Mobile,Paid,0
BILL559217,CUST10057,186020,186020,2026-02-02 00:00:00,2026-02-07 00:00:00,Mobile,Paid,0
BILL555760,CUST10572,310423,310423,2026-03-08 00:00:00,2026-03-11 00:00:00,API,Paid,0
BILL882915,CUST10009,375989,375989,2026-04-03 00:00:00,2026-04-07 00:00:00,Mobile,Paid,0
BILL898820,CUST10439,250474,250474,2026-03-03 00:00:00,2026-03-08 00:00:00,Mobile,Paid,0
BILL690003,CUST10401,247639,247639,2026-02-07 00:00:00,2026-02-11 00:00:00,Mobile,Paid,0
BILL596805,CUST10338,214725,214725,2026-04-04 00:00:00,2026-04-06 00:00:00,Mobile,Paid,0
BILL707891,CUST10608,306417,306417,2026-02-05 00:00:00,2026-02-10 00:00:00,Web,Paid,0
BILL461301,CUST10515,239952,239952,2026-05-19 00:00:00,2026-05-19 00:00:00,Mobile,Paid,0
BILL471630,CUST10384,275409,275409,2026-02-08 00:00:00,2026-02-08 00:00:00,Mobile,Paid,0
BILL386940,CUST10386,196578,196578,2026-02-07 00:00:00,2026-02-12 00:00:00,Web,Paid,0
BILL204095,CUST10593,206789,206789,2026-02-08 00:00:00,2026-02-12 00:00:00,Web,Paid,0
BILL314811,CUST10235,396186,396186,2026-03-11 00:00:00,2026-03-12 00:00:00,Mobile,Paid,0
BILL749098,CUST10608,306417,306417,2026-03-12 00:00:00,2026-03-12 00:00:00,Web,Paid,0
BILL746246,CUST10458,327118,327118,2026-04-11 00:00:00,2026-04-14 00:00:00,Mobile,Paid,0
BILL823568,CUST10219,181149,181149,2026-02-07 00:00:00,2026-02-10 00:00:00,API,Paid,0
BILL200227,CUST10332,192531,192531,2026-06-17 00:00:00,2026-06-17 00:00:00,Mobile,Paid,0
BILL268834,CUST10079,180418,180418,2026-02-01 00:00:00,2026-02-01 00:00:00,Web,Paid,0
BILL458266,CUST10130,263630,263630,2026-05-14 00:00:00,2026-05-14 00:00:00,Mobile,Paid,0
BILL797206,CUST10318,217679,217679,2026-03-08 00:00:00,2026-03-13 00:00:00,Web,Paid,0
BILL311655,CUST10340,346715,346715,2026-06-12 00:00:00,2026-06-13 00:00:00,Web,Paid,0
BILL557684,CUST10511,361457,361457,2026-04-10 00:00:00,2026-04-13 00:00:00,Mobile,Paid,0
BILL933615,CUST10177,188340,188340,2026-04-14 00:00:00,2026-04-15 00:00:00,Web,Paid,0
BILL196558,CUST10192,166878,166878,2026-03-09 00:00:00,2026-03-12 00:00:00,Mobile,Paid,0
BILL685711,CUST10100,173743,173743,2026-03-12 00:00:00,2026-03-12 00:00:00,Web,Paid,0
BILL819668,CUST10412,259696,259696,2026-02-08 00:00:00,2026-02-09 00:00:00,Mobile,Paid,0
BILL907306,CUST10266,323621,323621,2026-05-14 00:00:00,2026-05-14 00:00:00,Mobile,Paid,0
BILL323248,CUST10342,134818,134818,2026-03-16 00:00:00,2026-03-19 00:00:00,Web,Paid,0
BILL654714,CUST10247,395778,395778,2026-02-03 00:00:00,2026-02-06 00:00:00,Web,Paid,0
BILL328903,CUST10009,375989,375989,2026-05-07 00:00:00,2026-05-08 00:00:00,Mobile,Paid,0
BILL333614,CUST10360,105618,105618,2026-06-06 00:00:00,2026-06-10 00:00:00,Web,Paid,0
BILL396770,CUST10596,256895,256895,2026-05-14 00:00:00,2026-05-15 00:00:00,Web,Paid,0
BILL997310,CUST10592,260721,260721,2026-05-16 00:02:00,2026-05-15 00:02:00,Web,Paid,0
BILL201191,CUST10289,398229,398229,2026-03-10 00:00:00,2026-03-10 00:00:00,Web,Paid,0
BILL851482,CUST10078,117102,117102,2026-03-06 00:00:00,2026-03-08 00:00:00,Mobile,Paid,0
BILL585381,CUST10543,125974,131109,2026-04-06 00:00:00,2026-04-08 00:00:00,Web,Paid,0
BILL453646,CUST10572,310423,310423,2026-04-10 00:00:00,2026-04-14 00:00:00,Web,Paid,0
BILL440663,CUST10484,371120,371120,2026-03-08 00:00:00,2026-03-10 00:00:00,Mobile,Paid,0
BILL151957,CUST10335,141698,141698,2026-03-07 00:00:00,2026-03-12 00:00:00,Mobile,Paid,0
BILL298694,CUST10073,207444,207444,2026-04-12 00:00:00,2026-04-16 00:00:00,Web,Paid,0
BILL834629,CUST10486,205954,205954,2026-05-11 00:02:00,2026-05-11 00:02:00,Mobile,Paid,0
BILL721199,CUST10327,290839,290839,2026-02-03 00:00:00,2026-02-06 00:00:00,Mobile,Paid,0
BILL847420,CUST10590,338082,338082,2026-03-07 00:00:00,2026-03-07 00:00:00,Web,Paid,0
BILL901310,CUST10102,378569,378569,2026-03-06 00:00:00,2026-03-09 00:00:00,Web,Paid,0
BILL750193,CUST10502,327978,327978,2026-05-17 00:00:00,2026-05-19 00:00:00,Web,Paid,0
BILL227897,CUST10346,173798,173798,2026-03-12 00:00:00,2026-03-17 00:00:00,Mobile,Paid,0
BILL305989,CUST10454,215896,215896,2026-03-12 00:00:00,2026-03-14 00:00:00,Web,Paid,0
BILL369667,CUST10161,344866,344866,2026-05-15 00:00:00,2026-05-16 00:00:00,Mobile,Paid,0
BILL376854,CUST10486,205954,205954,2026-06-10 00:02:00,2026-06-15 00:02:00,Mobile,Paid,0
BILL722131,CUST10365,350379,350379,2026-02-08 00:00:00,2026-02-13 00:00:00,Mobile,Paid,0
BILL908924,CUST10431,249946,249946,2026-02-05 00:00:00,2026-02-06 00:00:00,Mobile,Paid,0
BILL879671,CUST10226,203978,203978,2026-04-16 00:00:00,2026-04-21 00:00:00,Web,Paid,0
BILL699953,CUST10343,309442,309442,2026-02-06 00:00:00,2026-02-08 00:00:00,Web,Paid,0
BILL148759,CUST10238,239019,239019,2026-03-08 00:00:00,2026-03-11 00:00:00,API,Paid,0
BILL483739,CUST10557,259648,259648,2026-04-09 00:00:00,2026-04-10 00:00:00,Mobile,Paid,0
BILL439963,CUST10208,255388,251923,2026-03-13 00:00:00,2026-03-13 00:00:00,Mobile,Paid,0
BILL993417,CUST10562,377397,377397,2026-02-08 00:00:00,2026-02-12 00:00:00,Mobile,Paid,0
BILL451026,CUST10421,286502,286502,2026-04-11 00:03:00,2026-04-15 00:03:00,Mobile,Paid,0
BILL132039,CUST10058,220342,220342,2026-02-07 00:00:00,2026-02-08 00:00:00,API,Paid,0
BILL894648,CUST10540,380305,380305,2026-04-03 00:00:00,2026-04-04 00:00:00,Web,Paid,0
BILL776173,CUST10247,395778,395778,2026-03-08 00:00:00,2026-03-10 00:00:00,Web,Paid,0
BILL671161,CUST10514,228952,228952,2026-03-10 00:00:00,2026-03-09 00:00:00,API,Paid,0
BILL418659,CUST10494,277498,277498,2026-02-09 00:00:00,2026-02-12 00:00:00,API,Paid,0
BILL137620,CUST10283,101051,101051,2026-03-12 00:00:00,2026-03-12 00:00:00,Mobile,Paid,0
BILL561797,CUST10390,396951,392337,2026-02-06 00:00:00,2026-02-07 00:00:00,Web,Paid,0
BILL647365,CUST10618,170930,170930,2026-02-09 00:00:00,2026-02-13 00:00:00,Web,Paid,0
BILL175692,CUST10348,355414,355414,2026-03-07 00:00:00,2026-03-09 00:00:00,Web,Paid,0
BILL716670,CUST10036,134169,134169,2026-02-07 00:00:00,2026-02-09 00:00:00,Web,Paid,0
BILL336234,CUST10210,395253,395253,2026-02-02 00:00:00,2026-02-02 00:00:00,Mobile,Paid,0
BILL672347,CUST10572,310423,310423,2026-05-14 00:00:00,2026-05-16 00:00:00,Web,Paid,0
BILL764576,CUST10434,222596,222596,2026-04-15 00:00:00,2026-04-17 00:00:00,Mobile,Paid,0
BILL944176,CUST10176,366658,366658,2026-03-12 00:00:00,2026-03-14 00:00:00,Web,Paid,0
BILL445697,CUST10324,159805,159805,2026-03-10 00:00:00,2026-03-14 00:00:00,Web,Paid,0
BILL448758,CUST10084,150618,150618,2026-02-09 00:00:00,2026-02-12 00:00:00,Mobile,Paid,0
BILL927594,CUST10239,115461,115461,2026-02-08 00:00:00,2026-02-08 00:00:00,Web,Paid,0
BILL920178,CUST10061,340328,340328,2026-02-03 00:00:00,2026-02-03 00:00:00,Mobile,Paid,0
BILL992017,CUST10445,268121,268121,2026-02-08 00:00:00,2026-02-11 00:00:00,Web,Paid,0
BILL688160,CUST10498,335312,335312,2026-05-14 00:00:00,2026-05-14 00:00:00,Mobile,Paid,0
BILL625861,CUST10269,293166,293166,2026-03-13 00:00:00,2026-03-15 00:00:00,Web,Paid,0
BILL480814,CUST10478,236492,236492,2026-02-07 00:00:00,2026-02-06 00:00:00,Web,Paid,0
BILL813661,CUST10339,166164,166164,2026-03-05 00:00:00,2026-03-07 00:00:00,Mobile,Paid,0
BILL440538,CUST10065,108529,108529,2026-02-01 00:00:00,2026-02-05 00:00:00,API,Paid,0
BILL819398,CUST10284,295311,284237,2026-03-15 00:00:00,2026-03-19 00:00:00,Web,Paid,0
BILL965782,CUST10598,175972,175972,2026-02-03 00:00:00,2026-02-06 00:00:00,Web,Paid,0
BILL529059,CUST10047,174040,174040,2026-03-05 00:00:00,2026-03-06 00:00:00,Web,Paid,0
BILL575399,CUST10172,250168,250168,2026-03-10 00:00:00,2026-03-10 00:00:00,API,Paid,0
BILL310697,CUST10172,250168,250168,2026-03-10 00:00:00,2026-03-10 00:01:00,API,Paid,0
BILL106909,CUST10172,250168,250168,2026-03-10 00:00:00,2026-03-10 00:02:00,API,Paid,0
BILL610076,CUST10600,339191,339191,2026-01-31 00:00:00,2026-02-05 00:00:00,Mobile,Paid,0
BILL509182,CUST10323,349794,349794,2026-02-01 00:00:00,2026-02-02 00:00:00,Mobile,Paid,0
BILL158261,CUST10173,273864,273864,2026-04-03 00:00:00,2026-04-03 00:00:00,Mobile,Paid,0
BILL517596,CUST10148,325831,325831,2026-04-10 00:03:00,2026-04-10 00:03:00,Web,Paid,0
BILL540657,CUST10473,142062,142062,2026-02-10 00:00:00,2026-02-14 00:00:00,Mobile,Paid,0
BILL863228,CUST10382,319178,914446,2026-05-04 00:00:00,2026-05-08 00:00:00,Web,Paid,0
BILL659155,CUST10403,274987,273615,2026-03-16 00:00:00,2026-03-19 00:00:00,Web,Paid,0
BILL809502,CUST10230,298652,298652,2026-05-18 00:00:00,2026-05-23 00:00:00,Web,Paid,0
BILL762035,CUST10364,286084,286084,2026-02-08 00:00:00,2026-02-09 00:00:00,Mobile,Paid,0
BILL910724,CUST10214,130783,130783,2026-03-12 00:00:00,2026-03-15 00:00:00,Web,Paid,0
BILL587256,CUST10256,321442,321442,2026-03-07 00:00:00,2026-03-10 00:00:00,Web,Paid,0
BILL936621,CUST10254,113526,113526,2026-03-04 00:00:00,2026-03-05 00:00:00,Web,Paid,0
BILL525551,CUST10107,326295,326295,2026-02-03 00:00:00,2026-02-03 00:00:00,Mobile,Paid,0
BILL425458,CUST10406,256264,256264,2026-08-20 00:00:00,2026-08-21 00:00:00,API,Paid,0
BILL714780,CUST10391,398193,398193,2026-02-02 00:00:00,2026-02-04 00:00:00,Mobile,Paid,0
BILL448093,CUST10222,302556,302556,2026-06-23 00:00:00,2026-06-23 00:00:00,Web,Paid,0
BILL938997,CUST10171,142781,142781,2026-04-09 00:00:00,2026-04-10 00:00:00,Mobile,Paid,0
BILL222567,CUST10105,208383,202457,2026-03-08 00:00:00,2026-03-07 00:00:00,Mobile,Paid,0
BILL608613,CUST10391,398193,398193,2026-03-06 00:00:00,2026-03-06 00:00:00,Mobile,Paid,0
BILL979495,CUST10484,371120,363141,2026-04-09 00:00:00,2026-04-13 00:00:00,Mobile,Paid,0
BILL763628,CUST10319,121345,121345,2026-02-09 00:00:00,2026-02-09 00:00:00,Mobile,Paid,0
BILL464159,CUST10054,308144,308144,2026-01-31 00:00:00,2026-01-31 00:00:00,Mobile,Paid,0
BILL114240,CUST10510,148501,148501,2026-02-10 00:00:00,2026-02-11 00:00:00,Web,Paid,0
BILL905441,CUST10256,321442,321442,2026-04-09 00:00:00,2026-04-10 00:00:00,Web,Paid,0
BILL718890,CUST10344,240657,240657,2026-05-06 00:00:00,2026-05-09 00:00:00,Web,Paid,0
BILL211730,CUST10243,374096,374096,2026-02-02 00:00:00,2026-02-07 00:00:00,Mobile,Paid,0
BILL366168,CUST10077,181758,181758,2026-02-07 00:00:00,2026-02-08 00:00:00,Web,Paid,0
BILL720122,CUST10474,169578,175605,2026-02-07 00:00:00,2026-02-09 00:00:00,Web,Paid,0
BILL872476,CUST10360,105618,105618,2026-07-10 00:00:00,2026-07-10 00:00:00,Web,Paid,0
BILL102902,CUST10428,223714,223714,2026-02-03 00:00:00,2026-02-06 00:00:00,Web,Paid,0
BILL189465,CUST10187,162615,162615,2026-03-04 00:00:00,2026-03-08 00:00:00,Mobile,Paid,0
BILL506951,CUST10264,192558,192558,2026-05-12 00:00:00,2026-05-12 00:00:00,Web,Paid,0
BILL334888,CUST10328,184243,184243,2026-04-14 00:00:00,2026-04-18 00:00:00,Web,Paid,0
BILL641721,CUST10357,216028,216028,2026-04-07 00:00:00,2026-04-09 00:00:00,Mobile,Paid,0
BILL534207,CUST10491,217446,217446,2026-04-07 00:00:00,2026-04-09 00:00:00,Mobile,Paid,0
BILL109133,CUST10391,398193,398193,2026-04-05 00:00:00,2026-04-09 00:00:00,Mobile,Paid,0
BILL266330,CUST10209,158617,158617,2026-03-16 00:00:00,2026-03-18 00:00:00,Mobile,Paid,0
BILL368456,CUST10155,387650,387650,2026-03-06 00:00:00,2026-03-06 00:00:00,Mobile,Paid,0
BILL289025,CUST10406,256264,256264,2026-09-20 00:00:00,2026-09-24 00:00:00,Web,Paid,0
BILL916083,CUST10226,203978,203978,2026-05-21 00:00:00,2026-05-22 00:00:00,Web,Paid,0
BILL308799,CUST10012,354052,354052,2026-03-14 00:00:00,2026-03-15 00:00:00,Mobile,Paid,0
BILL301468,CUST10166,363350,363350,2026-03-14 00:00:00,2026-03-14 00:00:00,Web,Paid,0
BILL581917,CUST10461,160670,160670,2026-03-12 00:00:00,2026-03-12 00:00:00,API,Paid,0
BILL491633,CUST10559,119656,119656,2026-03-07 00:00:00,2026-03-12 00:00:00,Mobile,Paid,0
BILL186563,CUST10538,389274,389274,2026-02-04 00:00:00,2026-02-07 00:00:00,Web,Paid,0
BILL788312,CUST10022,241872,251670,2026-03-13 00:00:00,2026-03-13 00:00:00,Mobile,Paid,0
BILL166292,CUST10474,169578,171586,2026-03-11 00:00:00,2026-03-12 00:00:00,Web,Paid,0
BILL674319,CUST10164,224102,224102,2026-02-02 00:00:00,2026-02-07 00:00:00,Mobile,Paid,0
BILL259418,CUST10059,331846,331846,2026-02-06 00:00:00,2026-02-09 00:00:00,Mobile,Paid,0
BILL148078,CUST10480,105645,105645,2026-04-13 00:00:00,2026-04-16 00:00:00,API,Paid,0
BILL378181,CUST10202,218656,218656,2026-05-10 00:00:00,2026-05-15 00:00:00,Web,Paid,0
BILL425813,CUST10111,326731,326731,2026-02-06 00:00:00,2026-02-10 00:00:00,Mobile,Paid,0
BILL404788,CUST10347,230904,230904,2026-03-12 00:00:00,2026-03-13 00:00:00,Web,Paid,0
BILL252547,CUST10512,262637,262637,2026-04-08 00:00:00,2026-04-11 00:00:00,Web,Paid,0
BILL963068,CUST10594,300870,300870,2026-03-07 00:00:00,2026-03-09 00:00:00,Mobile,Paid,0
BILL505105,CUST10325,220741,220741,2026-04-07 00:00:00,2026-04-08 00:00:00,Web,Paid,0
BILL163586,CUST10328,184243,184243,2026-05-18 00:00:00,2026-05-21 00:00:00,Web,Paid,0
BILL764207,CUST10147,193914,193914,2026-03-12 00:00:00,2026-03-12 00:00:00,Mobile,Paid,0
BILL593486,CUST10000,393969,393969,2026-03-08 00:00:00,2026-03-10 00:00:00,Web,Paid,0
BILL548547,CUST10433,352026,352026,2026-05-17 00:00:00,2026-05-19 00:00:00,API,Paid,0
BILL442520,CUST10306,221146,221146,2026-03-15 00:00:00,2026-03-18 00:00:00,Mobile,Paid,0
BILL307746,CUST10020,296410,296410,2026-02-03 00:00:00,2026-02-06 00:00:00,Web,Paid,0
BILL210982,CUST10028,233088,233088,2026-03-16 00:00:00,2026-03-19 00:00:00,API,Paid,0
BILL185959,CUST10034,108235,108235,2026-04-08 00:00:00,2026-04-12 00:00:00,API,Paid,0
BILL681682,CUST10284,295311,295311,2026-04-18 00:00:00,2026-04-18 00:00:00,API,Paid,0
BILL597443,CUST10550,272473,272473,2026-03-13 00:00:00,2026-03-17 00:00:00,Web,Paid,1
BILL961972,CUST10171,142781,142781,2026-05-10 00:00:00,2026-05-11 00:00:00,Mobile,Paid,0
BILL209456,CUST10316,324947,311729,2026-04-12 00:00:00,2026-04-16 00:00:00,Mobile,Paid,0
BILL779187,CUST10565,262025,262025,2026-02-07 00:00:00,2026-02-09 00:00:00,Web,Paid,0
BILL771636,CUST10574,239475,239475,2026-01-31 00:00:00,2026-02-04 00:00:00,Web,Paid,0
BILL875717,CUST10008,235370,235370,2026-05-17 00:00:00,2026-05-22 00:00:00,Web,Paid,0
BILL732101,CUST10367,217341,217341,2026-05-16 00:00:00,2026-05-20 00:00:00,API,Paid,0
BILL409553,CUST10054,308144,308144,2026-03-02 00:00:00,2026-03-03 00:00:00,Mobile,Paid,0
BILL725316,CUST10170,290605,290605,2026-04-13 00:00:00,2026-04-14 00:00:00,Mobile,Paid,0
BILL907451,CUST10378,120457,120457,2026-04-16 00:00:00,2026-04-21 00:00:00,Web,Paid,0
BILL902999,CUST10345,232502,232502,2026-02-10 00:00:00,2026-02-10 00:00:00,Mobile,Paid,0
BILL299254,CUST10538,389274,389274,2026-03-09 00:00:00,2026-03-10 00:00:00,Web,Paid,0
BILL961327,CUST10383,346266,346266,2026-05-15 00:00:00,2026-05-16 00:00:00,Web,Paid,0
BILL666610,CUST10383,346266,346266,2026-06-15 00:00:00,2026-06-20 00:00:00,Web,Paid,0
BILL306456,CUST10097,391403,391403,2026-02-03 00:00:00,2026-02-03 00:00:00,Mobile,Paid,0
BILL397005,CUST10520,353247,353247,2026-03-08 00:00:00,2026-03-12 00:00:00,Web,Paid,0
BILL939931,CUST10120,190853,190853,2026-04-11 00:00:00,2026-04-16 00:00:00,Mobile,Paid,0
BILL596375,CUST10241,282189,272928,2026-02-03 00:00:00,2026-02-08 00:00:00,Web,Paid,0
BILL440678,CUST10047,174040,174040,2026-04-05 00:00:00,2026-04-07 00:00:00,Web,Paid,0
BILL223319,CUST10220,319361,319361,2026-02-01 00:00:00,2026-02-01 00:00:00,Mobile,Paid,0
BILL830611,CUST10437,176170,176170,2026-04-18 00:00:00,2026-04-22 00:00:00,Web,Paid,0
BILL753506,CUST10016,207759,207759,2026-02-01 00:00:00,2026-02-06 00:00:00,API,Paid,0
BILL658515,CUST10306,221146,221146,2026-04-17 00:00:00,2026-04-22 00:00:00,Mobile,Paid,0
BILL591338,CUST10533,335715,335715,2026-03-11 00:00:00,2026-03-16 00:00:00,Web,Paid,0
BILL406945,CUST10447,214704,214704,2026-02-03 00:00:00,2026-02-06 00:00:00,Web,Paid,0
BILL839322,CUST10306,221146,221146,2026-05-22 00:00:00,2026-05-23 00:00:00,Mobile,Paid,0
BILL805833,CUST10176,366658,366658,2026-04-13 00:00:00,2026-04-18 00:00:00,Web,Paid,0
BILL184518,CUST10107,326295,326295,2026-03-05 00:00:00,2026-03-07 00:00:00,Mobile,Paid,0
BILL239824,CUST10236,177020,100929,2026-02-07 00:00:00,2026-02-08 00:00:00,Web,Paid,0
BILL639926,CUST10133,321466,321466,2026-03-07 00:00:00,2026-03-11 00:00:00,Web,Paid,0
BILL255494,CUST10447,214704,214704,2026-03-08 00:00:00,2026-03-10 00:00:00,Web,Paid,0
BILL820669,CUST10416,138452,138452,2026-03-13 00:00:00,2026-03-15 00:00:00,Mobile,Paid,0
BILL743153,CUST10590,338082,338082,2026-04-06 00:00:00,2026-04-06 00:00:00,Web,Paid,0
BILL749963,CUST10268,171929,165652,2026-02-09 00:00:00,2026-02-14 00:00:00,Mobile,Paid,0
BILL791445,CUST10159,269731,269731,2026-02-05 00:00:00,2026-02-05 00:00:00,API,Paid,0
BILL539372,CUST10398,332324,332324,2026-05-10 00:00:00,2026-05-10 00:00:00,API,Paid,0
BILL785128,CUST10491,217446,217446,2026-05-09 00:00:00,2026-05-08 00:00:00,Mobile,Paid,0
BILL770843,CUST10393,323135,323135,2026-04-13 00:00:00,2026-04-14 00:00:00,Web,Paid,0
BILL731380,CUST10254,113526,113526,2026-04-04 00:00:00,2026-04-04 00:00:00,API,Paid,0
BILL631507,CUST10254,113526,113526,2026-04-04 00:00:00,2026-04-04 00:01:00,API,Paid,0
BILL940388,CUST10337,169043,169043,2026-03-11 00:00:00,2026-03-13 00:00:00,Mobile,Paid,0
BILL744495,CUST10214,130783,130783,2026-04-14 00:00:00,2026-04-15 00:00:00,Web,Paid,0
BILL906859,CUST10182,277770,277770,2026-03-09 00:00:00,2026-03-09 00:00:00,Web,Paid,0
BILL278768,CUST10150,257602,257602,2026-04-12 00:00:00,2026-04-13 00:00:00,Mobile,Paid,0
BILL266994,CUST10341,220156,220156,2026-03-05 00:00:00,2026-03-09 00:00:00,Mobile,Paid,0
BILL964865,CUST10040,301677,301677,2026-03-10 00:00:00,2026-03-14 00:00:00,Mobile,Paid,0
BILL602346,CUST10304,131699,131699,2026-03-06 00:00:00,2026-03-05 00:00:00,Web,Paid,0
BILL814765,CUST10154,339106,339106,2026-02-08 00:00:00,2026-02-12 00:00:00,Web,Paid,0
BILL951715,CUST10596,256895,256895,2026-06-14 00:00:00,2026-06-17 00:00:00,API,Paid,0
BILL163938,CUST10222,302556,302556,2026-07-23 00:00:00,2026-07-25 00:00:00,Web,Paid,0
BILL759486,CUST10060,153034,153034,2026-03-11 00:00:00,2026-03-15 00:00:00,Web,Paid,0
BILL307009,CUST10198,372200,372200,2026-03-14 00:00:00,2026-03-16 00:00:00,Mobile,Paid,0
BILL644946,CUST10512,262637,262637,2026-05-11 00:00:00,2026-05-16 00:00:00,Web,Paid,0
BILL220752,CUST10332,192531,192531,2026-07-17 00:00:00,2026-07-17 00:00:00,Mobile,Paid,0
BILL774561,CUST10422,262148,262148,2026-01-31 00:00:00,2026-02-05 00:00:00,Web,Paid,0
BILL182840,CUST10127,395325,395325,2026-05-06 00:00:00,2026-05-06 00:00:00,Web,Paid,0
BILL404047,CUST10215,192348,192348,2026-02-03 00:00:00,2026-02-04 00:00:00,Mobile,Paid,0
BILL795845,CUST10261,192948,192948,2026-03-06 00:00:00,2026-03-10 00:00:00,Mobile,Paid,0
BILL985501,CUST10164,224102,224102,2026-03-09 00:00:00,2026-03-11 00:00:00,Mobile,Paid,0
BILL435062,CUST10364,286084,286084,2026-03-11 00:00:00,2026-03-12 00:00:00,Mobile,Paid,0
BILL682632,CUST10357,216028,216028,2026-05-09 00:00:00,2026-05-11 00:00:00,Mobile,Paid,0
BILL744629,CUST10505,257908,257908,2026-02-03 00:00:00,2026-02-06 00:00:00,Web,Paid,0
BILL283044,CUST10378,120457,120457,2026-05-21 00:00:00,2026-05-22 00:00:00,Web,Paid,0
BILL372223,CUST10181,362143,362143,2026-02-07 00:00:00,2026-02-10 00:00:00,Mobile,Paid,0
BILL638533,CUST10567,212531,212531,2026-03-10 00:00:00,2026-03-14 00:00:00,Mobile,Paid,0
BILL533890,CUST10438,188399,188399,2026-02-06 00:00:00,2026-02-07 00:00:00,Mobile,Paid,0
BILL568083,CUST10357,216028,216028,2026-06-10 00:00:00,2026-06-15 00:00:00,Mobile,Paid,0
BILL189962,CUST10581,319058,319058,2026-04-18 00:00:00,2026-04-18 00:00:00,Mobile,Paid,0
BILL622338,CUST10292,357685,357685,2026-03-03 00:00:00,2026-03-05 00:00:00,Web,Paid,0
BILL904918,CUST10500,194860,194860,2026-03-04 00:00:00,2026-03-06 00:00:00,Mobile,Paid,0
BILL571249,CUST10467,239957,239957,2026-04-10 00:00:00,2026-04-11 00:00:00,Mobile,Paid,0
BILL384058,CUST10408,218921,218921,2026-03-04 00:00:00,2026-03-09 00:00:00,Web,Paid,0
BILL335299,CUST10268,171929,171929,2026-03-16 00:00:00,2026-03-17 00:00:00,Mobile,Paid,0
BILL588444,CUST10087,215985,215985,2026-02-03 00:00:00,2026-02-03 00:00:00,Web,Paid,0
BILL775256,CUST10535,231038,231038,2026-02-03 00:00:00,2026-02-04 00:00:00,Mobile,Paid,0
BILL981406,CUST10269,293166,293166,2026-04-14 00:00:00,2026-04-14 00:00:00,Web,Paid,0
BILL201286,CUST10615,228653,228653,2026-03-11 00:00:00,2026-03-14 00:00:00,Web,Paid,0
BILL377274,CUST10110,259291,259291,2026-07-09 00:00:00,2026-07-09 00:00:00,Mobile,Paid,0
BILL613834,CUST10161,344866,344866,2026-06-15 00:00:00,2026-06-20 00:00:00,API,Paid,0
BILL911269,CUST10470,167619,167619,2026-05-14 00:00:00,2026-05-15 00:00:00,Web,Paid,0
BILL820508,CUST10213,196683,196683,2026-04-11 00:00:00,2026-04-16 00:00:00,Web,Paid,0
BILL834732,CUST10052,251664,251664,2026-04-15 00:00:00,2026-04-18 00:00:00,Mobile,Paid,0
BILL631055,CUST10269,293166,293166,2026-05-14 00:00:00,2026-05-18 00:00:00,Web,Paid,0
BILL312039,CUST10106,231535,231535,2026-02-07 00:00:00,2026-02-09 00:00:00,Web,Paid,0
BILL268180,CUST10012,354052,354052,2026-04-14 00:00:00,2026-04-14 00:00:00,Mobile,Paid,0
BILL158324,CUST10437,176170,176170,2026-05-22 00:00:00,2026-05-24 00:00:00,Web,Paid,0
BILL836485,CUST10583,228215,228215,2026-04-07 00:00:00,2026-04-07 00:00:00,Mobile,Paid,0
BILL474472,CUST10034,108235,108235,2026-05-12 00:00:00,2026-05-13 00:00:00,Mobile,Paid,0
BILL924219,CUST10186,272503,272503,2026-02-04 00:00:00,2026-02-07 00:00:00,Mobile,Paid,0
BILL466663,CUST10224,304571,304571,2026-03-11 00:00:00,2026-03-13 00:00:00,Mobile,Paid,0
BILL327385,CUST10516,111753,617008,2026-02-05 00:00:00,2026-02-10 00:00:00,Mobile,Paid,0
BILL251164,CUST10435,240524,240524,2026-03-12 00:00:00,2026-03-13 00:00:00,Mobile,Paid,0
BILL902549,CUST10182,277770,277770,2026-04-08 00:00:00,2026-04-13 00:00:00,Web,Paid,0
BILL665639,CUST10242,250923,250923,2026-03-10 00:00:00,2026-03-12 00:00:00,Mobile,Paid,0
BILL840314,CUST10520,353247,353247,2026-04-11 00:00:00,2026-04-13 00:00:00,API,Paid,0
BILL621567,CUST10385,299414,1244346,2026-04-06 00:00:00,2026-04-07 00:00:00,Web,Paid,0
BILL897894,CUST10136,140071,140071,2026-02-10 00:00:00,2026-02-11 00:00:00,Mobile,Paid,0
BILL198177,CUST10161,344866,344866,2026-07-20 00:00:00,2026-07-20 00:00:00,Mobile,Paid,0
BILL652691,CUST10041,101371,101371,2026-03-16 00:00:00,2026-03-20 00:00:00,Web,Paid,0
BILL649703,CUST10576,241667,241667,2026-04-14 00:00:00,2026-04-18 00:00:00,Web,Paid,0
BILL354135,CUST10255,188144,188144,2026-03-11 00:00:00,2026-03-11 00:00:00,Web,Paid,0
BILL934545,CUST10104,190483,190483,2026-03-11 00:00:00,2026-03-12 00:00:00,Mobile,Paid,0
BILL735605,CUST10070,110369,105132,2026-03-05 00:00:00,2026-03-05 00:00:00,Web,Paid,0
BILL581402,CUST10445,268121,268121,2026-03-13 00:00:00,2026-03-13 00:00:00,Web,Paid,0
BILL331690,CUST10066,362601,362601,2026-05-06 00:00:00,2026-05-11 00:00:00,Web,Paid,0
BILL222447,CUST10033,192674,192674,2026-03-07 00:00:00,2026-03-08 00:00:00,Mobile,Paid,0
BILL607116,CUST10488,202266,202266,2026-03-16 00:00:00,2026-03-17 00:00:00,Mobile,Paid,0
BILL955889,CUST10134,366610,366610,2026-04-19 00:00:00,2026-04-23 00:00:00,Web,Paid,0
BILL958584,CUST10387,288975,288975,2026-08-11 00:00:00,2026-08-11 00:00:00,Mobile,Paid,0
BILL467579,CUST10311,170587,170943,2026-04-12 00:00:00,2026-04-17 00:00:00,Mobile,Paid,0
BILL995795,CUST10161,344866,344866,2026-08-19 00:00:00,2026-08-23 00:00:00,Mobile,Paid,0
BILL770676,CUST10114,195049,195049,2026-02-02 00:00:00,2026-02-06 00:00:00,Mobile,Paid,0
BILL683118,CUST10441,286990,286990,2026-01-31 00:00:00,2026-02-05 00:00:00,Web,Paid,0
BILL413325,CUST10457,217047,217047,2026-04-08 00:00:00,2026-04-12 00:00:00,Web,Paid,0
BILL922248,CUST10409,337522,337522,2026-03-09 00:00:00,2026-03-12 00:00:00,Mobile,Paid,0
BILL482932,CUST10247,395778,395778,2026-04-09 00:00:00,2026-04-11 00:00:00,Web,Paid,0
BILL836834,CUST10121,363947,363081,2026-04-07 00:00:00,2026-04-12 00:00:00,API,Paid,0
BILL415910,CUST10017,248631,248631,2026-04-06 00:00:00,2026-04-06 00:00:00,Web,Paid,0
BILL159885,CUST10595,388505,388505,2026-03-04 00:00:00,2026-03-04 00:00:00,Mobile,Paid,0
BILL648768,CUST10355,283799,283799,2026-03-05 00:00:00,2026-03-05 00:00:00,Web,Paid,0
BILL807068,CUST10045,348206,348206,2026-03-08 00:00:00,2026-03-11 00:00:00,API,Paid,0
BILL530680,CUST10388,195075,195075,2026-03-11 00:00:00,2026-03-16 00:00:00,Web,Paid,0
BILL950594,CUST10535,231038,238218,2026-03-06 00:00:00,2026-03-10 00:00:00,Mobile,Paid,0
BILL436967,CUST10351,243567,243567,2026-05-10 00:00:00,2026-05-12 00:00:00,Web,Paid,0
BILL915741,CUST10017,248631,248631,2026-05-06 00:00:00,2026-05-10 00:00:00,Web,Paid,0
BILL405634,CUST10259,161507,161507,2026-03-02 00:00:00,2026-03-05 00:00:00,Web,Paid,0
BILL220516,CUST10175,299561,284991,2026-02-01 00:00:00,2026-02-02 00:00:00,Web,Paid,0
BILL533161,CUST10303,116210,116210,2026-04-15 00:00:00,2026-04-16 00:00:00,Web,Paid,0
BILL743409,CUST10005,153842,153842,2026-03-10 00:00:00,2026-03-12 00:00:00,Web,Paid,0
BILL479043,CUST10214,130783,130783,2026-05-15 00:00:00,2026-05-16 00:00:00,Web,Paid,0
BILL444782,CUST10448,114297,114297,2026-04-18 00:00:00,2026-04-19 00:00:00,Web,Paid,0
BILL571984,CUST10143,295085,295085,2026-05-18 00:00:00,2026-05-18 00:00:00,Web,Paid,0
BILL365906,CUST10511,361457,361457,2026-05-13 00:00:00,2026-05-14 00:00:00,Mobile,Paid,0
BILL186977,CUST10432,148263,148263,2026-05-15 00:00:00,2026-05-17 00:00:00,Mobile,Paid,0
BILL209457,CUST10361,297495,297495,2026-04-07 00:00:00,2026-04-09 00:00:00,Web,Paid,0
BILL859007,CUST10158,223467,223467,2026-03-11 00:00:00,2026-03-11 00:00:00,API,Paid,0
BILL252613,CUST10400,320362,320362,2026-02-09 00:00:00,2026-02-11 00:00:00,Web,Paid,0
BILL937660,CUST10071,237224,237224,2026-05-16 00:00:00,2026-05-21 00:00:00,Web,Paid,0
BILL682210,CUST10253,224900,224900,2026-03-12 00:00:00,2026-03-13 00:00:00,Web,Paid,0
BILL898742,CUST10164,224102,224102,2026-04-10 00:00:00,2026-04-15 00:00:00,Mobile,Paid,0
BILL704974,CUST10385,299414,299414,2026-05-07 00:00:00,2026-05-10 00:00:00,Web,Paid,0
BILL509945,CUST10131,168512,168512,2026-05-07 00:00:00,2026-05-07 00:00:00,Mobile,Paid,0
BILL562779,CUST10118,311847,311847,2026-01-31 00:00:00,2026-02-04 00:00:00,Web,Paid,0
BILL820398,CUST10035,228067,228067,2026-01-31 00:00:00,2026-02-03 00:00:00,Web,Paid,0
BILL731881,CUST10062,312378,312378,2026-03-07 00:00:00,2026-03-09 00:00:00,Mobile,Paid,0
BILL616131,CUST10609,222054,222054,2026-05-13 00:00:00,2026-05-18 00:00:00,API,Paid,0
BILL532327,CUST10070,110369,110369,2026-04-04 00:00:00,2026-04-07 00:00:00,Web,Paid,0
BILL682813,CUST10397,321880,321880,2026-03-16 00:00:00,2026-03-20 00:00:00,Mobile,Paid,0
BILL160979,CUST10114,195049,195049,2026-03-08 00:00:00,2026-03-10 00:00:00,Mobile,Paid,0
BILL823985,CUST10399,273643,273643,2026-03-09 00:00:00,2026-03-10 00:00:00,Web,Paid,0
BILL964588,CUST10498,335312,335312,2026-06-13 00:00:00,2026-06-17 00:00:00,Mobile,Paid,0
BILL949339,CUST10280,247195,247195,2026-01-31 00:00:00,2026-02-01 00:00:00,Mobile,Paid,0
BILL493397,CUST10341,220156,220156,2026-04-08 00:00:00,2026-04-12 00:00:00,Mobile,Paid,0
BILL478874,CUST10065,108529,108529,2026-03-07 00:00:00,2026-03-08 00:00:00,Web,Paid,0
BILL521023,CUST10237,368949,368949,2026-02-06 00:00:00,2026-02-06 00:00:00,Mobile,Paid,0
BILL397854,CUST10205,363069,363069,2026-04-08 00:00:00,2026-04-10 00:00:00,API,Paid,0
BILL667263,CUST10348,355414,355414,2026-04-08 00:00:00,2026-04-12 00:00:00,Web,Paid,0
BILL885812,CUST10605,167331,167331,2026-04-16 00:00:00,2026-04-18 00:00:00,Web,Paid,0
BILL377117,CUST10196,193206,193206,2026-04-11 00:00:00,2026-04-13 00:00:00,Mobile,Paid,0
BILL882684,CUST10240,178367,178367,2026-04-12 00:00:00,2026-04-15 00:00:00,API,Paid,0
BILL604012,CUST10168,296917,296917,2026-03-10 00:00:00,2026-03-13 00:00:00,Mobile,Paid,0
BILL811264,CUST10284,295311,295311,2026-05-18 00:00:00,2026-05-20 00:00:00,Web,Paid,0
BILL926520,CUST10091,271646,271646,2026-03-09 00:00:00,2026-03-11 00:00:00,Web,Paid,0
BILL412183,CUST10017,248631,248631,2026-06-09 00:00:00,2026-06-11 00:00:00,Web,Paid,0
BILL818574,CUST10357,216028,216028,2026-07-15 00:00:00,2026-07-15 00:00:00,Mobile,Paid,1
BILL707997,CUST10205,363069,363069,2026-05-10 00:00:00,2026-05-14 00:00:00,Mobile,Paid,0
BILL258413,CUST10414,229181,229181,2026-03-12 00:00:00,2026-03-14 00:00:00,Mobile,Paid,0
BILL114630,CUST10443,351740,351740,2026-04-07 00:00:00,2026-04-07 00:00:00,Web,Paid,0
BILL207793,CUST10389,232085,232085,2026-05-15 00:00:00,2026-05-17 00:00:00,Web,Paid,0
BILL261354,CUST10469,346728,346728,2026-03-13 00:00:00,2026-03-15 00:00:00,Mobile,Paid,0
BILL638078,CUST10154,339106,339106,2026-03-14 00:00:00,2026-03-15 00:00:00,API,Paid,0
BILL116313,CUST10380,136412,316024,2026-03-16 00:00:00,2026-03-15 00:00:00,Web,Paid,0
BILL330172,CUST10557,259648,259648,2026-05-10 00:00:00,2026-05-12 00:00:00,Mobile,Paid,1
BILL676447,CUST10398,332324,332324,2026-06-09 00:00:00,2026-06-10 00:00:00,Mobile,Paid,0
BILL737803,CUST10073,207444,207444,2026-05-16 00:00:00,2026-05-19 00:00:00,API,Paid,0
BILL558330,CUST10614,326804,326804,2026-03-06 00:00:00,2026-03-08 00:00:00,API,Paid,0
BILL847544,CUST10027,172429,172429,2026-02-04 00:00:00,2026-02-03 00:00:00,API,Paid,0
BILL465979,CUST10361,297495,297495,2026-05-09 00:00:00,2026-05-11 00:00:00,Web,Paid,0
BILL864565,CUST10592,260721,260721,2026-06-14 00:02:00,2026-06-15 00:02:00,Web,Paid,0
BILL734525,CUST10048,286473,286473,2026-04-05 00:00:00,2026-04-06 00:00:00,Mobile,Paid,0
BILL918350,CUST10189,310340,310340,2026-03-09 00:00:00,2026-03-10 00:00:00,API,Paid,0
BILL412641,CUST10148,325831,325831,2026-05-10 00:03:00,2026-05-15 00:03:00,Web,Paid,0
BILL388560,CUST10239,115461,115461,2026-03-10 00:00:00,2026-03-15 00:00:00,Web,Paid,0
BILL150727,CUST10115,371698,371698,2026-04-15 00:00:00,2026-04-17 00:00:00,Mobile,Paid,0
BILL970864,CUST10126,368583,368583,2026-03-13 00:00:00,2026-03-16 00:00:00,Web,Paid,0
BILL889010,CUST10326,371573,371573,2026-03-10 00:00:00,2026-03-11 00:00:00,Web,Paid,0
BILL416675,CUST10532,229729,229729,2026-04-09 00:00:00,2026-04-11 00:00:00,Mobile,Paid,0
BILL451871,CUST10369,307889,307889,2026-04-08 00:00:00,2026-04-08 00:00:00,Web,Paid,0
BILL193309,CUST10217,259957,259957,2026-02-09 00:00:00,2026-02-11 00:00:00,Web,Paid,0
BILL531938,CUST10368,133379,133379,2026-04-09 00:00:00,2026-04-14 00:00:00,Web,Paid,0
BILL891111,CUST10086,381108,381108,2026-02-10 00:00:00,2026-02-09 00:00:00,Web,Paid,0
BILL453363,CUST10069,150911,150911,2026-02-05 00:00:00,2026-02-08 00:00:00,Mobile,Paid,0
BILL303321,CUST10121,363947,363947,2026-05-12 00:00:00,2026-05-13 00:00:00,Mobile,Paid,0
BILL353410,CUST10532,229729,229729,2026-05-11 00:00:00,2026-05-13 00:00:00,Mobile,Paid,0
BILL923415,CUST10538,389274,389274,2026-04-09 00:00:00,2026-04-12 00:00:00,Web,Paid,0
BILL911823,CUST10426,269834,269834,2026-03-07 00:00:00,2026-03-06 00:00:00,Web,Paid,0
BILL672551,CUST10176,366658,366658,2026-05-18 00:00:00,2026-05-22 00:00:00,Web,Paid,0
BILL254366,CUST10530,292483,292483,2026-03-11 00:00:00,2026-03-12 00:00:00,Mobile,Paid,0
BILL360223,CUST10189,310340,310340,2026-04-09 00:00:00,2026-04-12 00:00:00,API,Paid,0
BILL932742,CUST10356,128557,128557,2026-02-09 00:00:00,2026-02-13 00:00:00,Mobile,Paid,0
BILL484817,CUST10162,173421,173421,2026-03-14 00:00:00,2026-03-16 00:00:00,API,Paid,0
BILL931672,CUST10451,253228,253228,2026-06-17 00:00:00,2026-06-18 00:00:00,Mobile,Paid,0
BILL488820,CUST10247,395778,389776,2026-05-11 00:00:00,2026-05-12 00:00:00,Web,Paid,0
BILL573265,CUST10438,188399,188399,2026-03-09 00:00:00,2026-03-12 00:00:00,Mobile,Paid,0
BILL655902,CUST10442,209546,209546,2026-05-17 00:00:00,2026-05-17 00:00:00,Web,Paid,0
BILL970132,CUST10037,178042,178042,2026-02-08 00:00:00,2026-02-09 00:00:00,Mobile,Paid,0
BILL509574,CUST10113,287414,287414,2026-02-07 00:00:00,2026-02-11 00:00:00,Web,Paid,0
BILL907358,CUST10175,299561,299561,2026-03-04 00:00:00,2026-03-09 00:00:00,Web,Paid,0
BILL622448,CUST10551,310461,310461,2026-03-03 00:00:00,2026-03-07 00:00:00,Mobile,Paid,0
BILL473212,CUST10244,360335,360335,2026-03-12 00:00:00,2026-03-15 00:00:00,Mobile,Paid,0
BILL307907,CUST10205,363069,363069,2026-06-13 00:00:00,2026-06-16 00:00:00,Mobile,Paid,0
BILL269712,CUST10215,192348,192348,2026-03-06 00:00:00,2026-03-06 00:00:00,Mobile,Paid,0
BILL961118,CUST10305,184444,184444,2026-02-01 00:00:00,2026-02-01 00:00:00,API,Paid,0
BILL682342,CUST10110,259291,259291,2026-08-08 00:00:00,2026-08-13 00:00:00,Mobile,Paid,0
BILL554419,CUST10307,102038,102038,2026-02-01 00:00:00,2026-02-03 00:00:00,Mobile,Paid,0
BILL129427,CUST10451,253228,253228,2026-07-18 00:00:00,2026-07-22 00:00:00,Mobile,Paid,0
BILL932931,CUST10034,108235,108235,2026-06-12 00:00:00,2026-06-16 00:00:00,API,Paid,0
BILL475372,CUST10173,273864,273864,2026-05-03 00:00:00,2026-05-06 00:00:00,Mobile,Paid,0
BILL271033,CUST10080,197104,197104,2026-02-02 00:00:00,2026-02-02 00:00:00,Mobile,Paid,0
BILL894296,CUST10602,301882,301882,2026-02-07 00:00:00,2026-02-10 00:00:00,Web,Paid,0
BILL607123,CUST10443,351740,351740,2026-05-07 00:00:00,2026-05-08 00:00:00,Web,Paid,0
BILL286525,CUST10000,393969,393969,2026-04-09 00:00:00,2026-04-10 00:00:00,Web,Paid,0
BILL680057,CUST10607,195355,195355,2026-04-09 00:00:00,2026-04-11 00:00:00,API,Paid,0
BILL627205,CUST10536,220011,220011,2026-03-05 00:00:00,2026-03-05 00:00:00,API,Paid,0
BILL536268,CUST10240,178367,178367,2026-05-15 00:00:00,2026-05-17 00:00:00,Web,Paid,0
BILL121239,CUST10260,149695,149695,2026-03-09 00:03:00,2026-03-10 00:03:00,Web,Paid,0
BILL178524,CUST10455,395476,395476,2026-03-12 00:00:00,2026-03-17 00:00:00,Web,Paid,0
BILL768262,CUST10220,319361,319361,2026-03-03 00:00:00,2026-03-08 00:00:00,Mobile,Paid,0
BILL452353,CUST10508,348867,348867,2026-03-06 00:00:00,2026-03-10 00:00:00,Web,Paid,0
BILL733704,CUST10494,277498,277498,2026-03-14 00:00:00,2026-03-16 00:00:00,Mobile,Paid,0
BILL188113,CUST10330,341313,341313,2026-03-09 00:00:00,2026-03-12 00:00:00,Mobile,Paid,0
BILL824279,CUST10375,145501,145501,2026-03-06 00:00:00,2026-03-10 00:00:00,Mobile,Paid,0
BILL274991,CUST10466,160179,160179,2026-04-12 00:00:00,2026-04-16 00:00:00,Mobile,Paid,0
BILL759840,CUST10382,319178,319178,2026-06-07 00:00:00,2026-06-08 00:00:00,Web,Paid,0
BILL884782,CUST10448,114297,114297,2026-05-19 00:00:00,2026-05-20 00:00:00,Web,Paid,0
BILL619431,CUST10222,302556,302556,2026-08-24 00:00:00,2026-08-25 00:00:00,Web,Paid,0
BILL677266,CUST10128,102847,102847,2026-02-10 00:00:00,2026-02-11 00:00:00,Web,Paid,0
BILL931380,CUST10585,195739,195739,2026-03-11 00:00:00,2026-03-12 00:00:00,Mobile,Paid,0
BILL220433,CUST10028,233088,233088,2026-04-18 00:00:00,2026-04-22 00:00:00,Web,Paid,0
BILL642574,CUST10076,374032,374032,2026-03-11 00:00:00,2026-03-11 00:00:00,Web,Paid,0
BILL536069,CUST10354,179044,179044,2026-03-05 00:00:00,2026-03-05 00:00:00,Mobile,Paid,0
BILL181158,CUST10147,193914,193914,2026-04-11 00:00:00,2026-04-11 00:00:00,Mobile,Paid,0
BILL859005,CUST10146,116906,116906,2026-05-11 00:03:00,2026-05-14 00:03:00,Web,Paid,0
BILL936912,CUST10190,181924,181924,2026-02-07 00:00:00,2026-02-09 00:00:00,Web,Paid,0
BILL559770,CUST10195,267270,267270,2026-03-11 00:00:00,2026-03-11 00:00:00,Mobile,Paid,0
BILL437352,CUST10097,391403,391403,2026-03-05 00:00:00,2026-03-08 00:00:00,Mobile,Paid,0
BILL688785,CUST10520,353247,337786,2026-05-13 00:00:00,2026-05-16 00:00:00,Web,Paid,0
BILL246186,CUST10412,259696,259696,2026-03-11 00:00:00,2026-03-11 00:00:00,Mobile,Paid,0
BILL135989,CUST10332,192531,444062,2026-08-16 00:00:00,2026-08-19 00:00:00,API,Paid,0
BILL419541,CUST10035,228067,228067,2026-03-05 00:00:00,2026-03-05 00:00:00,Web,Paid,0
BILL914328,CUST10558,370905,370905,2026-02-04 00:00:00,2026-02-09 00:00:00,Mobile,Paid,0
BILL545322,CUST10155,387650,387650,2026-04-05 00:00:00,2026-04-07 00:00:00,Mobile,Paid,0
BILL791183,CUST10217,259957,259957,2026-03-13 00:00:00,2026-03-13 00:00:00,Web,Paid,0
BILL881625,CUST10099,272414,272414,2026-03-11 00:00:00,2026-03-11 00:00:00,Web,Paid,0
BILL967281,CUST10214,130783,130783,2026-06-15 00:00:00,2026-06-15 00:00:00,Web,Paid,0
BILL892163,CUST10063,291682,291682,2026-06-25 00:00:00,2026-06-27 00:00:00,Web,Paid,0
BILL596155,CUST10357,216028,216028,2026-08-14 00:00:00,2026-08-17 00:00:00,Mobile,Paid,0
BILL243539,CUST10327,290839,290839,2026-03-08 00:00:00,2026-03-08 00:00:00,API,Paid,0
BILL161501,CUST10327,290839,290839,2026-03-08 00:00:00,2026-03-08 00:01:00,API,Paid,0
BILL819246,CUST10327,290839,290839,2026-03-08 00:00:00,2026-03-08 00:02:00,API,Paid,0
BILL683909,CUST10022,241872,241872,2026-04-12 00:00:00,2026-04-16 00:00:00,Mobile,Paid,0
BILL205879,CUST10011,246971,246971,2026-01-31 00:00:00,2026-01-31 00:00:00,Web,Paid,0
BILL784273,CUST10583,228215,153550,2026-05-07 00:00:00,2026-05-09 00:00:00,Mobile,Paid,0
BILL689550,CUST10413,298647,298647,2026-03-15 00:00:00,2026-03-20 00:00:00,API,Paid,0
BILL988275,CUST10400,320362,320362,2026-03-13 00:00:00,2026-03-15 00:00:00,Web,Paid,0
BILL713718,CUST10319,121345,121345,2026-03-11 00:00:00,2026-03-13 00:00:00,Mobile,Paid,0
BILL470549,CUST10094,245816,245816,2026-03-12 00:00:00,2026-03-12 00:00:00,Mobile,Paid,0
BILL878455,CUST10540,380305,380305,2026-05-04 00:00:00,2026-05-07 00:00:00,Web,Paid,0
BILL532183,CUST10224,304571,304571,2026-04-12 00:00:00,2026-04-17 00:00:00,Mobile,Paid,0
BILL943428,CUST10528,152607,152607,2026-04-09 00:00:00,2026-04-14 00:00:00,Mobile,Paid,0
BILL932988,CUST10244,360335,360335,2026-04-14 00:00:00,2026-04-19 00:00:00,Mobile,Paid,0
BILL861320,CUST10117,147482,147482,2026-02-09 00:00:00,2026-02-14 00:00:00,Web,Paid,0
BILL407860,CUST10449,285445,285445,2026-04-15 00:00:00,2026-04-18 00:00:00,Web,Paid,0
BILL534861,CUST10197,240006,240006,2026-03-08 00:00:00,2026-03-10 00:00:00,Mobile,Paid,0
BILL387436,CUST10241,282189,282189,2026-03-10 00:00:00,2026-03-10 00:00:00,Web,Paid,0
BILL782141,CUST10079,180418,180418,2026-03-03 00:00:00,2026-03-06 00:00:00,Web,Paid,0
BILL222870,CUST10251,198303,198303,2026-02-08 00:00:00,2026-02-11 00:00:00,Mobile,Paid,0
BILL475429,CUST10256,321442,321442,2026-05-10 00:00:00,2026-05-15 00:00:00,Web,Paid,0
BILL878004,CUST10547,191107,188404,2026-02-05 00:00:00,2026-02-06 00:00:00,Mobile,Paid,0
BILL946539,CUST10052,251664,251664,2026-05-18 00:00:00,2026-05-21 00:00:00,Mobile,Paid,0
BILL731784,CUST10400,320362,320362,2026-04-14 00:00:00,2026-04-14 00:00:00,Web,Paid,0
BILL255460,CUST10105,208383,208383,2026-04-06 00:00:00,2026-04-10 00:00:00,API,Paid,0
BILL694859,CUST10268,171929,176951,2026-04-16 00:00:00,2026-04-19 00:00:00,Mobile,Paid,0
BILL184334,CUST10336,314172,314172,2026-03-10 00:00:00,2026-03-15 00:00:00,Mobile,Paid,0
BILL506218,CUST10281,145537,145537,2026-05-22 00:00:00,2026-05-23 00:00:00,Web,Paid,0
BILL289575,CUST10100,173743,173743,2026-04-11 00:00:00,2026-04-14 00:00:00,Web,Paid,0
BILL764251,CUST10051,158243,158243,2026-02-05 00:00:00,2026-02-10 00:00:00,Mobile,Paid,0
BILL109419,CUST10552,129409,129409,2026-03-08 00:00:00,2026-03-13 00:00:00,API,Paid,0
BILL476564,CUST10317,393733,393733,2026-05-17 00:00:00,2026-05-20 00:00:00,API,Paid,0
BILL924535,CUST10451,253228,253228,2026-08-21 00:00:00,2026-08-22 00:00:00,Mobile,Paid,0
BILL187619,CUST10022,241872,233930,2026-05-16 00:00:00,2026-05-21 00:00:00,Mobile,Paid,0
BILL483649,CUST10114,195049,195049,2026-04-09 00:00:00,2026-04-13 00:00:00,Mobile,Paid,0
BILL745825,CUST10425,254546,254546,2026-03-06 00:00:00,2026-03-06 00:00:00,Web,Paid,0
BILL564626,CUST10261,192948,192948,2026-04-09 00:00:00,2026-04-11 00:00:00,Mobile,Paid,0
BILL952694,CUST10039,204115,204115,2026-02-05 00:00:00,2026-02-05 00:00:00,API,Paid,0
BILL473970,CUST10618,170930,170930,2026-03-15 00:00:00,2026-03-20 00:00:00,Web,Paid,0
BILL844753,CUST10549,344709,344709,2026-02-02 00:00:00,2026-02-05 00:00:00,API,Paid,0
BILL269437,CUST10226,203978,203978,2026-06-21 00:00:00,2026-06-21 00:00:00,Web,Paid,0
BILL728766,CUST10114,195049,195049,2026-05-13 00:00:00,2026-05-18 00:00:00,Mobile,Paid,0
BILL832355,CUST10062,312378,312378,2026-04-08 00:00:00,2026-04-10 00:00:00,Mobile,Paid,0
BILL903491,CUST10293,139693,139693,2026-02-05 00:00:00,2026-02-07 00:00:00,Web,Paid,0
BILL844990,CUST10328,184243,184243,2026-06-20 00:00:00,2026-06-20 00:00:00,Web,Paid,0
BILL626395,CUST10554,369856,1384359,2026-03-11 00:00:00,2026-03-12 00:00:00,Web,Paid,0
BILL553630,CUST10330,341313,341313,2026-04-11 00:00:00,2026-04-11 00:00:00,Mobile,Paid,0
BILL608954,CUST10410,224918,224918,2026-05-10 00:00:00,2026-05-12 00:00:00,API,Paid,0
BILL606078,CUST10254,113526,113526,2026-05-04 00:02:00,2026-05-05 00:02:00,Web,Paid,0
BILL123789,CUST10219,181149,181149,2026-03-12 00:00:00,2026-03-16 00:00:00,Web,Paid,0
BILL155516,CUST10024,252646,252646,2026-04-03 00:00:00,2026-04-05 00:00:00,Web,Paid,0
BILL525565,CUST10496,159420,159420,2026-04-11 00:00:00,2026-04-11 00:00:00,API,Paid,0
BILL940447,CUST10425,254546,254546,2026-04-05 00:00:00,2026-04-07 00:00:00,Web,Paid,0
BILL794486,CUST10275,284799,284799,2026-05-07 00:00:00,2026-05-08 00:00:00,Web,Paid,0
BILL639216,CUST10586,278588,278588,2026-02-06 00:00:00,2026-02-06 00:00:00,Mobile,Paid,0
BILL650763,CUST10484,371120,371120,2026-05-13 00:00:00,2026-05-14 00:00:00,Mobile,Paid,0
BILL129567,CUST10577,390170,390170,2026-07-21 00:00:00,2026-07-23 00:00:00,Web,Paid,0
BILL100489,CUST10215,192348,192348,2026-04-05 00:00:00,2026-04-08 00:00:00,Mobile,Paid,0
BILL796202,CUST10291,161087,161087,2026-02-08 00:00:00,2026-02-08 00:00:00,Web,Paid,0
BILL899351,CUST10409,337522,337522,2026-04-11 00:00:00,2026-04-16 00:00:00,Mobile,Paid,0
BILL911861,CUST10509,150011,150011,2026-04-10 00:00:00,2026-04-11 00:00:00,Web,Paid,0
BILL998058,CUST10447,214704,214704,2026-04-09 00:00:00,2026-04-13 00:00:00,Web,Paid,0
BILL865873,CUST10068,364147,364147,2026-02-06 00:00:00,2026-02-08 00:00:00,Web,Paid,1
BILL493191,CUST10327,290839,290839,2026-04-07 00:03:00,2026-04-10 00:03:00,Mobile,Paid,0
BILL988532,CUST10072,168087,168087,2026-03-07 00:00:00,2026-03-10 00:00:00,Mobile,Paid,0
BILL608210,CUST10295,210565,210565,2026-02-01 00:00:00,2026-02-04 00:00:00,API,Paid,0
BILL918155,CUST10030,378810,378810,2026-03-02 00:00:00,2026-03-02 00:00:00,API,Paid,0
BILL755144,CUST10422,262148,262148,2026-03-07 00:00:00,2026-03-11 00:00:00,Web,Paid,0
BILL797099,CUST10442,209546,209546,2026-06-16 00:00:00,2026-06-18 00:00:00,Web,Paid,0
BILL641695,CUST10463,122930,122930,2026-02-03 00:00:00,2026-02-03 00:00:00,Web,Paid,0
BILL856429,CUST10359,265900,265900,2026-03-13 00:00:00,2026-03-12 00:00:00,Web,Paid,0
BILL299262,CUST10523,276201,276201,2026-03-07 00:00:00,2026-03-12 00:00:00,Web,Paid,0
BILL364538,CUST10236,177020,177020,2026-03-10 00:00:00,2026-03-10 00:00:00,Web,Paid,0
BILL534089,CUST10174,340419,340419,2026-05-12 00:00:00,2026-05-12 00:00:00,Mobile,Paid,0
BILL259977,CUST10031,133901,133239,2026-03-11 00:00:00,2026-03-16 00:00:00,Web,Paid,0
BILL721500,CUST10612,296808,296808,2026-04-08 00:00:00,2026-04-08 00:00:00,Web,Paid,0
BILL944345,CUST10139,219961,219961,2026-02-04 00:00:00,2026-02-06 00:00:00,Mobile,Paid,0
BILL572815,CUST10208,255388,255388,2026-04-12 00:00:00,2026-04-14 00:00:00,Mobile,Paid,0
BILL977573,CUST10558,370905,370905,2026-03-11 00:00:00,2026-03-11 00:00:00,Mobile,Paid,0
BILL957851,CUST10592,260721,260721,2026-07-15 00:02:00,2026-07-19 00:02:00,API,Paid,0
BILL566973,CUST10263,238303,238303,2026-03-05 00:00:00,2026-03-10 00:00:00,Web,Paid,0
BILL755630,CUST10330,341313,341313,2026-05-11 00:00:00,2026-05-16 00:00:00,Mobile,Paid,0
BILL158965,CUST10352,271716,271716,2026-02-09 00:00:00,2026-02-11 00:00:00,Mobile,Paid,1
BILL987869,CUST10504,354532,1697877,2026-02-02 00:00:00,2026-02-02 00:00:00,Web,Paid,0
BILL818072,CUST10272,118808,118808,2026-03-06 00:00:00,2026-03-07 00:00:00,Web,Paid,0
BILL617138,CUST10505,257908,245343,2026-03-08 00:00:00,2026-03-11 00:00:00,Web,Paid,0
BILL280749,CUST10197,240006,240006,2026-04-09 00:00:00,2026-04-10 00:00:00,Mobile,Paid,0
BILL566829,CUST10357,216028,216028,2026-09-16 00:00:00,2026-09-20 00:00:00,Mobile,Paid,0
BILL935056,CUST10589,243034,243034,2026-03-08 00:00:00,2026-03-11 00:00:00,Mobile,Paid,0
BILL918175,CUST10079,180418,185250,2026-04-05 00:00:00,2026-04-09 00:00:00,Web,Paid,0
BILL573926,CUST10540,380305,2043196,2026-06-06 00:00:00,2026-06-11 00:00:00,Web,Paid,0
BILL190381,CUST10418,114272,114272,2026-03-07 00:00:00,2026-03-12 00:00:00,Web,Paid,0
BILL828508,CUST10362,146134,146134,2026-03-05 00:00:00,2026-03-08 00:00:00,Mobile,Paid,0
BILL907327,CUST10026,141285,141285,2026-03-12 00:00:00,2026-03-17 00:00:00,Web,Paid,0
BILL460660,CUST10611,384518,1866056,2026-02-08 00:00:00,2026-02-08 00:00:00,Web,Paid,0
BILL188955,CUST10464,127515,127515,2026-04-13 00:00:00,2026-04-18 00:00:00,Mobile,Paid,0
BILL791550,CUST10084,150618,153841,2026-03-14 00:00:00,2026-03-17 00:00:00,Mobile,Paid,0
BILL485573,CUST10011,246971,237042,2026-03-02 00:00:00,2026-03-03 00:00:00,Web,Paid,0
BILL687505,CUST10232,250541,250541,2026-02-03 00:00:00,2026-02-06 00:00:00,Mobile,Paid,0
BILL961397,CUST10441,286990,286990,2026-03-07 00:00:00,2026-03-09 00:00:00,Web,Paid,0
BILL340124,CUST10329,140860,141619,2026-02-05 00:00:00,2026-02-04 00:00:00,Web,Paid,0
BILL578322,CUST10326,371573,371573,2026-04-10 00:00:00,2026-04-11 00:00:00,Web,Paid,0
BILL136250,CUST10128,102847,102847,2026-03-13 00:00:00,2026-03-16 00:00:00,API,Paid,0
BILL828750,CUST10600,339191,1399457,2026-03-07 00:00:00,2026-03-08 00:00:00,Mobile,Paid,0
BILL131886,CUST10010,272952,272952,2026-05-02 00:06:00,2026-05-02 00:06:00,Mobile,Paid,0
BILL169767,CUST10497,202976,202976,2026-02-04 00:00:00,2026-02-04 00:00:00,Mobile,Paid,0
BILL936103,CUST10139,219961,219961,2026-03-08 00:00:00,2026-03-10 00:00:00,Mobile,Paid,1
BILL478793,CUST10084,150618,150618,2026-04-16 00:00:00,2026-04-20 00:00:00,Mobile,Paid,0
BILL619948,CUST10469,346728,346728,2026-04-14 00:00:00,2026-04-16 00:00:00,Mobile,Paid,0
BILL803440,CUST10565,262025,262025,2026-03-11 00:00:00,2026-03-12 00:00:00,Web,Paid,0
BILL836679,CUST10270,355476,355476,2026-03-14 00:00:00,2026-03-15 00:00:00,Web,Paid,0
BILL694560,CUST10219,181149,181149,2026-04-15 00:00:00,2026-04-17 00:00:00,Web,Paid,0
BILL464388,CUST10521,102928,102928,2026-02-02 00:00:00,2026-02-05 00:00:00,Web,Paid,0
BILL169264,CUST10053,123911,123911,2026-02-08 00:00:00,2026-02-08 00:00:00,Mobile,Paid,0
BILL531309,CUST10218,286929,1318004,2026-02-09 00:00:00,2026-02-12 00:00:00,Mobile,Paid,0
BILL857196,CUST10053,123911,123911,2026-03-10 00:00:00,2026-03-11 00:00:00,Mobile,Paid,0
BILL328543,CUST10308,227871,881602,2026-02-03 00:00:00,2026-02-03 00:00:00,Mobile,Paid,0
BILL926892,CUST10043,117933,117933,2026-03-11 00:00:00,2026-03-16 00:00:00,API,Paid,0
BILL543056,CUST10000,393969,393969,2026-05-10 00:00:00,2026-05-15 00:00:00,Web,Paid,0
BILL370595,CUST10061,340328,340328,2026-03-05 00:00:00,2026-03-05 00:00:00,Mobile,Paid,0
BILL377250,CUST10586,278588,278588,2026-03-08 00:00:00,2026-03-10 00:00:00,Mobile,Paid,0
BILL380801,CUST10326,371573,389633,2026-05-11 00:00:00,2026-05-11 00:00:00,Web,Paid,0
BILL664256,CUST10435,240524,240524,2026-04-12 00:00:00,2026-04-15 00:00:00,Mobile,Paid,0
BILL541019,CUST10263,238303,238303,2026-04-09 00:00:00,2026-04-14 00:00:00,Web,Paid,0
BILL263036,CUST10454,215896,215896,2026-04-13 00:00:00,2026-04-16 00:00:00,Web,Paid,0
BILL284741,CUST10022,241872,241872,2026-06-20 00:00:00,2026-06-23 00:00:00,Mobile,Paid,0
BILL815210,CUST10380,136412,136412,2026-04-14 00:00:00,2026-04-15 00:00:00,Web,Paid,0
BILL610754,CUST10324,159805,159805,2026-04-13 00:00:00,2026-04-18 00:00:00,Web,Paid,0
BILL154813,CUST10229,101182,101182,2026-04-09 00:00:00,2026-04-13 00:00:00,Web,Paid,0
BILL853957,CUST10054,308144,308144,2026-04-02 00:00:00,2026-04-06 00:00:00,Mobile,Paid,0
BILL525107,CUST10422,262148,262148,2026-04-10 00:00:00,2026-04-10 00:00:00,Web,Paid,0
BILL313267,CUST10328,184243,476173,2026-07-20 00:00:00,2026-07-24 00:00:00,Web,Paid,0
BILL265286,CUST10121,363947,363947,2026-06-12 00:00:00,2026-06-16 00:00:00,Mobile,Paid,0
BILL757656,CUST10195,267270,267270,2026-04-10 00:00:00,2026-04-09 00:00:00,Mobile,Paid,0
BILL709635,CUST10445,268121,268121,2026-04-12 00:00:00,2026-04-14 00:00:00,Web,Paid,0
BILL475131,CUST10334,331403,331403,2026-03-08 00:00:00,2026-03-10 00:00:00,Web,Paid,0
BILL707225,CUST10188,116421,116421,2026-03-13 00:00:00,2026-03-14 00:00:00,Mobile,Paid,0
BILL875375,CUST10347,230904,230904,2026-04-12 00:00:00,2026-04-12 00:00:00,Web,Paid,0
BILL798758,CUST10224,304571,304571,2026-05-17 00:00:00,2026-05-18 00:00:00,Mobile,Paid,0
BILL481916,CUST10607,195355,195355,2026-05-11 00:00:00,2026-05-13 00:00:00,Web,Paid,0
BILL278178,CUST10209,158617,158617,2026-04-17 00:00:00,2026-04-22 00:00:00,Mobile,Paid,0
BILL336691,CUST10319,121345,121345,2026-04-12 00:00:00,2026-04-14 00:00:00,Mobile,Paid,1
BILL362904,CUST10552,129409,129409,2026-04-12 00:00:00,2026-04-13 00:00:00,Web,Paid,0
BILL662014,CUST10356,128557,89658,2026-03-15 00:00:00,2026-03-16 00:00:00,Mobile,Paid,0
BILL253321,CUST10074,155407,155407,2026-03-08 00:00:00,2026-03-09 00:00:00,Mobile,Paid,0
BILL188302,CUST10436,179560,172499,2026-03-12 00:00:00,2026-03-12 00:00:00,Mobile,Paid,0
BILL794823,CUST10610,166415,166415,2026-03-07 00:00:00,2026-03-08 00:00:00,Web,Paid,0
BILL405485,CUST10026,141285,55469,2026-04-16 00:00:00,2026-04-17 00:00:00,Web,Paid,0
BILL350912,CUST10077,181758,181758,2026-03-10 00:00:00,2026-03-13 00:00:00,Web,Paid,0
BILL583922,CUST10238,239019,239019,2026-04-10 00:00:00,2026-04-13 00:00:00,Mobile,Paid,0
BILL603568,CUST10109,373800,373800,2026-03-07 00:00:00,2026-03-10 00:00:00,Web,Paid,0
BILL602724,CUST10278,251703,251703,2026-02-10 00:00:00,2026-02-15 00:00:00,Web,Paid,0
BILL781177,CUST10329,140860,140860,2026-03-06 00:00:00,2026-03-11 00:00:00,Web,Paid,0
BILL545247,CUST10364,286084,286084,2026-04-11 00:00:00,2026-04-14 00:00:00,Mobile,Paid,0
BILL447294,CUST10245,149125,149125,2026-04-07 00:00:00,2026-04-09 00:00:00,Web,Paid,0
BILL822632,CUST10232,250541,250541,2026-03-08 00:00:00,2026-03-13 00:00:00,Mobile,Paid,0
BILL118211,CUST10125,225149,225149,2026-03-02 00:00:00,2026-03-06 00:00:00,Web,Paid,0
BILL122722,CUST10207,347323,347323,2026-01-31 00:00:00,2026-02-05 00:00:00,API,Paid,0
BILL256443,CUST10148,325831,325831,2026-06-14 00:03:00,2026-06-18 00:03:00,Web,Paid,0
BILL547668,CUST10295,210565,210565,2026-03-06 00:00:00,2026-03-06 00:00:00,Mobile,Paid,0
BILL462218,CUST10101,176350,176350,2026-04-06 00:00:00,2026-04-09 00:00:00,Web,Paid,0
BILL150497,CUST10193,205671,205671,2026-04-12 00:00:00,2026-04-12 00:00:00,Web,Paid,0
BILL862721,CUST10586,278588,280951,2026-04-09 00:00:00,2026-04-09 00:00:00,Mobile,Paid,0
BILL582983,CUST10053,123911,123911,2026-04-10 00:00:00,2026-04-12 00:00:00,Mobile,Paid,0
BILL215368,CUST10377,248037,248037,2026-05-09 00:00:00,2026-05-14 00:00:00,Mobile,Paid,0
BILL139436,CUST10273,352715,352715,2026-02-02 00:00:00,2026-02-06 00:00:00,Mobile,Paid,0
BILL959557,CUST10404,362092,362092,2026-03-10 00:00:00,2026-03-10 00:00:00,Web,Paid,0
BILL587536,CUST10326,371573,371573,2026-06-10 00:00:00,2026-06-12 00:00:00,Web,Paid,0
BILL864935,CUST10009,375989,375989,2026-06-07 00:00:00,2026-06-08 00:00:00,Mobile,Paid,0
BILL753158,CUST10576,241667,241667,2026-05-18 00:00:00,2026-05-22 00:00:00,API,Paid,0
BILL683506,CUST10000,393969,393969,2026-06-14 00:00:00,2026-06-18 00:00:00,Web,Paid,0
BILL655594,CUST10061,340328,340328,2026-04-04 00:00:00,2026-04-04 00:00:00,Mobile,Paid,0
BILL970712,CUST10350,227517,227517,2026-03-03 00:00:00,2026-03-03 00:00:00,Mobile,Paid,0
BILL951000,CUST10028,233088,233088,2026-05-22 00:00:00,2026-05-22 00:00:00,Web,Paid,0
BILL580849,CUST10374,209770,209770,2026-02-02 00:00:00,2026-02-04 00:00:00,Mobile,Paid,0
BILL659372,CUST10525,278327,278327,2026-02-08 00:00:00,2026-02-12 00:00:00,Mobile,Paid,0
BILL902397,CUST10323,349794,349794,2026-03-04 00:00:00,2026-03-04 00:00:00,Mobile,Paid,0
BILL640576,CUST10488,202266,202266,2026-04-16 00:00:00,2026-04-20 00:00:00,API,Paid,0
BILL571396,CUST10286,351577,351577,2026-03-07 00:00:00,2026-03-09 00:00:00,Mobile,Paid,0
BILL355676,CUST10062,312378,312378,2026-05-10 00:00:00,2026-05-13 00:00:00,Mobile,Paid,0
BILL658052,CUST10020,296410,296410,2026-03-08 00:00:00,2026-03-12 00:00:00,Web,Paid,0
BILL909215,CUST10085,211430,211430,2026-03-11 00:00:00,2026-03-11 00:00:00,Mobile,Paid,0
BILL942589,CUST10452,181594,181594,2026-06-24 00:02:00,2026-06-24 00:02:00,Web,Paid,0
BILL965075,CUST10199,298717,298717,2026-03-15 00:00:00,2026-03-20 00:00:00,Mobile,Paid,0
BILL493816,CUST10163,268582,268582,2026-03-09 00:00:00,2026-03-10 00:00:00,Mobile,Paid,0
BILL712541,CUST10386,196578,196578,2026-03-14 00:00:00,2026-03-16 00:00:00,Web,Paid,0
BILL891002,CUST10041,101371,101371,2026-04-19 00:00:00,2026-04-22 00:00:00,API,Paid,0
BILL640436,CUST10142,103897,103897,2026-03-07 00:00:00,2026-03-07 00:00:00,Web,Paid,0
BILL265683,CUST10145,392922,392922,2026-03-12 00:00:00,2026-03-14 00:00:00,Web,Paid,0
BILL446265,CUST10260,149695,149695,2026-04-09 00:03:00,2026-04-12 00:03:00,Web,Paid,0
BILL793026,CUST10611,384518,384518,2026-03-10 00:00:00,2026-03-09 00:00:00,Web,Paid,0
BILL733657,CUST10556,375784,375784,2026-02-02 00:00:00,2026-02-05 00:00:00,Mobile,Paid,0
BILL376750,CUST10549,344709,344709,2026-03-07 00:00:00,2026-03-10 00:00:00,API,Paid,0
BILL506149,CUST10293,139693,139693,2026-03-09 00:00:00,2026-03-11 00:00:00,Web,Paid,0
BILL561011,CUST10408,218921,218921,2026-04-08 00:00:00,2026-04-11 00:00:00,Web,Paid,0
BILL621625,CUST10337,169043,169043,2026-04-12 00:00:00,2026-04-13 00:00:00,Mobile,Paid,0
BILL535693,CUST10550,272473,272473,2026-04-16 00:00:00,2026-04-17 00:00:00,Web,Paid,0
BILL889321,CUST10276,213867,213867,2026-02-06 00:00:00,2026-02-06 00:00:00,API,Paid,0
BILL644110,CUST10276,213867,213867,2026-02-06 00:00:00,2026-02-06 00:01:00,API,Paid,0
BILL606441,CUST10192,166878,166878,2026-04-11 00:00:00,2026-04-12 00:00:00,Mobile,Paid,0
BILL166193,CUST10397,321880,321880,2026-04-19 00:00:00,2026-04-23 00:00:00,Mobile,Paid,0
BILL838660,CUST10295,210565,210565,2026-04-05 00:00:00,2026-04-04 00:00:00,Mobile,Paid,0
BILL253945,CUST10328,184243,184243,2026-08-23 00:00:00,2026-08-25 00:00:00,Web,Paid,0
BILL215701,CUST10373,266015,266015,2026-03-06 00:00:00,2026-03-07 00:00:00,Web,Paid,0
BILL656621,CUST10169,328247,328247,2026-02-06 00:00:00,2026-02-06 00:00:00,Mobile,Paid,0
BILL842359,CUST10301,384312,384312,2026-04-12 00:00:00,2026-04-16 00:00:00,Web,Paid,0
BILL565586,CUST10548,324309,324309,2026-05-16 00:00:00,2026-05-19 00:00:00,Web,Paid,0
BILL162249,CUST10581,319058,319058,2026-05-18 00:00:00,2026-05-21 00:00:00,Mobile,Paid,0
BILL976537,CUST10250,208952,208952,2026-02-05 00:00:00,2026-02-07 00:00:00,Web,Paid,0
BILL847741,CUST10077,181758,181758,2026-04-12 00:00:00,2026-04-12 00:00:00,API,Paid,0
BILL813248,CUST10244,360335,360335,2026-05-19 00:00:00,2026-05-24 00:00:00,Mobile,Paid,0
BILL957376,CUST10543,125974,125974,2026-05-08 00:00:00,2026-05-10 00:00:00,Web,Paid,0
BILL136368,CUST10585,195739,195739,2026-04-11 00:00:00,2026-04-15 00:00:00,Mobile,Paid,0
BILL680857,CUST10236,177020,177020,2026-04-09 00:00:00,2026-04-13 00:00:00,Web,Paid,0
BILL994858,CUST10368,133379,133379,2026-05-14 00:00:00,2026-05-14 00:00:00,Web,Paid,0
BILL751615,CUST10200,172208,172208,2026-02-10 00:00:00,2026-02-14 00:00:00,Web,Paid,0
BILL408938,CUST10071,237224,237224,2026-06-20 00:00:00,2026-06-25 00:00:00,Web,Paid,0
BILL912950,CUST10617,174690,174690,2026-02-08 00:00:00,2026-02-12 00:00:00,Mobile,Paid,0
BILL918548,CUST10180,125186,125186,2026-03-13 00:00:00,2026-03-16 00:00:00,Mobile,Paid,0
BILL554959,CUST10285,375934,375934,2026-05-06 00:00:00,2026-05-10 00:00:00,API,Paid,0
BILL496730,CUST10219,181149,181149,2026-05-17 00:00:00,2026-05-22 00:00:00,Web,Paid,0
BILL274579,CUST10458,327118,327118,2026-05-14 00:00:00,2026-05-17 00:00:00,Mobile,Paid,0
BILL333375,CUST10476,355985,355985,2026-07-28 00:00:00,2026-07-29 00:00:00,Web,Paid,0
BILL540898,CUST10475,126039,123298,2026-02-10 00:00:00,2026-02-11 00:00:00,Mobile,Paid,0
BILL156126,CUST10316,324947,324947,2026-05-16 00:00:00,2026-05-20 00:00:00,Mobile,Paid,0
BILL516072,CUST10085,211430,211430,2026-04-10 00:00:00,2026-04-10 00:00:00,Mobile,Paid,0
BILL268797,CUST10315,135973,135973,2026-03-03 00:00:00,2026-03-03 00:00:00,Web,Paid,0
BILL268149,CUST10361,297495,297495,2026-06-10 00:00:00,2026-06-10 00:00:00,Web,Paid,0
BILL373661,CUST10540,380305,380305,2026-07-11 00:00:00,2026-07-15 00:00:00,Web,Paid,0
BILL172881,CUST10449,285445,285445,2026-05-18 00:00:00,2026-05-18 00:00:00,Web,Paid,0
BILL261914,CUST10019,290331,1007183,2026-04-19 00:00:00,2026-04-20 00:00:00,Mobile,Paid,0
BILL870756,CUST10081,332441,332441,2026-03-15 00:00:00,2026-03-14 00:00:00,API,Paid,0
BILL432714,CUST10295,210565,210565,2026-05-04 00:00:00,2026-05-08 00:00:00,Mobile,Paid,0
BILL681690,CUST10302,246406,246406,2026-04-15 00:00:00,2026-04-16 00:00:00,Web,Paid,0
BILL450925,CUST10510,148501,148501,2026-03-13 00:00:00,2026-03-18 00:00:00,Web,Paid,0
BILL345979,CUST10449,285445,285445,2026-06-17 00:00:00,2026-06-17 00:00:00,Web,Paid,0
BILL228286,CUST10473,142062,142062,2026-03-16 00:00:00,2026-03-16 00:00:00,Mobile,Paid,0
BILL133450,CUST10013,154503,154503,2026-04-09 00:00:00,2026-04-14 00:00:00,Mobile,Paid,0
BILL633999,CUST10307,102038,102038,2026-03-05 00:00:00,2026-03-10 00:00:00,Mobile,Paid,0
BILL933729,CUST10155,387650,387650,2026-05-07 00:00:00,2026-05-11 00:00:00,Mobile,Paid,0
BILL861418,CUST10063,291682,291682,2026-07-27 00:00:00,2026-07-28 00:00:00,Web,Paid,0
BILL130473,CUST10446,332242,332242,2026-03-04 00:00:00,2026-03-04 00:00:00,Web,Paid,0
BILL593284,CUST10205,363069,363069,2026-07-16 00:00:00,2026-07-17 00:00:00,Mobile,Paid,0
BILL783959,CUST10445,268121,1372125,2026-05-14 00:00:00,2026-05-16 00:00:00,Web,Paid,0
BILL710384,CUST10352,271716,271716,2026-03-13 00:00:00,2026-03-14 00:00:00,Mobile,Paid,0
BILL757741,CUST10308,227871,227871,2026-03-05 00:00:00,2026-03-09 00:00:00,Mobile,Paid,0
BILL527816,CUST10590,338082,338082,2026-05-06 00:00:00,2026-05-09 00:00:00,Web,Paid,0
BILL575117,CUST10467,239957,239957,2026-05-11 00:00:00,2026-05-14 00:00:00,Mobile,Paid,0
BILL954491,CUST10186,272503,272503,2026-03-09 00:00:00,2026-03-11 00:00:00,Mobile,Paid,0
BILL194669,CUST10405,184088,184088,2026-02-06 00:00:00,2026-02-07 00:00:00,Web,Paid,0
BILL517938,CUST10206,162750,162750,2026-04-06 00:00:00,2026-04-10 00:00:00,Mobile,Paid,0
BILL503935,CUST10495,342600,342600,2026-04-11 00:00:00,2026-04-16 00:00:00,Web,Paid,0
BILL585078,CUST10144,156018,156018,2026-06-20 00:00:00,2026-06-20 00:00:00,Web,Paid,0
BILL706806,CUST10447,214704,214704,2026-05-13 00:00:00,2026-05-18 00:00:00,Web,Paid,0
BILL279527,CUST10011,246971,246971,2026-04-02 00:00:00,2026-04-02 00:00:00,Web,Paid,0
BILL326525,CUST10022,241872,233165,2026-07-23 00:00:00,2026-07-28 00:00:00,Mobile,Paid,0
BILL209816,CUST10181,362143,362143,2026-03-12 00:00:00,2026-03-13 00:00:00,Mobile,Paid,0
BILL278718,CUST10233,357934,357934,2026-02-07 00:00:00,2026-02-09 00:00:00,Web,Paid,0
BILL454862,CUST10071,237224,237224,2026-07-25 00:00:00,2026-07-26 00:00:00,Web,Paid,0
BILL374510,CUST10374,209770,209770,2026-03-06 00:00:00,2026-03-09 00:00:00,Mobile,Paid,0
BILL700196,CUST10326,371573,388163,2026-07-12 00:00:00,2026-07-17 00:00:00,API,Paid,0
BILL386431,CUST10258,198716,198716,2026-03-12 00:00:00,2026-03-16 00:00:00,API,Paid,0
BILL696677,CUST10494,277498,277498,2026-04-15 00:00:00,2026-04-18 00:00:00,API,Paid,0
BILL136630,CUST10601,235801,235801,2026-02-04 00:00:00,2026-02-07 00:00:00,Web,Paid,0
BILL301957,CUST10147,193914,193914,2026-05-11 00:00:00,2026-05-12 00:00:00,API,Paid,0
BILL138327,CUST10433,352026,352026,2026-06-18 00:00:00,2026-06-18 00:00:00,Web,Paid,0
BILL174401,CUST10399,273643,273643,2026-04-09 00:00:00,2026-04-12 00:00:00,Web,Paid,0
BILL756843,CUST10547,191107,191107,2026-03-08 00:00:00,2026-03-09 00:00:00,API,Paid,0
BILL973555,CUST10518,144976,144976,2026-04-10 00:00:00,2026-04-15 00:00:00,Web,Paid,0
BILL299684,CUST10585,195739,195739,2026-05-15 00:00:00,2026-05-20 00:00:00,Mobile,Paid,0
BILL481943,CUST10530,292483,292483,2026-04-11 00:00:00,2026-04-15 00:00:00,Mobile,Paid,0
BILL478678,CUST10480,105645,105645,2026-05-16 00:00:00,2026-05-17 00:00:00,Mobile,Paid,0
BILL957516,CUST10480,105645,105645,2026-06-16 00:00:00,2026-06-16 00:00:00,Mobile,Paid,0
BILL102245,CUST10020,296410,296410,2026-04-11 00:00:00,2026-04-13 00:00:00,Web,Paid,0
BILL838820,CUST10294,134073,134073,2026-03-07 00:00:00,2026-03-09 00:00:00,Mobile,Paid,1
BILL825843,CUST10421,286502,286502,2026-05-15 00:03:00,2026-05-18 00:03:00,Mobile,Paid,0
BILL459899,CUST10501,251690,251690,2026-02-02 00:00:00,2026-02-03 00:00:00,Mobile,Paid,0
BILL550137,CUST10241,282189,282189,2026-04-09 00:00:00,2026-04-12 00:00:00,Web,Paid,0
BILL963064,CUST10536,220011,220011,2026-04-04 00:00:00,2026-04-04 00:00:00,API,Paid,0
BILL894130,CUST10536,220011,220011,2026-04-04 00:00:00,2026-04-04 00:01:00,API,Paid,0
BILL378781,CUST10334,331403,331403,2026-04-09 00:00:00,2026-04-09 00:00:00,Web,Paid,0
BILL707066,CUST10452,181594,181594,2026-07-24 00:02:00,2026-07-26 00:02:00,Web,Paid,0
BILL836150,CUST10284,295311,295311,2026-06-19 00:00:00,2026-06-19 00:00:00,Web,Paid,0
BILL495144,CUST10532,229729,233821,2026-06-12 00:00:00,2026-06-17 00:00:00,Mobile,Paid,0
BILL693619,CUST10388,195075,195075,2026-04-15 00:00:00,2026-04-19 00:00:00,Web,Paid,0
BILL359091,CUST10366,135898,135898,2026-03-06 00:00:00,2026-03-11 00:00:00,Mobile,Paid,0
BILL520012,CUST10554,369856,369856,2026-04-11 00:00:00,2026-04-16 00:00:00,Web,Paid,0
BILL944993,CUST10439,250474,250474,2026-04-07 00:00:00,2026-04-09 00:00:00,Mobile,Paid,0
BILL672607,CUST10449,285445,285445,2026-07-17 00:00:00,2026-07-20 00:00:00,Web,Paid,0
BILL419308,CUST10603,158354,158354,2026-04-16 00:00:00,2026-04-21 00:00:00,Web,Paid,0
BILL919264,CUST10050,356550,356550,2026-02-08 00:00:00,2026-02-09 00:00:00,Web,Paid,0
BILL416180,CUST10383,346266,343592,2026-07-20 00:00:00,2026-07-22 00:00:00,Web,Paid,0
BILL146819,CUST10473,142062,142062,2026-04-15 00:00:00,2026-04-14 00:00:00,Mobile,Paid,0
BILL236582,CUST10124,121582,121582,2026-02-03 00:00:00,2026-02-05 00:00:00,API,Paid,0
BILL657056,CUST10380,136412,136412,2026-05-15 00:00:00,2026-05-18 00:00:00,Web,Paid,0
BILL543733,CUST10003,182530,182530,2026-02-05 00:00:00,2026-02-09 00:00:00,Web,Paid,0
BILL634360,CUST10616,196054,196054,2026-03-05 00:00:00,2026-03-09 00:00:00,Mobile,Paid,0
BILL923973,CUST10040,301677,301677,2026-04-13 00:00:00,2026-04-15 00:00:00,API,Paid,0
BILL230428,CUST10387,288975,283412,2026-09-10 00:00:00,2026-09-11 00:00:00,Mobile,Paid,0
BILL320534,CUST10356,128557,128557,2026-04-15 00:00:00,2026-04-18 00:00:00,Mobile,Paid,0
BILL579668,CUST10320,224248,224248,2026-04-06 00:00:00,2026-04-07 00:00:00,Web,Paid,0
BILL327287,CUST10235,396186,396186,2026-04-11 00:00:00,2026-04-11 00:00:00,Mobile,Paid,0
BILL975812,CUST10482,317106,317106,2026-05-06 00:00:00,2026-05-06 00:00:00,Web,Paid,0
BILL475386,CUST10548,324309,324309,2026-06-18 00:00:00,2026-06-17 00:00:00,Web,Paid,0
BILL742767,CUST10374,209770,209770,2026-04-08 00:00:00,2026-04-11 00:00:00,Mobile,Paid,0
BILL157787,CUST10385,299414,299414,2026-06-09 00:00:00,2026-06-09 00:00:00,API,Paid,0
BILL452080,CUST10385,299414,299414,2026-06-09 00:00:00,2026-06-09 00:01:00,API,Paid,0
BILL282452,CUST10420,223380,223380,2026-02-08 00:00:00,2026-02-13 00:00:00,Mobile,Paid,0
BILL707091,CUST10241,282189,282189,2026-05-12 00:00:00,2026-05-12 00:00:00,API,Paid,0
BILL783325,CUST10497,202976,202976,2026-03-06 00:00:00,2026-03-07 00:00:00,Mobile,Paid,0
BILL384524,CUST10289,398229,398229,2026-04-09 00:00:00,2026-04-14 00:00:00,Web,Paid,0
BILL592514,CUST10054,308144,308144,2026-05-06 00:00:00,2026-05-10 00:00:00,Mobile,Paid,0
BILL430203,CUST10202,218656,218656,2026-06-14 00:00:00,2026-06-16 00:00:00,Web,Paid,0
BILL706137,CUST10514,228952,228952,2026-04-08 00:00:00,2026-04-09 00:00:00,Web,Paid,0
BILL779180,CUST10221,300750,300750,2026-04-10 00:00:00,2026-04-12 00:00:00,Mobile,Paid,0
BILL834230,CUST10165,382686,382686,2026-04-19 00:00:00,2026-04-23 00:00:00,Web,Paid,0
BILL645105,CUST10026,141285,141285,2026-05-17 00:00:00,2026-05-17 00:00:00,Web,Paid,0
BILL782934,CUST10314,104406,104406,2026-04-11 00:00:00,2026-04-11 00:00:00,API,Paid,0
BILL935290,CUST10140,178769,178769,2026-04-19 00:00:00,2026-04-24 00:00:00,Mobile,Paid,0
BILL130549,CUST10099,272414,272414,2026-04-10 00:00:00,2026-04-13 00:00:00,Web,Paid,0
BILL212574,CUST10313,199325,199325,2026-06-12 00:00:00,2026-06-14 00:00:00,Mobile,Paid,0
BILL967867,CUST10461,160670,160670,2026-04-11 00:00:00,2026-04-12 00:00:00,Mobile,Paid,0
BILL911480,CUST10337,169043,169043,2026-05-13 00:00:00,2026-05-15 00:00:00,Mobile,Paid,0
BILL793699,CUST10251,198303,198303,2026-03-13 00:00:00,2026-03-14 00:00:00,Mobile,Paid,0
BILL707343,CUST10333,348154,348154,2026-02-07 00:00:00,2026-02-12 00:00:00,Web,Paid,0
BILL956774,CUST10023,275833,275833,2026-03-11 00:00:00,2026-03-16 00:00:00,Mobile,Paid,0
BILL720739,CUST10591,281465,281465,2026-04-06 00:00:00,2026-04-09 00:00:00,API,Paid,0
BILL976630,CUST10494,277498,277498,2026-05-18 00:00:00,2026-05-20 00:00:00,Mobile,Paid,0
BILL246877,CUST10551,310461,310461,2026-04-06 00:00:00,2026-04-11 00:00:00,Mobile,Paid,0
BILL661959,CUST10607,195355,195355,2026-06-12 00:00:00,2026-06-11 00:00:00,Web,Paid,0
BILL744600,CUST10437,176170,176170,2026-06-23 00:00:00,2026-06-25 00:00:00,Web,Paid,0
BILL556658,CUST10306,221146,221146,2026-06-22 00:00:00,2026-06-27 00:00:00,Mobile,Paid,0
BILL955721,CUST10482,317106,317106,2026-06-05 00:00:00,2026-06-08 00:00:00,Web,Paid,0
BILL703893,CUST10332,192531,192531,2026-09-18 00:00:00,2026-09-22 00:00:00,Mobile,Paid,0
BILL276217,CUST10095,162561,162561,2026-03-14 00:00:00,2026-03-15 00:00:00,Web,Paid,0
BILL121909,CUST10095,162561,162561,2026-04-14 00:00:00,2026-04-16 00:00:00,Web,Paid,0
BILL217960,CUST10426,269834,269834,2026-04-05 00:00:00,2026-04-05 00:00:00,Web,Paid,0
BILL247441,CUST10419,368161,368161,2026-02-03 00:00:00,2026-02-06 00:00:00,Web,Paid,0
BILL167097,CUST10163,268582,268582,2026-04-09 00:00:00,2026-04-11 00:00:00,Mobile,Paid,0
BILL969643,CUST10492,132628,132628,2026-04-05 00:00:00,2026-04-09 00:00:00,Web,Paid,0
BILL983466,CUST10550,272473,272473,2026-05-17 00:00:00,2026-05-16 00:00:00,Web,Paid,0
BILL973976,CUST10365,350379,350379,2026-03-15 00:00:00,2026-03-19 00:00:00,Mobile,Paid,0
BILL190862,CUST10494,277498,277498,2026-06-19 00:00:00,2026-06-19 00:00:00,Mobile,Paid,0
BILL439300,CUST10513,326951,326951,2026-03-12 00:00:00,2026-03-12 00:00:00,Web,Paid,0
BILL859520,CUST10182,277770,277770,2026-05-13 00:00:00,2026-05-18 00:00:00,Web,Paid,0
BILL841420,CUST10372,220460,220460,2026-04-11 00:00:00,2026-04-13 00:00:00,Web,Paid,0
BILL749168,CUST10512,262637,262637,2026-06-15 00:00:00,2026-06-16 00:00:00,Web,Paid,0
BILL230487,CUST10188,116421,116421,2026-04-13 00:00:00,2026-04-18 00:00:00,Mobile,Paid,0
BILL659637,CUST10088,139159,139159,2026-02-04 00:00:00,2026-02-05 00:00:00,Web,Paid,0
BILL714182,CUST10594,300870,300870,2026-04-08 00:00:00,2026-04-11 00:00:00,Mobile,Paid,0
BILL247034,CUST10064,130657,130657,2026-02-03 00:00:00,2026-02-02 00:00:00,Mobile,Paid,0
BILL920144,CUST10170,290605,290605,2026-05-14 00:00:00,2026-05-16 00:00:00,Mobile,Paid,0
BILL280684,CUST10100,173743,173743,2026-05-14 00:00:00,2026-05-19 00:00:00,Web,Paid,0
BILL826374,CUST10079,180418,180418,2026-05-09 00:00:00,2026-05-14 00:00:00,Web,Paid,0
BILL776166,CUST10569,351356,351356,2026-02-05 00:00:00,2026-02-06 00:00:00,Mobile,Paid,0
BILL667271,CUST10366,135898,135898,2026-04-10 00:00:00,2026-04-12 00:00:00,Mobile,Paid,0
BILL752249,CUST10140,178769,178769,2026-05-24 00:00:00,2026-05-29 00:00:00,Mobile,Paid,0
BILL830295,CUST10584,348118,348118,2026-02-08 00:00:00,2026-02-13 00:00:00,Web,Paid,0
BILL481465,CUST10378,120457,120457,2026-06-21 00:00:00,2026-06-25 00:00:00,API,Paid,0
BILL892349,CUST10329,140860,140860,2026-04-10 00:00:00,2026-04-12 00:00:00,Web,Paid,0
BILL542609,CUST10153,162569,162569,2026-02-03 00:00:00,2026-02-06 00:00:00,Web,Paid,0
BILL310392,CUST10409,337522,337522,2026-05-16 00:00:00,2026-05-19 00:00:00,Mobile,Paid,0
BILL694034,CUST10406,256264,256264,2026-10-24 00:00:00,2026-10-23 00:00:00,Web,Paid,0
BILL932647,CUST10301,384312,1230890,2026-05-16 00:00:00,2026-05-15 00:00:00,Web,Paid,0
BILL158645,CUST10135,318407,318407,2026-02-02 00:00:00,2026-02-05 00:00:00,API,Paid,0
BILL898572,CUST10524,389395,389395,2026-02-09 00:00:00,2026-02-13 00:00:00,Mobile,Paid,0
BILL792848,CUST10331,117190,117190,2026-07-21 00:00:00,2026-07-21 00:00:00,API,Paid,0
BILL187112,CUST10024,252646,252646,2026-05-05 00:00:00,2026-05-07 00:00:00,Web,Paid,0
BILL792554,CUST10259,161507,161507,2026-04-04 00:00:00,2026-04-08 00:00:00,Web,Paid,0
BILL753294,CUST10035,228067,228067,2026-04-04 00:00:00,2026-04-06 00:00:00,Web,Paid,0
BILL783047,CUST10407,317152,317152,2026-05-15 00:00:00,2026-05-20 00:00:00,Mobile,Paid,0
BILL439901,CUST10140,178769,178769,2026-06-28 00:00:00,2026-07-02 00:00:00,Mobile,Paid,0
BILL658751,CUST10323,349794,349794,2026-04-03 00:00:00,2026-04-06 00:00:00,Mobile,Paid,0
BILL581443,CUST10327,290839,290839,2026-05-10 00:03:00,2026-05-13 00:03:00,Mobile,Paid,0
BILL757192,CUST10024,252646,252646,2026-06-06 00:00:00,2026-06-09 00:00:00,Web,Paid,0
BILL830704,CUST10133,321466,321466,2026-04-10 00:00:00,2026-04-12 00:00:00,Web,Paid,0
BILL527300,CUST10456,297942,297942,2026-04-14 00:00:00,2026-04-19 00:00:00,Mobile,Paid,0
BILL873074,CUST10288,111155,111155,2026-03-04 00:00:00,2026-03-03 00:00:00,Mobile,Paid,0
BILL883074,CUST10253,224900,224900,2026-04-12 00:00:00,2026-04-15 00:00:00,Web,Paid,0
BILL674849,CUST10567,212531,212531,2026-04-13 00:00:00,2026-04-13 00:00:00,Mobile,Paid,0
BILL384729,CUST10490,308508,308508,2026-04-10 00:00:00,2026-04-14 00:00:00,Mobile,Paid,0
BILL239993,CUST10314,104406,104406,2026-05-11 00:00:00,2026-05-11 00:00:00,Mobile,Paid,0
BILL862032,CUST10526,151663,152435,2026-02-02 00:00:00,2026-02-04 00:00:00,Mobile,Paid,0
BILL286157,CUST10230,298652,298652,2026-06-22 00:00:00,2026-06-22 00:00:00,Web,Paid,0
BILL334236,CUST10258,198716,198716,2026-04-15 00:00:00,2026-04-16 00:00:00,Web,Paid,0
BILL875809,CUST10366,135898,135898,2026-05-12 00:00:00,2026-05-12 00:00:00,Mobile,Paid,0
BILL365664,CUST10357,216028,213379,2026-10-20 00:00:00,2026-10-22 00:00:00,Mobile,Paid,0
BILL551816,CUST10329,140860,140860,2026-05-12 00:00:00,2026-05-13 00:00:00,Web,Paid,0
BILL271234,CUST10373,266015,266015,2026-04-06 00:00:00,2026-04-08 00:00:00,Web,Paid,0
BILL449727,CUST10108,336692,336692,2026-04-11 00:00:00,2026-04-14 00:00:00,Mobile,Paid,0
BILL998180,CUST10536,220011,220011,2026-05-04 00:02:00,2026-05-05 00:02:00,Web,Paid,0
BILL580129,CUST10287,337070,337070,2026-05-07 00:00:00,2026-05-12 00:00:00,Web,Paid,0
BILL329381,CUST10374,209770,209770,2026-05-11 00:00:00,2026-05-15 00:00:00,Mobile,Paid,0
BILL417678,CUST10349,168829,168829,2026-05-11 00:00:00,2026-05-11 00:00:00,API,Paid,0
BILL987911,CUST10349,168829,168829,2026-05-11 00:00:00,2026-05-11 00:01:00,API,Paid,0
BILL854008,CUST10349,168829,168829,2026-05-11 00:00:00,2026-05-11 00:02:00,API,Paid,0
BILL832438,CUST10173,273864,273864,2026-06-05 00:00:00,2026-06-06 00:00:00,Mobile,Paid,0
BILL431300,CUST10146,116906,116906,2026-06-13 00:03:00,2026-06-13 00:03:00,Web,Paid,0
BILL655934,CUST10015,132020,132020,2026-02-07 00:00:00,2026-02-07 00:00:00,Mobile,Paid,0
BILL460729,CUST10618,170930,170930,2026-04-19 00:00:00,2026-04-19 00:00:00,Web,Paid,0
BILL367333,CUST10119,278581,278581,2026-05-06 00:02:00,2026-05-06 00:02:00,Mobile,Paid,0
BILL724603,CUST10296,145271,147528,2026-02-06 00:00:00,2026-02-10 00:00:00,Mobile,Paid,0
BILL277667,CUST10345,232502,232502,2026-03-12 00:00:00,2026-03-13 00:00:00,API,Paid,0
BILL408707,CUST10192,166878,166878,2026-05-12 00:00:00,2026-05-16 00:00:00,Mobile,Paid,0
BILL286855,CUST10111,326731,326731,2026-03-12 00:00:00,2026-03-13 00:00:00,Mobile,Paid,0
BILL582800,CUST10410,224918,224918,2026-06-11 00:00:00,2026-06-16 00:00:00,Mobile,Paid,0
BILL299760,CUST10100,173743,173743,2026-06-18 00:00:00,2026-06-22 00:00:00,Web,Paid,0
BILL166325,CUST10527,283502,283502,2026-02-05 00:00:00,2026-02-08 00:00:00,Mobile,Paid,0
BILL707154,CUST10566,389780,389780,2026-03-13 00:00:00,2026-03-13 00:00:00,Web,Paid,0
BILL619558,CUST10135,318407,318407,2026-03-07 00:00:00,2026-03-07 00:00:00,Mobile,Paid,0
BILL482938,CUST10159,269731,269731,2026-03-07 00:00:00,2026-03-08 00:00:00,Mobile,Paid,0
BILL614088,CUST10573,131534,131534,2026-05-10 00:00:00,2026-05-14 00:00:00,Web,Paid,0
BILL462785,CUST10096,304688,304688,2026-01-31 00:00:00,2026-02-03 00:00:00,Web,Paid,0
BILL265672,CUST10514,228952,226689,2026-05-09 00:00:00,2026-05-10 00:00:00,Web,Paid,0
BILL466591,CUST10175,299561,299561,2026-04-08 00:00:00,2026-04-09 00:00:00,Web,Paid,0
BILL301377,CUST10582,399188,399188,2026-04-08 00:00:00,2026-04-09 00:00:00,API,Paid,0
BILL420688,CUST10423,319827,319827,2026-03-10 00:00:00,2026-03-15 00:00:00,Web,Paid,0
BILL516470,CUST10259,161507,161507,2026-05-08 00:00:00,2026-05-13 00:00:00,Web,Paid,0
BILL936202,CUST10000,393969,393969,2026-07-18 00:00:00,2026-07-22 00:00:00,Web,Paid,0
BILL688903,CUST10071,237224,237224,2026-08-25 00:00:00,2026-08-29 00:00:00,Web,Paid,0
BILL762392,CUST10042,284002,284002,2026-02-02 00:00:00,2026-02-02 00:00:00,Web,Paid,0
BILL173763,CUST10172,250168,250168,2026-04-09 00:03:00,2026-04-14 00:03:00,Web,Paid,0
BILL482168,CUST10416,138452,138452,2026-04-14 00:00:00,2026-04-18 00:00:00,API,Paid,0
BILL306153,CUST10126,368583,368583,2026-04-15 00:00:00,2026-04-20 00:00:00,API,Paid,0
BILL438118,CUST10306,221146,221146,2026-07-27 00:00:00,2026-07-30 00:00:00,Mobile,Paid,0
BILL113863,CUST10392,380320,380320,2026-03-14 00:00:00,2026-03-16 00:00:00,Mobile,Paid,0
BILL467390,CUST10416,138452,135679,2026-05-18 00:00:00,2026-05-20 00:00:00,Mobile,Paid,0
BILL169459,CUST10568,385619,385619,2026-02-09 00:00:00,2026-02-13 00:00:00,API,Paid,0
BILL599732,CUST10312,385962,385962,2026-04-08 00:00:00,2026-04-10 00:00:00,Mobile,Paid,0
BILL733219,CUST10016,207759,207759,2026-03-08 00:00:00,2026-03-07 00:00:00,Web,Paid,0
BILL691353,CUST10307,102038,102038,2026-04-09 00:00:00,2026-04-09 00:00:00,Mobile,Paid,0
BILL564741,CUST10359,265900,265900,2026-04-11 00:00:00,2026-04-15 00:00:00,API,Paid,0
BILL817162,CUST10145,392922,392922,2026-04-13 00:00:00,2026-04-16 00:00:00,Web,Paid,0
BILL427310,CUST10606,122236,122236,2026-03-17 00:00:00,2026-03-17 00:00:00,Mobile,Paid,0
BILL908223,CUST10069,150911,150911,2026-03-10 00:00:00,2026-03-15 00:00:00,Mobile,Paid,0
BILL130155,CUST10393,323135,323135,2026-05-14 00:00:00,2026-05-14 00:00:00,Web,Paid,0
BILL242125,CUST10400,320362,320362,2026-05-14 00:00:00,2026-05-19 00:00:00,API,Paid,0
BILL978558,CUST10080,197104,197104,2026-03-04 00:00:00,2026-03-06 00:00:00,Mobile,Paid,0
BILL469672,CUST10079,180418,180418,2026-06-13 00:00:00,2026-06-18 00:00:00,Web,Paid,0
BILL797856,CUST10130,263630,263630,2026-06-13 00:00:00,2026-06-17 00:00:00,API,Paid,0
BILL344606,CUST10194,305707,305707,2026-05-15 00:00:00,2026-05-16 00:00:00,API,Paid,0
BILL919985,CUST10104,190483,190483,2026-04-11 00:00:00,2026-04-12 00:00:00,Mobile,Paid,0
BILL915838,CUST10541,215225,72054,2026-02-02 00:00:00,2026-02-04 00:00:00,API,Paid,0
BILL859502,CUST10509,150011,150011,2026-05-11 00:00:00,2026-05-11 00:00:00,Web,Paid,0
BILL965050,CUST10491,217446,217446,2026-06-07 00:00:00,2026-06-12 00:00:00,Mobile,Paid,0
BILL518367,CUST10223,305291,305291,2026-05-11 00:00:00,2026-05-13 00:00:00,Mobile,Paid,0
BILL678926,CUST10537,313828,322532,2026-04-12 00:00:00,2026-04-12 00:00:00,Mobile,Paid,0
BILL845341,CUST10545,302966,96004,2026-02-09 00:00:00,2026-02-14 00:00:00,Web,Paid,0
BILL903124,CUST10226,203978,203978,2026-07-21 00:00:00,2026-07-25 00:00:00,Web,Paid,0
BILL950369,CUST10466,160179,159536,2026-05-16 00:00:00,2026-05-19 00:00:00,Mobile,Paid,0
BILL276947,CUST10142,103897,103897,2026-04-06 00:00:00,2026-04-10 00:00:00,Web,Paid,0
BILL858545,CUST10301,384312,384312,2026-06-14 00:00:00,2026-06-15 00:00:00,Web,Paid,0
BILL562874,CUST10039,204115,204115,2026-03-07 00:00:00,2026-03-11 00:00:00,Mobile,Paid,0
BILL612306,CUST10178,102909,102909,2026-02-03 00:00:00,2026-02-07 00:00:00,Mobile,Paid,0
BILL342690,CUST10281,145537,145537,2026-06-22 00:00:00,2026-06-27 00:00:00,Web,Paid,0
BILL882132,CUST10420,223380,223380,2026-03-15 00:00:00,2026-03-15 00:00:00,API,Paid,0
BILL113047,CUST10420,223380,223380,2026-03-15 00:00:00,2026-03-15 00:01:00,API,Paid,0
BILL301645,CUST10078,117102,117102,2026-04-07 00:00:00,2026-04-11 00:00:00,Mobile,Paid,0
BILL444183,CUST10583,228215,228215,2026-06-08 00:00:00,2026-06-11 00:00:00,Mobile,Paid,0
BILL364521,CUST10434,222596,222596,2026-05-17 00:00:00,2026-05-20 00:00:00,Mobile,Paid,0
BILL469618,CUST10122,151433,151433,2026-03-13 00:00:00,2026-03-18 00:00:00,Web,Paid,0
BILL716594,CUST10077,181758,181758,2026-05-12 00:00:00,2026-05-13 00:00:00,Web,Paid,0
BILL316345,CUST10261,192948,192948,2026-05-11 00:00:00,2026-05-14 00:00:00,Mobile,Paid,0
BILL301474,CUST10340,346715,346715,2026-07-13 00:00:00,2026-07-16 00:00:00,API,Paid,0
BILL166802,CUST10419,368161,368161,2026-03-08 00:00:00,2026-03-07 00:00:00,Web,Paid,0
BILL621474,CUST10592,260721,260721,2026-08-18 00:02:00,2026-08-20 00:02:00,Web,Paid,0
BILL769095,CUST10554,369856,369856,2026-05-16 00:00:00,2026-05-17 00:00:00,Web,Paid,0
BILL337468,CUST10149,180427,180427,2026-03-07 00:00:00,2026-03-11 00:00:00,Mobile,Paid,0
BILL374653,CUST10619,156874,156874,2026-03-13 00:00:00,2026-03-17 00:00:00,Mobile,Paid,0
BILL556442,CUST10048,286473,274537,2026-05-06 00:00:00,2026-05-08 00:00:00,Mobile,Paid,0
BILL971741,CUST10199,298717,298717,2026-04-19 00:00:00,2026-04-20 00:00:00,Mobile,Paid,0
BILL650850,CUST10157,356443,2050029,2026-02-05 00:00:00,2026-02-05 00:00:00,API,Paid,0
BILL204800,CUST10233,357934,357934,2026-03-11 00:00:00,2026-03-15 00:00:00,Web,Paid,0
BILL334752,CUST10349,168829,168829,2026-06-10 00:03:00,2026-06-15 00:03:00,Mobile,Paid,0
BILL524540,CUST10608,306417,306417,2026-04-11 00:00:00,2026-04-11 00:00:00,Web,Paid,0
BILL529854,CUST10018,378464,378464,2026-06-28 00:00:00,2026-06-28 00:00:00,Mobile,Paid,0
BILL195486,CUST10542,236444,236444,2026-03-04 00:00:00,2026-03-09 00:00:00,Mobile,Paid,0
BILL576714,CUST10619,156874,156874,2026-04-16 00:00:00,2026-04-21 00:00:00,API,Paid,0
BILL599577,CUST10007,119802,119802,2026-03-10 00:00:00,2026-03-14 00:00:00,Web,Paid,0
BILL321845,CUST10527,283502,283502,2026-03-10 00:00:00,2026-03-15 00:00:00,Mobile,Paid,0
BILL119326,CUST10197,240006,240006,2026-05-10 00:00:00,2026-05-12 00:00:00,Mobile,Paid,0
BILL859825,CUST10180,125186,125186,2026-04-15 00:00:00,2026-04-16 00:00:00,Mobile,Paid,0
BILL539118,CUST10328,184243,184243,2026-09-24 00:00:00,2026-09-24 00:00:00,Web,Paid,0
BILL988163,CUST10424,225010,225010,2026-05-16 00:00:00,2026-05-16 00:00:00,Mobile,Paid,0
BILL348392,CUST10309,395004,395004,2026-04-17 00:00:00,2026-04-22 00:00:00,Mobile,Paid,1
BILL953325,CUST10241,282189,282189,2026-06-11 00:00:00,2026-06-11 00:00:00,API,Paid,0
BILL676104,CUST10241,282189,282189,2026-06-11 00:00:00,2026-06-11 00:01:00,API,Paid,0
BILL999701,CUST10241,282189,282189,2026-06-11 00:00:00,2026-06-11 00:02:00,API,Paid,0
BILL904900,CUST10370,115943,115943,2026-02-05 00:00:00,2026-02-05 00:00:00,Web,Paid,0
BILL829550,CUST10278,251703,251703,2026-03-17 00:00:00,2026-03-21 00:00:00,Web,Paid,0
BILL332653,CUST10595,388505,388505,2026-04-03 00:00:00,2026-04-06 00:00:00,Mobile,Paid,0
BILL688695,CUST10130,263630,263630,2026-07-17 00:00:00,2026-07-20 00:00:00,Mobile,Paid,0
BILL287280,CUST10034,108235,108235,2026-07-16 00:00:00,2026-07-17 00:00:00,Mobile,Paid,0
BILL949316,CUST10019,290331,290331,2026-05-20 00:00:00,2026-05-23 00:00:00,Mobile,Paid,0
BILL819402,CUST10255,188144,188144,2026-04-10 00:00:00,2026-04-13 00:00:00,Web,Paid,0
BILL162204,CUST10442,209546,209546,2026-07-18 00:00:00,2026-07-20 00:00:00,Web,Paid,0
BILL329623,CUST10364,286084,286084,2026-05-14 00:00:00,2026-05-19 00:00:00,Mobile,Paid,0
BILL642811,CUST10402,340164,340164,2026-01-31 00:00:00,2026-01-31 00:00:00,Mobile,Paid,0
BILL112560,CUST10191,230963,230963,2026-03-04 00:00:00,2026-03-06 00:00:00,Mobile,Paid,0
BILL809342,CUST10070,110369,110369,2026-05-07 00:00:00,2026-05-06 00:00:00,Web,Paid,0
BILL150838,CUST10599,330929,330929,2026-02-04 00:00:00,2026-02-07 00:00:00,Mobile,Paid,0
BILL491003,CUST10341,220156,220156,2026-05-12 00:00:00,2026-05-16 00:00:00,Mobile,Paid,0
BILL431186,CUST10105,208383,208383,2026-05-10 00:00:00,2026-05-14 00:00:00,Mobile,Paid,0
BILL984896,CUST10494,277498,277498,2026-07-19 00:00:00,2026-07-23 00:00:00,Mobile,Paid,0
BILL959076,CUST10381,173810,173810,2026-03-12 00:00:00,2026-03-14 00:00:00,Web,Paid,0
BILL653044,CUST10355,283799,283799,2026-04-04 00:00:00,2026-04-05 00:00:00,API,Paid,0
BILL452205,CUST10242,250923,250923,2026-04-11 00:00:00,2026-04-12 00:00:00,Mobile,Paid,0
BILL635900,CUST10342,134818,134818,2026-04-18 00:00:00,2026-04-21 00:00:00,API,Paid,0
BILL704495,CUST10304,131699,131699,2026-04-04 00:00:00,2026-04-04 00:00:00,Web,Paid,0
BILL127208,CUST10100,173743,173743,2026-07-22 00:00:00,2026-07-26 00:00:00,Web,Paid,0
BILL373470,CUST10354,179044,179044,2026-04-04 00:00:00,2026-04-07 00:00:00,Mobile,Paid,0
BILL748627,CUST10170,290605,290605,2026-06-15 00:00:00,2026-06-17 00:00:00,Mobile,Paid,0
BILL441622,CUST10293,139693,139693,2026-04-10 00:00:00,2026-04-13 00:00:00,Web,Paid,0
BILL596950,CUST10406,256264,256264,2026-11-22 00:00:00,2026-11-25 00:00:00,API,Paid,0
BILL114999,CUST10228,360483,360483,2026-03-03 00:00:00,2026-03-07 00:00:00,Mobile,Paid,0
BILL928431,CUST10574,239475,239475,2026-03-06 00:00:00,2026-03-11 00:00:00,Web,Paid,0
BILL436585,CUST10429,143790,143790,2026-01-31 00:00:00,2026-01-31 00:00:00,Mobile,Paid,0
BILL566253,CUST10385,299414,299414,2026-07-09 00:02:00,2026-07-10 00:02:00,Web,Paid,0
BILL960246,CUST10374,209770,205436,2026-06-14 00:00:00,2026-06-14 00:00:00,Mobile,Paid,0
BILL418179,CUST10330,341313,341313,2026-06-15 00:00:00,2026-06-20 00:00:00,Mobile,Paid,0
BILL431383,CUST10538,389274,389274,2026-05-12 00:00:00,2026-05-15 00:00:00,Web,Paid,0
BILL316111,CUST10094,245816,245816,2026-04-11 00:00:00,2026-04-11 00:00:00,Mobile,Paid,0
BILL354303,CUST10444,299032,299032,2026-04-13 00:00:00,2026-04-15 00:00:00,Web,Paid,0
BILL209680,CUST10106,231535,231535,2026-03-11 00:00:00,2026-03-16 00:00:00,Web,Paid,0
BILL708436,CUST10016,207759,207759,2026-04-06 00:00:00,2026-04-08 00:00:00,Web,Paid,0
BILL933952,CUST10498,335312,335312,2026-07-17 00:00:00,2026-07-21 00:00:00,Mobile,Paid,0
BILL365442,CUST10072,168087,168087,2026-04-09 00:00:00,2026-04-09 00:00:00,Mobile,Paid,0
BILL491841,CUST10514,228952,228952,2026-06-09 00:00:00,2026-06-13 00:00:00,API,Paid,0
BILL609988,CUST10485,264395,264395,2026-02-03 00:00:00,2026-02-06 00:00:00,Mobile,Paid,0
BILL814902,CUST10609,222054,222054,2026-06-17 00:00:00,2026-06-19 00:00:00,Web,Paid,0
BILL944909,CUST10135,318407,318407,2026-04-06 00:00:00,2026-04-08 00:00:00,Mobile,Paid,0
BILL524565,CUST10615,228653,228653,2026-04-13 00:00:00,2026-04-17 00:00:00,Web,Paid,0
BILL160970,CUST10248,211923,211923,2026-03-10 00:00:00,2026-03-14 00:00:00,Mobile,Paid,0
BILL806007,CUST10113,287414,287414,2026-03-13 00:00:00,2026-03-16 00:00:00,Web,Paid,0
BILL930886,CUST10619,156874,156874,2026-05-21 00:00:00,2026-05-25 00:00:00,API,Paid,0
BILL172224,CUST10389,232085,232085,2026-06-16 00:00:00,2026-06-19 00:00:00,API,Paid,0
BILL664421,CUST10135,318407,318407,2026-05-08 00:00:00,2026-05-08 00:00:00,Mobile,Paid,0
BILL547200,CUST10424,225010,222139,2026-06-15 00:00:00,2026-06-15 00:00:00,Mobile,Paid,0
BILL275335,CUST10592,260721,260721,2026-09-19 00:02:00,2026-09-19 00:02:00,Web,Paid,0
BILL645615,CUST10315,135973,135973,2026-04-02 00:00:00,2026-04-05 00:00:00,Web,Paid,0
BILL704351,CUST10619,156874,156874,2026-06-24 00:00:00,2026-06-23 00:00:00,Mobile,Paid,0
BILL712847,CUST10001,345488,345488,2026-02-10 00:00:00,2026-02-15 00:00:00,API,Paid,0
BILL140764,CUST10213,196683,196683,2026-05-16 00:00:00,2026-05-19 00:00:00,Web,Paid,0
BILL864071,CUST10524,389395,389395,2026-03-15 00:00:00,2026-03-14 00:00:00,Mobile,Paid,0
BILL927851,CUST10583,228215,228215,2026-07-11 00:00:00,2026-07-11 00:00:00,API,Paid,0
BILL928126,CUST10480,105645,105645,2026-07-16 00:00:00,2026-07-16 00:00:00,Mobile,Paid,0
BILL568171,CUST10239,115461,113694,2026-04-14 00:00:00,2026-04-18 00:00:00,Web,Paid,0
BILL690956,CUST10486,205954,205954,2026-07-15 00:02:00,2026-07-18 00:02:00,Mobile,Paid,0
BILL796771,CUST10385,299414,299414,2026-08-09 00:02:00,2026-08-10 00:02:00,Web,Paid,0
BILL115910,CUST10276,213867,213867,2026-03-08 00:02:00,2026-03-10 00:02:00,API,Paid,0
BILL246015,CUST10026,141285,141285,2026-06-16 00:00:00,2026-06-21 00:00:00,Web,Paid,0
BILL316404,CUST10296,145271,145271,2026-03-12 00:00:00,2026-03-13 00:00:00,Mobile,Paid,0
BILL972022,CUST10542,236444,236444,2026-04-08 00:00:00,2026-04-11 00:00:00,Mobile,Paid,0
BILL558898,CUST10019,290331,290331,2026-06-22 00:00:00,2026-06-24 00:00:00,Mobile,Paid,0
BILL836516,CUST10318,217679,217679,2026-04-12 00:00:00,2026-04-15 00:00:00,Web,Paid,0
BILL716033,CUST10068,364147,364147,2026-03-10 00:00:00,2026-03-14 00:00:00,Web,Paid,0
BILL806025,CUST10079,180418,180418,2026-07-18 00:00:00,2026-07-23 00:00:00,API,Paid,0
BILL137772,CUST10002,132483,132483,2026-03-07 00:03:00,2026-03-06 00:03:00,Mobile,Paid,0
BILL258437,CUST10068,364147,364147,2026-04-13 00:00:00,2026-04-13 00:00:00,Web,Paid,0
BILL881471,CUST10557,259648,259648,2026-06-11 00:00:00,2026-06-12 00:00:00,Mobile,Paid,0
BILL144101,CUST10322,250013,250013,2026-03-09 00:00:00,2026-03-14 00:00:00,Web,Paid,0
BILL476026,CUST10330,341313,341313,2026-07-20 00:00:00,2026-07-23 00:00:00,Mobile,Paid,0
BILL433420,CUST10367,217341,217341,2026-06-19 00:00:00,2026-06-19 00:00:00,Web,Paid,0
BILL642171,CUST10254,113526,113526,2026-06-04 00:02:00,2026-06-08 00:02:00,Web,Paid,0
BILL900132,CUST10006,282203,282203,2026-02-09 00:00:00,2026-02-12 00:00:00,Mobile,Paid,0
BILL360159,CUST10029,356599,356599,2026-02-08 00:00:00,2026-02-10 00:00:00,Mobile,Paid,0
BILL341830,CUST10265,181461,181461,2026-02-02 00:00:00,2026-02-04 00:00:00,Web,Paid,0
BILL159472,CUST10054,308144,308144,2026-06-09 00:00:00,2026-06-10 00:00:00,Mobile,Paid,0
BILL873386,CUST10347,230904,230904,2026-05-12 00:00:00,2026-05-14 00:00:00,Web,Paid,0
BILL713226,CUST10236,177020,177020,2026-05-13 00:00:00,2026-05-13 00:00:00,API,Paid,0
BILL241103,CUST10218,286929,286929,2026-03-14 00:00:00,2026-03-18 00:00:00,Mobile,Paid,0
BILL642115,CUST10457,217047,789047,2026-05-12 00:00:00,2026-05-17 00:00:00,Web,Paid,0
BILL166112,CUST10190,181924,185704,2026-03-11 00:00:00,2026-03-12 00:00:00,Web,Paid,0
BILL920777,CUST10389,232085,232085,2026-07-19 00:00:00,2026-07-23 00:00:00,API,Paid,0
BILL720554,CUST10208,255388,255388,2026-05-14 00:00:00,2026-05-17 00:00:00,Mobile,Paid,0
BILL465272,CUST10219,181149,181149,2026-06-21 00:00:00,2026-06-24 00:00:00,Web,Paid,0
BILL484427,CUST10464,127515,127515,2026-05-18 00:00:00,2026-05-20 00:00:00,Mobile,Paid,0
BILL430465,CUST10470,167619,167619,2026-06-14 00:00:00,2026-06-18 00:00:00,Web,Paid,0
BILL359839,CUST10137,312474,312474,2026-03-15 00:00:00,2026-03-19 00:00:00,Web,Paid,0
BILL400507,CUST10298,252847,252847,2026-04-06 00:00:00,2026-04-11 00:00:00,Mobile,Paid,0
BILL686602,CUST10372,220460,220460,2026-05-13 00:00:00,2026-05-18 00:00:00,Web,Paid,0
BILL344110,CUST10542,236444,236444,2026-05-11 00:00:00,2026-05-15 00:00:00,Mobile,Paid,0
BILL826791,CUST10234,154405,678661,2026-02-07 00:00:00,2026-02-11 00:00:00,Mobile,Paid,0
BILL320948,CUST10565,262025,262025,2026-04-11 00:00:00,2026-04-14 00:00:00,Web,Paid,0
BILL985403,CUST10245,149125,149125,2026-05-09 00:00:00,2026-05-09 00:00:00,Web,Paid,0
BILL875192,CUST10389,232085,232085,2026-08-22 00:00:00,2026-08-22 00:00:00,Web,Paid,1
BILL685253,CUST10606,122236,122236,2026-04-16 00:00:00,2026-04-16 00:00:00,Mobile,Paid,0
BILL714644,CUST10005,153842,153842,2026-04-11 00:00:00,2026-04-15 00:00:00,Web,Paid,0
BILL425979,CUST10546,178968,178968,2026-03-10 00:00:00,2026-03-11 00:00:00,Web,Paid,0
BILL808347,CUST10453,138926,138926,2026-03-14 00:00:00,2026-03-16 00:00:00,Web,Paid,0
BILL258534,CUST10038,283493,274010,2026-04-07 00:00:00,2026-04-08 00:00:00,Mobile,Paid,0
BILL558262,CUST10261,192948,192948,2026-06-13 00:00:00,2026-06-17 00:00:00,Mobile,Paid,0
BILL182134,CUST10348,355414,355414,2026-05-12 00:00:00,2026-05-17 00:00:00,Web,Paid,0
BILL252811,CUST10404,362092,355162,2026-04-09 00:00:00,2026-04-11 00:00:00,Web,Paid,0
BILL368108,CUST10006,282203,282203,2026-03-14 00:00:00,2026-03-14 00:00:00,API,Paid,0
BILL458358,CUST10006,282203,282203,2026-03-14 00:00:00,2026-03-14 00:01:00,API,Paid,0
BILL967024,CUST10006,282203,282203,2026-03-14 00:00:00,2026-03-14 00:02:00,API,Paid,0
BILL621759,CUST10165,382686,382686,2026-05-23 00:00:00,2026-05-28 00:00:00,Web,Paid,0
BILL511904,CUST10181,362143,362143,2026-04-12 00:00:00,2026-04-17 00:00:00,Mobile,Paid,0
BILL518058,CUST10572,310423,320442,2026-06-15 00:00:00,2026-06-15 00:00:00,API,Paid,0
BILL570567,CUST10246,264249,264249,2026-03-05 00:00:00,2026-03-07 00:00:00,Web,Paid,0
BILL740939,CUST10331,117190,117190,2026-08-20 00:00:00,2026-08-20 00:00:00,Mobile,Paid,0
BILL812554,CUST10008,235370,235370,2026-06-21 00:00:00,2026-06-24 00:00:00,Web,Paid,0
BILL362702,CUST10601,235801,235801,2026-03-09 00:00:00,2026-03-09 00:00:00,Web,Paid,0
BILL631671,CUST10610,166415,166415,2026-04-07 00:00:00,2026-04-09 00:00:00,Web,Paid,0
BILL449918,CUST10137,312474,312474,2026-04-18 00:00:00,2026-04-19 00:00:00,Web,Paid,0
BILL110183,CUST10292,357685,357685,2026-04-04 00:00:00,2026-04-05 00:00:00,Web,Paid,0
BILL906498,CUST10355,283799,283799,2026-05-05 00:00:00,2026-05-10 00:00:00,Web,Paid,0
BILL405411,CUST10243,374096,374096,2026-03-09 00:00:00,2026-03-14 00:00:00,Mobile,Paid,0
BILL536907,CUST10221,300750,300750,2026-05-12 00:00:00,2026-05-13 00:00:00,Mobile,Paid,0
BILL263044,CUST10294,134073,134073,2026-04-08 00:00:00,2026-04-08 00:00:00,Mobile,Paid,0
BILL917930,CUST10598,175972,175972,2026-03-08 00:00:00,2026-03-10 00:00:00,Web,Paid,0
BILL714786,CUST10349,168829,168829,2026-07-15 00:03:00,2026-07-19 00:03:00,Mobile,Paid,0
BILL971412,CUST10246,264249,264249,2026-04-06 00:00:00,2026-04-10 00:00:00,Web,Paid,0
BILL709930,CUST10479,264655,264655,2026-03-08 00:00:00,2026-03-07 00:00:00,Web,Paid,0
BILL379106,CUST10346,173798,173798,2026-04-16 00:00:00,2026-04-17 00:00:00,API,Paid,0
BILL722616,CUST10224,304571,313225,2026-06-17 00:00:00,2026-06-20 00:00:00,Mobile,Paid,0
BILL637108,CUST10216,221501,221501,2026-03-08 00:00:00,2026-03-12 00:00:00,Web,Paid,0
BILL521360,CUST10324,159805,159805,2026-05-18 00:00:00,2026-05-22 00:00:00,Web,Paid,0
BILL648724,CUST10511,361457,361457,2026-06-13 00:00:00,2026-06-17 00:00:00,API,Paid,0
BILL627749,CUST10568,385619,385619,2026-03-15 00:00:00,2026-03-17 00:00:00,Web,Paid,0
BILL364870,CUST10455,395476,395476,2026-04-16 00:00:00,2026-04-17 00:00:00,Web,Paid,1
BILL584949,CUST10414,229181,229181,2026-04-13 00:00:00,2026-04-15 00:00:00,Mobile,Paid,0
BILL951435,CUST10532,229729,229729,2026-07-17 00:00:00,2026-07-21 00:00:00,Mobile,Paid,0
BILL150848,CUST10187,162615,162615,2026-04-07 00:00:00,2026-04-08 00:00:00,Mobile,Paid,1
BILL534289,CUST10424,225010,225010,2026-07-15 00:00:00,2026-07-20 00:00:00,Mobile,Paid,1
BILL539983,CUST10167,172148,172148,2026-04-11 00:00:00,2026-04-14 00:00:00,Web,Paid,0
BILL272203,CUST10123,375988,375988,2026-02-06 00:00:00,2026-02-08 00:00:00,Mobile,Paid,1
BILL605153,CUST10546,178968,178968,2026-04-10 00:00:00,2026-04-14 00:00:00,Web,Paid,0
BILL377535,CUST10392,380320,380320,2026-04-15 00:00:00,2026-04-17 00:00:00,Mobile,Paid,0
BILL830816,CUST10199,298717,298717,2026-05-20 00:00:00,2026-05-21 00:00:00,API,Paid,0
BILL479345,CUST10512,262637,262637,2026-07-16 00:00:00,2026-07-15 00:00:00,Web,Paid,0
BILL458659,CUST10414,229181,229181,2026-05-15 00:00:00,2026-05-18 00:00:00,Mobile,Paid,0
BILL607568,CUST10137,312474,312474,2026-05-19 00:00:00,2026-05-23 00:00:00,Web,Paid,0
BILL588914,CUST10300,103916,103916,2026-03-05 00:00:00,2026-03-06 00:00:00,Mobile,Paid,0
BILL277619,CUST10478,236492,233824,2026-03-08 00:00:00,2026-03-10 00:00:00,Web,Paid,0
BILL352059,CUST10579,131456,131456,2026-03-06 00:00:00,2026-03-06 00:00:00,Mobile,Paid,0
BILL937032,CUST10382,319178,319178,2026-07-08 00:00:00,2026-07-13 00:00:00,Web,Paid,0
BILL154930,CUST10086,381108,381108,2026-03-11 00:00:00,2026-03-11 00:00:00,Web,Paid,0
BILL938671,CUST10544,237131,237131,2026-03-08 00:00:00,2026-03-08 00:00:00,Mobile,Paid,0
BILL627943,CUST10496,159420,159420,2026-05-11 00:00:00,2026-05-15 00:00:00,API,Paid,0
BILL996557,CUST10029,356599,356599,2026-03-12 00:00:00,2026-03-16 00:00:00,Mobile,Paid,0
BILL204929,CUST10041,101371,101371,2026-05-22 00:00:00,2026-05-23 00:00:00,Web,Paid,1
BILL689515,CUST10107,326295,326295,2026-04-06 00:00:00,2026-04-09 00:00:00,Mobile,Paid,0
BILL866345,CUST10408,218921,218921,2026-05-11 00:00:00,2026-05-16 00:00:00,Web,Paid,0
BILL228393,CUST10500,194860,194860,2026-04-05 00:00:00,2026-04-09 00:00:00,API,Paid,0
BILL878320,CUST10352,271716,271716,2026-04-13 00:00:00,2026-04-17 00:00:00,Mobile,Paid,0
BILL664686,CUST10391,398193,398308,2026-05-09 00:00:00,2026-05-13 00:00:00,Mobile,Paid,0
BILL782818,CUST10051,158243,158243,2026-03-12 00:00:00,2026-03-15 00:00:00,API,Paid,0
BILL973521,CUST10403,274987,274987,2026-04-18 00:00:00,2026-04-20 00:00:00,Web,Paid,0
BILL861537,CUST10289,398229,399460,2026-05-14 00:00:00,2026-05-15 00:00:00,Web,Paid,0
BILL820422,CUST10531,369226,369226,2026-02-09 00:00:00,2026-02-12 00:00:00,API,Paid,0
BILL886416,CUST10233,357934,357934,2026-04-14 00:00:00,2026-04-16 00:00:00,Web,Paid,0
BILL314370,CUST10607,195355,195355,2026-07-11 00:00:00,2026-07-14 00:00:00,Web,Paid,0
BILL633715,CUST10218,286929,286929,2026-04-17 00:00:00,2026-04-17 00:00:00,Mobile,Paid,0
BILL364980,CUST10387,288975,288975,2026-10-11 00:00:00,2026-10-16 00:00:00,Mobile,Paid,0
BILL412021,CUST10107,326295,326295,2026-05-09 00:00:00,2026-05-10 00:00:00,Mobile,Paid,0
BILL394851,CUST10374,209770,209770,2026-07-14 00:00:00,2026-07-19 00:00:00,Mobile,Paid,0
BILL122894,CUST10122,151433,151433,2026-04-17 00:00:00,2026-04-17 00:00:00,API,Paid,0
BILL251688,CUST10122,151433,151433,2026-04-17 00:00:00,2026-04-17 00:01:00,API,Paid,0
BILL825316,CUST10122,151433,151433,2026-04-17 00:00:00,2026-04-17 00:02:00,API,Paid,0
BILL145030,CUST10503,252261,252261,2026-05-06 00:00:00,2026-05-09 00:00:00,Mobile,Paid,0
BILL539582,CUST10054,308144,308144,2026-07-10 00:00:00,2026-07-10 00:00:00,Mobile,Paid,0
BILL523389,CUST10452,181594,181594,2026-08-25 00:02:00,2026-08-30 00:02:00,Web,Paid,0
BILL606002,CUST10119,278581,278581,2026-06-05 00:02:00,2026-06-06 00:02:00,Mobile,Paid,0
BILL319580,CUST10178,102909,102909,2026-03-09 00:00:00,2026-03-13 00:00:00,Mobile,Paid,0
BILL883859,CUST10241,282189,282189,2026-07-11 00:03:00,2026-07-11 00:03:00,API,Paid,0
BILL133665,CUST10086,381108,381108,2026-04-10 00:00:00,2026-04-11 00:00:00,Web,Paid,0
BILL779751,CUST10024,252646,252646,2026-07-09 00:00:00,2026-07-13 00:00:00,Web,Paid,0
BILL646403,CUST10547,191107,191107,2026-04-08 00:00:00,2026-04-13 00:00:00,Mobile,Paid,0
BILL240101,CUST10315,135973,135973,2026-05-05 00:00:00,2026-05-06 00:00:00,Web,Paid,0
BILL453511,CUST10080,197104,197104,2026-04-05 00:00:00,2026-04-09 00:00:00,API,Paid,0
BILL254382,CUST10006,282203,282203,2026-04-13 00:03:00,2026-04-15 00:03:00,Mobile,Paid,0
BILL946879,CUST10219,181149,181149,2026-07-24 00:00:00,2026-07-25 00:00:00,Web,Paid,0
BILL688990,CUST10147,193914,193914,2026-06-11 00:00:00,2026-06-13 00:00:00,Mobile,Paid,0
BILL137700,CUST10576,241667,241667,2026-06-21 00:00:00,2026-06-22 00:00:00,Web,Paid,0
BILL663154,CUST10124,121582,78876,2026-03-07 00:00:00,2026-03-09 00:00:00,Web,Paid,0
BILL374944,CUST10519,250546,250546,2026-02-03 00:00:00,2026-02-03 00:00:00,Web,Paid,0
BILL854210,CUST10425,254546,254546,2026-05-07 00:00:00,2026-05-10 00:00:00,Web,Paid,0
BILL977607,CUST10458,327118,327118,2026-06-16 00:00:00,2026-06-18 00:00:00,Mobile,Paid,0
BILL190788,CUST10411,149767,764790,2026-03-12 00:00:00,2026-03-16 00:00:00,Web,Paid,0
BILL402854,CUST10315,135973,135973,2026-06-05 00:00:00,2026-06-06 00:00:00,Web,Paid,0
BILL398718,CUST10067,385330,385330,2026-02-04 00:00:00,2026-02-08 00:00:00,Mobile,Paid,0
BILL115432,CUST10303,116210,116210,2026-05-16 00:00:00,2026-05-18 00:00:00,Web,Paid,0
BILL807688,CUST10333,348154,348154,2026-03-14 00:00:00,2026-03-16 00:00:00,Web,Paid,0
BILL247222,CUST10543,125974,125974,2026-06-09 00:00:00,2026-06-13 00:00:00,Web,Paid,0
BILL806628,CUST10535,231038,231038,2026-04-09 00:00:00,2026-04-10 00:00:00,API,Paid,0
BILL790884,CUST10398,332324,332324,2026-07-10 00:00:00,2026-07-11 00:00:00,Mobile,Paid,0
BILL158479,CUST10315,135973,135973,2026-07-06 00:00:00,2026-07-10 00:00:00,Web,Paid,0
BILL514008,CUST10484,371120,376775,2026-06-13 00:00:00,2026-06-18 00:00:00,Mobile,Paid,0
BILL949475,CUST10389,232085,232085,2026-09-21 00:00:00,2026-09-26 00:00:00,API,Paid,0
BILL378825,CUST10229,101182,101182,2026-05-13 00:00:00,2026-05-13 00:00:00,Web,Paid,0
BILL823931,CUST10447,214704,214704,2026-06-17 00:00:00,2026-06-22 00:00:00,Web,Paid,0
BILL449975,CUST10059,331846,331846,2026-03-11 00:00:00,2026-03-12 00:00:00,Mobile,Paid,0
BILL908276,CUST10597,222142,222142,2026-03-05 00:00:00,2026-03-09 00:00:00,Web,Paid,0
BILL770320,CUST10595,388505,388505,2026-05-06 00:00:00,2026-05-07 00:00:00,Mobile,Paid,0
BILL238468,CUST10307,102038,102038,2026-05-09 00:00:00,2026-05-10 00:00:00,Mobile,Paid,0
BILL412135,CUST10452,181594,181594,2026-09-29 00:02:00,2026-10-02 00:02:00,API,Paid,0
BILL584118,CUST10214,130783,130783,2026-07-15 00:00:00,2026-07-18 00:00:00,Web,Paid,0
BILL330685,CUST10125,225149,225149,2026-04-05 00:00:00,2026-04-08 00:00:00,Web,Paid,0
BILL775208,CUST10042,284002,284002,2026-03-04 00:00:00,2026-03-07 00:00:00,API,Paid,0
BILL726452,CUST10289,398229,398229,2026-06-14 00:00:00,2026-06-16 00:00:00,Web,Paid,0
BILL895280,CUST10491,217446,217446,2026-07-12 00:00:00,2026-07-12 00:00:00,Mobile,Paid,0
BILL254564,CUST10213,196683,196683,2026-06-18 00:00:00,2026-06-19 00:00:00,Web,Paid,0
BILL793978,CUST10103,263167,263167,2026-03-05 00:00:00,2026-03-09 00:00:00,Mobile,Paid,0
BILL952047,CUST10299,369454,369454,2026-03-10 00:00:00,2026-03-10 00:00:00,API,Paid,0
BILL858972,CUST10299,369454,369454,2026-03-10 00:00:00,2026-03-10 00:01:00,API,Paid,0
BILL529192,CUST10299,369454,369454,2026-03-10 00:00:00,2026-03-10 00:02:00,API,Paid,0
BILL793072,CUST10183,118488,116448,2026-02-01 00:00:00,2026-02-02 00:00:00,Web,Paid,0
BILL405499,CUST10144,156018,156018,2026-07-20 00:00:00,2026-07-25 00:00:00,Web,Paid,0
BILL339645,CUST10386,196578,196578,2026-04-15 00:00:00,2026-04-20 00:00:00,Web,Paid,0
BILL758988,CUST10106,231535,231535,2026-04-15 00:00:00,2026-04-15 00:00:00,Web,Paid,0
BILL609940,CUST10118,311847,311847,2026-03-06 00:00:00,2026-03-07 00:00:00,Web,Paid,0
BILL402742,CUST10054,308144,308144,2026-08-09 00:00:00,2026-08-09 00:00:00,Mobile,Paid,0
BILL909167,CUST10025,333506,333506,2026-04-17 00:00:00,2026-04-18 00:00:00,Web,Paid,0
BILL591723,CUST10238,239019,239019,2026-05-13 00:00:00,2026-05-15 00:00:00,API,Paid,0
BILL833821,CUST10526,151663,151663,2026-03-06 00:00:00,2026-03-10 00:00:00,Mobile,Paid,0
BILL432336,CUST10597,222142,222142,2026-04-08 00:00:00,2026-04-13 00:00:00,Web,Paid,0
BILL125674,CUST10229,101182,101182,2026-06-12 00:00:00,2026-06-15 00:00:00,API,Paid,0
BILL551696,CUST10192,166878,168669,2026-06-15 00:00:00,2026-06-17 00:00:00,Mobile,Paid,0
BILL571344,CUST10121,363947,363947,2026-07-16 00:00:00,2026-07-21 00:00:00,Mobile,Paid,0
BILL166122,CUST10590,338082,338082,2026-06-08 00:00:00,2026-06-09 00:00:00,Web,Paid,0
BILL994923,CUST10408,218921,218921,2026-06-15 00:00:00,2026-06-17 00:00:00,Web,Paid,0
BILL582582,CUST10432,148263,148263,2026-06-16 00:00:00,2026-06-18 00:00:00,Mobile,Paid,0
BILL494769,CUST10550,272473,272473,2026-06-15 00:00:00,2026-06-17 00:00:00,Web,Paid,0
BILL443226,CUST10330,341313,341313,2026-08-22 00:00:00,2026-08-25 00:00:00,Mobile,Paid,0
BILL239777,CUST10600,339191,339627,2026-04-07 00:00:00,2026-04-09 00:00:00,Mobile,Paid,0
BILL821784,CUST10170,290605,290605,2026-07-17 00:00:00,2026-07-21 00:00:00,Mobile,Paid,0
BILL661160,CUST10000,393969,393969,2026-08-21 00:00:00,2026-08-23 00:00:00,Web,Paid,0
BILL126895,CUST10527,283502,283502,2026-04-14 00:00:00,2026-04-17 00:00:00,Mobile,Paid,0
BILL752109,CUST10364,286084,286084,2026-06-18 00:00:00,2026-06-23 00:00:00,API,Paid,0
BILL918433,CUST10184,307487,307487,2026-05-07 00:00:00,2026-05-06 00:00:00,Web,Paid,0
BILL233030,CUST10361,297495,297495,2026-07-10 00:00:00,2026-07-13 00:00:00,Web,Paid,0
BILL167512,CUST10399,273643,273643,2026-05-12 00:00:00,2026-05-12 00:00:00,Web,Paid,0
BILL117977,CUST10125,225149,225149,2026-05-08 00:00:00,2026-05-11 00:00:00,Web,Paid,0
BILL167147,CUST10363,390051,390051,2026-04-12 00:00:00,2026-04-14 00:00:00,Web,Paid,0
BILL637529,CUST10021,307019,307019,2026-02-07 00:00:00,2026-02-12 00:00:00,Web,Paid,0
BILL527702,CUST10482,317106,317106,2026-07-08 00:00:00,2026-07-12 00:00:00,Web,Paid,0
BILL359325,CUST10399,273643,273643,2026-06-11 00:00:00,2026-06-11 00:00:00,Web,Paid,0
BILL643892,CUST10525,278327,278327,2026-03-14 00:00:00,2026-03-15 00:00:00,Mobile,Paid,0
BILL126445,CUST10221,300750,300750,2026-06-12 00:00:00,2026-06-17 00:00:00,Mobile,Paid,0
BILL934521,CUST10367,217341,217341,2026-07-19 00:00:00,2026-07-24 00:00:00,Web,Paid,0
BILL126459,CUST10356,128557,128557,2026-05-18 00:00:00,2026-05-23 00:00:00,Mobile,Paid,0
BILL430929,CUST10405,184088,184088,2026-03-09 00:00:00,2026-03-14 00:00:00,Web,Paid,0
BILL502594,CUST10183,118488,118488,2026-03-04 00:00:00,2026-03-07 00:00:00,Web,Paid,0
BILL409731,CUST10527,283502,283502,2026-05-17 00:00:00,2026-05-21 00:00:00,Mobile,Paid,0
BILL525288,CUST10258,198716,198716,2026-05-16 00:00:00,2026-05-17 00:00:00,Web,Paid,0
BILL682909,CUST10476,355985,355985,2026-08-28 00:00:00,2026-08-28 00:00:00,Web,Paid,0
BILL155114,CUST10053,123911,123911,2026-05-12 00:00:00,2026-05-17 00:00:00,Mobile,Paid,0
BILL329438,CUST10034,108235,108235,2026-08-16 00:00:00,2026-08-17 00:00:00,Mobile,Paid,0
BILL111463,CUST10515,239952,239952,2026-06-18 00:00:00,2026-06-18 00:00:00,Mobile,Paid,0
BILL401609,CUST10214,130783,130783,2026-08-17 00:00:00,2026-08-19 00:00:00,Web,Paid,0
BILL176850,CUST10540,380305,380305,2026-08-14 00:00:00,2026-08-19 00:00:00,Web,Paid,0
BILL331084,CUST10612,296808,296808,2026-05-08 00:00:00,2026-05-10 00:00:00,Web,Paid,0
BILL171682,CUST10419,368161,368161,2026-04-06 00:00:00,2026-04-09 00:00:00,Web,Paid,0
BILL267219,CUST10000,393969,393969,2026-09-22 00:00:00,2026-09-22 00:00:00,Web,Paid,0
BILL456113,CUST10310,162282,162282,2026-04-14 00:00:00,2026-04-19 00:00:00,Mobile,Paid,0
BILL333412,CUST10175,299561,299561,2026-05-09 00:00:00,2026-05-12 00:00:00,Web,Paid,0
BILL396903,CUST10273,352715,352715,2026-03-08 00:00:00,2026-03-09 00:00:00,Mobile,Paid,0
BILL476983,CUST10252,396619,396619,2026-03-07 00:00:00,2026-03-10 00:00:00,Mobile,Paid,0
BILL488948,CUST10174,340419,340419,2026-06-11 00:00:00,2026-06-11 00:00:00,Mobile,Paid,0
BILL795251,CUST10017,248631,248631,2026-07-11 00:00:00,2026-07-14 00:00:00,Web,Paid,0
BILL936584,CUST10201,142456,142456,2026-03-15 00:00:00,2026-03-16 00:00:00,Web,Paid,0
BILL322324,CUST10427,247973,247973,2026-02-08 00:00:00,2026-02-10 00:00:00,Web,Paid,1
BILL934730,CUST10252,396619,396619,2026-04-09 00:00:00,2026-04-12 00:00:00,Mobile,Paid,0
BILL700244,CUST10473,142062,142062,2026-05-14 00:00:00,2026-05-14 00:00:00,Mobile,Paid,0
BILL629367,CUST10454,215896,215896,2026-05-16 00:00:00,2026-05-17 00:00:00,Web,Paid,0
BILL601592,CUST10183,118488,118488,2026-04-06 00:00:00,2026-04-07 00:00:00,Web,Paid,0
BILL827597,CUST10390,396951,396951,2026-03-09 00:00:00,2026-03-12 00:00:00,Web,Paid,0
BILL986469,CUST10293,139693,139693,2026-05-13 00:00:00,2026-05-12 00:00:00,Web,Paid,0
BILL160725,CUST10127,395325,395325,2026-06-05 00:00:00,2026-06-08 00:00:00,Web,Paid,0
BILL396136,CUST10408,218921,218921,2026-07-17 00:00:00,2026-07-21 00:00:00,Web,Paid,0
BILL918511,CUST10568,385619,385619,2026-04-16 00:00:00,2026-04-18 00:00:00,API,Paid,0
BILL945381,CUST10388,195075,195075,2026-05-19 00:00:00,2026-05-20 00:00:00,Web,Paid,0
BILL322316,CUST10352,271716,271716,2026-05-17 00:00:00,2026-05-18 00:00:00,Mobile,Paid,0
BILL788502,CUST10273,352715,352715,2026-04-08 00:00:00,2026-04-10 00:00:00,Mobile,Paid,0
BILL224855,CUST10561,376279,376279,2026-02-01 00:00:00,2026-02-05 00:00:00,Mobile,Paid,0
BILL591386,CUST10274,234102,234102,2026-03-12 00:00:00,2026-03-16 00:00:00,API,Paid,0
BILL929369,CUST10106,231535,231535,2026-05-15 00:00:00,2026-05-19 00:00:00,API,Paid,0
BILL432243,CUST10234,154405,154405,2026-03-13 00:00:00,2026-03-13 00:00:00,Mobile,Paid,0
BILL179161,CUST10039,204115,204115,2026-04-10 00:00:00,2026-04-11 00:00:00,Mobile,Paid,0
BILL274889,CUST10513,326951,326951,2026-04-11 00:00:00,2026-04-12 00:00:00,Web,Paid,0
BILL893770,CUST10068,364147,364147,2026-05-13 00:00:00,2026-05-13 00:00:00,Web,Paid,0
BILL210751,CUST10607,195355,195355,2026-08-13 00:00:00,2026-08-14 00:00:00,API,Paid,0
BILL117398,CUST10494,277498,277498,2026-08-22 00:00:00,2026-08-25 00:00:00,Mobile,Paid,0
BILL325593,CUST10316,324947,324947,2026-06-19 00:00:00,2026-06-23 00:00:00,Mobile,Paid,0
BILL278353,CUST10505,257908,257908,2026-04-10 00:00:00,2026-04-10 00:00:00,Web,Paid,0
BILL281387,CUST10052,251664,251664,2026-06-20 00:00:00,2026-06-23 00:00:00,Mobile,Paid,0
BILL911201,CUST10198,372200,372200,2026-04-15 00:00:00,2026-04-16 00:00:00,Mobile,Paid,0
BILL332256,CUST10408,218921,218921,2026-08-20 00:00:00,2026-08-24 00:00:00,Web,Paid,0
BILL210762,CUST10267,106083,109318,2026-01-31 00:00:00,2026-01-31 00:00:00,Mobile,Paid,0
BILL374868,CUST10616,196054,196054,2026-04-08 00:00:00,2026-04-09 00:00:00,Mobile,Paid,0
BILL236999,CUST10207,347323,347323,2026-03-07 00:00:00,2026-03-08 00:00:00,Web,Paid,0
BILL668231,CUST10057,186020,186020,2026-03-09 00:00:00,2026-03-10 00:00:00,Mobile,Paid,0
BILL519062,CUST10388,195075,414765,2026-06-19 00:00:00,2026-06-20 00:00:00,Web,Paid,0
BILL137119,CUST10243,374096,374096,2026-04-13 00:00:00,2026-04-13 00:00:00,Mobile,Paid,0
BILL588659,CUST10242,250923,250923,2026-05-12 00:00:00,2026-05-14 00:00:00,Mobile,Paid,0
BILL835532,CUST10188,116421,116421,2026-05-18 00:00:00,2026-05-18 00:00:00,Mobile,Paid,0
BILL713452,CUST10612,296808,296808,2026-06-09 00:00:00,2026-06-12 00:00:00,Web,Paid,0
BILL391701,CUST10111,326731,326731,2026-04-12 00:00:00,2026-04-14 00:00:00,Mobile,Paid,0
BILL637525,CUST10336,314172,314172,2026-04-14 00:00:00,2026-04-16 00:00:00,Mobile,Paid,0
BILL269515,CUST10565,262025,262025,2026-05-14 00:00:00,2026-05-17 00:00:00,Web,Paid,0
BILL104174,CUST10373,266015,266015,2026-05-08 00:00:00,2026-05-09 00:00:00,Web,Paid,0
BILL314736,CUST10193,205671,205671,2026-05-12 00:00:00,2026-05-14 00:00:00,Web,Paid,0
BILL914639,CUST10340,346715,346715,2026-08-15 00:00:00,2026-08-17 00:00:00,Web,Paid,0
BILL793435,CUST10577,390170,390170,2026-08-22 00:00:00,2026-08-22 00:00:00,Web,Paid,0
BILL318200,CUST10579,131456,131456,2026-04-05 00:00:00,2026-04-05 00:00:00,Mobile,Paid,0
BILL271626,CUST10036,134169,134169,2026-03-11 00:00:00,2026-03-11 00:00:00,Web,Paid,0
BILL549963,CUST10423,319827,319827,2026-04-14 00:00:00,2026-04-19 00:00:00,Web,Paid,0
BILL987972,CUST10051,158243,158243,2026-04-14 00:00:00,2026-04-17 00:00:00,Mobile,Paid,0
BILL583251,CUST10603,158354,158354,2026-05-21 00:00:00,2026-05-21 00:00:00,Web,Paid,0
BILL659321,CUST10070,110369,110369,2026-06-05 00:00:00,2026-06-09 00:00:00,Web,Paid,0
BILL613577,CUST10165,382686,1574982,2026-06-27 00:00:00,2026-06-27 00:00:00,Web,Paid,0
BILL629986,CUST10300,103916,103916,2026-04-05 00:00:00,2026-04-10 00:00:00,Mobile,Paid,0
BILL180258,CUST10145,392922,392922,2026-05-16 00:00:00,2026-05-21 00:00:00,Web,Paid,0
BILL327764,CUST10329,140860,140860,2026-06-12 00:00:00,2026-06-12 00:00:00,Web,Paid,0
BILL384431,CUST10506,110402,110402,2026-03-06 00:00:00,2026-03-10 00:00:00,Mobile,Paid,0
BILL813441,CUST10444,299032,299032,2026-05-15 00:00:00,2026-05-15 00:00:00,Web,Paid,0
BILL338144,CUST10330,341313,341313,2026-09-24 00:00:00,2026-09-27 00:00:00,Mobile,Paid,0
BILL454370,CUST10067,385330,385330,2026-03-10 00:00:00,2026-03-12 00:00:00,Mobile,Paid,0
BILL839639,CUST10227,325860,325860,2026-04-07 00:00:00,2026-04-10 00:00:00,Mobile,Paid,0
BILL267250,CUST10449,285445,271736,2026-08-19 00:00:00,2026-08-23 00:00:00,Web,Paid,1
BILL420258,CUST10602,301882,301882,2026-03-12 00:00:00,2026-03-13 00:00:00,Web,Paid,0
BILL237845,CUST10338,214725,214725,2026-05-06 00:00:00,2026-05-08 00:00:00,Mobile,Paid,0
BILL892305,CUST10168,296917,296917,2026-04-12 00:00:00,2026-04-12 00:00:00,Mobile,Paid,0
BILL698701,CUST10599,330929,330929,2026-03-09 00:00:00,2026-03-13 00:00:00,Mobile,Paid,0
BILL627528,CUST10291,161087,161087,2026-03-10 00:00:00,2026-03-10 00:00:00,API,Paid,0
BILL480279,CUST10292,357685,357685,2026-05-05 00:00:00,2026-05-04 00:00:00,Web,Paid,0
BILL555866,CUST10031,133901,133901,2026-04-15 00:00:00,2026-04-18 00:00:00,Web,Paid,0
BILL393769,CUST10135,318407,318407,2026-06-07 00:00:00,2026-06-11 00:00:00,Mobile,Paid,0
BILL251076,CUST10521,102928,102928,2026-03-07 00:00:00,2026-03-08 00:00:00,Web,Paid,0
BILL634932,CUST10608,306417,293339,2026-05-11 00:00:00,2026-05-11 00:00:00,Web,Paid,0
BILL199562,CUST10389,232085,232085,2026-10-26 00:00:00,2026-10-27 00:00:00,Web,Paid,0
BILL731158,CUST10273,352715,352715,2026-05-10 00:00:00,2026-05-15 00:00:00,Mobile,Paid,0
BILL890089,CUST10285,375934,375934,2026-06-09 00:00:00,2026-06-09 00:00:00,Mobile,Paid,0
BILL518960,CUST10578,194175,194175,2026-04-13 00:00:00,2026-04-16 00:00:00,Mobile,Paid,0
BILL768313,CUST10122,151433,151433,2026-05-17 00:03:00,2026-05-17 00:03:00,Web,Paid,0
BILL888632,CUST10348,355414,355414,2026-06-16 00:00:00,2026-06-21 00:00:00,Web,Paid,0
BILL558983,CUST10473,142062,142062,2026-06-13 00:00:00,2026-06-14 00:00:00,Mobile,Paid,0
BILL196244,CUST10471,365335,365335,2026-04-10 00:00:00,2026-04-12 00:00:00,Mobile,Paid,0
BILL312277,CUST10180,125186,125186,2026-05-16 00:00:00,2026-05-20 00:00:00,Mobile,Paid,0
BILL874587,CUST10051,158243,158243,2026-05-17 00:00:00,2026-05-17 00:00:00,Mobile,Paid,0
BILL944617,CUST10204,212495,212495,2026-04-10 00:00:00,2026-04-11 00:00:00,Web,Paid,0
BILL418899,CUST10566,389780,389780,2026-04-12 00:00:00,2026-04-16 00:00:00,Web,Paid,0
BILL614894,CUST10474,169578,169578,2026-04-11 00:00:00,2026-04-11 00:00:00,Web,Paid,0
BILL921037,CUST10308,227871,227871,2026-04-08 00:00:00,2026-04-13 00:00:00,Mobile,Paid,0
BILL489514,CUST10112,366183,366183,2026-02-04 00:00:00,2026-02-04 00:00:00,Mobile,Paid,0
BILL871711,CUST10333,348154,351052,2026-04-15 00:00:00,2026-04-15 00:00:00,Web,Paid,0
BILL942959,CUST10557,259648,259648,2026-07-12 00:00:00,2026-07-14 00:00:00,Mobile,Paid,0
BILL561442,CUST10580,251274,251274,2026-02-09 00:00:00,2026-02-14 00:00:00,Mobile,Paid,0
BILL376820,CUST10508,348867,348867,2026-04-09 00:00:00,2026-04-11 00:00:00,Web,Paid,0
BILL952669,CUST10007,119802,119802,2026-04-13 00:00:00,2026-04-14 00:00:00,Web,Paid,0
BILL232321,CUST10482,317106,317106,2026-08-11 00:00:00,2026-08-13 00:00:00,API,Paid,0
BILL512039,CUST10101,176350,176350,2026-05-09 00:00:00,2026-05-13 00:00:00,Web,Paid,0
BILL754252,CUST10351,243567,908639,2026-06-11 00:00:00,2026-06-12 00:00:00,API,Paid,0
BILL340447,CUST10014,292242,292242,2026-04-10 00:00:00,2026-04-13 00:00:00,Mobile,Paid,0
BILL242416,CUST10253,224900,224900,2026-05-15 00:00:00,2026-05-20 00:00:00,Web,Paid,0
BILL881461,CUST10296,145271,145271,2026-04-12 00:00:00,2026-04-14 00:00:00,Mobile,Paid,0
BILL825716,CUST10579,131456,131456,2026-05-05 00:00:00,2026-05-09 00:00:00,Mobile,Paid,0
BILL559129,CUST10604,335897,335897,2026-06-16 00:00:00,2026-06-17 00:00:00,Web,Paid,0
BILL243320,CUST10402,340164,340164,2026-03-02 00:00:00,2026-03-07 00:00:00,Mobile,Paid,0
BILL327799,CUST10339,166164,166164,2026-04-06 00:00:00,2026-04-11 00:00:00,Mobile,Paid,0
BILL903209,CUST10259,161507,161507,2026-06-12 00:00:00,2026-06-13 00:00:00,Web,Paid,0
BILL325207,CUST10482,317106,317106,2026-09-12 00:00:00,2026-09-12 00:00:00,Web,Paid,0
BILL298797,CUST10249,312332,312332,2026-03-07 00:00:00,2026-03-08 00:00:00,Mobile,Paid,0
BILL260805,CUST10283,101051,101051,2026-04-11 00:00:00,2026-04-15 00:00:00,Mobile,Paid,0
BILL193018,CUST10008,235370,235370,2026-07-24 00:00:00,2026-07-27 00:00:00,Web,Paid,0
BILL226478,CUST10607,195355,195355,2026-09-13 00:00:00,2026-09-13 00:00:00,Web,Paid,0
BILL142830,CUST10610,166415,166415,2026-05-09 00:00:00,2026-05-08 00:00:00,Web,Paid,0
BILL579215,CUST10024,252646,252646,2026-08-12 00:00:00,2026-08-16 00:00:00,Web,Paid,0
BILL312971,CUST10231,107632,107632,2026-02-02 00:00:00,2026-02-04 00:00:00,Mobile,Paid,0
BILL513409,CUST10012,354052,354322,2026-05-14 00:00:00,2026-05-18 00:00:00,Mobile,Paid,0
BILL299740,CUST10463,122930,122930,2026-03-05 00:00:00,2026-03-10 00:00:00,Web,Paid,0
BILL673619,CUST10225,114221,114221,2026-02-06 00:00:00,2026-02-10 00:00:00,API,Paid,0
BILL232142,CUST10196,193206,193206,2026-05-13 00:00:00,2026-05-13 00:00:00,Mobile,Paid,0
BILL265454,CUST10081,332441,332441,2026-04-13 00:00:00,2026-04-17 00:00:00,Mobile,Paid,0
BILL263647,CUST10011,246971,246971,2026-05-02 00:00:00,2026-05-03 00:00:00,Web,Paid,0
BILL703351,CUST10111,326731,326731,2026-05-14 00:00:00,2026-05-15 00:00:00,Mobile,Paid,0
BILL935260,CUST10251,198303,198303,2026-04-13 00:00:00,2026-04-16 00:00:00,Mobile,Paid,0
BILL690382,CUST10418,114272,114272,2026-04-11 00:00:00,2026-04-12 00:00:00,Web,Paid,0
BILL815766,CUST10276,213867,213867,2026-04-09 00:02:00,2026-04-09 00:02:00,Mobile,Paid,0
BILL601949,CUST10376,370526,370526,2026-04-08 00:00:00,2026-04-13 00:00:00,Web,Paid,0
BILL280573,CUST10390,396951,396951,2026-04-11 00:00:00,2026-04-14 00:00:00,API,Paid,0
BILL727394,CUST10014,292242,292242,2026-05-13 00:00:00,2026-05-16 00:00:00,Mobile,Paid,0
BILL967887,CUST10534,291049,291049,2026-04-13 00:00:00,2026-04-15 00:00:00,Mobile,Paid,0
BILL443836,CUST10526,151663,151663,2026-04-09 00:00:00,2026-04-10 00:00:00,Mobile,Paid,0
BILL865926,CUST10493,105706,105706,2026-03-12 00:00:00,2026-03-16 00:00:00,Web,Paid,0
BILL688152,CUST10075,282116,282116,2026-04-10 00:00:00,2026-04-12 00:00:00,Web,Paid,1
BILL794552,CUST10548,324309,324309,2026-07-17 00:00:00,2026-07-18 00:00:00,Web,Paid,0
BILL701493,CUST10031,133901,133901,2026-05-18 00:00:00,2026-05-21 00:00:00,Web,Paid,0
BILL447813,CUST10103,263167,263167,2026-04-08 00:00:00,2026-04-11 00:00:00,Mobile,Paid,0
BILL892544,CUST10178,102909,102909,2026-04-12 00:00:00,2026-04-14 00:00:00,Mobile,Paid,0
BILL763717,CUST10256,321442,321442,2026-06-14 00:00:00,2026-06-17 00:00:00,API,Paid,0
BILL207637,CUST10562,377397,377397,2026-03-14 00:00:00,2026-03-19 00:00:00,Mobile,Paid,0
BILL168707,CUST10020,296410,296410,2026-05-13 00:00:00,2026-05-14 00:00:00,Web,Paid,0
BILL967144,CUST10571,308834,308834,2026-06-12 00:00:00,2026-06-12 00:00:00,Mobile,Paid,0
BILL208235,CUST10199,298717,298717,2026-06-20 00:00:00,2026-06-21 00:00:00,Mobile,Paid,0
BILL583518,CUST10133,321466,321466,2026-05-12 00:00:00,2026-05-16 00:00:00,Web,Paid,0
BILL628201,CUST10340,346715,346715,2026-09-16 00:00:00,2026-09-15 00:00:00,Web,Paid,0
BILL740476,CUST10022,241872,241872,2026-08-27 00:00:00,2026-08-27 00:00:00,Mobile,Paid,0
BILL164906,CUST10266,323621,323621,2026-06-13 00:00:00,2026-06-16 00:00:00,Mobile,Paid,0
BILL892876,CUST10143,295085,295085,2026-06-17 00:00:00,2026-06-21 00:00:00,Web,Paid,0
BILL563969,CUST10112,366183,366183,2026-03-06 00:00:00,2026-03-09 00:00:00,API,Paid,0
BILL610898,CUST10165,382686,382686,2026-07-27 00:00:00,2026-08-01 00:00:00,Web,Paid,0
BILL237207,CUST10561,376279,376279,2026-03-07 00:00:00,2026-03-12 00:00:00,Mobile,Paid,0
BILL130097,CUST10155,387650,387650,2026-06-10 00:00:00,2026-06-15 00:00:00,API,Paid,0
BILL653072,CUST10001,345488,345488,2026-03-17 00:00:00,2026-03-20 00:00:00,API,Paid,0
BILL640419,CUST10222,302556,302556,2026-09-24 00:00:00,2026-09-28 00:00:00,API,Paid,0
BILL817579,CUST10043,117933,117933,2026-04-15 00:00:00,2026-04-17 00:00:00,Web,Paid,0
BILL610321,CUST10016,207759,207759,2026-05-08 00:00:00,2026-05-08 00:00:00,Web,Paid,0
BILL227859,CUST10402,340164,349111,2026-04-06 00:00:00,2026-04-10 00:00:00,Mobile,Paid,0
BILL263624,CUST10480,105645,105645,2026-08-15 00:00:00,2026-08-18 00:00:00,Mobile,Paid,0
BILL318873,CUST10362,146134,146134,2026-04-07 00:00:00,2026-04-07 00:00:00,Mobile,Paid,0
BILL170475,CUST10449,285445,285445,2026-09-22 00:00:00,2026-09-24 00:00:00,API,Paid,0
BILL111266,CUST10442,209546,209546,2026-08-19 00:00:00,2026-08-24 00:00:00,API,Paid,0
BILL121590,CUST10079,180418,180418,2026-08-22 00:00:00,2026-08-22 00:00:00,Web,Paid,0
BILL522794,CUST10605,167331,167331,2026-05-18 00:00:00,2026-05-21 00:00:00,Web,Paid,0
BILL461626,CUST10589,243034,243034,2026-04-10 00:00:00,2026-04-10 00:00:00,Mobile,Paid,0
BILL837806,CUST10567,212531,212531,2026-05-13 00:00:00,2026-05-16 00:00:00,Mobile,Paid,0
BILL549334,CUST10053,123911,123911,2026-06-16 00:00:00,2026-06-16 00:00:00,Mobile,Paid,0
BILL916089,CUST10166,363350,346759,2026-04-13 00:00:00,2026-04-14 00:00:00,Web,Paid,0
BILL105738,CUST10233,357934,357934,2026-05-16 00:00:00,2026-05-17 00:00:00,Web,Paid,0
BILL666197,CUST10298,252847,252847,2026-05-11 00:00:00,2026-05-10 00:00:00,Mobile,Paid,0
BILL414912,CUST10272,118808,118808,2026-04-06 00:00:00,2026-04-06 00:00:00,Web,Paid,0
BILL925311,CUST10346,173798,173798,2026-05-17 00:00:00,2026-05-22 00:00:00,Mobile,Paid,0
BILL779370,CUST10448,114297,114297,2026-06-19 00:00:00,2026-06-23 00:00:00,Web,Paid,0
BILL664206,CUST10513,326951,326951,2026-05-12 00:00:00,2026-05-12 00:00:00,Web,Paid,0
BILL525983,CUST10403,274987,274987,2026-05-20 00:00:00,2026-05-21 00:00:00,Web,Paid,0
BILL746936,CUST10390,396951,396951,2026-05-14 00:00:00,2026-05-15 00:00:00,Web,Paid,0
BILL619988,CUST10020,296410,296410,2026-06-13 00:00:00,2026-06-18 00:00:00,Web,Paid,0
BILL281912,CUST10356,128557,128557,2026-06-22 00:00:00,2026-06-23 00:00:00,Mobile,Paid,0
BILL371910,CUST10069,150911,150911,2026-04-14 00:00:00,2026-04-16 00:00:00,Mobile,Paid,0
BILL789592,CUST10564,309257,309257,2026-05-16 00:00:00,2026-05-21 00:00:00,Web,Paid,0
BILL141610,CUST10550,272473,272473,2026-07-17 00:00:00,2026-07-22 00:00:00,Web,Paid,0
BILL639054,CUST10522,253907,253907,2026-02-02 00:00:00,2026-02-02 00:00:00,API,Paid,0
BILL310337,CUST10221,300750,300750,2026-07-17 00:00:00,2026-07-18 00:00:00,Mobile,Paid,0
BILL424556,CUST10571,308834,308834,2026-07-12 00:00:00,2026-07-15 00:00:00,Mobile,Paid,0
BILL114070,CUST10404,362092,362092,2026-05-11 00:00:00,2026-05-12 00:00:00,Web,Paid,0
BILL753150,CUST10440,385257,385257,2026-02-05 00:00:00,2026-02-08 00:00:00,Mobile,Paid,0
BILL448442,CUST10482,317106,317106,2026-10-12 00:00:00,2026-10-14 00:00:00,Web,Paid,0
BILL845867,CUST10384,275409,275409,2026-03-10 00:00:00,2026-03-15 00:00:00,Mobile,Paid,0
BILL258661,CUST10021,307019,307019,2026-03-14 00:00:00,2026-03-18 00:00:00,Web,Paid,0
BILL883156,CUST10548,324309,324309,2026-08-17 00:00:00,2026-08-22 00:00:00,Web,Paid,0
BILL513584,CUST10019,290331,290331,2026-07-24 00:00:00,2026-07-28 00:00:00,Mobile,Paid,0
BILL844321,CUST10493,105706,105706,2026-04-15 00:00:00,2026-04-17 00:00:00,Web,Paid,0
BILL170785,CUST10101,176350,176350,2026-06-12 00:00:00,2026-06-16 00:00:00,Web,Paid,0
BILL618744,CUST10494,277498,277498,2026-09-24 00:00:00,2026-09-29 00:00:00,Mobile,Paid,0
BILL251391,CUST10257,333829,333829,2026-02-08 00:00:00,2026-02-09 00:00:00,Web,Paid,0
BILL247530,CUST10297,269700,269700,2026-05-14 00:00:00,2026-05-18 00:00:00,Web,Paid,0
BILL277301,CUST10434,222596,222596,2026-06-19 00:00:00,2026-06-21 00:00:00,Mobile,Paid,0
BILL507339,CUST10052,251664,251664,2026-07-23 00:00:00,2026-07-24 00:00:00,Mobile,Paid,0
BILL376198,CUST10536,220011,220011,2026-06-04 00:02:00,2026-06-08 00:02:00,Web,Paid,0
BILL881896,CUST10520,353247,102316,2026-06-15 00:00:00,2026-06-16 00:00:00,Web,Paid,0
BILL381897,CUST10328,184243,184243,2026-10-24 00:00:00,2026-10-27 00:00:00,API,Paid,0
BILL845314,CUST10596,256895,256895,2026-07-17 00:00:00,2026-07-22 00:00:00,Web,Paid,0
BILL973387,CUST10037,178042,183697,2026-03-11 00:00:00,2026-03-16 00:00:00,Mobile,Paid,0
BILL205376,CUST10468,286051,286051,2026-04-17 00:00:00,2026-04-16 00:00:00,API,Paid,0
BILL810934,CUST10478,236492,236492,2026-04-09 00:00:00,2026-04-13 00:00:00,Web,Paid,0
BILL245363,CUST10177,188340,188340,2026-05-15 00:00:00,2026-05-16 00:00:00,Web,Paid,0
BILL472569,CUST10233,357934,357934,2026-06-16 00:00:00,2026-06-16 00:00:00,Web,Paid,0
BILL253526,CUST10505,257908,257908,2026-05-10 00:00:00,2026-05-14 00:00:00,API,Paid,0
BILL960586,CUST10060,153034,94355,2026-04-14 00:00:00,2026-04-19 00:00:00,Web,Paid,0
BILL888800,CUST10310,162282,162282,2026-05-19 00:00:00,2026-05-20 00:00:00,Mobile,Paid,0
BILL578311,CUST10319,121345,121345,2026-05-14 00:00:00,2026-05-16 00:00:00,Mobile,Paid,0
BILL183528,CUST10511,361457,361457,2026-07-17 00:00:00,2026-07-22 00:00:00,Mobile,Paid,0
BILL722599,CUST10244,360335,360335,2026-06-23 00:00:00,2026-06-27 00:00:00,API,Paid,0
BILL432609,CUST10488,202266,202266,2026-05-20 00:00:00,2026-05-24 00:00:00,Mobile,Paid,0
BILL637249,CUST10618,170930,170930,2026-05-19 00:00:00,2026-05-20 00:00:00,Web,Paid,0
BILL623701,CUST10292,357685,357685,2026-06-03 00:00:00,2026-06-02 00:00:00,Web,Paid,0
BILL117436,CUST10481,287879,287879,2026-03-06 00:00:00,2026-03-10 00:00:00,Mobile,Paid,0
BILL803275,CUST10079,180418,180418,2026-09-21 00:00:00,2026-09-24 00:00:00,Web,Paid,0
BILL103729,CUST10280,247195,247195,2026-03-03 00:00:00,2026-03-08 00:00:00,Mobile,Paid,0
BILL211793,CUST10172,250168,250168,2026-05-14 00:03:00,2026-05-18 00:03:00,Web,Paid,0
BILL637228,CUST10011,246971,246971,2026-06-02 00:00:00,2026-06-05 00:00:00,Web,Paid,0
BILL205169,CUST10426,269834,269834,2026-05-05 00:00:00,2026-05-04 00:00:00,Web,Paid,0
BILL549761,CUST10130,263630,263630,2026-08-19 00:00:00,2026-08-22 00:00:00,Mobile,Paid,0
BILL784112,CUST10461,160670,160670,2026-05-12 00:00:00,2026-05-14 00:00:00,API,Paid,0
BILL877236,CUST10143,295085,295085,2026-07-21 00:00:00,2026-07-25 00:00:00,Web,Paid,0
BILL793517,CUST10530,292483,292483,2026-05-15 00:00:00,2026-05-19 00:00:00,Mobile,Paid,0
BILL346079,CUST10272,118808,118808,2026-05-06 00:00:00,2026-05-10 00:00:00,Web,Paid,0
BILL719043,CUST10129,154112,154112,2026-01-31 00:00:00,2026-02-01 00:00:00,Web,Paid,0
BILL984714,CUST10593,206789,206789,2026-03-14 00:00:00,2026-03-18 00:00:00,Web,Paid,0
BILL164453,CUST10344,240657,240657,2026-06-08 00:00:00,2026-06-09 00:00:00,Web,Paid,1
BILL321445,CUST10503,252261,252261,2026-06-08 00:00:00,2026-06-13 00:00:00,Mobile,Paid,0
BILL160537,CUST10120,190853,190853,2026-05-16 00:00:00,2026-05-21 00:00:00,Mobile,Paid,0
BILL541719,CUST10455,395476,395476,2026-05-17 00:00:00,2026-05-17 00:00:00,Web,Paid,0
BILL275833,CUST10512,262637,262637,2026-08-14 00:00:00,2026-08-19 00:00:00,Web,Paid,0
BILL878084,CUST10542,236444,236444,2026-06-14 00:00:00,2026-06-15 00:00:00,Mobile,Paid,0
BILL726178,CUST10155,387650,387650,2026-07-15 00:00:00,2026-07-15 00:00:00,Mobile,Paid,0
BILL156939,CUST10336,314172,310333,2026-05-16 00:00:00,2026-05-16 00:00:00,Mobile,Paid,0
BILL353743,CUST10505,257908,257908,2026-06-13 00:00:00,2026-06-13 00:00:00,API,Paid,0
BILL160043,CUST10199,298717,298717,2026-07-21 00:00:00,2026-07-25 00:00:00,Mobile,Paid,0
BILL364080,CUST10293,139693,139693,2026-06-11 00:00:00,2026-06-16 00:00:00,Web,Paid,0
BILL644022,CUST10135,318407,318407,2026-07-11 00:00:00,2026-07-11 00:00:00,Mobile,Paid,0
BILL369044,CUST10227,325860,325860,2026-05-10 00:00:00,2026-05-10 00:00:00,Mobile,Paid,0
BILL549816,CUST10582,399188,399188,2026-05-09 00:00:00,2026-05-10 00:00:00,Mobile,Paid,0
BILL141476,CUST10315,135973,135973,2026-08-09 00:00:00,2026-08-14 00:00:00,Web,Paid,0
BILL602625,CUST10518,144976,144976,2026-05-15 00:00:00,2026-05-15 00:00:00,Web,Paid,0
BILL944270,CUST10541,215225,215225,2026-03-06 00:00:00,2026-03-08 00:00:00,API,Paid,0
BILL745683,CUST10328,184243,184243,2026-11-26 00:00:00,2026-11-29 00:00:00,Web,Paid,0
BILL460101,CUST10155,387650,387650,2026-08-14 00:00:00,2026-08-14 00:00:00,Mobile,Paid,0
BILL831059,CUST10144,156018,156018,2026-08-24 00:00:00,2026-08-25 00:00:00,Web,Paid,0
BILL912314,CUST10535,231038,231038,2026-05-10 00:00:00,2026-05-11 00:00:00,Mobile,Paid,0
BILL298968,CUST10412,259696,259696,2026-04-10 00:00:00,2026-04-12 00:00:00,Mobile,Paid,0
BILL873284,CUST10610,166415,166415,2026-06-07 00:00:00,2026-06-07 00:00:00,API,Paid,0
BILL812100,CUST10610,166415,166415,2026-06-07 00:00:00,2026-06-07 00:01:00,API,Paid,0
BILL213251,CUST10610,166415,166415,2026-06-07 00:00:00,2026-06-07 00:02:00,API,Paid,0
BILL640416,CUST10487,343510,1660119,2026-03-09 00:00:00,2026-03-11 00:00:00,Web,Paid,0
BILL830668,CUST10490,308508,308508,2026-05-14 00:00:00,2026-05-19 00:00:00,Mobile,Paid,0
BILL978715,CUST10454,215896,215896,2026-06-16 00:00:00,2026-06-19 00:00:00,Web,Paid,0
BILL427966,CUST10137,312474,312474,2026-06-22 00:00:00,2026-06-22 00:00:00,Web,Paid,0
BILL585672,CUST10616,196054,196054,2026-05-09 00:00:00,2026-05-09 00:00:00,Mobile,Paid,0
BILL263048,CUST10021,307019,307019,2026-04-17 00:00:00,2026-04-22 00:00:00,API,Paid,0
BILL119468,CUST10041,101371,101371,2026-06-22 00:00:00,2026-06-22 00:00:00,Web,Paid,0
BILL700927,CUST10301,384312,367380,2026-07-15 00:00:00,2026-07-15 00:00:00,Web,Paid,0
BILL942308,CUST10091,271646,271646,2026-04-10 00:00:00,2026-04-11 00:00:00,API,Paid,0
BILL849022,CUST10553,189749,189749,2026-02-07 00:00:00,2026-02-07 00:00:00,Mobile,Paid,1
BILL175586,CUST10435,240524,240524,2026-05-15 00:00:00,2026-05-19 00:00:00,Mobile,Paid,0
BILL220250,CUST10205,363069,363069,2026-08-16 00:00:00,2026-08-16 00:00:00,Mobile,Paid,0
BILL288194,CUST10326,371573,371573,2026-08-16 00:00:00,2026-08-16 00:00:00,Web,Paid,0
BILL887891,CUST10374,209770,209770,2026-08-18 00:00:00,2026-08-19 00:00:00,Mobile,Paid,0
BILL952008,CUST10087,215985,215985,2026-03-05 00:00:00,2026-03-08 00:00:00,Web,Paid,0
BILL923590,CUST10007,119802,119802,2026-05-14 00:00:00,2026-05-17 00:00:00,Web,Paid,0
BILL854691,CUST10552,129409,129409,2026-05-13 00:00:00,2026-05-16 00:00:00,API,Paid,0
BILL678379,CUST10263,238303,238303,2026-05-14 00:00:00,2026-05-19 00:00:00,Web,Paid,0
BILL754142,CUST10094,245816,245816,2026-05-11 00:00:00,2026-05-16 00:00:00,Mobile,Paid,0
BILL727536,CUST10603,158354,158354,2026-06-20 00:00:00,2026-06-21 00:00:00,Web,Paid,0
BILL610966,CUST10550,272473,272473,2026-08-21 00:00:00,2026-08-23 00:00:00,Web,Paid,0
BILL646896,CUST10041,101371,101371,2026-07-22 00:00:00,2026-07-21 00:00:00,Web,Paid,0
BILL540452,CUST10330,341313,341313,2026-10-27 00:00:00,2026-10-27 00:00:00,Mobile,Paid,0
BILL574495,CUST10132,376210,376210,2026-03-11 00:00:00,2026-03-11 00:00:00,API,Paid,0
BILL149887,CUST10132,376210,376210,2026-03-11 00:00:00,2026-03-11 00:01:00,API,Paid,0
BILL683743,CUST10132,376210,376210,2026-03-11 00:00:00,2026-03-11 00:02:00,API,Paid,0
BILL343053,CUST10354,179044,179044,2026-05-07 00:00:00,2026-05-09 00:00:00,API,Paid,0
BILL529052,CUST10116,102455,57422,2026-03-06 00:00:00,2026-03-06 00:00:00,Mobile,Paid,0
BILL938871,CUST10375,145501,145501,2026-04-09 00:00:00,2026-04-14 00:00:00,Mobile,Paid,0
BILL488362,CUST10225,114221,114221,2026-03-12 00:00:00,2026-03-16 00:00:00,Mobile,Paid,0
BILL251919,CUST10323,349794,349794,2026-05-06 00:00:00,2026-05-11 00:00:00,Mobile,Paid,0
BILL143591,CUST10290,207210,197749,2026-02-05 00:00:00,2026-02-07 00:00:00,Mobile,Paid,0
BILL342573,CUST10588,279935,279935,2026-03-07 00:00:00,2026-03-07 00:00:00,Mobile,Paid,0
BILL247955,CUST10491,217446,217446,2026-08-11 00:00:00,2026-08-12 00:00:00,Mobile,Paid,0
BILL473930,CUST10489,207019,207019,2026-02-04 00:00:00,2026-02-09 00:00:00,Web,Paid,0
BILL394512,CUST10236,177020,177020,2026-06-12 00:00:00,2026-06-14 00:00:00,Web,Paid,0
BILL670396,CUST10321,259198,259198,2026-04-03 00:00:00,2026-04-06 00:00:00,Web,Paid,0
BILL423683,CUST10074,155407,155407,2026-04-08 00:00:00,2026-04-10 00:00:00,API,Paid,0
BILL830518,CUST10520,353247,353247,2026-07-16 00:00:00,2026-07-17 00:00:00,Web,Paid,0
BILL766312,CUST10299,369454,383607,2026-04-09 00:03:00,2026-04-12 00:03:00,Mobile,Paid,0
BILL962679,CUST10338,214725,214725,2026-06-07 00:00:00,2026-06-10 00:00:00,Mobile,Paid,0
BILL936429,CUST10358,125188,125188,2026-04-12 00:00:00,2026-04-16 00:00:00,Mobile,Paid,0
BILL660476,CUST10468,286051,286051,2026-05-16 00:00:00,2026-05-16 00:00:00,Web,Paid,0
BILL451730,CUST10317,393733,393733,2026-06-19 00:00:00,2026-06-19 00:00:00,Mobile,Paid,0
BILL245642,CUST10504,354532,354532,2026-03-04 00:00:00,2026-03-08 00:00:00,Web,Paid,0
BILL829170,CUST10600,339191,339191,2026-05-09 00:00:00,2026-05-09 00:00:00,Mobile,Paid,0
BILL949675,CUST10608,306417,306417,2026-06-10 00:00:00,2026-06-11 00:00:00,Web,Paid,0
BILL249768,CUST10479,264655,171059,2026-04-06 00:00:00,2026-04-09 00:00:00,Web,Paid,0
BILL683266,CUST10418,114272,114272,2026-05-12 00:00:00,2026-05-16 00:00:00,Web,Paid,0
BILL949477,CUST10299,369454,369454,2026-05-12 00:03:00,2026-05-11 00:03:00,Mobile,Paid,0
BILL813274,CUST10378,120457,120457,2026-07-25 00:00:00,2026-07-26 00:00:00,Web,Paid,0
BILL676904,CUST10406,256264,256264,2026-12-25 00:00:00,2026-12-28 00:00:00,API,Paid,0
BILL897487,CUST10515,239952,239952,2026-07-18 00:00:00,2026-07-20 00:00:00,Mobile,Paid,0
BILL226322,CUST10361,297495,297495,2026-08-12 00:00:00,2026-08-15 00:00:00,Web,Paid,0
BILL856703,CUST10139,219961,219961,2026-04-09 00:00:00,2026-04-10 00:00:00,Mobile,Paid,0
BILL152690,CUST10452,181594,181594,2026-11-01 00:02:00,2026-11-01 00:02:00,Web,Paid,0
BILL682644,CUST10496,159420,159420,2026-06-14 00:00:00,2026-06-16 00:00:00,Mobile,Paid,0
BILL271798,CUST10617,174690,174690,2026-03-14 00:00:00,2026-03-17 00:00:00,Mobile,Paid,0
BILL867050,CUST10235,396186,220696,2026-05-11 00:00:00,2026-05-11 00:00:00,Mobile,Paid,0
BILL507557,CUST10258,198716,198716,2026-06-16 00:00:00,2026-06-20 00:00:00,Web,Paid,0
BILL622294,CUST10199,298717,298717,2026-08-24 00:00:00,2026-08-25 00:00:00,Mobile,Paid,0
BILL217176,CUST10036,134169,134169,2026-04-10 00:00:00,2026-04-13 00:00:00,API,Paid,0
BILL660084,CUST10500,194860,194860,2026-05-09 00:00:00,2026-05-10 00:00:00,Mobile,Paid,0
BILL188389,CUST10309,395004,395004,2026-05-22 00:00:00,2026-05-26 00:00:00,API,Paid,0
BILL168382,CUST10349,168829,168829,2026-08-18 00:03:00,2026-08-22 00:03:00,Mobile,Paid,0
BILL549567,CUST10025,333506,333506,2026-05-18 00:00:00,2026-05-17 00:00:00,Web,Paid,0
BILL243431,CUST10518,144976,144976,2026-06-14 00:00:00,2026-06-19 00:00:00,Web,Paid,0
BILL336395,CUST10443,351740,351740,2026-06-07 00:00:00,2026-06-11 00:00:00,Web,Paid,0
BILL462936,CUST10454,215896,215896,2026-07-19 00:00:00,2026-07-19 00:00:00,Web,Paid,0
BILL108599,CUST10604,335897,335897,2026-07-17 00:00:00,2026-07-22 00:00:00,Web,Paid,0
BILL985272,CUST10605,167331,167331,2026-06-20 00:00:00,2026-06-22 00:00:00,Web,Paid,0
BILL302913,CUST10202,218656,218656,2026-07-16 00:00:00,2026-07-20 00:00:00,Web,Paid,0
BILL305324,CUST10028,233088,233088,2026-06-21 00:00:00,2026-06-25 00:00:00,Web,Paid,0
BILL462016,CUST10133,321466,321466,2026-06-15 00:00:00,2026-06-17 00:00:00,Web,Paid,0
BILL470333,CUST10102,378569,2268017,2026-04-08 00:00:00,2026-04-10 00:00:00,Web,Paid,0
BILL771161,CUST10605,167331,167331,2026-07-22 00:00:00,2026-07-24 00:00:00,Web,Paid,0
BILL403490,CUST10435,240524,240524,2026-06-18 00:00:00,2026-06-20 00:00:00,Mobile,Paid,0
BILL176326,CUST10614,326804,326804,2026-04-07 00:00:00,2026-04-07 00:00:00,Web,Paid,0
BILL491196,CUST10090,263843,263843,2026-03-12 00:00:00,2026-03-13 00:00:00,Web,Paid,0
BILL137126,CUST10559,119656,119656,2026-04-11 00:00:00,2026-04-14 00:00:00,Mobile,Paid,0
BILL218439,CUST10243,374096,374096,2026-05-13 00:00:00,2026-05-14 00:00:00,Mobile,Paid,0
BILL417316,CUST10000,393969,393969,2026-10-22 00:00:00,2026-10-22 00:00:00,Web,Paid,0
BILL508103,CUST10074,155407,155407,2026-05-10 00:00:00,2026-05-11 00:00:00,Mobile,Paid,0
BILL526559,CUST10334,331403,331403,2026-05-09 00:00:00,2026-05-09 00:00:00,Web,Paid,0
BILL370089,CUST10489,207019,207019,2026-03-11 00:00:00,2026-03-13 00:00:00,Web,Paid,0
BILL767728,CUST10322,250013,250013,2026-04-13 00:00:00,2026-04-18 00:00:00,API,Paid,0
BILL646546,CUST10122,151433,151433,2026-06-16 00:03:00,2026-06-21 00:03:00,Web,Paid,0
BILL282640,CUST10088,139159,139159,2026-03-07 00:00:00,2026-03-07 00:00:00,Web,Paid,0
BILL841337,CUST10613,332566,332566,2026-02-02 00:00:00,2026-02-04 00:00:00,Mobile,Paid,0
BILL835137,CUST10233,357934,357934,2026-07-16 00:00:00,2026-07-16 00:00:00,Web,Paid,1
BILL106886,CUST10277,241318,241318,2026-02-09 00:00:00,2026-02-13 00:00:00,Mobile,Paid,0
BILL776397,CUST10586,278588,278588,2026-05-09 00:00:00,2026-05-13 00:00:00,Mobile,Paid,0
BILL430281,CUST10096,304688,304688,2026-03-05 00:00:00,2026-03-06 00:00:00,API,Paid,0
BILL405671,CUST10052,251664,251664,2026-08-23 00:00:00,2026-08-25 00:00:00,Mobile,Paid,0
BILL400136,CUST10378,120457,120457,2026-08-25 00:00:00,2026-08-25 00:00:00,Web,Paid,0
BILL873010,CUST10429,143790,143790,2026-03-02 00:00:00,2026-03-02 00:00:00,Mobile,Paid,0
BILL844072,CUST10579,131456,131456,2026-06-08 00:00:00,2026-06-13 00:00:00,Mobile,Paid,0
BILL585623,CUST10067,385330,385330,2026-04-11 00:00:00,2026-04-16 00:00:00,Mobile,Paid,0
BILL522837,CUST10301,384312,384312,2026-08-14 00:00:00,2026-08-16 00:00:00,Web,Paid,0
BILL977988,CUST10458,327118,327118,2026-07-18 00:00:00,2026-07-22 00:00:00,Mobile,Paid,0
BILL974056,CUST10376,370526,370526,2026-05-13 00:00:00,2026-05-17 00:00:00,Web,Paid,0
BILL571845,CUST10476,355985,355985,2026-09-27 00:00:00,2026-09-27 00:00:00,Web,Paid,0
BILL301332,CUST10054,308144,308144,2026-09-08 00:00:00,2026-09-08 00:00:00,Mobile,Paid,0
BILL458874,CUST10362,146134,146134,2026-05-07 00:00:00,2026-05-08 00:00:00,Mobile,Paid,0
BILL595530,CUST10349,168829,168829,2026-09-21 00:03:00,2026-09-20 00:03:00,Mobile,Paid,0
BILL335890,CUST10367,217341,217341,2026-08-23 00:00:00,2026-08-24 00:00:00,Web,Paid,0
BILL525768,CUST10195,267270,267270,2026-05-09 00:00:00,2026-05-10 00:00:00,Mobile,Paid,0
BILL810003,CUST10374,209770,209770,2026-09-18 00:00:00,2026-09-21 00:00:00,Mobile,Paid,0
BILL197040,CUST10098,135211,135211,2026-03-07 00:00:00,2026-03-07 00:00:00,Web,Paid,0
BILL880648,CUST10210,395253,395253,2026-03-04 00:00:00,2026-03-04 00:00:00,API,Paid,0
BILL265323,CUST10470,167619,167619,2026-07-18 00:00:00,2026-07-20 00:00:00,Web,Paid,0
BILL824736,CUST10397,321880,321880,2026-05-23 00:00:00,2026-05-28 00:00:00,Mobile,Paid,0
BILL815394,CUST10249,312332,312332,2026-04-07 00:00:00,2026-04-12 00:00:00,Mobile,Paid,0
BILL322922,CUST10117,147482,147482,2026-03-16 00:00:00,2026-03-17 00:00:00,Web,Paid,0
BILL561226,CUST10250,208952,208952,2026-03-09 00:00:00,2026-03-09 00:00:00,Web,Paid,0
BILL852079,CUST10442,209546,209546,2026-09-23 00:00:00,2026-09-24 00:00:00,Web,Paid,0
BILL402918,CUST10134,366610,366610,2026-05-23 00:00:00,2026-05-24 00:00:00,Web,Paid,0
BILL554749,CUST10111,326731,326731,2026-06-14 00:00:00,2026-06-19 00:00:00,API,Paid,0
BILL626415,CUST10609,222054,222054,2026-07-19 00:00:00,2026-07-22 00:00:00,Web,Paid,0
BILL145995,CUST10057,186020,186020,2026-04-09 00:00:00,2026-04-14 00:00:00,Mobile,Paid,0
BILL507570,CUST10135,318407,318407,2026-08-10 00:00:00,2026-08-12 00:00:00,Mobile,Paid,0
BILL905054,CUST10163,268582,268582,2026-05-11 00:00:00,2026-05-13 00:00:00,Mobile,Paid,0
BILL582441,CUST10501,251690,251690,2026-03-05 00:00:00,2026-03-09 00:00:00,Mobile,Paid,0
BILL755546,CUST10272,118808,123895,2026-06-09 00:00:00,2026-06-09 00:00:00,Web,Paid,0
BILL367622,CUST10037,178042,178042,2026-04-15 00:00:00,2026-04-14 00:00:00,Mobile,Paid,0
BILL609657,CUST10607,195355,195355,2026-10-13 00:00:00,2026-10-16 00:00:00,Web,Paid,0
BILL505886,CUST10402,340164,340164,2026-05-10 00:00:00,2026-05-13 00:00:00,Mobile,Paid,0
BILL590523,CUST10598,175972,175972,2026-04-09 00:00:00,2026-04-13 00:00:00,Web,Paid,0
BILL493441,CUST10459,103100,103100,2026-04-06 00:00:00,2026-04-10 00:00:00,Mobile,Paid,0
BILL121826,CUST10307,102038,102038,2026-06-09 00:00:00,2026-06-11 00:00:00,API,Paid,0
BILL676589,CUST10615,228653,228653,2026-05-17 00:00:00,2026-05-18 00:00:00,Web,Paid,0
BILL286691,CUST10580,251274,251274,2026-03-16 00:00:00,2026-03-16 00:00:00,Mobile,Paid,0
BILL157946,CUST10034,108235,108235,2026-09-16 00:00:00,2026-09-16 00:00:00,Mobile,Paid,0
BILL630384,CUST10502,327978,769064,2026-06-18 00:00:00,2026-06-22 00:00:00,Web,Paid,0
BILL441829,CUST10480,105645,105645,2026-09-17 00:00:00,2026-09-20 00:00:00,Mobile,Paid,0
BILL353385,CUST10446,332242,332242,2026-04-03 00:00:00,2026-04-06 00:00:00,API,Paid,0
BILL514179,CUST10207,347323,348202,2026-04-07 00:00:00,2026-04-08 00:00:00,Web,Paid,0
BILL897497,CUST10468,286051,286051,2026-06-15 00:00:00,2026-06-15 00:00:00,Web,Paid,0
BILL906345,CUST10203,295824,295824,2026-02-10 00:00:00,2026-02-11 00:00:00,Web,Paid,0
BILL282536,CUST10269,293166,293166,2026-06-17 00:00:00,2026-06-22 00:00:00,Web,Paid,0
BILL594610,CUST10306,221146,221146,2026-08-29 00:00:00,2026-09-01 00:00:00,Mobile,Paid,0
BILL770981,CUST10332,192531,192531,2026-10-22 00:00:00,2026-10-22 00:00:00,Mobile,Paid,0
BILL230567,CUST10489,207019,207019,2026-04-12 00:00:00,2026-04-17 00:00:00,Web,Paid,0
BILL697932,CUST10395,126871,126871,2026-04-11 00:00:00,2026-04-14 00:00:00,Mobile,Paid,0
BILL281607,CUST10182,277770,277770,2026-06-17 00:00:00,2026-06-19 00:00:00,Web,Paid,0
BILL473983,CUST10489,207019,207019,2026-05-17 00:00:00,2026-05-18 00:00:00,Web,Paid,0
BILL431972,CUST10293,139693,139693,2026-07-16 00:00:00,2026-07-17 00:00:00,Web,Paid,0
BILL862251,CUST10538,389274,389274,2026-06-14 00:00:00,2026-06-16 00:00:00,Web,Paid,0
BILL545827,CUST10219,181149,181149,2026-08-24 00:00:00,2026-08-29 00:00:00,Web,Paid,0
BILL896395,CUST10057,186020,186020,2026-05-14 00:00:00,2026-05-17 00:00:00,Mobile,Paid,0
BILL776290,CUST10326,371573,371573,2026-09-15 00:00:00,2026-09-19 00:00:00,Web,Paid,0
BILL154492,CUST10485,264395,264395,2026-03-08 00:00:00,2026-03-10 00:00:00,API,Paid,0
BILL837398,CUST10288,111155,111155,2026-04-02 00:00:00,2026-04-03 00:00:00,Mobile,Paid,0
BILL554623,CUST10303,116210,116210,2026-06-17 00:00:00,2026-06-18 00:00:00,Web,Paid,0
BILL330871,CUST10113,287414,287414,2026-04-15 00:00:00,2026-04-14 00:00:00,Web,Paid,0
BILL250831,CUST10545,302966,302966,2026-03-16 00:00:00,2026-03-19 00:00:00,API,Paid,0
BILL715268,CUST10525,278327,278327,2026-04-14 00:00:00,2026-04-19 00:00:00,Mobile,Paid,0
BILL359907,CUST10163,268582,268582,2026-06-12 00:00:00,2026-06-12 00:00:00,API,Paid,0
BILL508447,CUST10299,369454,369454,2026-06-10 00:03:00,2026-06-15 00:03:00,Mobile,Paid,0
BILL432004,CUST10291,161087,161087,2026-04-09 00:00:00,2026-04-14 00:00:00,Web,Paid,0
BILL195239,CUST10212,143595,143595,2026-02-08 00:00:00,2026-02-09 00:00:00,Web,Paid,0
BILL280608,CUST10253,224900,224900,2026-06-19 00:00:00,2026-06-21 00:00:00,Web,Paid,0
BILL149849,CUST10288,111155,109090,2026-05-03 00:00:00,2026-05-06 00:00:00,Mobile,Paid,0
BILL263777,CUST10383,346266,346266,2026-08-21 00:00:00,2026-08-22 00:00:00,Web,Paid,0
BILL641167,CUST10070,110369,110369,2026-07-09 00:00:00,2026-07-11 00:00:00,Web,Paid,0
BILL680903,CUST10407,317152,317152,2026-06-19 00:00:00,2026-06-23 00:00:00,Mobile,Paid,0
BILL831602,CUST10152,104595,104595,2026-03-07 00:00:00,2026-03-08 00:00:00,API,Paid,0
BILL764728,CUST10319,121345,121345,2026-06-15 00:00:00,2026-06-19 00:00:00,Mobile,Paid,0
BILL620146,CUST10343,309442,309442,2026-03-10 00:00:00,2026-03-11 00:00:00,Web,Paid,0
BILL809863,CUST10208,255388,255388,2026-06-16 00:00:00,2026-06-18 00:00:00,Mobile,Paid,0
BILL802131,CUST10486,205954,204315,2026-08-17 00:02:00,2026-08-19 00:02:00,Mobile,Paid,0
BILL106069,CUST10282,242114,242114,2026-04-03 00:00:00,2026-04-04 00:00:00,Mobile,Paid,0
BILL776188,CUST10042,284002,284002,2026-04-06 00:00:00,2026-04-07 00:00:00,Web,Paid,0
BILL664567,CUST10387,288975,288975,2026-11-15 00:00:00,2026-11-18 00:00:00,Mobile,Paid,0
BILL176573,CUST10493,105706,105706,2026-05-17 00:00:00,2026-05-17 00:00:00,Web,Paid,0
BILL270704,CUST10135,318407,318407,2026-09-11 00:00:00,2026-09-11 00:00:00,API,Paid,0
BILL620432,CUST10219,181149,181149,2026-09-28 00:00:00,2026-10-02 00:00:00,Web,Paid,0
BILL103841,CUST10410,224918,224918,2026-07-16 00:00:00,2026-07-17 00:00:00,API,Paid,0
BILL875107,CUST10411,149767,149767,2026-04-15 00:00:00,2026-04-17 00:00:00,Web,Paid,0
BILL581807,CUST10482,317106,317106,2026-11-13 00:00:00,2026-11-16 00:00:00,Web,Paid,0
BILL970771,CUST10063,291682,291682,2026-08-27 00:00:00,2026-09-01 00:00:00,Web,Paid,0
BILL203431,CUST10608,306417,302133,2026-07-11 00:00:00,2026-07-15 00:00:00,API,Paid,0
BILL103876,CUST10437,176170,176170,2026-07-25 00:00:00,2026-07-26 00:00:00,API,Paid,0
BILL900185,CUST10267,106083,106083,2026-03-02 00:00:00,2026-03-05 00:00:00,Mobile,Paid,0
BILL180976,CUST10333,348154,348154,2026-05-15 00:00:00,2026-05-19 00:00:00,Web,Paid,0
BILL362879,CUST10413,298647,298647,2026-04-19 00:00:00,2026-04-19 00:00:00,Web,Paid,0
BILL672517,CUST10110,259291,259291,2026-09-12 00:00:00,2026-09-12 00:00:00,Mobile,Paid,0
BILL178327,CUST10006,282203,282203,2026-05-15 00:03:00,2026-05-16 00:03:00,Mobile,Paid,0
BILL929243,CUST10615,228653,228653,2026-06-17 00:00:00,2026-06-18 00:00:00,Web,Paid,0
BILL227774,CUST10244,360335,360335,2026-07-27 00:00:00,2026-07-29 00:00:00,Mobile,Paid,0
BILL571903,CUST10117,147482,147482,2026-04-16 00:00:00,2026-04-18 00:00:00,Web,Paid,0
BILL136340,CUST10371,297428,297428,2026-01-31 00:00:00,2026-02-01 00:00:00,Web,Paid,0
BILL390364,CUST10191,230963,230963,2026-04-05 00:00:00,2026-04-08 00:00:00,Mobile,Paid,0
BILL694746,CUST10618,170930,170930,2026-06-19 00:00:00,2026-06-19 00:00:00,Web,Paid,0
BILL798310,CUST10517,222616,222616,2026-04-14 00:00:00,2026-04-14 00:00:00,Mobile,Paid,0
BILL200770,CUST10365,350379,350379,2026-04-18 00:00:00,2026-04-23 00:00:00,Mobile,Paid,0
BILL136886,CUST10536,220011,220011,2026-07-08 00:02:00,2026-07-09 00:02:00,Web,Paid,0
BILL449174,CUST10380,136412,136412,2026-06-17 00:00:00,2026-06-21 00:00:00,Web,Paid,0
BILL858054,CUST10010,272952,272952,2026-06-01 00:06:00,2026-06-03 00:06:00,Mobile,Paid,0
BILL440894,CUST10093,167091,167091,2026-02-03 00:00:00,2026-02-05 00:00:00,Web,Paid,0
BILL346234,CUST10257,333829,333829,2026-03-11 00:00:00,2026-03-16 00:00:00,Web,Paid,0
BILL647169,CUST10069,150911,150911,2026-05-16 00:00:00,2026-05-17 00:00:00,Mobile,Paid,0
BILL897907,CUST10382,319178,319178,2026-08-12 00:00:00,2026-08-12 00:00:00,API,Paid,0
BILL975704,CUST10561,376279,376279,2026-04-11 00:00:00,2026-04-16 00:00:00,Mobile,Paid,0
BILL325930,CUST10075,282116,282116,2026-05-12 00:00:00,2026-05-15 00:00:00,Web,Paid,0
BILL255165,CUST10345,232502,232502,2026-04-12 00:00:00,2026-04-15 00:00:00,Mobile,Paid,0
BILL798415,CUST10523,276201,276201,2026-04-11 00:00:00,2026-04-15 00:00:00,Web,Paid,0
BILL176486,CUST10274,234102,234102,2026-04-15 00:00:00,2026-04-19 00:00:00,Mobile,Paid,0
BILL322333,CUST10304,131699,131699,2026-05-04 00:00:00,2026-05-04 00:00:00,Web,Paid,0
BILL343348,CUST10404,362092,362092,2026-06-11 00:00:00,2026-06-14 00:00:00,Web,Paid,0
BILL211315,CUST10203,295824,295824,2026-03-13 00:00:00,2026-03-14 00:00:00,Web,Paid,0
BILL721719,CUST10258,198716,198716,2026-07-20 00:00:00,2026-07-20 00:00:00,Web,Paid,0
BILL339150,CUST10616,196054,196054,2026-06-08 00:00:00,2026-06-11 00:00:00,Mobile,Paid,0
BILL672614,CUST10116,102455,102455,2026-04-05 00:00:00,2026-04-04 00:00:00,Mobile,Paid,0
BILL729030,CUST10437,176170,176170,2026-08-25 00:00:00,2026-08-28 00:00:00,Web,Paid,0
BILL551295,CUST10130,263630,263630,2026-09-21 00:00:00,2026-09-24 00:00:00,Mobile,Paid,0
BILL387900,CUST10308,227871,227871,2026-05-13 00:00:00,2026-05-17 00:00:00,Mobile,Paid,0
BILL771918,CUST10061,340328,340328,2026-05-04 00:00:00,2026-05-06 00:00:00,Mobile,Paid,0
BILL110285,CUST10406,256264,256264,2027-01-27 00:00:00,2027-01-28 00:00:00,Web,Paid,0
BILL829344,CUST10195,267270,267270,2026-06-09 00:00:00,2026-06-10 00:00:00,API,Paid,0
BILL292181,CUST10379,267137,267137,2026-05-24 00:00:00,2026-05-25 00:00:00,Mobile,Paid,0
BILL235750,CUST10605,167331,167331,2026-08-23 00:00:00,2026-08-23 00:00:00,Web,Paid,0
BILL264475,CUST10602,301882,301882,2026-04-12 00:00:00,2026-04-12 00:00:00,Web,Paid,0
BILL468964,CUST10296,145271,145271,2026-05-14 00:00:00,2026-05-15 00:00:00,Mobile,Paid,0
BILL188867,CUST10166,363350,363350,2026-05-14 00:00:00,2026-05-18 00:00:00,Web,Paid,0
BILL145715,CUST10095,162561,162561,2026-05-16 00:00:00,2026-05-19 00:00:00,Web,Paid,0
BILL889560,CUST10147,193914,193914,2026-07-13 00:00:00,2026-07-16 00:00:00,Mobile,Paid,0
BILL243881,CUST10385,299414,305261,2026-09-09 00:02:00,2026-09-09 00:02:00,Web,Paid,0
BILL248771,CUST10438,188399,188399,2026-04-11 00:00:00,2026-04-13 00:00:00,Mobile,Paid,0
BILL678664,CUST10023,275833,275833,2026-04-15 00:00:00,2026-04-19 00:00:00,Mobile,Paid,0
BILL551550,CUST10346,173798,173798,2026-06-21 00:00:00,2026-06-26 00:00:00,Mobile,Paid,0
BILL364960,CUST10376,370526,370526,2026-06-16 00:00:00,2026-06-19 00:00:00,Web,Paid,0
BILL723105,CUST10388,195075,195075,2026-07-20 00:00:00,2026-07-25 00:00:00,Web,Paid,0
BILL513556,CUST10158,223467,223467,2026-04-10 00:00:00,2026-04-11 00:00:00,Web,Paid,0
BILL238164,CUST10070,110369,110369,2026-08-10 00:00:00,2026-08-10 00:00:00,Web,Paid,0
BILL217059,CUST10434,222596,222596,2026-07-21 00:00:00,2026-07-22 00:00:00,Mobile,Paid,0
BILL945734,CUST10099,272414,272414,2026-05-13 00:00:00,2026-05-13 00:00:00,Web,Paid,0
BILL224649,CUST10579,131456,131456,2026-07-13 00:00:00,2026-07-17 00:00:00,Mobile,Paid,0
BILL938071,CUST10154,339106,339106,2026-04-14 00:00:00,2026-04-17 00:00:00,Web,Paid,0
BILL444742,CUST10198,372200,372200,2026-05-16 00:00:00,2026-05-21 00:00:00,API,Paid,0
BILL792568,CUST10061,340328,326572,2026-06-05 00:00:00,2026-06-10 00:00:00,Mobile,Paid,0
BILL934656,CUST10298,252847,252847,2026-06-09 00:00:00,2026-06-10 00:00:00,Mobile,Paid,0
BILL195293,CUST10397,321880,321880,2026-06-27 00:00:00,2026-07-02 00:00:00,Mobile,Paid,0
BILL458273,CUST10613,332566,332566,2026-03-06 00:00:00,2026-03-07 00:00:00,Mobile,Paid,0
BILL178681,CUST10141,352427,352427,2026-04-12 00:00:00,2026-04-16 00:00:00,Web,Paid,0
BILL693088,CUST10129,154112,154112,2026-03-03 00:00:00,2026-03-06 00:00:00,Web,Paid,0
BILL539055,CUST10446,332242,320736,2026-05-06 00:00:00,2026-05-07 00:00:00,Web,Paid,0
BILL364585,CUST10168,296917,296917,2026-05-12 00:00:00,2026-05-16 00:00:00,Mobile,Paid,0
BILL969485,CUST10456,297942,283968,2026-05-19 00:00:00,2026-05-23 00:00:00,Mobile,Paid,0
BILL806292,CUST10283,101051,101051,2026-05-15 00:00:00,2026-05-18 00:00:00,Mobile,Paid,0
BILL785735,CUST10410,224918,224918,2026-08-16 00:00:00,2026-08-17 00:00:00,Mobile,Paid,0
BILL534868,CUST10223,305291,305291,2026-06-12 00:00:00,2026-06-13 00:00:00,Mobile,Paid,0
BILL567420,CUST10392,380320,380320,2026-05-17 00:00:00,2026-05-22 00:00:00,Mobile,Paid,0
BILL581907,CUST10287,337070,337070,2026-06-11 00:00:00,2026-06-15 00:00:00,Web,Paid,0
BILL949542,CUST10225,114221,114221,2026-04-15 00:00:00,2026-04-18 00:00:00,Mobile,Paid,0
BILL249028,CUST10433,352026,352026,2026-07-18 00:00:00,2026-07-18 00:00:00,Web,Paid,0
BILL619338,CUST10501,251690,262445,2026-04-08 00:00:00,2026-04-12 00:00:00,Mobile,Paid,0
BILL672358,CUST10463,122930,122930,2026-04-09 00:00:00,2026-04-08 00:00:00,Web,Paid,0
BILL895657,CUST10554,369856,369856,2026-06-16 00:00:00,2026-06-18 00:00:00,Web,Paid,0
BILL875980,CUST10305,184444,190730,2026-03-03 00:00:00,2026-03-07 00:00:00,Web,Paid,0
BILL247402,CUST10364,286084,286084,2026-07-23 00:00:00,2026-07-26 00:00:00,Mobile,Paid,0
BILL872822,CUST10198,372200,372200,2026-06-20 00:00:00,2026-06-23 00:00:00,Mobile,Paid,0
BILL790225,CUST10028,233088,233088,2026-07-25 00:00:00,2026-07-30 00:00:00,Web,Paid,0
BILL166398,CUST10126,368583,368583,2026-05-20 00:00:00,2026-05-21 00:00:00,Web,Paid,0
BILL690776,CUST10478,236492,236492,2026-05-13 00:00:00,2026-05-18 00:00:00,Web,Paid,0
BILL536281,CUST10033,192674,101631,2026-04-07 00:00:00,2026-04-10 00:00:00,Mobile,Paid,0
BILL418929,CUST10094,245816,245816,2026-06-15 00:00:00,2026-06-15 00:00:00,Mobile,Paid,0
BILL535547,CUST10402,340164,340164,2026-06-12 00:00:00,2026-06-17 00:00:00,Mobile,Paid,0
BILL645403,CUST10394,290450,290450,2026-05-14 00:00:00,2026-05-14 00:00:00,Web,Paid,0
BILL889905,CUST10407,317152,317152,2026-07-23 00:00:00,2026-07-28 00:00:00,API,Paid,0
BILL998997,CUST10161,344866,348326,2026-09-22 00:00:00,2026-09-25 00:00:00,Mobile,Paid,0
BILL602051,CUST10013,154503,154503,2026-05-14 00:00:00,2026-05-18 00:00:00,Mobile,Paid,0
BILL213038,CUST10109,373800,373800,2026-04-09 00:00:00,2026-04-14 00:00:00,API,Paid,0
BILL148423,CUST10008,235370,235370,2026-08-26 00:00:00,2026-08-31 00:00:00,Web,Paid,0
BILL240806,CUST10547,191107,191107,2026-05-13 00:00:00,2026-05-16 00:00:00,API,Paid,0
BILL732569,CUST10153,162569,162569,2026-03-08 00:00:00,2026-03-11 00:00:00,Web,Paid,0
BILL416055,CUST10509,150011,150011,2026-06-10 00:00:00,2026-06-10 00:00:00,Web,Paid,0
BILL269899,CUST10319,121345,121345,2026-07-19 00:00:00,2026-07-24 00:00:00,Mobile,Paid,0
BILL456235,CUST10351,243567,242248,2026-07-12 00:00:00,2026-07-17 00:00:00,Web,Paid,0
BILL265350,CUST10419,368161,368161,2026-05-09 00:00:00,2026-05-09 00:00:00,Web,Paid,0
BILL262247,CUST10110,259291,259291,2026-10-12 00:00:00,2026-10-16 00:00:00,Mobile,Paid,0
BILL984459,CUST10219,181149,181149,2026-11-01 00:00:00,2026-11-06 00:00:00,Web,Paid,0
BILL263720,CUST10030,378810,378810,2026-04-01 00:00:00,2026-04-06 00:00:00,Web,Paid,0
BILL869208,CUST10309,395004,395004,2026-06-25 00:00:00,2026-06-26 00:00:00,API,Paid,0
BILL167035,CUST10202,218656,218656,2026-08-19 00:00:00,2026-08-20 00:00:00,API,Paid,0
BILL668230,CUST10226,203978,203978,2026-08-24 00:00:00,2026-08-24 00:00:00,Web,Paid,0
BILL514927,CUST10412,259696,259696,2026-05-12 00:00:00,2026-05-15 00:00:00,Mobile,Paid,0
BILL629584,CUST10033,192674,406118,2026-05-10 00:00:00,2026-05-12 00:00:00,Mobile,Paid,0
BILL380707,CUST10590,338082,110134,2026-07-09 00:00:00,2026-07-12 00:00:00,Web,Paid,0
BILL682593,CUST10152,104595,104595,2026-04-07 00:00:00,2026-04-09 00:00:00,Mobile,Paid,0
BILL594331,CUST10274,234102,234102,2026-05-19 00:00:00,2026-05-23 00:00:00,Mobile,Paid,0
BILL891090,CUST10602,301882,301882,2026-05-12 00:00:00,2026-05-15 00:00:00,Web,Paid,0
BILL230710,CUST10025,333506,333506,2026-06-16 00:00:00,2026-06-18 00:00:00,Web,Paid,0
BILL566851,CUST10414,229181,226833,2026-06-17 00:00:00,2026-06-18 00:00:00,Mobile,Paid,0
BILL673315,CUST10422,262148,262148,2026-05-10 00:00:00,2026-05-13 00:00:00,Web,Paid,0
BILL912534,CUST10100,173743,173743,2026-08-25 00:00:00,2026-08-28 00:00:00,Web,Paid,0
BILL370258,CUST10561,376279,376279,2026-05-16 00:00:00,2026-05-19 00:00:00,Mobile,Paid,0
BILL654621,CUST10243,374096,374096,2026-06-13 00:00:00,2026-06-13 00:00:00,API,Paid,0
BILL877920,CUST10243,374096,374096,2026-06-13 00:00:00,2026-06-13 00:01:00,API,Paid,0
BILL779590,CUST10243,374096,374096,2026-06-13 00:00:00,2026-06-13 00:02:00,API,Paid,0
BILL464236,CUST10600,339191,339191,2026-06-08 00:00:00,2026-06-12 00:00:00,Mobile,Paid,0
BILL649916,CUST10480,105645,105645,2026-10-20 00:00:00,2026-10-21 00:00:00,Mobile,Paid,0
BILL236065,CUST10418,114272,114272,2026-06-15 00:00:00,2026-06-15 00:00:00,Web,Paid,0
BILL883568,CUST10179,339114,339114,2026-03-10 00:00:00,2026-03-12 00:00:00,Web,Paid,0
BILL879068,CUST10528,152607,152607,2026-05-14 00:00:00,2026-05-16 00:00:00,Mobile,Paid,0
BILL747091,CUST10024,252646,252646,2026-09-15 00:00:00,2026-09-17 00:00:00,Web,Paid,0
BILL904972,CUST10116,102455,102455,2026-05-04 00:00:00,2026-05-09 00:00:00,API,Paid,0
BILL652473,CUST10227,325860,325860,2026-06-09 00:00:00,2026-06-10 00:00:00,API,Paid,0
BILL572953,CUST10206,162750,162750,2026-05-10 00:00:00,2026-05-10 00:00:00,Mobile,Paid,0
BILL327011,CUST10594,300870,300870,2026-05-11 00:00:00,2026-05-12 00:00:00,Mobile,Paid,0
BILL746886,CUST10169,328247,328247,2026-03-08 00:00:00,2026-03-11 00:00:00,Mobile,Paid,1
BILL808654,CUST10248,211923,211923,2026-04-13 00:00:00,2026-04-16 00:00:00,Mobile,Paid,0
BILL768893,CUST10551,310461,310461,2026-05-11 00:00:00,2026-05-15 00:00:00,Mobile,Paid,0
BILL460504,CUST10314,104406,104406,2026-06-10 00:00:00,2026-06-14 00:00:00,Mobile,Paid,0
BILL210067,CUST10538,389274,389274,2026-07-16 00:00:00,2026-07-16 00:00:00,API,Paid,0
BILL324864,CUST10538,389274,389274,2026-07-16 00:00:00,2026-07-16 00:01:00,API,Paid,0
BILL698449,CUST10538,389274,389274,2026-07-16 00:00:00,2026-07-16 00:02:00,API,Paid,0
BILL132445,CUST10226,203978,203978,2026-09-23 00:00:00,2026-09-23 00:00:00,Web,Paid,0
BILL275885,CUST10526,151663,151663,2026-05-10 00:00:00,2026-05-10 00:00:00,Mobile,Paid,0
BILL700209,CUST10091,271646,271646,2026-05-11 00:00:00,2026-05-12 00:00:00,Web,Paid,0
BILL342780,CUST10161,344866,344866,2026-10-25 00:00:00,2026-10-28 00:00:00,Mobile,Paid,0
BILL671798,CUST10583,228215,228215,2026-08-10 00:00:00,2026-08-11 00:00:00,Mobile,Paid,0
BILL750776,CUST10513,326951,326951,2026-06-11 00:00:00,2026-06-14 00:00:00,Web,Paid,0
BILL346389,CUST10399,273643,273643,2026-07-11 00:00:00,2026-07-16 00:00:00,Web,Paid,0
BILL134226,CUST10257,333829,333829,2026-04-15 00:00:00,2026-04-15 00:00:00,Web,Paid,0
BILL336188,CUST10497,202976,202976,2026-04-06 00:00:00,2026-04-05 00:00:00,Mobile,Paid,0
BILL433822,CUST10073,207444,207444,2026-06-18 00:00:00,2026-06-19 00:00:00,Web,Paid,0
BILL892256,CUST10492,132628,132628,2026-05-09 00:00:00,2026-05-10 00:00:00,Web,Paid,0
BILL207943,CUST10036,134169,134169,2026-05-13 00:00:00,2026-05-17 00:00:00,API,Paid,0
BILL253187,CUST10143,295085,295085,2026-08-24 00:00:00,2026-08-24 00:00:00,Web,Paid,1
BILL712140,CUST10490,308508,166229,2026-06-18 00:00:00,2026-06-22 00:00:00,Mobile,Paid,0
BILL693781,CUST10335,141698,141698,2026-04-11 00:00:00,2026-04-13 00:00:00,Mobile,Paid,0
BILL386354,CUST10401,247639,247639,2026-03-13 00:00:00,2026-03-18 00:00:00,Mobile,Paid,0
BILL726994,CUST10306,221146,221146,2026-10-01 00:00:00,2026-10-03 00:00:00,Mobile,Paid,0
BILL229879,CUST10139,219961,219961,2026-05-10 00:00:00,2026-05-13 00:00:00,Mobile,Paid,0
BILL746517,CUST10290,207210,207210,2026-03-09 00:00:00,2026-03-09 00:00:00,API,Paid,0
BILL362283,CUST10449,285445,285445,2026-10-24 00:00:00,2026-10-26 00:00:00,Web,Paid,0
BILL406239,CUST10543,125974,125974,2026-07-13 00:00:00,2026-07-13 00:00:00,Web,Paid,0
BILL490968,CUST10252,396619,396619,2026-05-12 00:00:00,2026-05-16 00:00:00,Mobile,Paid,0
BILL294430,CUST10431,249946,249946,2026-03-08 00:00:00,2026-03-09 00:00:00,Mobile,Paid,0
BILL623669,CUST10474,169578,169578,2026-05-11 00:00:00,2026-05-12 00:00:00,Web,Paid,0
BILL636959,CUST10487,343510,343510,2026-04-10 00:00:00,2026-04-15 00:00:00,Web,Paid,0
BILL554511,CUST10209,158617,158617,2026-05-22 00:00:00,2026-05-27 00:00:00,Mobile,Paid,0
BILL373193,CUST10343,309442,970005,2026-04-10 00:00:00,2026-04-11 00:00:00,Web,Paid,0
BILL489678,CUST10149,180427,180427,2026-04-10 00:00:00,2026-04-13 00:00:00,Mobile,Paid,0
BILL726716,CUST10593,206789,206789,2026-04-17 00:00:00,2026-04-22 00:00:00,Web,Paid,0
BILL767278,CUST10284,295311,295311,2026-07-19 00:00:00,2026-07-24 00:00:00,Web,Paid,0
BILL671898,CUST10544,237131,237131,2026-04-07 00:00:00,2026-04-11 00:00:00,Mobile,Paid,0
BILL745299,CUST10130,263630,263630,2026-10-24 00:00:00,2026-10-24 00:00:00,API,Paid,0
BILL874295,CUST10485,264395,264395,2026-04-09 00:00:00,2026-04-13 00:00:00,Mobile,Paid,0
BILL811862,CUST10538,389274,389274,2026-08-15 00:03:00,2026-08-15 00:03:00,Web,Paid,0
BILL814052,CUST10253,224900,224900,2026-07-21 00:00:00,2026-07-21 00:00:00,Web,Paid,0
BILL472313,CUST10432,148263,151671,2026-07-18 00:00:00,2026-07-23 00:00:00,Mobile,Paid,0
BILL911188,CUST10017,248631,248631,2026-08-13 00:00:00,2026-08-18 00:00:00,Web,Paid,0
BILL267073,CUST10195,267270,267270,2026-07-10 00:00:00,2026-07-10 00:00:00,Mobile,Paid,0
BILL889215,CUST10614,326804,326804,2026-05-07 00:00:00,2026-05-08 00:00:00,Web,Paid,0
BILL349676,CUST10481,287879,287879,2026-04-09 00:00:00,2026-04-13 00:00:00,Mobile,Paid,0
BILL470320,CUST10223,305291,305291,2026-07-13 00:00:00,2026-07-14 00:00:00,API,Paid,0
BILL264922,CUST10567,212531,212531,2026-06-15 00:00:00,2026-06-17 00:00:00,Mobile,Paid,0
BILL429448,CUST10383,346266,346266,2026-09-21 00:00:00,2026-09-24 00:00:00,API,Paid,0
BILL919354,CUST10121,363947,363947,2026-08-20 00:00:00,2026-08-25 00:00:00,Mobile,Paid,0
BILL373742,CUST10249,312332,312332,2026-05-12 00:00:00,2026-05-13 00:00:00,Mobile,Paid,0
BILL408605,CUST10496,159420,159420,2026-07-16 00:00:00,2026-07-16 00:00:00,Mobile,Paid,0
BILL960880,CUST10221,300750,301549,2026-08-17 00:00:00,2026-08-17 00:00:00,API,Paid,0
BILL707922,CUST10547,191107,191107,2026-06-15 00:00:00,2026-06-20 00:00:00,Mobile,Paid,0
BILL687384,CUST10425,254546,254546,2026-06-09 00:00:00,2026-06-09 00:00:00,Web,Paid,0
BILL657480,CUST10181,362143,362143,2026-05-17 00:00:00,2026-05-18 00:00:00,API,Paid,0
BILL189489,CUST10119,278581,278581,2026-07-06 00:02:00,2026-07-09 00:02:00,Mobile,Paid,0
BILL123688,CUST10032,380438,380438,2026-04-06 00:00:00,2026-04-07 00:00:00,Web,Paid,0
BILL720754,CUST10324,159805,159805,2026-06-21 00:00:00,2026-06-25 00:00:00,Web,Paid,0
BILL754523,CUST10045,348206,348206,2026-04-10 00:00:00,2026-04-10 00:00:00,Mobile,Paid,0
BILL492760,CUST10319,121345,115700,2026-08-23 00:00:00,2026-08-24 00:00:00,Mobile,Paid,0
BILL814926,CUST10208,255388,255388,2026-07-18 00:00:00,2026-07-18 00:00:00,Mobile,Paid,0
BILL280511,CUST10314,104406,104406,2026-07-14 00:00:00,2026-07-17 00:00:00,API,Paid,0
BILL424061,CUST10507,151074,151074,2026-03-05 00:00:00,2026-03-05 00:00:00,Mobile,Paid,0
BILL515250,CUST10330,341313,341313,2026-11-26 00:00:00,2026-11-26 00:00:00,Mobile,Paid,0
BILL449501,CUST10030,378810,378810,2026-05-06 00:00:00,2026-05-06 00:00:00,Web,Paid,0
BILL704167,CUST10070,110369,110369,2026-09-09 00:00:00,2026-09-09 00:00:00,API,Paid,0
BILL583796,CUST10070,110369,110369,2026-09-09 00:00:00,2026-09-09 00:01:00,API,Paid,0
BILL384300,CUST10153,162569,162569,2026-04-10 00:00:00,2026-04-12 00:00:00,Web,Paid,0
BILL410233,CUST10531,369226,369226,2026-03-14 00:00:00,2026-03-17 00:00:00,Web,Paid,0
BILL705098,CUST10182,277770,277770,2026-07-19 00:00:00,2026-07-22 00:00:00,Web,Paid,0
BILL687778,CUST10570,261002,261002,2026-03-11 00:00:00,2026-03-14 00:00:00,Web,Paid,0
BILL463624,CUST10025,333506,333506,2026-07-18 00:00:00,2026-07-21 00:00:00,Web,Paid,0
BILL315905,CUST10128,102847,102847,2026-04-15 00:00:00,2026-04-15 00:00:00,Web,Paid,0
BILL978842,CUST10171,142781,142781,2026-06-10 00:00:00,2026-06-10 00:00:00,Mobile,Paid,0
BILL421762,CUST10425,254546,254546,2026-07-09 00:00:00,2026-07-10 00:00:00,Web,Paid,0
BILL608346,CUST10035,228067,228067,2026-05-06 00:00:00,2026-05-09 00:00:00,Web,Paid,0
BILL341897,CUST10525,278327,278327,2026-05-19 00:00:00,2026-05-20 00:00:00,Mobile,Paid,0
BILL283146,CUST10305,184444,184444,2026-04-06 00:00:00,2026-04-06 00:00:00,Web,Paid,1
BILL650235,CUST10198,372200,372200,2026-07-23 00:00:00,2026-07-24 00:00:00,Mobile,Paid,0
BILL894804,CUST10547,191107,191107,2026-07-20 00:00:00,2026-07-20 00:00:00,Mobile,Paid,0
BILL984684,CUST10319,121345,121345,2026-09-23 00:00:00,2026-09-25 00:00:00,Mobile,Paid,0
BILL712615,CUST10054,308144,308144,2026-10-08 00:00:00,2026-10-08 00:00:00,Mobile,Paid,0
BILL300588,CUST10001,345488,345488,2026-04-19 00:00:00,2026-04-24 00:00:00,Mobile,Paid,0
BILL928102,CUST10103,263167,263167,2026-05-11 00:00:00,2026-05-11 00:00:00,Mobile,Paid,0
BILL879253,CUST10597,222142,222142,2026-05-13 00:00:00,2026-05-17 00:00:00,Web,Paid,0
BILL746964,CUST10513,326951,326951,2026-07-14 00:00:00,2026-07-15 00:00:00,Web,Paid,0
BILL844030,CUST10082,112331,112331,2026-02-07 00:00:00,2026-02-08 00:00:00,Mobile,Paid,0
BILL848009,CUST10325,220741,220741,2026-05-08 00:00:00,2026-05-09 00:00:00,Web,Paid,0
BILL228528,CUST10139,219961,219961,2026-06-12 00:00:00,2026-06-17 00:00:00,Mobile,Paid,0
BILL213917,CUST10105,208383,208383,2026-06-13 00:00:00,2026-06-14 00:00:00,Mobile,Paid,0
BILL591577,CUST10114,195049,195049,2026-06-17 00:00:00,2026-06-19 00:00:00,Mobile,Paid,0
BILL550279,CUST10567,212531,212531,2026-07-17 00:00:00,2026-07-18 00:00:00,Mobile,Paid,0
BILL706137,CUST10309,395004,394822,2026-07-26 00:00:00,2026-07-27 00:00:00,API,Paid,0
BILL356152,CUST10587,271806,271806,2026-02-03 00:00:00,2026-02-04 00:00:00,Web,Paid,0
BILL425239,CUST10246,264249,264249,2026-05-10 00:00:00,2026-05-14 00:00:00,API,Paid,0
BILL396727,CUST10045,348206,348206,2026-05-10 00:00:00,2026-05-13 00:00:00,Mobile,Paid,0
BILL871758,CUST10441,286990,286990,2026-04-08 00:00:00,2026-04-13 00:00:00,Web,Paid,0
BILL705952,CUST10165,382686,382686,2026-08-31 00:00:00,2026-09-01 00:00:00,Web,Paid,0
BILL543687,CUST10257,333829,333829,2026-05-15 00:00:00,2026-05-19 00:00:00,Web,Paid,0
BILL367187,CUST10017,248631,248631,2026-09-17 00:00:00,2026-09-20 00:00:00,Web,Paid,0
BILL438715,CUST10601,235801,235801,2026-04-08 00:00:00,2026-04-09 00:00:00,Web,Paid,0
BILL792948,CUST10165,382686,382686,2026-10-01 00:00:00,2026-10-04 00:00:00,API,Paid,0
BILL486056,CUST10325,220741,220741,2026-06-08 00:00:00,2026-06-08 00:00:00,Web,Paid,0
BILL379396,CUST10498,335312,335312,2026-08-20 00:00:00,2026-08-20 00:00:00,Mobile,Paid,0
BILL601320,CUST10121,363947,363947,2026-09-24 00:00:00,2026-09-24 00:00:00,Mobile,Paid,0
BILL846698,CUST10115,371698,371698,2026-05-17 00:00:00,2026-05-21 00:00:00,Mobile,Paid,0
BILL860780,CUST10372,220460,221548,2026-06-17 00:00:00,2026-06-20 00:00:00,Web,Paid,0
BILL421542,CUST10490,308508,308508,2026-07-22 00:00:00,2026-07-22 00:00:00,Mobile,Paid,0
BILL849779,CUST10014,292242,292242,2026-06-15 00:00:00,2026-06-15 00:00:00,Mobile,Paid,0
BILL940279,CUST10059,331846,331846,2026-04-11 00:00:00,2026-04-11 00:00:00,API,Paid,0
BILL221717,CUST10290,207210,207210,2026-04-08 00:00:00,2026-04-11 00:00:00,Mobile,Paid,0
BILL745434,CUST10294,134073,134073,2026-05-08 00:00:00,2026-05-10 00:00:00,Mobile,Paid,0
BILL918009,CUST10389,232085,232085,2026-11-26 00:00:00,2026-11-27 00:00:00,Web,Paid,0
BILL889866,CUST10041,101371,101371,2026-08-20 00:00:00,2026-08-25 00:00:00,Web,Paid,0
BILL936799,CUST10386,196578,196578,2026-05-20 00:00:00,2026-05-24 00:00:00,Web,Paid,0
BILL951180,CUST10424,225010,225010,2026-08-19 00:00:00,2026-08-20 00:00:00,Mobile,Paid,0
BILL139699,CUST10004,290789,290789,2026-05-06 00:00:00,2026-05-06 00:00:00,Mobile,Paid,0
BILL341841,CUST10545,302966,301539,2026-04-18 00:00:00,2026-04-23 00:00:00,Web,Paid,0
BILL651356,CUST10225,114221,114221,2026-05-18 00:00:00,2026-05-18 00:00:00,Mobile,Paid,0
BILL362559,CUST10174,340419,340419,2026-07-11 00:00:00,2026-07-16 00:00:00,Mobile,Paid,0
BILL176892,CUST10330,341313,341313,2026-12-26 00:00:00,2026-12-27 00:00:00,Mobile,Paid,0
BILL518322,CUST10200,172208,172208,2026-03-16 00:00:00,2026-03-17 00:00:00,Web,Paid,0
BILL177464,CUST10487,343510,343510,2026-05-15 00:00:00,2026-05-15 00:00:00,Web,Paid,0
BILL581920,CUST10379,267137,267137,2026-06-24 00:00:00,2026-06-26 00:00:00,Mobile,Paid,0
BILL479210,CUST10212,143595,143595,2026-03-11 00:00:00,2026-03-14 00:00:00,Web,Paid,0
BILL139680,CUST10420,223380,108467,2026-04-14 00:02:00,2026-04-16 00:02:00,Mobile,Paid,0
BILL787825,CUST10444,299032,300468,2026-06-14 00:00:00,2026-06-19 00:00:00,Web,Paid,0
BILL249919,CUST10607,195355,195355,2026-11-15 00:00:00,2026-11-15 00:00:00,Web,Paid,0
BILL810046,CUST10421,286502,286502,2026-06-17 00:03:00,2026-06-18 00:03:00,Mobile,Paid,0
BILL437354,CUST10513,326951,326951,2026-08-14 00:00:00,2026-08-18 00:00:00,API,Paid,0
BILL807367,CUST10081,332441,332441,2026-05-17 00:00:00,2026-05-21 00:00:00,Mobile,Paid,0
BILL595113,CUST10283,101051,101051,2026-06-17 00:00:00,2026-06-22 00:00:00,API,Paid,0
BILL741409,CUST10351,243567,104938,2026-08-16 00:00:00,2026-08-17 00:00:00,Web,Paid,0
BILL779225,CUST10461,160670,160670,2026-06-13 00:00:00,2026-06-17 00:00:00,Mobile,Paid,0
BILL431978,CUST10323,349794,349794,2026-06-10 00:00:00,2026-06-12 00:00:00,Mobile,Paid,0
BILL376472,CUST10169,328247,328247,2026-04-10 00:00:00,2026-04-09 00:00:00,Mobile,Paid,0
BILL674022,CUST10224,304571,304571,2026-07-20 00:00:00,2026-07-20 00:00:00,API,Paid,0
BILL165149,CUST10139,219961,219961,2026-07-17 00:00:00,2026-07-16 00:00:00,Mobile,Paid,0
BILL637020,CUST10612,296808,296808,2026-07-12 00:00:00,2026-07-14 00:00:00,Web,Paid,0
BILL479633,CUST10422,262148,262148,2026-06-12 00:00:00,2026-06-17 00:00:00,Web,Paid,0
BILL989009,CUST10054,308144,308144,2026-11-07 00:00:00,2026-11-11 00:00:00,Mobile,Paid,0
BILL939773,CUST10329,140860,141441,2026-07-12 00:00:00,2026-07-14 00:00:00,Web,Paid,0
BILL394514,CUST10071,237224,237224,2026-09-28 00:00:00,2026-09-28 00:00:00,Web,Paid,0
BILL821216,CUST10600,339191,339191,2026-07-12 00:00:00,2026-07-16 00:00:00,Mobile,Paid,0
BILL746203,CUST10604,335897,335897,2026-08-21 00:00:00,2026-08-21 00:00:00,Web,Paid,0
BILL512087,CUST10588,279935,266797,2026-04-06 00:00:00,2026-04-06 00:00:00,Mobile,Paid,0
BILL307624,CUST10604,335897,335897,2026-09-20 00:00:00,2026-09-24 00:00:00,Web,Paid,0
BILL922647,CUST10066,362601,362601,2026-06-10 00:00:00,2026-06-12 00:00:00,Web,Paid,0
BILL848321,CUST10173,273864,273864,2026-07-06 00:00:00,2026-07-10 00:00:00,API,Paid,0
BILL683075,CUST10401,247639,247639,2026-04-17 00:00:00,2026-04-20 00:00:00,Mobile,Paid,0
BILL529636,CUST10468,286051,286051,2026-07-15 00:00:00,2026-07-18 00:00:00,Web,Paid,0
BILL663693,CUST10292,357685,357685,2026-07-02 00:00:00,2026-07-03 00:00:00,Web,Paid,0
BILL934702,CUST10050,356550,356550,2026-03-11 00:00:00,2026-03-14 00:00:00,API,Paid,0
BILL198290,CUST10559,119656,119656,2026-05-14 00:00:00,2026-05-18 00:00:00,Mobile,Paid,0
BILL590608,CUST10133,321466,315346,2026-07-17 00:00:00,2026-07-19 00:00:00,Web,Paid,0
BILL307590,CUST10318,217679,217679,2026-05-15 00:00:00,2026-05-20 00:00:00,Web,Paid,0
BILL557980,CUST10394,290450,290450,2026-06-13 00:00:00,2026-06-15 00:00:00,Web,Paid,0
BILL578010,CUST10437,176170,176170,2026-09-27 00:00:00,2026-09-30 00:00:00,Web,Paid,0
BILL825284,CUST10487,343510,343510,2026-06-14 00:00:00,2026-06-15 00:00:00,Web,Paid,0
BILL924405,CUST10229,101182,101182,2026-07-15 00:00:00,2026-07-20 00:00:00,Web,Paid,0
BILL531765,CUST10089,286667,286667,2026-03-11 00:00:00,2026-03-13 00:00:00,Web,Paid,0
BILL698407,CUST10028,233088,231723,2026-08-29 00:00:00,2026-09-02 00:00:00,API,Paid,0
BILL449707,CUST10135,318407,318407,2026-10-11 00:00:00,2026-10-12 00:00:00,Mobile,Paid,0
BILL606913,CUST10262,114741,114741,2026-05-13 00:00:00,2026-05-16 00:00:00,Web,Paid,0
BILL954031,CUST10237,368949,368949,2026-03-08 00:00:00,2026-03-12 00:00:00,Mobile,Paid,0
BILL230856,CUST10044,169553,169553,2026-04-08 00:00:00,2026-04-13 00:00:00,Web,Paid,0
BILL238005,CUST10328,184243,184243,2026-12-29 00:00:00,2027-01-03 00:00:00,Web,Paid,0
BILL647940,CUST10407,317152,317152,2026-08-27 00:00:00,2026-08-31 00:00:00,Mobile,Paid,0
BILL971509,CUST10468,286051,286051,2026-08-17 00:00:00,2026-08-19 00:00:00,Web,Paid,0
BILL348195,CUST10148,325831,325831,2026-07-18 00:03:00,2026-07-18 00:03:00,Web,Paid,0
BILL754590,CUST10351,243567,243567,2026-09-16 00:00:00,2026-09-19 00:00:00,Web,Paid,0
BILL197303,CUST10103,263167,263167,2026-06-10 00:00:00,2026-06-15 00:00:00,Mobile,Paid,0
BILL979394,CUST10166,363350,363350,2026-06-17 00:00:00,2026-06-22 00:00:00,Web,Paid,0
BILL124095,CUST10543,125974,125974,2026-08-12 00:00:00,2026-08-14 00:00:00,Web,Paid,0
BILL810951,CUST10373,266015,266015,2026-06-08 00:00:00,2026-06-12 00:00:00,Web,Paid,0
BILL445343,CUST10260,149695,149695,2026-05-12 00:03:00,2026-05-14 00:03:00,Web,Paid,0
BILL430357,CUST10335,141698,141698,2026-05-13 00:00:00,2026-05-18 00:00:00,Mobile,Paid,0
BILL793560,CUST10401,247639,247639,2026-05-20 00:00:00,2026-05-22 00:00:00,API,Paid,0
BILL698235,CUST10364,286084,286084,2026-08-25 00:00:00,2026-08-25 00:00:00,API,Paid,0
BILL318782,CUST10457,217047,217047,2026-06-16 00:00:00,2026-06-18 00:00:00,Web,Paid,0
BILL996381,CUST10278,251703,251703,2026-04-20 00:00:00,2026-04-21 00:00:00,Web,Paid,0
BILL658592,CUST10449,285445,285445,2026-11-25 00:00:00,2026-11-25 00:00:00,Web,Paid,0
BILL979110,CUST10599,330929,330929,2026-04-12 00:00:00,2026-04-15 00:00:00,Mobile,Paid,0
BILL993730,CUST10527,283502,283502,2026-06-20 00:00:00,2026-06-22 00:00:00,Mobile,Paid,0
BILL991842,CUST10311,170587,170587,2026-05-17 00:00:00,2026-05-21 00:00:00,Mobile,Paid,0
BILL213807,CUST10463,122930,118740,2026-05-08 00:00:00,2026-05-08 00:00:00,Web,Paid,0
BILL264208,CUST10142,103897,103897,2026-05-10 00:00:00,2026-05-15 00:00:00,Web,Paid,0
BILL302522,CUST10605,167331,167331,2026-09-22 00:00:00,2026-09-27 00:00:00,Web,Paid,0
BILL315718,CUST10615,228653,228653,2026-07-18 00:00:00,2026-07-22 00:00:00,Web,Paid,0
BILL401924,CUST10426,269834,269834,2026-06-03 00:00:00,2026-06-05 00:00:00,Web,Paid,0
BILL847898,CUST10088,139159,139159,2026-04-06 00:00:00,2026-04-11 00:00:00,API,Paid,0
BILL957887,CUST10321,259198,259198,2026-05-06 00:00:00,2026-05-08 00:00:00,Web,Paid,0
BILL663784,CUST10314,104406,104406,2026-08-16 00:00:00,2026-08-21 00:00:00,API,Paid,0
BILL882494,CUST10349,168829,168829,2026-10-20 00:03:00,2026-10-21 00:03:00,API,Paid,0
BILL655938,CUST10348,355414,355414,2026-07-21 00:00:00,2026-07-21 00:00:00,Web,Paid,0
BILL125287,CUST10569,351356,351356,2026-03-08 00:00:00,2026-03-12 00:00:00,Mobile,Paid,0
BILL405605,CUST10377,248037,248037,2026-06-13 00:00:00,2026-06-17 00:00:00,Mobile,Paid,0
BILL783450,CUST10100,173743,173743,2026-09-27 00:00:00,2026-10-02 00:00:00,Web,Paid,0
BILL688116,CUST10121,363947,363947,2026-10-24 00:00:00,2026-10-25 00:00:00,Mobile,Paid,0
BILL595361,CUST10551,310461,136068,2026-06-14 00:00:00,2026-06-17 00:00:00,Mobile,Paid,0
BILL476842,CUST10073,207444,207444,2026-07-19 00:00:00,2026-07-23 00:00:00,Web,Paid,0
BILL603662,CUST10209,158617,158617,2026-06-26 00:00:00,2026-06-28 00:00:00,Mobile,Paid,0
BILL777426,CUST10300,103916,103916,2026-05-10 00:00:00,2026-05-10 00:00:00,API,Paid,0
BILL231471,CUST10300,103916,103916,2026-05-10 00:00:00,2026-05-10 00:01:00,API,Paid,0
BILL119464,CUST10300,103916,103916,2026-05-10 00:00:00,2026-05-10 00:02:00,API,Paid,0
BILL801494,CUST10411,149767,149767,2026-05-17 00:00:00,2026-05-17 00:00:00,Web,Paid,0
BILL339308,CUST10137,312474,312474,2026-07-22 00:00:00,2026-07-25 00:00:00,Web,Paid,0
BILL588579,CUST10511,361457,361457,2026-08-21 00:00:00,2026-08-23 00:00:00,Mobile,Paid,0
BILL594016,CUST10176,366658,366658,2026-06-21 00:00:00,2026-06-25 00:00:00,Web,Paid,0
BILL875051,CUST10480,105645,105645,2026-11-20 00:00:00,2026-11-23 00:00:00,Mobile,Paid,0
BILL985473,CUST10351,243567,243567,2026-10-19 00:00:00,2026-10-18 00:00:00,API,Paid,0
BILL994045,CUST10042,284002,284002,2026-05-07 00:00:00,2026-05-09 00:00:00,Web,Paid,0
BILL524321,CUST10306,221146,213327,2026-11-02 00:00:00,2026-11-07 00:00:00,Mobile,Paid,0
BILL718779,CUST10441,286990,286990,2026-05-13 00:00:00,2026-05-15 00:00:00,Web,Paid,0
BILL111463,CUST10413,298647,298647,2026-05-19 00:00:00,2026-05-21 00:00:00,Web,Paid,0
BILL140962,CUST10108,336692,336692,2026-05-14 00:00:00,2026-05-17 00:00:00,Mobile,Paid,0
BILL929031,CUST10118,311847,311847,2026-04-06 00:00:00,2026-04-10 00:00:00,Web,Paid,0
BILL688413,CUST10505,257908,115603,2026-07-13 00:00:00,2026-07-16 00:00:00,Web,Paid,0
BILL792374,CUST10429,143790,143790,2026-04-01 00:00:00,2026-04-06 00:00:00,Mobile,Paid,0
BILL328413,CUST10088,139159,139159,2026-05-11 00:00:00,2026-05-12 00:00:00,Web,Paid,0
BILL345730,CUST10581,319058,319058,2026-06-20 00:00:00,2026-06-23 00:00:00,Mobile,Paid,0
BILL635629,CUST10464,127515,127515,2026-06-19 00:00:00,2026-06-23 00:00:00,Mobile,Paid,0
BILL343619,CUST10379,267137,267137,2026-07-26 00:00:00,2026-07-25 00:00:00,Mobile,Paid,0
BILL664404,CUST10384,275409,275409,2026-04-14 00:00:00,2026-04-18 00:00:00,API,Paid,0
BILL550508,CUST10412,259696,259696,2026-06-14 00:00:00,2026-06-18 00:00:00,Mobile,Paid,0
BILL232393,CUST10255,188144,195902,2026-05-13 00:00:00,2026-05-14 00:00:00,Web,Paid,0
BILL649245,CUST10170,290605,290605,2026-08-20 00:00:00,2026-08-23 00:00:00,Mobile,Paid,0
BILL101804,CUST10239,115461,115461,2026-05-18 00:00:00,2026-05-22 00:00:00,Web,Paid,0
BILL461096,CUST10038,283493,283493,2026-05-08 00:00:00,2026-05-11 00:00:00,API,Paid,0
BILL356787,CUST10150,257602,257602,2026-05-13 00:00:00,2026-05-16 00:00:00,Mobile,Paid,0
BILL612386,CUST10177,188340,188340,2026-06-15 00:00:00,2026-06-19 00:00:00,Web,Paid,0
BILL736662,CUST10001,345488,345488,2026-05-24 00:00:00,2026-05-27 00:00:00,Mobile,Paid,0
BILL607136,CUST10537,313828,313828,2026-05-12 00:00:00,2026-05-16 00:00:00,Mobile,Paid,0
BILL160515,CUST10175,299561,299561,2026-06-11 00:00:00,2026-06-11 00:00:00,Web,Paid,0
BILL916936,CUST10107,326295,326295,2026-06-09 00:00:00,2026-06-13 00:00:00,Mobile,Paid,0
BILL574993,CUST10398,332324,332324,2026-08-10 00:00:00,2026-08-11 00:00:00,API,Paid,0
BILL103998,CUST10109,373800,373800,2026-05-14 00:00:00,2026-05-17 00:00:00,Web,Paid,0
BILL723025,CUST10533,335715,335715,2026-04-15 00:00:00,2026-04-20 00:00:00,Web,Paid,0
BILL425858,CUST10434,222596,222596,2026-08-21 00:00:00,2026-08-25 00:00:00,Mobile,Paid,0
BILL226788,CUST10200,172208,172208,2026-04-16 00:00:00,2026-04-19 00:00:00,API,Paid,0
BILL167621,CUST10479,264655,264655,2026-05-09 00:00:00,2026-05-12 00:00:00,Web,Paid,0
BILL816291,CUST10390,396951,396951,2026-06-14 00:00:00,2026-06-18 00:00:00,Web,Paid,0
BILL853392,CUST10178,102909,102909,2026-05-14 00:00:00,2026-05-19 00:00:00,Mobile,Paid,0
BILL941523,CUST10193,205671,205671,2026-06-13 00:00:00,2026-06-16 00:00:00,Web,Paid,0
BILL125889,CUST10352,271716,271716,2026-06-17 00:00:00,2026-06-20 00:00:00,Mobile,Paid,0
BILL170263,CUST10608,306417,306417,2026-08-14 00:00:00,2026-08-15 00:00:00,Web,Paid,0
BILL531314,CUST10003,182530,182530,2026-03-11 00:00:00,2026-03-15 00:00:00,Web,Paid,0
BILL219823,CUST10105,208383,208383,2026-07-14 00:00:00,2026-07-18 00:00:00,Mobile,Paid,0
BILL509596,CUST10588,279935,279935,2026-05-06 00:00:00,2026-05-06 00:00:00,Mobile,Paid,0
BILL476181,CUST10369,307889,307889,2026-05-08 00:00:00,2026-05-12 00:00:00,Web,Paid,0
BILL657816,CUST10011,246971,246971,2026-07-05 00:00:00,2026-07-05 00:00:00,Web,Paid,0
BILL333606,CUST10486,205954,205954,2026-09-18 00:02:00,2026-09-21 00:02:00,Mobile,Paid,0
BILL407622,CUST10291,161087,161087,2026-05-14 00:00:00,2026-05-15 00:00:00,Web,Paid,0
BILL504689,CUST10606,122236,122236,2026-05-16 00:00:00,2026-05-16 00:00:00,API,Paid,0
BILL869770,CUST10606,122236,122236,2026-05-16 00:00:00,2026-05-16 00:01:00,API,Paid,0
BILL446088,CUST10606,122236,122236,2026-05-16 00:00:00,2026-05-16 00:02:00,API,Paid,0
BILL274027,CUST10566,389780,389780,2026-05-16 00:00:00,2026-05-16 00:00:00,Web,Paid,0
BILL966457,CUST10379,267137,267137,2026-08-24 00:00:00,2026-08-29 00:00:00,Mobile,Paid,0
BILL550410,CUST10284,295311,295311,2026-08-23 00:00:00,2026-08-24 00:00:00,Web,Paid,0
BILL164931,CUST10485,264395,264395,2026-05-13 00:00:00,2026-05-13 00:00:00,API,Paid,0
BILL668691,CUST10485,264395,264395,2026-05-13 00:00:00,2026-05-13 00:01:00,API,Paid,0
BILL740412,CUST10485,264395,264395,2026-05-13 00:00:00,2026-05-13 00:02:00,API,Paid,0
BILL615799,CUST10514,228952,228952,2026-07-13 00:00:00,2026-07-13 00:00:00,Web,Paid,0
BILL994823,CUST10032,380438,380438,2026-05-07 00:00:00,2026-05-12 00:00:00,Web,Paid,0
BILL355043,CUST10474,169578,168736,2026-06-11 00:00:00,2026-06-14 00:00:00,Web,Paid,0
BILL657157,CUST10449,285445,285445,2026-12-25 00:00:00,2026-12-26 00:00:00,Web,Paid,0
BILL875993,CUST10018,378464,378464,2026-07-28 00:00:00,2026-08-01 00:00:00,Mobile,Paid,0
BILL482064,CUST10532,229729,229729,2026-08-20 00:00:00,2026-08-22 00:00:00,API,Paid,0
BILL659503,CUST10434,222596,222596,2026-09-24 00:00:00,2026-09-24 00:00:00,API,Paid,0
BILL389217,CUST10417,265913,265913,2026-02-05 00:00:00,2026-02-08 00:00:00,API,Paid,0
BILL618901,CUST10329,140860,140860,2026-08-13 00:00:00,2026-08-13 00:00:00,Web,Paid,0
BILL576956,CUST10353,274267,274267,2026-03-12 00:00:00,2026-03-14 00:00:00,API,Paid,0
BILL344122,CUST10084,150618,150618,2026-05-20 00:00:00,2026-05-24 00:00:00,Mobile,Paid,0
BILL268372,CUST10596,256895,256895,2026-08-21 00:00:00,2026-08-26 00:00:00,Web,Paid,0
BILL172622,CUST10243,374096,374096,2026-07-13 00:03:00,2026-07-13 00:03:00,Mobile,Paid,0
BILL404486,CUST10562,377397,377397,2026-04-18 00:00:00,2026-04-21 00:00:00,Mobile,Paid,0
BILL104109,CUST10377,248037,248037,2026-07-17 00:00:00,2026-07-19 00:00:00,Mobile,Paid,0
BILL783856,CUST10205,363069,1968627,2026-09-15 00:00:00,2026-09-16 00:00:00,Mobile,Paid,0
BILL883529,CUST10469,346728,346728,2026-05-16 00:00:00,2026-05-16 00:00:00,Mobile,Paid,0
BILL710618,CUST10353,274267,274267,2026-04-13 00:00:00,2026-04-17 00:00:00,Mobile,Paid,0
BILL414018,CUST10241,282189,282189,2026-08-10 00:03:00,2026-08-14 00:03:00,Web,Paid,0
BILL418920,CUST10314,104406,104406,2026-09-20 00:00:00,2026-09-20 00:00:00,Mobile,Paid,0
BILL212566,CUST10339,166164,166164,2026-05-11 00:00:00,2026-05-15 00:00:00,Mobile,Paid,0
BILL301642,CUST10558,370905,370905,2026-04-10 00:00:00,2026-04-11 00:00:00,Mobile,Paid,0
BILL111433,CUST10485,264395,264395,2026-06-12 00:03:00,2026-06-15 00:03:00,Mobile,Paid,0
BILL731337,CUST10166,363350,363350,2026-07-22 00:00:00,2026-07-23 00:00:00,Web,Paid,0
BILL606744,CUST10604,335897,335897,2026-10-24 00:00:00,2026-10-28 00:00:00,Web,Paid,0
BILL155181,CUST10516,111753,111753,2026-03-12 00:00:00,2026-03-12 00:00:00,Mobile,Paid,0
BILL680937,CUST10415,167276,167276,2026-03-08 00:00:00,2026-03-08 00:00:00,Mobile,Paid,0
BILL901180,CUST10033,192674,192674,2026-06-11 00:00:00,2026-06-11 00:00:00,Mobile,Paid,0
BILL954687,CUST10009,375989,375989,2026-07-08 00:00:00,2026-07-07 00:00:00,Mobile,Paid,0
BILL978260,CUST10033,192674,192674,2026-07-11 00:00:00,2026-07-14 00:00:00,Mobile,Paid,0
BILL133408,CUST10133,321466,321466,2026-08-18 00:00:00,2026-08-22 00:00:00,Web,Paid,0
BILL473389,CUST10169,328247,328247,2026-05-09 00:00:00,2026-05-10 00:00:00,Mobile,Paid,0
BILL826869,CUST10296,145271,149690,2026-06-14 00:00:00,2026-06-14 00:00:00,Mobile,Paid,0
BILL548601,CUST10586,278588,278588,2026-06-12 00:00:00,2026-06-16 00:00:00,Mobile,Paid,0
BILL280063,CUST10317,393733,1696168,2026-07-19 00:00:00,2026-07-20 00:00:00,Mobile,Paid,0
BILL595443,CUST10514,228952,228952,2026-08-12 00:00:00,2026-08-12 00:00:00,Web,Paid,0
BILL245196,CUST10215,192348,192348,2026-05-08 00:00:00,2026-05-08 00:00:00,Mobile,Paid,0
BILL264101,CUST10378,120457,120457,2026-09-24 00:00:00,2026-09-25 00:00:00,Web,Paid,0
BILL874660,CUST10244,360335,360335,2026-08-28 00:00:00,2026-08-30 00:00:00,Mobile,Paid,0
BILL854665,CUST10043,117933,117933,2026-05-17 00:00:00,2026-05-17 00:00:00,API,Paid,0
BILL924098,CUST10582,399188,399188,2026-06-09 00:00:00,2026-06-10 00:00:00,Mobile,Paid,0
BILL358023,CUST10264,192558,192558,2026-06-11 00:00:00,2026-06-10 00:00:00,Web,Paid,0
BILL717311,CUST10450,324116,324116,2026-05-06 00:00:00,2026-05-11 00:00:00,Web,Paid,0
BILL629553,CUST10300,103916,102213,2026-06-09 00:03:00,2026-06-09 00:03:00,API,Paid,1
BILL714007,CUST10286,351577,351577,2026-04-08 00:00:00,2026-04-13 00:00:00,Mobile,Paid,0
BILL552378,CUST10572,310423,319372,2026-07-15 00:00:00,2026-07-20 00:00:00,Web,Paid,0
BILL717481,CUST10312,385962,385962,2026-05-10 00:00:00,2026-05-15 00:00:00,Mobile,Paid,0
BILL599571,CUST10606,122236,122236,2026-06-15 00:03:00,2026-06-15 00:03:00,Mobile,Paid,0
BILL171906,CUST10133,321466,321466,2026-09-21 00:00:00,2026-09-22 00:00:00,Web,Paid,0
BILL280730,CUST10520,353247,353247,2026-08-16 00:00:00,2026-08-20 00:00:00,Web,Paid,0
BILL310782,CUST10304,131699,131699,2026-06-03 00:00:00,2026-06-04 00:00:00,Web,Paid,0
BILL333677,CUST10462,296387,296387,2026-02-04 00:00:00,2026-02-07 00:00:00,Mobile,Paid,0
BILL824512,CUST10388,195075,195075,2026-08-24 00:00:00,2026-08-26 00:00:00,Web,Paid,0
BILL936842,CUST10549,344709,344709,2026-04-09 00:00:00,2026-04-10 00:00:00,Mobile,Paid,0
BILL637951,CUST10108,336692,336692,2026-06-16 00:00:00,2026-06-20 00:00:00,Mobile,Paid,0
BILL401838,CUST10387,288975,288975,2026-12-18 00:00:00,2026-12-18 00:00:00,Mobile,Paid,0
BILL932582,CUST10456,297942,297942,2026-06-22 00:00:00,2026-06-25 00:00:00,Mobile,Paid,0
BILL575972,CUST10065,108529,105932,2026-04-07 00:00:00,2026-04-08 00:00:00,Web,Paid,0
BILL490459,CUST10375,145501,145501,2026-05-14 00:00:00,2026-05-18 00:00:00,Mobile,Paid,0
BILL272208,CUST10141,352427,352427,2026-05-16 00:00:00,2026-05-21 00:00:00,Web,Paid,0
BILL670382,CUST10499,367983,367983,2026-03-03 00:00:00,2026-03-06 00:00:00,API,Paid,0
BILL603657,CUST10558,370905,370905,2026-05-11 00:00:00,2026-05-12 00:00:00,Mobile,Paid,0
BILL417458,CUST10555,138509,138509,2026-03-14 00:00:00,2026-03-17 00:00:00,Mobile,Paid,0
BILL737980,CUST10008,235370,235370,2026-09-30 00:00:00,2026-10-03 00:00:00,Web,Paid,0
BILL982762,CUST10196,193206,193206,2026-06-12 00:00:00,2026-06-15 00:00:00,Mobile,Paid,0
BILL906995,CUST10006,282203,282203,2026-06-15 00:03:00,2026-06-16 00:03:00,Mobile,Paid,0
BILL709997,CUST10400,320362,320362,2026-06-18 00:00:00,2026-06-21 00:00:00,Web,Paid,0
BILL871129,CUST10526,151663,151663,2026-06-09 00:00:00,2026-06-10 00:00:00,Mobile,Paid,0
BILL296594,CUST10209,158617,158617,2026-07-28 00:00:00,2026-08-01 00:00:00,Mobile,Paid,0
BILL465399,CUST10390,396951,396951,2026-07-18 00:00:00,2026-07-21 00:00:00,Web,Paid,0
BILL508404,CUST10295,210565,210565,2026-06-07 00:00:00,2026-06-11 00:00:00,Mobile,Paid,0
BILL744540,CUST10036,134169,134169,2026-06-16 00:00:00,2026-06-16 00:00:00,API,Paid,0
BILL991600,CUST10036,134169,134169,2026-06-16 00:00:00,2026-06-16 00:01:00,API,Paid,0
BILL195364,CUST10526,151663,159005,2026-07-10 00:00:00,2026-07-14 00:00:00,Mobile,Paid,0
BILL764203,CUST10424,225010,225010,2026-09-19 00:00:00,2026-09-20 00:00:00,API,Paid,0
BILL464385,CUST10142,103897,565331,2026-06-14 00:00:00,2026-06-18 00:00:00,Web,Paid,0
BILL152704,CUST10167,172148,839604,2026-05-14 00:00:00,2026-05-18 00:00:00,Web,Paid,0
BILL751135,CUST10460,251443,251443,2026-02-02 00:00:00,2026-02-05 00:00:00,Mobile,Paid,0
BILL455945,CUST10527,283502,283502,2026-07-22 00:00:00,2026-07-22 00:00:00,Mobile,Paid,0
BILL341043,CUST10399,273643,273643,2026-08-15 00:00:00,2026-08-15 00:00:00,Web,Paid,0
BILL803421,CUST10612,296808,296808,2026-08-13 00:00:00,2026-08-18 00:00:00,Web,Paid,0
BILL649606,CUST10155,387650,387650,2026-09-13 00:00:00,2026-09-18 00:00:00,Mobile,Paid,0
BILL371832,CUST10604,335897,335897,2026-11-27 00:00:00,2026-11-30 00:00:00,Web,Paid,0
BILL915658,CUST10320,224248,224248,2026-05-07 00:00:00,2026-05-12 00:00:00,Web,Paid,0
BILL782807,CUST10238,239019,239019,2026-06-14 00:00:00,2026-06-15 00:00:00,Mobile,Paid,0
BILL108809,CUST10143,295085,295085,2026-09-23 00:00:00,2026-09-27 00:00:00,Web,Paid,0
BILL760875,CUST10413,298647,298647,2026-06-20 00:00:00,2026-06-20 00:00:00,Web,Paid,0
BILL202537,CUST10486,205954,205954,2026-10-21 00:02:00,2026-10-25 00:02:00,Mobile,Paid,0
BILL900244,CUST10199,298717,298717,2026-09-24 00:00:00,2026-09-28 00:00:00,Mobile,Paid,0
BILL941222,CUST10475,126039,126039,2026-03-13 00:00:00,2026-03-15 00:00:00,Mobile,Paid,0
BILL621111,CUST10205,363069,363069,2026-10-16 00:00:00,2026-10-21 00:00:00,Mobile,Paid,0
BILL745301,CUST10486,205954,205954,2026-11-24 00:02:00,2026-11-29 00:02:00,Mobile,Paid,0
BILL377270,CUST10462,296387,296387,2026-03-09 00:00:00,2026-03-14 00:00:00,Mobile,Paid,0
BILL361214,CUST10000,393969,393969,2026-11-21 00:00:00,2026-11-24 00:00:00,Web,Paid,0
BILL851610,CUST10524,389395,389395,2026-04-13 00:00:00,2026-04-17 00:00:00,Mobile,Paid,0
BILL920801,CUST10566,389780,389780,2026-06-15 00:00:00,2026-06-20 00:00:00,Web,Paid,0
BILL109699,CUST10527,283502,283502,2026-08-21 00:00:00,2026-08-22 00:00:00,Mobile,Paid,0
BILL675845,CUST10573,131534,131534,2026-06-13 00:00:00,2026-06-13 00:00:00,API,Paid,0
BILL915611,CUST10379,267137,267137,2026-09-28 00:00:00,2026-10-01 00:00:00,Mobile,Paid,0
BILL355821,CUST10581,319058,319058,2026-07-23 00:00:00,2026-07-26 00:00:00,Mobile,Paid,0
BILL618500,CUST10384,275409,275409,2026-05-18 00:00:00,2026-05-19 00:00:00,Mobile,Paid,0
BILL519573,CUST10423,319827,319827,2026-05-19 00:00:00,2026-05-24 00:00:00,Web,Paid,0
BILL634359,CUST10561,376279,376279,2026-06-18 00:00:00,2026-06-21 00:00:00,Mobile,Paid,0
BILL377365,CUST10611,384518,384518,2026-04-08 00:00:00,2026-04-09 00:00:00,Web,Paid,0
BILL453000,CUST10221,300750,300750,2026-09-16 00:00:00,2026-09-21 00:00:00,Mobile,Paid,0
BILL316685,CUST10508,348867,348867,2026-05-11 00:00:00,2026-05-11 00:00:00,Web,Paid,0
BILL545839,CUST10447,214704,214704,2026-07-22 00:00:00,2026-07-23 00:00:00,Web,Paid,0
BILL259929,CUST10493,105706,105706,2026-06-16 00:00:00,2026-06-16 00:00:00,Web,Paid,0
BILL937582,CUST10403,274987,274987,2026-06-20 00:00:00,2026-06-25 00:00:00,API,Paid,0
BILL747465,CUST10560,304731,304731,2026-04-16 00:00:00,2026-04-15 00:00:00,Web,Paid,0
BILL696380,CUST10549,344709,344709,2026-05-10 00:00:00,2026-05-14 00:00:00,Mobile,Paid,0
BILL459204,CUST10119,278581,278581,2026-08-08 00:02:00,2026-08-12 00:02:00,Mobile,Paid,0
BILL904950,CUST10375,145501,145501,2026-06-17 00:00:00,2026-06-21 00:00:00,Mobile,Paid,0
BILL118750,CUST10300,103916,103916,2026-07-09 00:03:00,2026-07-10 00:03:00,Mobile,Paid,0
BILL283209,CUST10064,130657,130657,2026-03-04 00:00:00,2026-03-04 00:00:00,Mobile,Paid,0
BILL587775,CUST10008,235370,235370,2026-11-02 00:00:00,2026-11-05 00:00:00,Web,Paid,0
BILL598671,CUST10252,396619,396619,2026-06-15 00:00:00,2026-06-17 00:00:00,Mobile,Paid,0
BILL822303,CUST10025,333506,333506,2026-08-20 00:00:00,2026-08-20 00:00:00,Web,Paid,0
BILL713269,CUST10093,167091,164385,2026-03-07 00:00:00,2026-03-10 00:00:00,Web,Paid,0
BILL193203,CUST10395,126871,126871,2026-05-14 00:00:00,2026-05-15 00:00:00,Mobile,Paid,0
BILL375070,CUST10341,220156,220156,2026-06-15 00:00:00,2026-06-19 00:00:00,Mobile,Paid,0
BILL697005,CUST10325,220741,220741,2026-07-08 00:00:00,2026-07-11 00:00:00,Web,Paid,0
BILL374769,CUST10117,147482,147482,2026-05-18 00:00:00,2026-05-21 00:00:00,Web,Paid,0
BILL547908,CUST10477,154672,154672,2026-03-07 00:00:00,2026-03-08 00:00:00,Mobile,Paid,0
BILL552904,CUST10138,372983,372983,2026-04-09 00:00:00,2026-04-10 00:00:00,Mobile,Paid,0
BILL359821,CUST10322,250013,250013,2026-05-18 00:00:00,2026-05-22 00:00:00,Web,Paid,0
BILL840336,CUST10080,197104,197104,2026-05-09 00:00:00,2026-05-11 00:00:00,Mobile,Paid,0
BILL906840,CUST10367,217341,217341,2026-09-23 00:00:00,2026-09-25 00:00:00,Web,Paid,0
BILL313149,CUST10180,125186,125186,2026-06-19 00:00:00,2026-06-20 00:00:00,Mobile,Paid,0
BILL828857,CUST10584,348118,348118,2026-03-15 00:00:00,2026-03-20 00:00:00,Web,Paid,0
BILL904760,CUST10551,310461,310461,2026-07-17 00:00:00,2026-07-20 00:00:00,Mobile,Paid,0
BILL817087,CUST10385,299414,299414,2026-10-09 00:02:00,2026-10-10 00:02:00,Web,Paid,0
BILL217629,CUST10313,199325,199325,2026-07-14 00:00:00,2026-07-15 00:00:00,Mobile,Paid,0
BILL240014,CUST10053,123911,123911,2026-07-16 00:00:00,2026-07-18 00:00:00,API,Paid,0
BILL251790,CUST10285,375934,375934,2026-07-09 00:00:00,2026-07-13 00:00:00,Mobile,Paid,0
BILL693584,CUST10396,267186,267186,2026-02-08 00:00:00,2026-02-11 00:00:00,Mobile,Paid,0
BILL895137,CUST10447,214704,214704,2026-08-22 00:00:00,2026-08-26 00:00:00,Web,Paid,0
BILL900217,CUST10365,350379,350379,2026-05-23 00:00:00,2026-05-23 00:00:00,Mobile,Paid,0
BILL449431,CUST10131,168512,168512,2026-06-06 00:00:00,2026-06-11 00:00:00,Mobile,Paid,0
BILL357569,CUST10135,318407,318407,2026-11-11 00:00:00,2026-11-11 00:00:00,Mobile,Paid,0
BILL429602,CUST10484,371120,371120,2026-07-18 00:00:00,2026-07-18 00:00:00,Mobile,Paid,0
BILL387373,CUST10413,298647,298647,2026-07-20 00:00:00,2026-07-22 00:00:00,Web,Paid,0
BILL761421,CUST10132,376210,376210,2026-04-10 00:03:00,2026-04-11 00:03:00,Web,Paid,0
BILL652837,CUST10101,176350,176350,2026-07-16 00:00:00,2026-07-16 00:00:00,Web,Paid,0
BILL544452,CUST10099,272414,272414,2026-06-12 00:00:00,2026-06-17 00:00:00,Web,Paid,0
BILL811685,CUST10310,162282,162282,2026-06-19 00:00:00,2026-06-20 00:00:00,Mobile,Paid,0
BILL734250,CUST10384,275409,275409,2026-06-18 00:00:00,2026-06-18 00:00:00,Mobile,Paid,0
BILL145363,CUST10209,158617,155643,2026-08-31 00:00:00,2026-09-05 00:00:00,API,Paid,0
BILL375184,CUST10450,324116,324116,2026-06-10 00:00:00,2026-06-12 00:00:00,Web,Paid,0
BILL962602,CUST10390,396951,396951,2026-08-20 00:00:00,2026-08-22 00:00:00,Web,Paid,0
BILL849461,CUST10185,350949,350949,2026-01-31 00:00:00,2026-02-01 00:00:00,API,Paid,0
BILL278799,CUST10373,266015,266015,2026-07-12 00:00:00,2026-07-14 00:00:00,Web,Paid,0
BILL181896,CUST10337,169043,169043,2026-06-14 00:00:00,2026-06-19 00:00:00,Mobile,Paid,0
BILL190555,CUST10563,263339,263339,2026-05-09 00:00:00,2026-05-13 00:00:00,Web,Paid,0
BILL848414,CUST10351,243567,243567,2026-11-17 00:00:00,2026-11-20 00:00:00,API,Paid,0
BILL139660,CUST10496,159420,159420,2026-08-15 00:00:00,2026-08-17 00:00:00,Mobile,Paid,0
BILL154099,CUST10291,161087,161087,2026-06-14 00:00:00,2026-06-14 00:00:00,Web,Paid,0
BILL869674,CUST10159,269731,269731,2026-04-07 00:00:00,2026-04-09 00:00:00,Mobile,Paid,0
BILL925849,CUST10600,339191,339191,2026-08-15 00:00:00,2026-08-15 00:00:00,Mobile,Paid,0
BILL821822,CUST10076,374032,374032,2026-04-10 00:00:00,2026-04-15 00:00:00,Web,Paid,0
BILL708736,CUST10390,396951,396951,2026-09-21 00:00:00,2026-09-21 00:00:00,Web,Paid,0
BILL991075,CUST10517,222616,222616,2026-05-14 00:00:00,2026-05-16 00:00:00,Mobile,Paid,0
BILL561855,CUST10315,135973,135973,2026-09-13 00:00:00,2026-09-14 00:00:00,Web,Paid,0
BILL918288,CUST10333,348154,348154,2026-06-18 00:00:00,2026-06-23 00:00:00,Web,Paid,0
BILL265356,CUST10311,170587,170587,2026-06-20 00:00:00,2026-06-23 00:00:00,API,Paid,0
BILL676908,CUST10162,173421,173421,2026-04-15 00:00:00,2026-04-20 00:00:00,Web,Paid,0
BILL286575,CUST10117,147482,147482,2026-06-20 00:00:00,2026-06-24 00:00:00,Web,Paid,0
BILL288970,CUST10558,370905,370905,2026-06-11 00:00:00,2026-06-15 00:00:00,Mobile,Paid,0
BILL973987,CUST10385,299414,299414,2026-11-09 00:02:00,2026-11-09 00:02:00,Web,Paid,0
BILL297938,CUST10526,151663,151663,2026-08-13 00:00:00,2026-08-14 00:00:00,Mobile,Paid,0
BILL913386,CUST10509,150011,150011,2026-07-10 00:00:00,2026-07-10 00:00:00,Web,Paid,0
BILL282358,CUST10008,235370,235370,2026-12-05 00:00:00,2026-12-09 00:00:00,Web,Paid,0
BILL586682,CUST10422,262148,262148,2026-07-17 00:00:00,2026-07-17 00:00:00,Web,Paid,0
BILL354925,CUST10525,278327,278327,2026-06-19 00:00:00,2026-06-19 00:00:00,Mobile,Paid,0
BILL105429,CUST10365,350379,350379,2026-06-22 00:00:00,2026-06-27 00:00:00,Mobile,Paid,0
BILL925040,CUST10181,362143,362143,2026-06-17 00:00:00,2026-06-17 00:00:00,Mobile,Paid,0
BILL843442,CUST10540,380305,380305,2026-09-18 00:00:00,2026-09-22 00:00:00,Web,Paid,0
BILL232523,CUST10309,395004,395004,2026-08-26 00:00:00,2026-08-28 00:00:00,Mobile,Paid,0
BILL629057,CUST10060,153034,153034,2026-05-19 00:00:00,2026-05-22 00:00:00,Web,Paid,0
BILL393371,CUST10569,351356,351356,2026-04-11 00:00:00,2026-04-15 00:00:00,Mobile,Paid,0
BILL689032,CUST10316,324947,324947,2026-07-23 00:00:00,2026-07-23 00:00:00,Mobile,Paid,0
BILL760146,CUST10476,355985,355985,2026-10-27 00:00:00,2026-10-31 00:00:00,Web,Paid,0
BILL986259,CUST10249,312332,312332,2026-06-12 00:00:00,2026-06-14 00:00:00,API,Paid,0
BILL707605,CUST10386,196578,196578,2026-06-23 00:00:00,2026-06-24 00:00:00,Web,Paid,0
BILL214256,CUST10106,231535,231535,2026-06-18 00:00:00,2026-06-22 00:00:00,Web,Paid,0
BILL337050,CUST10068,364147,364147,2026-06-12 00:00:00,2026-06-14 00:00:00,Web,Paid,0
BILL543307,CUST10203,295824,295824,2026-04-13 00:00:00,2026-04-18 00:00:00,Web,Paid,0
BILL593069,CUST10052,251664,251664,2026-09-24 00:00:00,2026-09-27 00:00:00,Mobile,Paid,0
BILL932939,CUST10424,225010,225010,2026-10-20 00:00:00,2026-10-20 00:00:00,Mobile,Paid,0
BILL285826,CUST10166,363350,363350,2026-08-22 00:00:00,2026-08-22 00:00:00,Web,Paid,0
BILL807426,CUST10219,181149,181149,2026-12-06 00:00:00,2026-12-06 00:00:00,Web,Paid,0
BILL693542,CUST10006,282203,282203,2026-07-16 00:03:00,2026-07-19 00:03:00,Mobile,Paid,0
BILL981265,CUST10382,319178,319178,2026-09-11 00:00:00,2026-09-12 00:00:00,Web,Paid,0
BILL876439,CUST10155,387650,387650,2026-10-18 00:00:00,2026-10-19 00:00:00,Mobile,Paid,0
BILL244477,CUST10139,219961,219961,2026-08-15 00:00:00,2026-08-19 00:00:00,Mobile,Paid,0
BILL411179,CUST10437,176170,176170,2026-10-30 00:00:00,2026-10-30 00:00:00,Web,Paid,0
BILL941873,CUST10047,174040,174040,2026-05-07 00:00:00,2026-05-09 00:00:00,Web,Paid,0
BILL745347,CUST10531,369226,369226,2026-04-16 00:00:00,2026-04-17 00:00:00,Web,Paid,0
BILL220266,CUST10597,222142,540967,2026-06-16 00:00:00,2026-06-16 00:00:00,Web,Paid,0
BILL629706,CUST10274,234102,234102,2026-06-22 00:00:00,2026-06-24 00:00:00,Mobile,Paid,0
BILL238317,CUST10366,135898,135089,2026-06-11 00:00:00,2026-06-15 00:00:00,Mobile,Paid,0
BILL549052,CUST10182,277770,277770,2026-08-21 00:00:00,2026-08-24 00:00:00,Web,Paid,0
BILL269816,CUST10576,241667,241667,2026-07-22 00:00:00,2026-07-25 00:00:00,Web,Paid,1
BILL299191,CUST10181,362143,362143,2026-07-17 00:00:00,2026-07-17 00:00:00,Mobile,Paid,0
BILL175186,CUST10071,237224,237224,2026-10-28 00:00:00,2026-11-01 00:00:00,Web,Paid,0
BILL860652,CUST10416,138452,138452,2026-06-19 00:00:00,2026-06-21 00:00:00,Mobile,Paid,0
BILL214500,CUST10371,297428,309451,2026-03-03 00:00:00,2026-03-05 00:00:00,Web,Paid,0
BILL797854,CUST10484,371120,371120,2026-08-17 00:00:00,2026-08-18 00:00:00,API,Paid,0
BILL586657,CUST10267,106083,106083,2026-04-04 00:00:00,2026-04-07 00:00:00,Mobile,Paid,0
BILL888556,CUST10428,223714,223714,2026-03-08 00:00:00,2026-03-11 00:00:00,Web,Paid,1
BILL717412,CUST10395,126871,126871,2026-06-14 00:00:00,2026-06-14 00:00:00,Mobile,Paid,0
BILL428686,CUST10458,327118,327118,2026-08-21 00:00:00,2026-08-21 00:00:00,Mobile,Paid,0
BILL780482,CUST10138,372983,372983,2026-05-10 00:00:00,2026-05-11 00:00:00,Mobile,Paid,0
BILL296688,CUST10386,196578,196578,2026-07-24 00:00:00,2026-07-28 00:00:00,Web,Paid,0
BILL700912,CUST10007,119802,119802,2026-06-16 00:00:00,2026-06-19 00:00:00,API,Paid,0
BILL591348,CUST10175,299561,299561,2026-07-11 00:00:00,2026-07-13 00:00:00,Web,Paid,0
BILL114580,CUST10051,158243,158243,2026-06-16 00:00:00,2026-06-20 00:00:00,Mobile,Paid,0
BILL532431,CUST10207,347323,347323,2026-05-08 00:00:00,2026-05-09 00:00:00,Web,Paid,0
BILL851767,CUST10141,352427,352427,2026-06-20 00:00:00,2026-06-22 00:00:00,Web,Paid,0
BILL778219,CUST10282,242114,242114,2026-05-04 00:00:00,2026-05-07 00:00:00,Mobile,Paid,0
BILL766185,CUST10314,104406,104406,2026-10-20 00:00:00,2026-10-25 00:00:00,Mobile,Paid,0
BILL164853,CUST10320,224248,224248,2026-06-11 00:00:00,2026-06-16 00:00:00,Web,Paid,0
BILL235328,CUST10312,385962,385962,2026-06-14 00:00:00,2026-06-19 00:00:00,Mobile,Paid,1
BILL355911,CUST10224,304571,304571,2026-08-19 00:00:00,2026-08-20 00:00:00,Mobile,Paid,0
BILL454900,CUST10534,291049,291049,2026-05-15 00:00:00,2026-05-15 00:00:00,Mobile,Paid,0
BILL439876,CUST10106,231535,231535,2026-07-22 00:00:00,2026-07-25 00:00:00,Web,Paid,0
BILL765154,CUST10178,102909,102909,2026-06-18 00:00:00,2026-06-19 00:00:00,Mobile,Paid,0
BILL260345,CUST10116,102455,102455,2026-06-08 00:00:00,2026-06-12 00:00:00,API,Paid,0
BILL128729,CUST10227,325860,325860,2026-07-10 00:00:00,2026-07-12 00:00:00,Mobile,Paid,0
BILL991041,CUST10243,374096,374096,2026-08-12 00:03:00,2026-08-13 00:03:00,Mobile,Paid,0
BILL305808,CUST10027,172429,172429,2026-03-05 00:00:00,2026-03-07 00:00:00,Mobile,Paid,0
BILL591820,CUST10203,295824,295824,2026-05-18 00:00:00,2026-05-18 00:00:00,Web,Paid,0
BILL385540,CUST10603,158354,156576,2026-07-21 00:00:00,2026-07-26 00:00:00,Web,Paid,0
BILL819182,CUST10092,220450,220450,2026-02-05 00:00:00,2026-02-07 00:00:00,API,Paid,0
BILL833052,CUST10086,381108,362082,2026-05-11 00:00:00,2026-05-15 00:00:00,Web,Paid,0
BILL881584,CUST10081,332441,332441,2026-06-20 00:00:00,2026-06-23 00:00:00,Mobile,Paid,0
BILL179629,CUST10407,317152,156980,2026-09-30 00:00:00,2026-10-02 00:00:00,Mobile,Paid,0
BILL780660,CUST10304,131699,131699,2026-07-04 00:00:00,2026-07-09 00:00:00,Web,Paid,0
BILL547748,CUST10561,376279,376279,2026-07-21 00:00:00,2026-07-24 00:00:00,Mobile,Paid,0
BILL494635,CUST10421,286502,286502,2026-07-18 00:03:00,2026-07-22 00:03:00,API,Paid,0
BILL719356,CUST10088,139159,139159,2026-06-11 00:00:00,2026-06-15 00:00:00,Web,Paid,0
BILL743597,CUST10070,110369,110369,2026-10-09 00:02:00,2026-10-11 00:02:00,Web,Paid,0
BILL235502,CUST10502,327978,327978,2026-07-22 00:00:00,2026-07-25 00:00:00,Web,Paid,0
BILL638519,CUST10574,239475,239475,2026-04-10 00:00:00,2026-04-14 00:00:00,Web,Paid,0
BILL503970,CUST10373,266015,266015,2026-08-13 00:00:00,2026-08-13 00:00:00,Web,Paid,0
BILL566423,CUST10471,365335,365335,2026-05-12 00:00:00,2026-05-12 00:00:00,Mobile,Paid,0
BILL405417,CUST10259,161507,161507,2026-07-13 00:00:00,2026-07-18 00:00:00,Web,Paid,0
BILL933527,CUST10216,221501,221501,2026-04-11 00:00:00,2026-04-16 00:00:00,Web,Paid,1
BILL644954,CUST10294,134073,134073,2026-06-09 00:00:00,2026-06-09 00:00:00,Mobile,Paid,0
BILL584275,CUST10536,220011,220011,2026-08-08 00:02:00,2026-08-13 00:02:00,Web,Paid,0
BILL614421,CUST10137,312474,312474,2026-08-24 00:00:00,2026-08-27 00:00:00,Web,Paid,0
BILL951792,CUST10595,388505,388505,2026-06-06 00:00:00,2026-06-07 00:00:00,API,Paid,0
BILL303095,CUST10133,321466,321466,2026-10-22 00:00:00,2026-10-25 00:00:00,Web,Paid,0
BILL879135,CUST10462,296387,296387,2026-04-13 00:00:00,2026-04-17 00:00:00,Mobile,Paid,0
BILL719925,CUST10017,248631,252384,2026-10-20 00:00:00,2026-10-21 00:00:00,Web,Paid,0
BILL385501,CUST10563,263339,263339,2026-06-12 00:00:00,2026-06-13 00:00:00,Web,Paid,0
BILL328855,CUST10068,364147,364147,2026-07-14 00:00:00,2026-07-19 00:00:00,Web,Paid,0
BILL156862,CUST10548,324309,324309,2026-09-21 00:00:00,2026-09-23 00:00:00,Web,Paid,0
BILL615254,CUST10464,127515,127515,2026-07-23 00:00:00,2026-07-26 00:00:00,Mobile,Paid,0
BILL700376,CUST10082,112331,112331,2026-03-10 00:00:00,2026-03-13 00:00:00,Mobile,Paid,0
BILL323194,CUST10100,173743,173743,2026-11-01 00:00:00,2026-11-04 00:00:00,Web,Paid,0
BILL669735,CUST10271,249678,249678,2026-02-10 00:00:00,2026-02-11 00:00:00,Mobile,Paid,0
BILL641899,CUST10391,398193,398193,2026-06-12 00:00:00,2026-06-12 00:00:00,Mobile,Paid,0
BILL323864,CUST10603,158354,158354,2026-08-25 00:00:00,2026-08-27 00:00:00,Web,Paid,0
BILL470636,CUST10306,221146,221146,2026-12-07 00:00:00,2026-12-09 00:00:00,Mobile,Paid,0
BILL220347,CUST10407,317152,317152,2026-11-01 00:00:00,2026-11-06 00:00:00,Mobile,Paid,0
BILL112139,CUST10146,116906,116906,2026-07-13 00:03:00,2026-07-17 00:03:00,Web,Paid,0
BILL473660,CUST10091,271646,271646,2026-06-11 00:00:00,2026-06-11 00:00:00,Web,Paid,0
BILL960778,CUST10294,134073,134073,2026-07-09 00:00:00,2026-07-13 00:00:00,Mobile,Paid,0
BILL680262,CUST10502,327978,327978,2026-08-24 00:00:00,2026-08-26 00:00:00,Web,Paid,0
BILL316415,CUST10561,376279,376279,2026-08-23 00:00:00,2026-08-27 00:00:00,Mobile,Paid,0
BILL713828,CUST10139,219961,219961,2026-09-18 00:00:00,2026-09-20 00:00:00,Mobile,Paid,0
BILL265125,CUST10210,395253,395253,2026-04-03 00:00:00,2026-04-03 00:00:00,API,Paid,0
BILL883950,CUST10210,395253,395253,2026-04-03 00:00:00,2026-04-03 00:01:00,API,Paid,0
BILL919979,CUST10210,395253,395253,2026-04-03 00:00:00,2026-04-03 00:02:00,API,Paid,0
BILL399141,CUST10144,156018,156018,2026-09-24 00:00:00,2026-09-27 00:00:00,Web,Paid,0
BILL813406,CUST10571,308834,308834,2026-08-14 00:00:00,2026-08-17 00:00:00,Mobile,Paid,0
BILL900351,CUST10340,346715,346715,2026-10-15 00:00:00,2026-10-16 00:00:00,Web,Paid,0
BILL390389,CUST10133,321466,321466,2026-11-24 00:00:00,2026-11-24 00:00:00,Web,Paid,0
BILL353133,CUST10473,142062,142062,2026-07-14 00:00:00,2026-07-18 00:00:00,Mobile,Paid,0
BILL474249,CUST10420,223380,223380,2026-05-16 00:02:00,2026-05-20 00:02:00,Mobile,Paid,1
BILL712500,CUST10148,325831,325831,2026-08-17 00:03:00,2026-08-18 00:03:00,Web,Paid,0
BILL873335,CUST10563,263339,263339,2026-07-13 00:00:00,2026-07-13 00:00:00,Web,Paid,0
BILL837083,CUST10465,350477,350477,2026-04-03 00:03:00,2026-04-04 00:03:00,Mobile,Paid,0
BILL256168,CUST10336,314172,314172,2026-06-15 00:00:00,2026-06-15 00:00:00,Mobile,Paid,0
BILL648326,CUST10008,235370,235370,2027-01-08 00:00:00,2027-01-09 00:00:00,Web,Paid,0
BILL798695,CUST10397,321880,321880,2026-08-01 00:00:00,2026-08-03 00:00:00,Mobile,Paid,0
BILL838206,CUST10338,214725,545661,2026-07-10 00:00:00,2026-07-12 00:00:00,Mobile,Paid,0
BILL647163,CUST10016,207759,207759,2026-06-07 00:00:00,2026-06-09 00:00:00,Web,Paid,0
BILL501197,CUST10520,353247,353247,2026-09-19 00:00:00,2026-09-24 00:00:00,Web,Paid,0
BILL951684,CUST10278,251703,251703,2026-05-21 00:00:00,2026-05-26 00:00:00,Web,Paid,0
BILL712623,CUST10595,388505,388505,2026-07-07 00:00:00,2026-07-10 00:00:00,Mobile,Paid,0
BILL136811,CUST10430,119549,119549,2026-03-14 00:00:00,2026-03-16 00:00:00,API,Paid,0
BILL605990,CUST10188,116421,116421,2026-06-17 00:00:00,2026-06-17 00:00:00,Mobile,Paid,0
BILL686767,CUST10230,298652,298652,2026-07-22 00:00:00,2026-07-24 00:00:00,Web,Paid,0
BILL128652,CUST10373,266015,266015,2026-09-12 00:00:00,2026-09-17 00:00:00,Web,Paid,0
BILL942401,CUST10054,308144,308144,2026-12-11 00:00:00,2026-12-16 00:00:00,Mobile,Paid,0
BILL200450,CUST10516,111753,111753,2026-04-11 00:00:00,2026-04-15 00:00:00,Mobile,Paid,0
BILL149927,CUST10480,105645,102156,2026-12-23 00:00:00,2026-12-27 00:00:00,API,Paid,0
BILL628057,CUST10168,296917,296917,2026-06-15 00:00:00,2026-06-19 00:00:00,Mobile,Paid,0
BILL969029,CUST10418,114272,114272,2026-07-15 00:00:00,2026-07-15 00:00:00,API,Paid,0
BILL664274,CUST10224,304571,304571,2026-09-19 00:00:00,2026-09-21 00:00:00,Mobile,Paid,0
BILL682340,CUST10616,196054,196054,2026-07-11 00:00:00,2026-07-15 00:00:00,Mobile,Paid,0
BILL502554,CUST10331,117190,117190,2026-09-19 00:00:00,2026-09-21 00:00:00,Mobile,Paid,0
BILL425599,CUST10230,298652,298652,2026-08-23 00:00:00,2026-08-26 00:00:00,Web,Paid,0
BILL546069,CUST10014,292242,292242,2026-07-15 00:00:00,2026-07-15 00:00:00,Mobile,Paid,0
BILL705209,CUST10482,317106,319961,2026-12-16 00:00:00,2026-12-21 00:00:00,Web,Paid,0
BILL497308,CUST10517,222616,222616,2026-06-15 00:00:00,2026-06-16 00:00:00,Mobile,Paid,0
BILL497277,CUST10435,240524,240524,2026-07-20 00:00:00,2026-07-21 00:00:00,Mobile,Paid,0
BILL473053,CUST10577,390170,405413,2026-09-21 00:00:00,2026-09-23 00:00:00,Web,Paid,0
BILL436700,CUST10325,220741,220741,2026-08-10 00:00:00,2026-08-11 00:00:00,Web,Paid,0
BILL514687,CUST10275,284799,284799,2026-06-07 00:00:00,2026-06-10 00:00:00,Web,Paid,0
BILL231096,CUST10051,158243,164048,2026-07-20 00:00:00,2026-07-23 00:00:00,Mobile,Paid,0
BILL705072,CUST10097,391403,391403,2026-04-07 00:00:00,2026-04-11 00:00:00,Mobile,Paid,0
BILL591221,CUST10214,130783,130783,2026-09-18 00:00:00,2026-09-23 00:00:00,Web,Paid,0
BILL877927,CUST10515,239952,239952,2026-08-19 00:00:00,2026-08-23 00:00:00,Mobile,Paid,0
BILL683887,CUST10219,181149,181149,2027-01-05 00:00:00,2027-01-05 00:00:00,Web,Paid,0
BILL962132,CUST10058,220342,220342,2026-03-10 00:00:00,2026-03-12 00:00:00,Mobile,Paid,0
BILL202803,CUST10143,295085,295085,2026-10-27 00:00:00,2026-10-27 00:00:00,Web,Paid,0
BILL573876,CUST10359,265900,265900,2026-05-15 00:00:00,2026-05-16 00:00:00,Web,Paid,0
BILL108139,CUST10289,398229,398229,2026-07-16 00:00:00,2026-07-17 00:00:00,Web,Paid,0
BILL473373,CUST10212,143595,143595,2026-04-13 00:00:00,2026-04-15 00:00:00,Web,Paid,0
BILL320562,CUST10255,188144,188144,2026-06-13 00:00:00,2026-06-14 00:00:00,API,Paid,0
BILL593684,CUST10613,332566,332566,2026-04-06 00:00:00,2026-04-10 00:00:00,Mobile,Paid,0
BILL922629,CUST10202,218656,218656,2026-09-19 00:00:00,2026-09-22 00:00:00,Web,Paid,0
BILL463160,CUST10432,148263,148263,2026-08-22 00:00:00,2026-08-27 00:00:00,Mobile,Paid,0
BILL251914,CUST10105,208383,208383,2026-08-17 00:00:00,2026-08-21 00:00:00,Mobile,Paid,0
BILL226065,CUST10001,345488,332437,2026-06-26 00:00:00,2026-06-27 00:00:00,Mobile,Paid,0
BILL406567,CUST10211,136555,136555,2026-03-15 00:00:00,2026-03-17 00:00:00,Web,Paid,0
BILL713785,CUST10014,292242,292242,2026-08-14 00:00:00,2026-08-18 00:00:00,Mobile,Paid,0
BILL739315,CUST10289,398229,398229,2026-08-16 00:00:00,2026-08-17 00:00:00,Web,Paid,0
BILL153181,CUST10004,290789,290789,2026-06-05 00:00:00,2026-06-08 00:00:00,Mobile,Paid,0
BILL659804,CUST10524,389395,389395,2026-05-17 00:00:00,2026-05-22 00:00:00,Mobile,Paid,0
BILL517581,CUST10225,114221,114221,2026-06-17 00:00:00,2026-06-16 00:00:00,Mobile,Paid,0
BILL355913,CUST10226,203978,203978,2026-10-23 00:00:00,2026-10-23 00:00:00,Web,Paid,0
BILL735438,CUST10154,339106,339106,2026-05-17 00:00:00,2026-05-18 00:00:00,Web,Paid,0
BILL816504,CUST10295,210565,210565,2026-07-11 00:00:00,2026-07-15 00:00:00,Mobile,Paid,0
BILL793363,CUST10273,352715,352715,2026-06-14 00:00:00,2026-06-17 00:00:00,API,Paid,0
BILL651810,CUST10426,269834,269834,2026-07-05 00:00:00,2026-07-06 00:00:00,Web,Paid,0
BILL637848,CUST10484,371120,371120,2026-09-17 00:00:00,2026-09-19 00:00:00,Mobile,Paid,0
BILL726595,CUST10316,324947,324947,2026-08-22 00:00:00,2026-08-27 00:00:00,Mobile,Paid,0
BILL944330,CUST10309,395004,395004,2026-09-27 00:00:00,2026-09-28 00:00:00,Mobile,Paid,0
BILL297706,CUST10581,319058,319058,2026-08-25 00:00:00,2026-08-28 00:00:00,Mobile,Paid,0
BILL297539,CUST10566,389780,389780,2026-07-20 00:00:00,2026-07-20 00:00:00,Web,Paid,0
BILL237287,CUST10209,158617,158617,2026-10-05 00:00:00,2026-10-07 00:00:00,Mobile,Paid,0
BILL519602,CUST10605,167331,167331,2026-10-27 00:00:00,2026-10-29 00:00:00,Web,Paid,0
BILL739014,CUST10040,301677,301677,2026-05-15 00:00:00,2026-05-16 00:00:00,Mobile,Paid,0
BILL187034,CUST10472,398226,398226,2026-04-08 00:00:00,2026-04-11 00:00:00,Mobile,Paid,0
BILL170387,CUST10228,360483,360483,2026-04-06 00:00:00,2026-04-10 00:00:00,Mobile,Paid,0
BILL122287,CUST10110,259291,259291,2026-11-15 00:00:00,2026-11-20 00:00:00,Mobile,Paid,0
BILL909222,CUST10175,299561,299561,2026-08-12 00:00:00,2026-08-17 00:00:00,Web,Paid,0
BILL453723,CUST10463,122930,122930,2026-06-07 00:00:00,2026-06-12 00:00:00,Web,Paid,0
BILL321855,CUST10205,363069,363069,2026-11-20 00:00:00,2026-11-24 00:00:00,Mobile,Paid,0
BILL516153,CUST10128,102847,102847,2026-05-15 00:00:00,2026-05-15 00:00:00,Web,Paid,0
BILL138069,CUST10078,117102,117102,2026-05-11 00:00:00,2026-05-14 00:00:00,Mobile,Paid,0
BILL624630,CUST10529,334563,334563,2026-03-16 00:00:00,2026-03-21 00:00:00,Web,Paid,0
BILL739377,CUST10082,112331,112331,2026-04-12 00:00:00,2026-04-13 00:00:00,API,Paid,0
BILL714109,CUST10418,114272,114272,2026-08-14 00:00:00,2026-08-14 00:00:00,Web,Paid,0
BILL884894,CUST10487,343510,343510,2026-07-15 00:00:00,2026-07-16 00:00:00,Web,Paid,0
BILL297312,CUST10152,104595,105909,2026-05-09 00:00:00,2026-05-11 00:00:00,Mobile,Paid,0
BILL943170,CUST10054,308144,308144,2027-01-15 00:00:00,2027-01-19 00:00:00,Mobile,Paid,0
BILL983716,CUST10362,146134,146134,2026-06-07 00:00:00,2026-06-11 00:00:00,Mobile,Paid,0
BILL675996,CUST10236,177020,177020,2026-07-14 00:00:00,2026-07-16 00:00:00,Web,Paid,0
BILL129793,CUST10500,194860,194860,2026-06-09 00:00:00,2026-06-09 00:00:00,Mobile,Paid,0
BILL666263,CUST10006,282203,282203,2026-08-18 00:03:00,2026-08-22 00:03:00,Mobile,Paid,0
BILL180675,CUST10075,282116,282116,2026-06-14 00:00:00,2026-06-15 00:00:00,Web,Paid,0
BILL268799,CUST10342,134818,134818,2026-05-21 00:00:00,2026-05-21 00:00:00,Web,Paid,0
BILL344993,CUST10577,390170,390170,2026-10-23 00:00:00,2026-10-24 00:00:00,Web,Paid,0
BILL606761,CUST10604,335897,335897,2026-12-30 00:00:00,2026-12-31 00:00:00,Web,Paid,0
BILL777979,CUST10339,166164,171689,2026-06-14 00:00:00,2026-06-17 00:00:00,Mobile,Paid,0
BILL232412,CUST10261,192948,185852,2026-07-17 00:00:00,2026-07-17 00:00:00,Mobile,Paid,0
BILL856286,CUST10442,209546,209546,2026-10-24 00:00:00,2026-10-29 00:00:00,Web,Paid,0
BILL357118,CUST10010,272952,272952,2026-07-03 00:06:00,2026-07-02 00:06:00,Mobile,Paid,0
BILL932118,CUST10385,299414,299414,2026-12-09 00:02:00,2026-12-13 00:02:00,API,Paid,0
BILL753079,CUST10063,291682,291682,2026-10-01 00:00:00,2026-10-02 00:00:00,Web,Paid,0
BILL490105,CUST10077,181758,189165,2026-06-12 00:00:00,2026-06-16 00:00:00,Web,Paid,0
BILL854144,CUST10213,196683,186997,2026-07-19 00:00:00,2026-07-23 00:00:00,Web,Paid,0
BILL219592,CUST10325,220741,220741,2026-09-10 00:00:00,2026-09-15 00:00:00,Web,Paid,0
BILL132402,CUST10446,332242,332242,2026-06-06 00:00:00,2026-06-11 00:00:00,Web,Paid,0
BILL635652,CUST10421,286502,293428,2026-08-21 00:03:00,2026-08-23 00:03:00,Mobile,Paid,0
BILL308230,CUST10409,337522,337522,2026-06-18 00:00:00,2026-06-20 00:00:00,Mobile,Paid,0
BILL873255,CUST10519,250546,250546,2026-03-05 00:00:00,2026-03-05 00:00:00,Web,Paid,0
BILL141734,CUST10240,178367,178367,2026-06-16 00:00:00,2026-06-16 00:00:00,API,Paid,0
BILL660907,CUST10240,178367,178367,2026-06-16 00:00:00,2026-06-16 00:01:00,API,Paid,0
BILL433677,CUST10240,178367,178367,2026-06-16 00:00:00,2026-06-16 00:02:00,API,Paid,0
BILL522476,CUST10182,277770,277770,2026-09-23 00:00:00,2026-09-24 00:00:00,Web,Paid,0
BILL108890,CUST10443,351740,351740,2026-07-11 00:00:00,2026-07-11 00:00:00,Web,Paid,0
BILL590466,CUST10560,304731,304731,2026-05-15 00:00:00,2026-05-19 00:00:00,Web,Paid,0
BILL255809,CUST10468,286051,286051,2026-09-18 00:00:00,2026-09-19 00:00:00,Web,Paid,0
BILL532677,CUST10505,257908,257908,2026-08-15 00:00:00,2026-08-19 00:00:00,API,Paid,0
BILL471138,CUST10591,281465,281465,2026-05-09 00:00:00,2026-05-12 00:00:00,Mobile,Paid,0
BILL770301,CUST10470,167619,167619,2026-08-19 00:00:00,2026-08-20 00:00:00,Web,Paid,0
BILL134511,CUST10347,230904,230904,2026-06-13 00:00:00,2026-06-16 00:00:00,Web,Paid,0
BILL899057,CUST10272,118808,118808,2026-07-09 00:00:00,2026-07-14 00:00:00,Web,Paid,0
BILL588178,CUST10227,325860,325860,2026-08-11 00:00:00,2026-08-13 00:00:00,Mobile,Paid,0
BILL552077,CUST10050,356550,356550,2026-04-13 00:00:00,2026-04-18 00:00:00,Web,Paid,0
BILL348983,CUST10091,271646,271646,2026-07-11 00:00:00,2026-07-13 00:00:00,Web,Paid,0
BILL404241,CUST10341,220156,220156,2026-07-19 00:00:00,2026-07-19 00:00:00,Mobile,Paid,0
BILL497794,CUST10539,274276,274276,2026-03-04 00:00:00,2026-03-09 00:00:00,Mobile,Paid,0
BILL407410,CUST10588,279935,279935,2026-06-05 00:00:00,2026-06-07 00:00:00,Mobile,Paid,0
BILL322028,CUST10430,119549,119549,2026-04-15 00:00:00,2026-04-19 00:00:00,Mobile,Paid,0
BILL540049,CUST10334,331403,331403,2026-06-08 00:00:00,2026-06-08 00:00:00,Web,Paid,0
BILL928512,CUST10260,149695,149695,2026-06-13 00:03:00,2026-06-18 00:03:00,Web,Paid,0
BILL922762,CUST10156,219188,219188,2026-03-10 00:00:00,2026-03-10 00:00:00,Web,Paid,0
BILL304649,CUST10562,377397,377397,2026-05-21 00:00:00,2026-05-23 00:00:00,Mobile,Paid,0
BILL797762,CUST10595,388505,388505,2026-08-09 00:00:00,2026-08-11 00:00:00,Mobile,Paid,0
BILL145612,CUST10313,199325,199325,2026-08-14 00:00:00,2026-08-15 00:00:00,Mobile,Paid,0
BILL744600,CUST10505,257908,257908,2026-09-18 00:00:00,2026-09-19 00:00:00,Web,Paid,0
BILL330303,CUST10447,214704,214704,2026-09-25 00:00:00,2026-09-29 00:00:00,Web,Paid,0
BILL773529,CUST10537,313828,313828,2026-06-15 00:00:00,2026-06-19 00:00:00,Mobile,Paid,0
BILL334700,CUST10361,297495,297495,2026-09-14 00:00:00,2026-09-16 00:00:00,Web,Paid,0
BILL450341,CUST10114,195049,195049,2026-07-19 00:00:00,2026-07-19 00:00:00,API,Paid,0
BILL929355,CUST10523,276201,276201,2026-05-15 00:00:00,2026-05-15 00:00:00,Web,Paid,0
BILL386625,CUST10188,116421,116421,2026-07-17 00:00:00,2026-07-21 00:00:00,Mobile,Paid,0
BILL282861,CUST10121,363947,363947,2026-11-24 00:00:00,2026-11-25 00:00:00,Mobile,Paid,0
BILL401180,CUST10000,393969,393969,2026-12-24 00:00:00,2026-12-27 00:00:00,Web,Paid,0
BILL491177,CUST10188,116421,116421,2026-08-20 00:00:00,2026-08-25 00:00:00,Mobile,Paid,1
BILL793354,CUST10417,265913,255227,2026-03-10 00:00:00,2026-03-10 00:00:00,Web,Paid,0
BILL801168,CUST10179,339114,339114,2026-04-11 00:00:00,2026-04-15 00:00:00,Web,Paid,0
BILL781734,CUST10102,378569,378569,2026-05-10 00:00:00,2026-05-13 00:00:00,Web,Paid,0
BILL121885,CUST10294,134073,134073,2026-08-12 00:00:00,2026-08-14 00:00:00,Mobile,Paid,0
BILL480056,CUST10418,114272,114272,2026-09-13 00:00:00,2026-09-16 00:00:00,Web,Paid,0
BILL205662,CUST10398,332324,332324,2026-09-10 00:00:00,2026-09-13 00:00:00,API,Paid,0
BILL265454,CUST10276,213867,213867,2026-05-09 00:02:00,2026-05-10 00:02:00,Mobile,Paid,0
BILL421269,CUST10435,240524,240524,2026-08-20 00:00:00,2026-08-24 00:00:00,API,Paid,0
BILL518235,CUST10236,177020,177020,2026-08-15 00:00:00,2026-08-15 00:00:00,Web,Paid,0
BILL532357,CUST10337,169043,169043,2026-07-19 00:00:00,2026-07-23 00:00:00,Mobile,Paid,0
BILL367361,CUST10547,191107,191107,2026-08-19 00:00:00,2026-08-24 00:00:00,Mobile,Paid,0
BILL707898,CUST10303,116210,116210,2026-07-18 00:00:00,2026-07-18 00:00:00,Web,Paid,0
BILL134559,CUST10056,259856,259856,2026-03-08 00:00:00,2026-03-10 00:00:00,Mobile,Paid,0
BILL405135,CUST10080,197104,196660,2026-06-10 00:00:00,2026-06-12 00:00:00,Mobile,Paid,0
BILL472116,CUST10175,299561,299561,2026-09-16 00:00:00,2026-09-20 00:00:00,Web,Paid,0
BILL729021,CUST10028,233088,236864,2026-10-02 00:00:00,2026-10-04 00:00:00,API,Paid,0
BILL712000,CUST10615,228653,228653,2026-08-21 00:00:00,2026-08-25 00:00:00,Web,Paid,0
BILL340135,CUST10495,342600,342600,2026-05-16 00:00:00,2026-05-19 00:00:00,API,Paid,0
BILL487817,CUST10142,103897,103897,2026-07-18 00:00:00,2026-07-18 00:00:00,API,Paid,0
BILL157874,CUST10142,103897,103897,2026-07-18 00:00:00,2026-07-18 00:01:00,API,Paid,0
BILL576628,CUST10568,385619,385619,2026-05-18 00:00:00,2026-05-20 00:00:00,API,Paid,0
BILL494234,CUST10031,133901,133901,2026-06-20 00:00:00,2026-06-21 00:00:00,Web,Paid,0
BILL624874,CUST10567,212531,212531,2026-08-17 00:00:00,2026-08-19 00:00:00,Mobile,Paid,0
BILL971456,CUST10619,156874,156874,2026-07-23 00:00:00,2026-07-26 00:00:00,Mobile,Paid,0
BILL502456,CUST10442,209546,209546,2026-11-28 00:00:00,2026-11-29 00:00:00,Web,Paid,0
BILL874600,CUST10185,350949,350949,2026-03-03 00:00:00,2026-03-05 00:00:00,Web,Paid,0
BILL177438,CUST10599,330929,330929,2026-05-15 00:00:00,2026-05-19 00:00:00,Mobile,Paid,0
BILL565804,CUST10119,278581,278581,2026-09-11 00:02:00,2026-09-11 00:02:00,Mobile,Paid,0
BILL219989,CUST10572,310423,310423,2026-08-19 00:00:00,2026-08-21 00:00:00,Web,Paid,0
BILL477761,CUST10043,117933,117933,2026-06-16 00:00:00,2026-06-21 00:00:00,Web,Paid,0
BILL670995,CUST10142,103897,103897,2026-08-17 00:02:00,2026-08-20 00:02:00,Web,Paid,0
BILL231920,CUST10112,366183,366183,2026-04-08 00:00:00,2026-04-08 00:00:00,API,Paid,0
BILL126376,CUST10112,366183,366183,2026-04-08 00:00:00,2026-04-08 00:01:00,API,Paid,0
BILL137946,CUST10112,366183,366183,2026-04-08 00:00:00,2026-04-08 00:02:00,API,Paid,0
BILL992429,CUST10361,297495,188208,2026-10-16 00:00:00,2026-10-21 00:00:00,Web,Paid,0
BILL733677,CUST10478,236492,236492,2026-06-17 00:00:00,2026-06-18 00:00:00,Web,Paid,0
BILL758149,CUST10254,113526,113526,2026-07-08 00:02:00,2026-07-11 00:02:00,Web,Paid,0
BILL717012,CUST10479,264655,264655,2026-06-11 00:00:00,2026-06-13 00:00:00,Web,Paid,0
BILL294704,CUST10417,265913,265913,2026-04-09 00:00:00,2026-04-14 00:00:00,API,Paid,0
BILL479960,CUST10552,129409,129409,2026-06-15 00:00:00,2026-06-16 00:00:00,Web,Paid,0
BILL795737,CUST10615,228653,236563,2026-09-24 00:00:00,2026-09-27 00:00:00,API,Paid,0
BILL259838,CUST10453,138926,138926,2026-04-15 00:00:00,2026-04-17 00:00:00,API,Paid,0
BILL340943,CUST10390,396951,396951,2026-10-21 00:00:00,2026-10-21 00:00:00,Web,Paid,0
BILL943477,CUST10010,272952,272952,2026-08-01 00:06:00,2026-08-04 00:06:00,Mobile,Paid,0
BILL633746,CUST10484,371120,371120,2026-10-19 00:00:00,2026-10-24 00:00:00,Mobile,Paid,0
BILL718288,CUST10277,241318,241318,2026-03-15 00:00:00,2026-03-20 00:00:00,Mobile,Paid,0
BILL950185,CUST10557,259648,259648,2026-08-13 00:00:00,2026-08-12 00:00:00,Mobile,Paid,0
BILL671252,CUST10069,150911,150911,2026-06-16 00:00:00,2026-06-18 00:00:00,Mobile,Paid,0
BILL360587,CUST10173,273864,273864,2026-08-09 00:00:00,2026-08-13 00:00:00,Mobile,Paid,0
BILL832513,CUST10592,260721,260721,2026-10-19 00:02:00,2026-10-19 00:02:00,Web,Paid,0
BILL793275,CUST10366,135898,135898,2026-07-15 00:00:00,2026-07-20 00:00:00,Mobile,Paid,0
BILL560570,CUST10323,349794,349794,2026-07-12 00:00:00,2026-07-17 00:00:00,Mobile,Paid,0
BILL331289,CUST10570,261002,264734,2026-04-13 00:00:00,2026-04-14 00:00:00,Web,Paid,0
BILL640409,CUST10308,227871,227871,2026-06-16 00:00:00,2026-06-18 00:00:00,Mobile,Paid,0
BILL774207,CUST10511,361457,361457,2026-09-22 00:00:00,2026-09-25 00:00:00,Mobile,Paid,0
BILL184837,CUST10440,385257,385257,2026-03-10 00:00:00,2026-03-15 00:00:00,Mobile,Paid,0
BILL966064,CUST10271,249678,249678,2026-03-13 00:00:00,2026-03-14 00:00:00,Mobile,Paid,0
BILL866850,CUST10492,132628,132628,2026-06-09 00:00:00,2026-06-11 00:00:00,Web,Paid,0
BILL507849,CUST10147,193914,193220,2026-08-15 00:00:00,2026-08-19 00:00:00,Mobile,Paid,0
BILL165543,CUST10405,184088,184088,2026-04-13 00:00:00,2026-04-16 00:00:00,Web,Paid,0
BILL206117,CUST10016,207759,207759,2026-07-09 00:00:00,2026-07-13 00:00:00,Web,Paid,0
BILL779026,CUST10495,342600,342600,2026-06-18 00:00:00,2026-06-18 00:00:00,Web,Paid,0
BILL847733,CUST10318,217679,217679,2026-06-19 00:00:00,2026-06-24 00:00:00,Web,Paid,0
BILL733708,CUST10392,380320,380320,2026-06-21 00:00:00,2026-06-24 00:00:00,Mobile,Paid,0
BILL180569,CUST10154,339106,339106,2026-06-17 00:00:00,2026-06-19 00:00:00,Web,Paid,0
BILL176512,CUST10134,366610,366610,2026-06-23 00:00:00,2026-06-23 00:00:00,Web,Paid,0
BILL734358,CUST10472,398226,398226,2026-05-11 00:00:00,2026-05-15 00:00:00,Mobile,Paid,0
BILL786119,CUST10071,237224,237224,2026-12-01 00:00:00,2026-12-04 00:00:00,Web,Paid,0
BILL991250,CUST10006,282203,282203,2026-09-21 00:03:00,2026-09-23 00:03:00,Mobile,Paid,0
BILL848951,CUST10138,372983,372983,2026-06-10 00:00:00,2026-06-10 00:00:00,Mobile,Paid,0
BILL102594,CUST10361,297495,297495,2026-11-20 00:00:00,2026-11-21 00:00:00,Web,Paid,0
BILL158344,CUST10393,323135,323135,2026-06-13 00:00:00,2026-06-16 00:00:00,Web,Paid,0
BILL743067,CUST10598,175972,175972,2026-05-13 00:00:00,2026-05-18 00:00:00,Web,Paid,0
BILL546572,CUST10118,311847,311847,2026-05-10 00:00:00,2026-05-11 00:00:00,API,Paid,0
BILL241662,CUST10235,396186,396186,2026-06-10 00:00:00,2026-06-12 00:00:00,Mobile,Paid,0
BILL576017,CUST10283,101051,101051,2026-07-22 00:00:00,2026-07-25 00:00:00,Mobile,Paid,0
BILL499576,CUST10269,293166,293166,2026-07-22 00:00:00,2026-07-25 00:00:00,Web,Paid,0
BILL875199,CUST10228,360483,360483,2026-05-10 00:00:00,2026-05-10 00:00:00,Mobile,Paid,0
BILL581860,CUST10449,285445,285445,2027-01-25 00:00:00,2027-01-26 00:00:00,Web,Paid,0
BILL937077,CUST10322,250013,250013,2026-06-21 00:00:00,2026-06-21 00:00:00,API,Paid,0
BILL433726,CUST10322,250013,250013,2026-06-21 00:00:00,2026-06-21 00:01:00,API,Paid,0
BILL561661,CUST10322,250013,250013,2026-06-21 00:00:00,2026-06-21 00:02:00,API,Paid,0
BILL905186,CUST10033,192674,192674,2026-08-13 00:00:00,2026-08-18 00:00:00,API,Paid,0
BILL493176,CUST10072,168087,168087,2026-05-09 00:00:00,2026-05-12 00:00:00,Mobile,Paid,0
BILL553998,CUST10320,224248,224248,2026-07-16 00:00:00,2026-07-20 00:00:00,Web,Paid,0
BILL463290,CUST10175,299561,299561,2026-10-20 00:00:00,2026-10-25 00:00:00,Web,Paid,0
BILL456153,CUST10324,159805,159805,2026-07-25 00:00:00,2026-07-25 00:00:00,API,Paid,0
BILL355669,CUST10324,159805,159805,2026-07-25 00:00:00,2026-07-25 00:01:00,API,Paid,0
BILL240722,CUST10324,159805,159805,2026-07-25 00:00:00,2026-07-25 00:02:00,API,Paid,0
BILL849310,CUST10062,312378,299279,2026-06-12 00:00:00,2026-06-16 00:00:00,Mobile,Paid,0
BILL174609,CUST10003,182530,182530,2026-04-14 00:00:00,2026-04-15 00:00:00,Web,Paid,0
BILL849799,CUST10222,302556,302556,2026-10-28 00:00:00,2026-10-30 00:00:00,Web,Paid,0
BILL231415,CUST10571,308834,308834,2026-09-16 00:00:00,2026-09-20 00:00:00,Mobile,Paid,0
BILL144608,CUST10487,343510,91880,2026-08-15 00:00:00,2026-08-18 00:00:00,Web,Paid,0
BILL238531,CUST10281,145537,145537,2026-07-27 00:00:00,2026-07-29 00:00:00,Web,Paid,0
BILL514510,CUST10355,283799,283799,2026-06-09 00:00:00,2026-06-09 00:00:00,Web,Paid,0
BILL109072,CUST10467,239957,112274,2026-06-13 00:00:00,2026-06-13 00:00:00,Mobile,Paid,0
BILL436381,CUST10507,151074,151074,2026-04-04 00:00:00,2026-04-06 00:00:00,Mobile,Paid,0
BILL437406,CUST10183,118488,118488,2026-05-07 00:00:00,2026-05-11 00:00:00,API,Paid,0
BILL247543,CUST10598,175972,175972,2026-06-17 00:00:00,2026-06-21 00:00:00,Web,Paid,0
BILL239741,CUST10507,151074,151074,2026-05-06 00:00:00,2026-05-06 00:00:00,Mobile,Paid,0
BILL830456,CUST10607,195355,195355,2026-12-15 00:00:00,2026-12-16 00:00:00,Web,Paid,0
BILL407035,CUST10171,142781,142781,2026-07-10 00:00:00,2026-07-15 00:00:00,Mobile,Paid,0
BILL612497,CUST10271,249678,249678,2026-04-13 00:00:00,2026-04-17 00:00:00,Mobile,Paid,0
BILL500505,CUST10010,272952,272952,2026-09-03 00:06:00,2026-09-08 00:06:00,Mobile,Paid,0
BILL553770,CUST10614,326804,326804,2026-06-07 00:00:00,2026-06-06 00:00:00,Web,Paid,0
BILL636531,CUST10410,224918,224918,2026-09-16 00:00:00,2026-09-21 00:00:00,Mobile,Paid,0
BILL675122,CUST10416,138452,138452,2026-07-21 00:00:00,2026-07-26 00:00:00,Mobile,Paid,0
BILL955309,CUST10586,278588,278588,2026-07-16 00:00:00,2026-07-18 00:00:00,Mobile,Paid,0
BILL529164,CUST10191,230963,230963,2026-05-08 00:00:00,2026-05-09 00:00:00,Mobile,Paid,0
BILL297785,CUST10321,259198,259198,2026-06-07 00:00:00,2026-06-11 00:00:00,Web,Paid,0
BILL401488,CUST10547,191107,191107,2026-09-23 00:00:00,2026-09-25 00:00:00,Mobile,Paid,0
BILL562270,CUST10606,122236,122236,2026-07-15 00:03:00,2026-07-20 00:03:00,Mobile,Paid,0
BILL150908,CUST10615,228653,228653,2026-10-27 00:00:00,2026-10-28 00:00:00,Web,Paid,0
BILL191728,CUST10384,275409,275409,2026-07-18 00:00:00,2026-07-19 00:00:00,Mobile,Paid,0
BILL133054,CUST10458,327118,327118,2026-09-20 00:00:00,2026-09-20 00:00:00,Mobile,Paid,0
BILL627973,CUST10271,249678,249678,2026-05-17 00:00:00,2026-05-19 00:00:00,Mobile,Paid,0
BILL467728,CUST10112,366183,366183,2026-05-08 00:03:00,2026-05-09 00:03:00,API,Paid,0
BILL391581,CUST10550,272473,272473,2026-09-22 00:00:00,2026-09-26 00:00:00,Web,Paid,0
BILL393718,CUST10148,325831,325831,2026-09-17 00:03:00,2026-09-18 00:03:00,Web,Paid,0
BILL495427,CUST10365,350379,350379,2026-07-27 00:00:00,2026-07-31 00:00:00,Mobile,Paid,0
BILL252821,CUST10205,363069,363069,2026-12-24 00:00:00,2026-12-29 00:00:00,Mobile,Paid,0
BILL751009,CUST10069,150911,150911,2026-07-18 00:00:00,2026-07-18 00:00:00,Mobile,Paid,0
BILL918099,CUST10001,345488,345488,2026-07-27 00:00:00,2026-07-27 00:00:00,Mobile,Paid,0
BILL704852,CUST10239,115461,115461,2026-06-21 00:00:00,2026-06-22 00:00:00,Web,Paid,0
BILL569294,CUST10619,156874,156874,2026-08-25 00:00:00,2026-08-27 00:00:00,Mobile,Paid,0
BILL285269,CUST10252,396619,396619,2026-07-17 00:00:00,2026-07-21 00:00:00,Mobile,Paid,1
BILL291567,CUST10028,233088,233088,2026-11-03 00:00:00,2026-11-04 00:00:00,Web,Paid,0
BILL425836,CUST10063,291682,287925,2026-11-01 00:00:00,2026-11-02 00:00:00,Web,Paid,0
BILL348736,CUST10559,119656,119656,2026-06-17 00:00:00,2026-06-18 00:00:00,Mobile,Paid,0
BILL375126,CUST10577,390170,390170,2026-11-23 00:00:00,2026-11-23 00:00:00,Web,Paid,0
BILL961728,CUST10410,224918,224918,2026-10-21 00:00:00,2026-10-21 00:00:00,Mobile,Paid,0
BILL948440,CUST10037,178042,178042,2026-05-14 00:00:00,2026-05-14 00:00:00,Mobile,Paid,0
BILL780111,CUST10347,230904,230904,2026-07-16 00:00:00,2026-07-16 00:00:00,Web,Paid,0
BILL591063,CUST10382,319178,319178,2026-10-12 00:00:00,2026-10-16 00:00:00,Web,Paid,0
BILL253637,CUST10535,231038,231038,2026-06-10 00:00:00,2026-06-15 00:00:00,Mobile,Paid,0
BILL729252,CUST10300,103916,103916,2026-08-09 00:03:00,2026-08-09 00:03:00,API,Paid,0
BILL894480,CUST10165,382686,382686,2026-11-03 00:00:00,2026-11-07 00:00:00,API,Paid,0
BILL408729,CUST10310,162282,162282,2026-07-20 00:00:00,2026-07-20 00:00:00,API,Paid,0
BILL153696,CUST10310,162282,162282,2026-07-20 00:00:00,2026-07-20 00:01:00,API,Paid,0
BILL433293,CUST10304,131699,316577,2026-08-08 00:00:00,2026-08-11 00:00:00,Web,Paid,0
BILL525731,CUST10520,353247,353247,2026-10-24 00:00:00,2026-10-24 00:00:00,Web,Paid,0
BILL318930,CUST10341,220156,220156,2026-08-18 00:00:00,2026-08-22 00:00:00,Mobile,Paid,0
BILL943316,CUST10227,325860,325860,2026-09-12 00:00:00,2026-09-17 00:00:00,Mobile,Paid,0
BILL116415,CUST10115,371698,371698,2026-06-20 00:00:00,2026-06-20 00:00:00,Mobile,Paid,0
BILL937272,CUST10404,362092,362092,2026-07-14 00:00:00,2026-07-14 00:00:00,API,Paid,0
BILL984616,CUST10404,362092,362092,2026-07-14 00:00:00,2026-07-14 00:01:00,API,Paid,0
BILL356845,CUST10404,362092,362092,2026-07-14 00:00:00,2026-07-14 00:02:00,API,Paid,0
BILL962625,CUST10141,352427,352427,2026-07-22 00:00:00,2026-07-24 00:00:00,Web,Paid,0
BILL694243,CUST10398,332324,332324,2026-10-13 00:00:00,2026-10-13 00:00:00,Mobile,Paid,0
BILL410286,CUST10237,368949,368949,2026-04-11 00:00:00,2026-04-16 00:00:00,Mobile,Paid,0
BILL775046,CUST10194,305707,305707,2026-06-15 00:00:00,2026-06-20 00:00:00,Mobile,Paid,0
BILL398008,CUST10507,151074,151074,2026-06-05 00:00:00,2026-06-07 00:00:00,Mobile,Paid,0
BILL401081,CUST10042,284002,284002,2026-06-08 00:00:00,2026-06-11 00:00:00,Web,Paid,0
BILL919354,CUST10303,116210,116210,2026-08-17 00:00:00,2026-08-20 00:00:00,API,Paid,0
BILL513928,CUST10201,142456,142456,2026-04-15 00:00:00,2026-04-17 00:00:00,API,Paid,1
BILL213073,CUST10043,117933,117933,2026-07-21 00:00:00,2026-07-25 00:00:00,Web,Paid,0
BILL405763,CUST10342,134818,134818,2026-06-20 00:00:00,2026-06-23 00:00:00,API,Paid,0
BILL631298,CUST10468,286051,286051,2026-10-19 00:00:00,2026-10-19 00:00:00,Web,Paid,0
BILL956293,CUST10416,138452,138452,2026-08-25 00:00:00,2026-08-26 00:00:00,Mobile,Paid,0
BILL393672,CUST10191,230963,553112,2026-06-08 00:00:00,2026-06-13 00:00:00,Mobile,Paid,0
BILL796254,CUST10123,375988,375988,2026-03-10 00:00:00,2026-03-10 00:00:00,Mobile,Paid,0
BILL486718,CUST10457,217047,217047,2026-07-18 00:00:00,2026-07-22 00:00:00,Web,Paid,0
BILL118852,CUST10206,162750,162750,2026-06-09 00:00:00,2026-06-09 00:00:00,Mobile,Paid,0
BILL715045,CUST10209,158617,158617,2026-11-06 00:00:00,2026-11-08 00:00:00,Mobile,Paid,0
BILL169646,CUST10221,300750,300750,2026-10-21 00:00:00,2026-10-25 00:00:00,Mobile,Paid,0
BILL544993,CUST10033,192674,192674,2026-09-17 00:00:00,2026-09-19 00:00:00,Mobile,Paid,0
BILL366316,CUST10383,346266,346266,2026-10-24 00:00:00,2026-10-24 00:00:00,Web,Paid,0
BILL535585,CUST10028,233088,233088,2026-12-04 00:00:00,2026-12-04 00:00:00,API,Paid,0
BILL350480,CUST10028,233088,233088,2026-12-04 00:00:00,2026-12-04 00:01:00,API,Paid,0
BILL108782,CUST10028,233088,233088,2026-12-04 00:00:00,2026-12-04 00:02:00,API,Paid,0
BILL250370,CUST10193,205671,205671,2026-07-16 00:00:00,2026-07-17 00:00:00,Web,Paid,0
BILL403774,CUST10235,396186,396186,2026-07-12 00:00:00,2026-07-17 00:00:00,API,Paid,0
BILL493748,CUST10410,224918,224918,2026-11-20 00:00:00,2026-11-24 00:00:00,Mobile,Paid,0
BILL445365,CUST10507,151074,151074,2026-07-07 00:00:00,2026-07-07 00:00:00,Mobile,Paid,0
BILL839238,CUST10606,122236,122236,2026-08-19 00:03:00,2026-08-19 00:03:00,Mobile,Paid,0
BILL797575,CUST10292,357685,357685,2026-08-02 00:00:00,2026-08-05 00:00:00,Web,Paid,0
BILL832495,CUST10506,110402,110402,2026-04-09 00:00:00,2026-04-14 00:00:00,Mobile,Paid,0
BILL423495,CUST10130,263630,263630,2026-11-23 00:00:00,2026-11-24 00:00:00,Mobile,Paid,0
BILL847826,CUST10129,154112,154112,2026-04-05 00:00:00,2026-04-07 00:00:00,Web,Paid,0
BILL606339,CUST10501,251690,241133,2026-05-12 00:00:00,2026-05-12 00:00:00,Mobile,Paid,0
BILL447532,CUST10484,371120,371120,2026-11-23 00:00:00,2026-11-24 00:00:00,API,Paid,0
BILL938535,CUST10087,215985,215985,2026-04-07 00:00:00,2026-04-06 00:00:00,Web,Paid,0
BILL776609,CUST10118,311847,311847,2026-06-10 00:00:00,2026-06-15 00:00:00,Web,Paid,0
BILL953057,CUST10581,319058,319058,2026-09-27 00:00:00,2026-09-28 00:00:00,Mobile,Paid,0
BILL556021,CUST10520,353247,353247,2026-11-23 00:00:00,2026-11-23 00:00:00,Web,Paid,0
BILL754266,CUST10421,286502,286502,2026-09-22 00:03:00,2026-09-23 00:03:00,Mobile,Paid,0
BILL485864,CUST10241,282189,282189,2026-09-13 00:03:00,2026-09-16 00:03:00,Web,Paid,0
BILL703948,CUST10566,389780,389780,2026-08-19 00:00:00,2026-08-22 00:00:00,Web,Paid,0
BILL364771,CUST10395,126871,132446,2026-07-14 00:00:00,2026-07-16 00:00:00,Mobile,Paid,0
BILL174151,CUST10500,194860,194860,2026-07-09 00:00:00,2026-07-10 00:00:00,Mobile,Paid,0
BILL603630,CUST10530,292483,292483,2026-06-18 00:00:00,2026-06-20 00:00:00,Mobile,Paid,0
BILL185102,CUST10562,377397,377397,2026-06-22 00:00:00,2026-06-25 00:00:00,Mobile,Paid,0
BILL306300,CUST10419,368161,368161,2026-06-08 00:00:00,2026-06-09 00:00:00,Web,Paid,0
BILL543928,CUST10302,246406,246406,2026-05-16 00:00:00,2026-05-18 00:00:00,Web,Paid,0
BILL420205,CUST10486,205954,205954,2026-12-29 00:02:00,2027-01-01 00:02:00,Mobile,Paid,0
BILL742399,CUST10274,234102,234102,2026-07-24 00:00:00,2026-07-29 00:00:00,Mobile,Paid,0
BILL321848,CUST10448,114297,114297,2026-07-23 00:00:00,2026-07-27 00:00:00,API,Paid,0
BILL182361,CUST10045,348206,348206,2026-06-12 00:00:00,2026-06-17 00:00:00,Mobile,Paid,0
BILL973888,CUST10278,251703,251703,2026-06-25 00:00:00,2026-06-30 00:00:00,Web,Paid,0
BILL809574,CUST10435,240524,240524,2026-09-23 00:00:00,2026-09-27 00:00:00,Mobile,Paid,0
BILL187537,CUST10440,385257,385257,2026-04-14 00:00:00,2026-04-14 00:00:00,Mobile,Paid,0
BILL268211,CUST10535,231038,231038,2026-07-15 00:00:00,2026-07-19 00:00:00,Mobile,Paid,0
BILL138538,CUST10126,368583,368583,2026-06-20 00:00:00,2026-06-19 00:00:00,Web,Paid,0
BILL835792,CUST10437,176170,176170,2026-11-29 00:00:00,2026-12-01 00:00:00,Web,Paid,0
BILL601996,CUST10156,219188,219188,2026-04-09 00:00:00,2026-04-12 00:00:00,Web,Paid,0
BILL374303,CUST10263,238303,238303,2026-06-18 00:00:00,2026-06-20 00:00:00,Web,Paid,0
BILL689594,CUST10235,396186,396186,2026-08-16 00:00:00,2026-08-18 00:00:00,Mobile,Paid,0
BILL669260,CUST10162,173421,173421,2026-05-20 00:00:00,2026-05-21 00:00:00,Web,Paid,0
BILL200101,CUST10395,126871,126871,2026-08-15 00:00:00,2026-08-20 00:00:00,API,Paid,0
BILL257388,CUST10577,390170,398439,2026-12-23 00:00:00,2026-12-25 00:00:00,Web,Paid,0
BILL782996,CUST10006,282203,282203,2026-10-23 00:03:00,2026-10-26 00:03:00,Mobile,Paid,0
BILL734464,CUST10362,146134,146134,2026-07-11 00:00:00,2026-07-16 00:00:00,Mobile,Paid,0
BILL211735,CUST10547,191107,191107,2026-10-25 00:00:00,2026-10-30 00:00:00,Mobile,Paid,0
BILL641121,CUST10423,319827,319827,2026-06-23 00:00:00,2026-06-24 00:00:00,Web,Paid,0
BILL318236,CUST10171,142781,142781,2026-08-14 00:00:00,2026-08-14 00:00:00,Mobile,Paid,0
BILL319336,CUST10577,390170,390170,2027-01-24 00:00:00,2027-01-24 00:00:00,Web,Paid,0
BILL487506,CUST10196,193206,193206,2026-07-15 00:00:00,2026-07-15 00:00:00,Mobile,Paid,0
BILL907193,CUST10303,116210,116210,2026-09-19 00:00:00,2026-09-24 00:00:00,API,Paid,0
BILL191970,CUST10183,118488,118488,2026-06-10 00:00:00,2026-06-15 00:00:00,Web,Paid,0
BILL597815,CUST10294,134073,134073,2026-09-13 00:00:00,2026-09-18 00:00:00,Mobile,Paid,0
BILL823342,CUST10419,368161,368161,2026-07-09 00:00:00,2026-07-10 00:00:00,Web,Paid,0
BILL647890,CUST10486,205954,205954,2027-01-31 00:02:00,2027-02-05 00:02:00,Mobile,Paid,0
BILL999483,CUST10087,215985,215985,2026-05-06 00:00:00,2026-05-11 00:00:00,Web,Paid,0
BILL594364,CUST10454,215896,215896,2026-08-18 00:00:00,2026-08-19 00:00:00,Web,Paid,0
BILL386021,CUST10196,193206,193206,2026-08-14 00:00:00,2026-08-16 00:00:00,Mobile,Paid,0
BILL110014,CUST10066,362601,362601,2026-07-12 00:00:00,2026-07-15 00:00:00,Web,Paid,0
BILL747144,CUST10391,398193,398193,2026-07-12 00:00:00,2026-07-16 00:00:00,Mobile,Paid,0
BILL521009,CUST10052,251664,251664,2026-10-27 00:00:00,2026-10-30 00:00:00,Mobile,Paid,0
BILL159599,CUST10557,259648,259648,2026-09-11 00:00:00,2026-09-11 00:00:00,Mobile,Paid,0
BILL778769,CUST10092,220450,220450,2026-03-09 00:00:00,2026-03-14 00:00:00,Mobile,Paid,0
BILL606437,CUST10224,304571,304571,2026-10-21 00:00:00,2026-10-25 00:00:00,Mobile,Paid,0
BILL485045,CUST10602,301882,301882,2026-06-14 00:00:00,2026-06-14 00:00:00,Web,Paid,0
BILL877329,CUST10098,135211,135211,2026-04-06 00:00:00,2026-04-06 00:00:00,Web,Paid,0
BILL630477,CUST10616,196054,196054,2026-08-14 00:00:00,2026-08-16 00:00:00,Mobile,Paid,0
BILL241860,CUST10388,195075,195075,2026-09-25 00:00:00,2026-09-28 00:00:00,Web,Paid,0
BILL320575,CUST10591,281465,281465,2026-06-11 00:00:00,2026-06-15 00:00:00,Mobile,Paid,0
BILL170902,CUST10492,132628,132628,2026-07-11 00:00:00,2026-07-16 00:00:00,Web,Paid,0
BILL309769,CUST10528,152607,152607,2026-06-15 00:00:00,2026-06-18 00:00:00,Mobile,Paid,0
BILL681802,CUST10491,217446,217446,2026-09-11 00:00:00,2026-09-15 00:00:00,API,Paid,0
BILL957358,CUST10094,245816,245816,2026-07-15 00:00:00,2026-07-18 00:00:00,Mobile,Paid,0
BILL655027,CUST10171,142781,142781,2026-09-13 00:00:00,2026-09-13 00:00:00,Mobile,Paid,0
BILL379264,CUST10229,101182,101182,2026-08-19 00:00:00,2026-08-19 00:00:00,API,Paid,0
BILL460988,CUST10515,239952,239952,2026-09-22 00:00:00,2026-09-25 00:00:00,Mobile,Paid,0
BILL947992,CUST10386,196578,196578,2026-08-27 00:00:00,2026-08-27 00:00:00,API,Paid,0
BILL781849,CUST10386,196578,196578,2026-08-27 00:00:00,2026-08-27 00:01:00,API,Paid,0
BILL864800,CUST10581,319058,319058,2026-10-28 00:00:00,2026-10-28 00:00:00,Mobile,Paid,0
BILL352498,CUST10073,207444,207444,2026-08-22 00:00:00,2026-08-25 00:00:00,Web,Paid,1
BILL554957,CUST10425,254546,254546,2026-08-09 00:00:00,2026-08-09 00:00:00,Web,Paid,0
BILL119819,CUST10417,265913,265913,2026-05-14 00:00:00,2026-05-14 00:00:00,API,Paid,0
BILL353174,CUST10380,136412,136412,2026-07-21 00:00:00,2026-07-22 00:00:00,Web,Paid,0
BILL347333,CUST10070,110369,110369,2026-11-10 00:02:00,2026-11-11 00:02:00,Web,Paid,0
BILL309993,CUST10004,290789,290789,2026-07-08 00:00:00,2026-07-09 00:00:00,Mobile,Paid,0
BILL735111,CUST10313,199325,199325,2026-09-14 00:00:00,2026-09-18 00:00:00,Mobile,Paid,0
BILL111118,CUST10461,160670,160670,2026-07-17 00:00:00,2026-07-21 00:00:00,Mobile,Paid,0
BILL353637,CUST10153,162569,162569,2026-05-12 00:00:00,2026-05-12 00:00:00,API,Paid,0
BILL270894,CUST10153,162569,162569,2026-05-12 00:00:00,2026-05-12 00:01:00,API,Paid,0
BILL319393,CUST10067,385330,385330,2026-05-16 00:00:00,2026-05-17 00:00:00,Mobile,Paid,0
BILL413339,CUST10269,293166,293166,2026-08-24 00:00:00,2026-08-27 00:00:00,Web,Paid,0
BILL677113,CUST10506,110402,110402,2026-05-14 00:00:00,2026-05-18 00:00:00,Mobile,Paid,0
BILL272843,CUST10016,207759,207759,2026-08-12 00:00:00,2026-08-12 00:00:00,Web,Paid,0
BILL563239,CUST10227,325860,324243,2026-10-17 00:00:00,2026-10-17 00:00:00,Mobile,Paid,0
BILL338770,CUST10561,376279,376279,2026-09-26 00:00:00,2026-09-28 00:00:00,Mobile,Paid,0
BILL326896,CUST10225,114221,114221,2026-07-16 00:00:00,2026-07-21 00:00:00,Mobile,Paid,0
BILL690615,CUST10423,319827,319827,2026-07-24 00:00:00,2026-07-27 00:00:00,Web,Paid,0
BILL760665,CUST10096,304688,304688,2026-04-05 00:00:00,2026-04-06 00:00:00,Web,Paid,0
BILL305976,CUST10135,318407,318407,2026-12-11 00:00:00,2026-12-14 00:00:00,Mobile,Paid,0
BILL409102,CUST10269,293166,293166,2026-09-26 00:00:00,2026-09-26 00:00:00,Web,Paid,0
BILL748410,CUST10331,117190,117190,2026-10-21 00:00:00,2026-10-25 00:00:00,Mobile,Paid,0
BILL490119,CUST10076,374032,374032,2026-05-15 00:00:00,2026-05-16 00:00:00,API,Paid,0
BILL333502,CUST10173,273864,273864,2026-09-12 00:00:00,2026-09-13 00:00:00,Mobile,Paid,0
BILL371678,CUST10320,224248,224248,2026-08-19 00:00:00,2026-08-22 00:00:00,Web,Paid,0
BILL737741,CUST10340,346715,346715,2026-11-15 00:00:00,2026-11-16 00:00:00,Web,Paid,0
BILL507264,CUST10126,368583,378905,2026-07-19 00:00:00,2026-07-24 00:00:00,Web,Paid,0
BILL341308,CUST10338,214725,214725,2026-08-11 00:00:00,2026-08-15 00:00:00,Mobile,Paid,0
BILL423279,CUST10170,290605,290605,2026-09-22 00:00:00,2026-09-26 00:00:00,Mobile,Paid,0
BILL702876,CUST10469,346728,346728,2026-06-15 00:00:00,2026-06-20 00:00:00,Mobile,Paid,0
BILL481942,CUST10117,147482,147482,2026-07-24 00:00:00,2026-07-29 00:00:00,Web,Paid,0
BILL677129,CUST10403,274987,274987,2026-07-25 00:00:00,2026-07-27 00:00:00,Web,Paid,0
BILL490221,CUST10143,295085,295085,2026-11-26 00:00:00,2026-11-26 00:00:00,Web,Paid,0
BILL676554,CUST10296,145271,138306,2026-07-14 00:00:00,2026-07-16 00:00:00,Mobile,Paid,0
BILL836682,CUST10019,290331,290331,2026-08-27 00:00:00,2026-08-30 00:00:00,Mobile,Paid,0
BILL903723,CUST10137,312474,312474,2026-09-26 00:00:00,2026-09-27 00:00:00,Web,Paid,0
BILL521608,CUST10357,216028,216028,2026-11-21 00:00:00,2026-11-26 00:00:00,Mobile,Paid,0
BILL273241,CUST10510,148501,148501,2026-04-17 00:00:00,2026-04-19 00:00:00,Web,Paid,0
BILL423773,CUST10484,371120,371120,2026-12-24 00:00:00,2026-12-25 00:00:00,Mobile,Paid,0
BILL801741,CUST10107,326295,326295,2026-07-13 00:00:00,2026-07-18 00:00:00,Mobile,Paid,0
BILL851306,CUST10201,142456,142456,2026-05-17 00:00:00,2026-05-22 00:00:00,Web,Paid,0
BILL801053,CUST10553,189749,189749,2026-03-09 00:00:00,2026-03-14 00:00:00,Mobile,Paid,0
BILL108384,CUST10260,149695,149695,2026-07-18 00:03:00,2026-07-19 00:03:00,Web,Paid,0
BILL885765,CUST10608,306417,306417,2026-09-14 00:00:00,2026-09-15 00:00:00,Web,Paid,0
BILL349097,CUST10125,225149,225149,2026-06-10 00:00:00,2026-06-12 00:00:00,Web,Paid,0
BILL898211,CUST10349,168829,168829,2026-11-20 00:03:00,2026-11-22 00:03:00,Mobile,Paid,0
BILL366142,CUST10529,334563,334563,2026-04-20 00:00:00,2026-04-23 00:00:00,Web,Paid,0
BILL292065,CUST10412,259696,259696,2026-07-18 00:00:00,2026-07-21 00:00:00,API,Paid,0
BILL359665,CUST10535,231038,231038,2026-08-18 00:00:00,2026-08-23 00:00:00,Mobile,Paid,0
BILL837312,CUST10137,312474,312474,2026-10-27 00:00:00,2026-10-27 00:00:00,Web,Paid,0
BILL107972,CUST10496,159420,159420,2026-09-16 00:00:00,2026-09-17 00:00:00,Mobile,Paid,0
BILL820606,CUST10116,102455,102455,2026-07-12 00:00:00,2026-07-17 00:00:00,Mobile,Paid,0
BILL739212,CUST10141,352427,352427,2026-08-23 00:00:00,2026-08-25 00:00:00,Web,Paid,0
BILL799726,CUST10542,236444,236444,2026-07-15 00:00:00,2026-07-17 00:00:00,Mobile,Paid,0
BILL996513,CUST10184,307487,307487,2026-06-05 00:00:00,2026-06-06 00:00:00,API,Paid,0
BILL787586,CUST10464,127515,127515,2026-08-25 00:00:00,2026-08-30 00:00:00,API,Paid,0
BILL643195,CUST10480,105645,105645,2027-01-26 00:00:00,2027-01-30 00:00:00,Mobile,Paid,0
BILL300205,CUST10470,167619,167619,2026-09-19 00:00:00,2026-09-22 00:00:00,Web,Paid,0
BILL725802,CUST10325,220741,220741,2026-10-15 00:00:00,2026-10-16 00:00:00,Web,Paid,0
BILL912091,CUST10133,321466,321466,2026-12-24 00:00:00,2026-12-28 00:00:00,Web,Paid,0
BILL237436,CUST10309,395004,395004,2026-10-28 00:00:00,2026-10-29 00:00:00,Mobile,Paid,0
BILL977796,CUST10373,266015,266015,2026-10-17 00:00:00,2026-10-22 00:00:00,Web,Paid,0
BILL424287,CUST10564,309257,309257,2026-06-20 00:00:00,2026-06-25 00:00:00,Web,Paid,0
BILL605592,CUST10152,104595,104595,2026-06-10 00:00:00,2026-06-12 00:00:00,API,Paid,0
BILL309324,CUST10612,296808,296808,2026-09-17 00:00:00,2026-09-21 00:00:00,Web,Paid,0
BILL445342,CUST10072,168087,168087,2026-06-11 00:00:00,2026-06-14 00:00:00,Mobile,Paid,0
BILL461327,CUST10004,290789,290789,2026-08-08 00:00:00,2026-08-08 00:00:00,Mobile,Paid,0
BILL965182,CUST10406,256264,256264,2027-02-27 00:00:00,2027-02-27 00:00:00,API,Paid,0
BILL195282,CUST10406,256264,256264,2027-02-27 00:00:00,2027-02-27 00:01:00,API,Paid,0
BILL215215,CUST10406,256264,256264,2027-02-27 00:00:00,2027-02-27 00:02:00,API,Paid,0
BILL403193,CUST10489,207019,207019,2026-06-17 00:00:00,2026-06-19 00:00:00,Web,Paid,0
BILL890561,CUST10609,222054,222054,2026-08-21 00:00:00,2026-08-23 00:00:00,Web,Paid,0
BILL258367,CUST10463,122930,122930,2026-07-12 00:00:00,2026-07-13 00:00:00,Web,Paid,0
BILL399099,CUST10129,154112,154112,2026-05-07 00:00:00,2026-05-12 00:00:00,Web,Paid,0
BILL599701,CUST10606,122236,122236,2026-09-18 00:03:00,2026-09-22 00:03:00,Mobile,Paid,0
BILL982066,CUST10222,302556,302556,2026-11-29 00:00:00,2026-12-01 00:00:00,Web,Paid,0
BILL841410,CUST10207,347323,347323,2026-06-08 00:00:00,2026-06-07 00:00:00,Web,Paid,0
BILL152612,CUST10387,288975,288975,2027-01-17 00:00:00,2027-01-18 00:00:00,Mobile,Paid,0
BILL462099,CUST10135,318407,318407,2027-01-13 00:00:00,2027-01-16 00:00:00,Mobile,Paid,0
BILL387971,CUST10311,170587,170587,2026-07-23 00:00:00,2026-07-27 00:00:00,Mobile,Paid,0
BILL136704,CUST10136,140071,140071,2026-03-13 00:00:00,2026-03-17 00:00:00,Mobile,Paid,0
BILL444085,CUST10307,102038,99764,2026-07-11 00:00:00,2026-07-11 00:00:00,Mobile,Paid,0
BILL944735,CUST10338,214725,214725,2026-09-14 00:00:00,2026-09-16 00:00:00,Mobile,Paid,0
BILL202524,CUST10565,262025,82126,2026-06-16 00:00:00,2026-06-18 00:00:00,Web,Paid,0
BILL487002,CUST10077,181758,181758,2026-07-16 00:00:00,2026-07-21 00:00:00,Web,Paid,0
BILL174622,CUST10071,237224,237224,2027-01-03 00:00:00,2027-01-06 00:00:00,Web,Paid,0
BILL260342,CUST10009,375989,375989,2026-08-06 00:00:00,2026-08-11 00:00:00,Mobile,Paid,0
BILL803160,CUST10497,202976,202976,2026-05-05 00:00:00,2026-05-06 00:00:00,Mobile,Paid,0
BILL437735,CUST10615,228653,228653,2026-11-27 00:00:00,2026-11-28 00:00:00,Web,Paid,0
BILL289249,CUST10306,221146,221146,2027-01-08 00:00:00,2027-01-11 00:00:00,Mobile,Paid,0
BILL951013,CUST10174,340419,340419,2026-08-15 00:00:00,2026-08-20 00:00:00,Mobile,Paid,0
BILL821637,CUST10281,145537,145537,2026-08-28 00:00:00,2026-08-28 00:00:00,Web,Paid,0
BILL390312,CUST10259,161507,61041,2026-08-17 00:00:00,2026-08-19 00:00:00,Web,Paid,0
BILL305708,CUST10604,335897,335897,2027-01-30 00:00:00,2027-02-03 00:00:00,Web,Paid,0
BILL321226,CUST10475,126039,126039,2026-04-14 00:00:00,2026-04-14 00:00:00,Mobile,Paid,0
BILL396114,CUST10094,245816,245816,2026-08-17 00:00:00,2026-08-17 00:00:00,Mobile,Paid,0
BILL758427,CUST10076,374032,374032,2026-06-15 00:00:00,2026-06-15 00:00:00,Web,Paid,0
BILL150505,CUST10548,324309,324309,2026-10-23 00:00:00,2026-10-24 00:00:00,Web,Paid,0
BILL618890,CUST10465,350477,350477,2026-05-04 00:03:00,2026-05-09 00:03:00,Mobile,Paid,0
BILL907361,CUST10139,219961,219961,2026-10-20 00:00:00,2026-10-21 00:00:00,Mobile,Paid,0
BILL357342,CUST10200,172208,85213,2026-05-19 00:00:00,2026-05-24 00:00:00,Web,Paid,0
BILL129499,CUST10040,301677,290425,2026-06-15 00:00:00,2026-06-15 00:00:00,Mobile,Paid,0
BILL980366,CUST10417,265913,265913,2026-06-13 00:00:00,2026-06-13 00:00:00,API,Paid,0
BILL360455,CUST10417,265913,265913,2026-06-13 00:00:00,2026-06-13 00:01:00,API,Paid,0
BILL108764,CUST10417,265913,265913,2026-06-13 00:00:00,2026-06-13 00:02:00,API,Paid,0
BILL288826,CUST10407,317152,317152,2026-12-06 00:00:00,2026-12-10 00:00:00,Mobile,Paid,0
BILL210801,CUST10568,385619,385619,2026-06-19 00:00:00,2026-06-20 00:00:00,Web,Paid,0
BILL712366,CUST10500,194860,194860,2026-08-09 00:00:00,2026-08-09 00:00:00,Mobile,Paid,0
BILL100622,CUST10608,306417,306417,2026-10-15 00:00:00,2026-10-15 00:00:00,Web,Paid,0
BILL581622,CUST10474,169578,169578,2026-07-14 00:00:00,2026-07-15 00:00:00,Web,Paid,0
BILL728545,CUST10060,153034,153034,2026-06-21 00:00:00,2026-06-21 00:00:00,Web,Paid,0
BILL268407,CUST10094,245816,245816,2026-09-16 00:00:00,2026-09-17 00:00:00,Mobile,Paid,0
BILL147494,CUST10270,355476,355476,2026-04-14 00:00:00,2026-04-16 00:00:00,Web,Paid,0
BILL245718,CUST10524,389395,389395,2026-06-21 00:00:00,2026-06-21 00:00:00,Mobile,Paid,0
BILL118757,CUST10013,154503,154503,2026-06-17 00:00:00,2026-06-18 00:00:00,API,Paid,0
BILL707092,CUST10334,331403,331403,2026-07-08 00:00:00,2026-07-11 00:00:00,Web,Paid,0
BILL979388,CUST10358,125188,125188,2026-05-16 00:00:00,2026-05-18 00:00:00,Mobile,Paid,0
BILL267709,CUST10011,246971,246971,2026-08-04 00:00:00,2026-08-05 00:00:00,Web,Paid,0
BILL463820,CUST10298,252847,252847,2026-07-10 00:00:00,2026-07-15 00:00:00,Mobile,Paid,0
BILL898236,CUST10305,184444,184444,2026-05-06 00:00:00,2026-05-09 00:00:00,Web,Paid,0
BILL732833,CUST10435,240524,240524,2026-10-27 00:00:00,2026-10-30 00:00:00,API,Paid,0
BILL743237,CUST10394,290450,290450,2026-07-15 00:00:00,2026-07-17 00:00:00,Web,Paid,0
BILL796658,CUST10124,121582,121582,2026-04-08 00:00:00,2026-04-12 00:00:00,Web,Paid,0
BILL598206,CUST10439,250474,250474,2026-05-09 00:00:00,2026-05-11 00:00:00,Mobile,Paid,0
BILL317314,CUST10362,146134,146134,2026-08-15 00:00:00,2026-08-19 00:00:00,Mobile,Paid,0
BILL245205,CUST10337,169043,169043,2026-08-22 00:00:00,2026-08-25 00:00:00,Mobile,Paid,0
BILL533974,CUST10553,189749,189749,2026-04-13 00:00:00,2026-04-17 00:00:00,Mobile,Paid,0
BILL827411,CUST10218,286929,286929,2026-05-17 00:00:00,2026-05-21 00:00:00,API,Paid,0
BILL345274,CUST10017,248631,248631,2026-11-20 00:00:00,2026-11-25 00:00:00,API,Paid,0
BILL863146,CUST10211,136555,136555,2026-04-16 00:00:00,2026-04-17 00:00:00,Web,Paid,0
BILL378606,CUST10226,203978,203978,2026-11-22 00:00:00,2026-11-22 00:00:00,Web,Paid,0
BILL885622,CUST10026,141285,141285,2026-07-21 00:00:00,2026-07-24 00:00:00,Web,Paid,0
BILL415876,CUST10290,207210,204839,2026-05-11 00:00:00,2026-05-13 00:00:00,Mobile,Paid,0
BILL662311,CUST10394,290450,290450,2026-08-16 00:00:00,2026-08-19 00:00:00,Web,Paid,0
BILL545256,CUST10543,125974,125974,2026-09-13 00:00:00,2026-09-16 00:00:00,Web,Paid,0
BILL673250,CUST10435,240524,240524,2026-11-29 00:00:00,2026-12-02 00:00:00,Mobile,Paid,0
BILL351780,CUST10119,278581,278581,2026-10-11 00:02:00,2026-10-12 00:02:00,Mobile,Paid,0
BILL244514,CUST10121,363947,363947,2026-12-25 00:00:00,2026-12-25 00:00:00,Mobile,Paid,0
BILL155657,CUST10034,108235,108235,2026-10-16 00:00:00,2026-10-18 00:00:00,Mobile,Paid,0
BILL646674,CUST10529,334563,334563,2026-05-23 00:00:00,2026-05-27 00:00:00,Web,Paid,0
BILL959699,CUST10410,224918,224918,2026-12-24 00:00:00,2026-12-28 00:00:00,API,Paid,0
BILL438212,CUST10469,346728,346728,2026-07-20 00:00:00,2026-07-22 00:00:00,Mobile,Paid,0
BILL990823,CUST10289,398229,398229,2026-09-16 00:00:00,2026-09-21 00:00:00,Web,Paid,0
BILL510730,CUST10308,227871,227871,2026-07-18 00:00:00,2026-07-18 00:00:00,Mobile,Paid,1
BILL833027,CUST10479,264655,264655,2026-07-13 00:00:00,2026-07-18 00:00:00,Web,Paid,0
BILL600565,CUST10081,332441,332441,2026-07-23 00:00:00,2026-07-24 00:00:00,Mobile,Paid,0
BILL125643,CUST10040,301677,301677,2026-07-15 00:00:00,2026-07-16 00:00:00,Mobile,Paid,0
BILL126912,CUST10615,228653,228653,2026-12-28 00:00:00,2026-12-31 00:00:00,Web,Paid,0
BILL619441,CUST10602,301882,301882,2026-07-14 00:00:00,2026-07-17 00:00:00,API,Paid,0
BILL959580,CUST10135,318407,318407,2027-02-15 00:00:00,2027-02-18 00:00:00,Mobile,Paid,0
BILL969501,CUST10143,295085,295085,2026-12-26 00:00:00,2026-12-31 00:00:00,Web,Paid,0
BILL198003,CUST10462,296387,296387,2026-05-17 00:00:00,2026-05-19 00:00:00,Mobile,Paid,0
BILL444490,CUST10089,286667,286667,2026-04-12 00:00:00,2026-04-12 00:00:00,Web,Paid,0
BILL876498,CUST10065,108529,108529,2026-05-08 00:00:00,2026-05-13 00:00:00,Web,Paid,0
BILL372377,CUST10218,286929,286929,2026-06-20 00:00:00,2026-06-25 00:00:00,Mobile,Paid,0
BILL215413,CUST10130,263630,263630,2026-12-24 00:00:00,2026-12-29 00:00:00,Mobile,Paid,0
BILL939131,CUST10289,398229,398229,2026-10-21 00:00:00,2026-10-25 00:00:00,Web,Paid,0
BILL137191,CUST10423,319827,319827,2026-08-26 00:00:00,2026-08-26 00:00:00,Web,Paid,0
BILL348831,CUST10234,154405,154405,2026-04-12 00:00:00,2026-04-12 00:00:00,API,Paid,0
BILL100916,CUST10234,154405,154405,2026-04-12 00:00:00,2026-04-12 00:01:00,API,Paid,0
BILL255522,CUST10234,154405,154405,2026-04-12 00:00:00,2026-04-12 00:02:00,API,Paid,0
BILL886242,CUST10000,393969,393969,2027-01-26 00:00:00,2027-01-30 00:00:00,Web,Paid,0
BILL813880,CUST10296,145271,616261,2026-08-15 00:00:00,2026-08-19 00:00:00,API,Paid,0
BILL606555,CUST10089,286667,286667,2026-05-12 00:00:00,2026-05-12 00:00:00,API,Paid,0
BILL884620,CUST10367,217341,217341,2026-10-25 00:00:00,2026-10-28 00:00:00,Web,Paid,0
BILL765435,CUST10482,317106,317106,2027-01-20 00:00:00,2027-01-23 00:00:00,Web,Paid,0
BILL163952,CUST10282,242114,242114,2026-06-06 00:00:00,2026-06-08 00:00:00,Mobile,Paid,0
BILL240366,CUST10344,240657,240657,2026-07-09 00:00:00,2026-07-14 00:00:00,Web,Paid,0
BILL394026,CUST10147,193914,193914,2026-09-18 00:00:00,2026-09-21 00:00:00,Mobile,Paid,0
BILL500219,CUST10407,317152,317152,2027-01-09 00:00:00,2027-01-11 00:00:00,Mobile,Paid,0
BILL658565,CUST10538,389274,389274,2026-09-14 00:03:00,2026-09-15 00:03:00,Web,Paid,0
BILL815789,CUST10572,310423,310423,2026-09-20 00:00:00,2026-09-21 00:00:00,Web,Paid,0
BILL876581,CUST10016,207759,207759,2026-09-11 00:00:00,2026-09-16 00:00:00,Web,Paid,0
BILL926108,CUST10104,190483,198443,2026-05-12 00:00:00,2026-05-15 00:00:00,Mobile,Paid,0
BILL568628,CUST10164,224102,224102,2026-05-15 00:00:00,2026-05-19 00:00:00,API,Paid,0
BILL488779,CUST10241,282189,282189,2026-10-16 00:03:00,2026-10-16 00:03:00,Web,Paid,0
BILL306078,CUST10222,302556,302556,2026-12-31 00:00:00,2027-01-01 00:00:00,Web,Paid,0
BILL482067,CUST10280,247195,247195,2026-04-07 00:00:00,2026-04-07 00:00:00,Mobile,Paid,0
BILL409280,CUST10545,302966,302966,2026-05-23 00:00:00,2026-05-23 00:00:00,Web,Paid,0
BILL626437,CUST10403,274987,274987,2026-08-26 00:00:00,2026-08-31 00:00:00,Web,Paid,0
BILL529353,CUST10195,267270,267270,2026-08-09 00:00:00,2026-08-12 00:00:00,Mobile,Paid,0
BILL215269,CUST10356,128557,128557,2026-07-23 00:00:00,2026-07-24 00:00:00,Mobile,Paid,0
BILL693096,CUST10349,168829,168829,2026-12-22 00:03:00,2026-12-23 00:03:00,API,Paid,0
BILL650995,CUST10191,230963,230963,2026-07-13 00:00:00,2026-07-17 00:00:00,Mobile,Paid,0
BILL720007,CUST10220,319361,319361,2026-04-07 00:00:00,2026-04-10 00:00:00,Mobile,Paid,0
BILL113701,CUST10103,263167,263167,2026-07-15 00:00:00,2026-07-15 00:00:00,Mobile,Paid,0
BILL795960,CUST10510,148501,148501,2026-05-19 00:00:00,2026-05-22 00:00:00,Web,Paid,0
BILL771756,CUST10055,143097,143097,2026-04-03 00:00:00,2026-04-07 00:00:00,Web,Paid,0
BILL258501,CUST10259,161507,161507,2026-09-18 00:00:00,2026-09-20 00:00:00,Web,Paid,0
BILL711635,CUST10449,285445,285445,2027-02-25 00:00:00,2027-02-25 00:00:00,API,Paid,0
BILL991266,CUST10449,285445,285445,2027-02-25 00:00:00,2027-02-25 00:01:00,API,Paid,0
BILL915594,CUST10449,285445,285445,2027-02-25 00:00:00,2027-02-25 00:02:00,API,Paid,0
BILL541957,CUST10041,101371,101298,2026-09-24 00:00:00,2026-09-26 00:00:00,Web,Paid,0
BILL108660,CUST10470,167619,167619,2026-10-22 00:00:00,2026-10-24 00:00:00,Web,Paid,0
BILL697845,CUST10296,145271,145271,2026-09-18 00:00:00,2026-09-20 00:00:00,Mobile,Paid,0
BILL145254,CUST10449,285445,285445,2027-03-27 00:03:00,2027-04-01 00:03:00,Web,Paid,0
BILL194914,CUST10536,220011,220011,2026-09-12 00:02:00,2026-09-12 00:02:00,Web,Paid,0
BILL469173,CUST10067,385330,385330,2026-06-16 00:00:00,2026-06-21 00:00:00,Mobile,Paid,0
BILL120461,CUST10008,235370,235370,2027-02-08 00:00:00,2027-02-08 00:00:00,Web,Paid,0
BILL784389,CUST10048,286473,286473,2026-06-07 00:00:00,2026-06-07 00:00:00,Mobile,Paid,0
BILL169847,CUST10619,156874,156874,2026-09-26 00:00:00,2026-09-29 00:00:00,Mobile,Paid,0
BILL251592,CUST10210,395253,395253,2026-05-03 00:03:00,2026-05-07 00:03:00,Mobile,Paid,0
BILL264301,CUST10094,245816,245816,2026-10-17 00:00:00,2026-10-20 00:00:00,API,Paid,0
BILL230055,CUST10617,174690,174690,2026-04-16 00:00:00,2026-04-16 00:00:00,Mobile,Paid,0
BILL340102,CUST10515,239952,239952,2026-10-25 00:00:00,2026-10-26 00:00:00,Mobile,Paid,0
BILL678326,CUST10421,286502,286502,2026-10-23 00:03:00,2026-10-23 00:03:00,Mobile,Paid,0
BILL187325,CUST10369,307889,307889,2026-06-11 00:00:00,2026-06-11 00:00:00,Web,Paid,0
BILL100269,CUST10431,249946,249946,2026-04-08 00:00:00,2026-04-13 00:00:00,Mobile,Paid,0
BILL244682,CUST10556,375784,375784,2026-03-07 00:00:00,2026-03-11 00:00:00,Mobile,Paid,0
BILL775359,CUST10051,158243,158243,2026-08-22 00:00:00,2026-08-24 00:00:00,Mobile,Paid,0
BILL220447,CUST10513,326951,326951,2026-09-17 00:00:00,2026-09-17 00:00:00,Web,Paid,0
BILL763723,CUST10190,181924,181924,2026-04-11 00:00:00,2026-04-14 00:00:00,Web,Paid,0
BILL350725,CUST10058,220342,220342,2026-04-11 00:00:00,2026-04-13 00:00:00,Mobile,Paid,0
BILL396445,CUST10431,249946,249946,2026-05-13 00:00:00,2026-05-18 00:00:00,Mobile,Paid,0
BILL449236,CUST10454,215896,215896,2026-09-18 00:00:00,2026-09-22 00:00:00,Web,Paid,0
BILL122421,CUST10361,297495,308222,2026-12-21 00:00:00,2026-12-23 00:00:00,Web,Paid,0
BILL622452,CUST10303,116210,116210,2026-10-24 00:00:00,2026-10-23 00:00:00,Web,Paid,0
BILL839487,CUST10089,286667,286667,2026-06-11 00:00:00,2026-06-14 00:00:00,Web,Paid,0
BILL948610,CUST10084,150618,150618,2026-06-23 00:00:00,2026-06-23 00:00:00,Mobile,Paid,0
BILL490897,CUST10260,149695,149695,2026-08-18 00:03:00,2026-08-20 00:03:00,Web,Paid,0
BILL363299,CUST10297,269700,269700,2026-06-17 00:00:00,2026-06-21 00:00:00,Web,Paid,0
BILL926702,CUST10034,108235,108235,2026-11-17 00:00:00,2026-11-21 00:00:00,Mobile,Paid,0
BILL804643,CUST10427,247973,247973,2026-03-12 00:00:00,2026-03-13 00:00:00,Web,Paid,0
BILL206841,CUST10587,271806,271806,2026-03-06 00:00:00,2026-03-07 00:00:00,Web,Paid,0
BILL349425,CUST10136,140071,140071,2026-04-16 00:00:00,2026-04-18 00:00:00,Mobile,Paid,0
BILL772628,CUST10198,372200,372200,2026-08-23 00:00:00,2026-08-23 00:00:00,Mobile,Paid,0
BILL831455,CUST10613,332566,332566,2026-05-10 00:00:00,2026-05-12 00:00:00,Mobile,Paid,0
BILL626769,CUST10276,213867,213867,2026-06-09 00:02:00,2026-06-09 00:02:00,Mobile,Paid,0
BILL252068,CUST10269,293166,293166,2026-10-26 00:00:00,2026-10-27 00:00:00,Web,Paid,0
BILL362702,CUST10490,308508,308508,2026-08-21 00:00:00,2026-08-26 00:00:00,Mobile,Paid,0
BILL568270,CUST10526,151663,151663,2026-09-13 00:00:00,2026-09-15 00:00:00,Mobile,Paid,0
BILL200357,CUST10055,143097,143097,2026-05-07 00:00:00,2026-05-11 00:00:00,Web,Paid,0
BILL716910,CUST10424,225010,225010,2026-11-19 00:00:00,2026-11-23 00:00:00,Mobile,Paid,0
BILL355863,CUST10404,362092,362092,2026-08-13 00:03:00,2026-08-15 00:03:00,Web,Paid,0
BILL765001,CUST10529,334563,334563,2026-06-26 00:00:00,2026-06-30 00:00:00,Web,Paid,0
BILL852890,CUST10317,393733,393733,2026-08-19 00:00:00,2026-08-22 00:00:00,Mobile,Paid,0
BILL192875,CUST10391,398193,398193,2026-08-15 00:00:00,2026-08-17 00:00:00,Mobile,Paid,0
BILL872071,CUST10483,235433,235433,2026-02-06 00:00:00,2026-02-06 00:00:00,Mobile,Paid,0
BILL440385,CUST10391,398193,398193,2026-09-16 00:00:00,2026-09-20 00:00:00,API,Paid,0
BILL676140,CUST10044,169553,169553,2026-05-13 00:00:00,2026-05-13 00:00:00,Web,Paid,0
BILL171542,CUST10406,256264,256264,2027-03-29 00:03:00,2027-03-29 00:03:00,Web,Paid,0
BILL231984,CUST10209,158617,158617,2026-12-08 00:00:00,2026-12-12 00:00:00,Mobile,Paid,0
BILL937794,CUST10427,247973,247973,2026-04-12 00:00:00,2026-04-15 00:00:00,Web,Paid,0
BILL335056,CUST10506,110402,110402,2026-06-17 00:00:00,2026-06-18 00:00:00,Mobile,Paid,0
BILL660261,CUST10456,297942,297942,2026-07-25 00:00:00,2026-07-29 00:00:00,Mobile,Paid,0
BILL142701,CUST10443,351740,351740,2026-08-10 00:00:00,2026-08-15 00:00:00,Web,Paid,0
BILL421038,CUST10610,166415,166415,2026-07-07 00:03:00,2026-07-09 00:03:00,Web,Paid,0
BILL507950,CUST10491,217446,72053,2026-10-15 00:00:00,2026-10-18 00:00:00,Mobile,Paid,0
BILL467077,CUST10109,373800,373800,2026-06-16 00:00:00,2026-06-20 00:00:00,Web,Paid,0
BILL398914,CUST10134,366610,366610,2026-07-23 00:00:00,2026-07-23 00:00:00,Web,Paid,0
BILL984700,CUST10505,257908,257908,2026-10-19 00:00:00,2026-10-21 00:00:00,Web,Paid,0
BILL747541,CUST10464,127515,127515,2026-09-29 00:00:00,2026-10-02 00:00:00,Mobile,Paid,0
BILL994631,CUST10316,324947,324947,2026-09-26 00:00:00,2026-09-30 00:00:00,Mobile,Paid,0
BILL171698,CUST10130,263630,263630,2027-01-28 00:00:00,2027-01-29 00:00:00,Mobile,Paid,0
BILL260703,CUST10483,235433,235433,2026-03-08 00:00:00,2026-03-09 00:00:00,Mobile,Paid,0
BILL457424,CUST10454,215896,215896,2026-10-22 00:00:00,2026-10-24 00:00:00,Web,Paid,0
BILL819590,CUST10375,145501,145501,2026-07-21 00:00:00,2026-07-25 00:00:00,Mobile,Paid,0
BILL574141,CUST10084,150618,150618,2026-07-23 00:00:00,2026-07-23 00:00:00,Mobile,Paid,0
BILL182834,CUST10067,385330,385330,2026-07-21 00:00:00,2026-07-22 00:00:00,Mobile,Paid,0
BILL927270,CUST10298,252847,252847,2026-08-14 00:00:00,2026-08-15 00:00:00,Mobile,Paid,0
BILL604843,CUST10066,362601,362601,2026-08-14 00:00:00,2026-08-19 00:00:00,Web,Paid,0
BILL819456,CUST10447,214704,214704,2026-10-29 00:00:00,2026-10-29 00:00:00,Web,Paid,0
BILL554437,CUST10239,115461,115461,2026-07-22 00:00:00,2026-07-24 00:00:00,Web,Paid,0
BILL560881,CUST10479,264655,264655,2026-08-17 00:00:00,2026-08-18 00:00:00,API,Paid,0
BILL657277,CUST10234,154405,154405,2026-05-12 00:03:00,2026-05-12 00:03:00,API,Paid,0
BILL225916,CUST10544,237131,237131,2026-05-11 00:00:00,2026-05-15 00:00:00,Mobile,Paid,0
BILL633497,CUST10411,149767,149767,2026-06-16 00:00:00,2026-06-18 00:00:00,Web,Paid,0
BILL441569,CUST10599,330929,330929,2026-06-18 00:00:00,2026-06-18 00:00:00,Mobile,Paid,0
BILL520985,CUST10555,138509,138509,2026-04-16 00:00:00,2026-04-18 00:00:00,API,Paid,0
BILL498469,CUST10502,327978,327978,2026-09-25 00:00:00,2026-09-25 00:00:00,API,Paid,0
BILL383485,CUST10087,215985,215985,2026-06-10 00:00:00,2026-06-12 00:00:00,Web,Paid,0
BILL845113,CUST10495,342600,342600,2026-07-18 00:00:00,2026-07-22 00:00:00,Web,Paid,0
BILL121012,CUST10264,192558,192558,2026-07-10 00:00:00,2026-07-10 00:00:00,Web,Paid,0
BILL232612,CUST10590,338082,338082,2026-08-11 00:00:00,2026-08-11 00:00:00,Web,Paid,0
BILL444766,CUST10429,143790,143790,2026-05-06 00:00:00,2026-05-08 00:00:00,Mobile,Paid,0
BILL725516,CUST10197,240006,240006,2026-06-11 00:00:00,2026-06-13 00:00:00,Mobile,Paid,0
BILL647772,CUST10218,286929,286929,2026-07-25 00:00:00,2026-07-27 00:00:00,Mobile,Paid,0
BILL735615,CUST10201,142456,142456,2026-06-21 00:00:00,2026-06-22 00:00:00,Web,Paid,0
BILL636093,CUST10445,268121,268121,2026-06-15 00:00:00,2026-06-20 00:00:00,Web,Paid,0
BILL931356,CUST10582,399188,399188,2026-07-10 00:00:00,2026-07-12 00:00:00,Mobile,Paid,0
BILL884563,CUST10565,262025,262025,2026-07-18 00:00:00,2026-07-22 00:00:00,Web,Paid,0
BILL522023,CUST10304,131699,131699,2026-09-10 00:00:00,2026-09-11 00:00:00,Web,Paid,0
BILL137863,CUST10204,212495,212495,2026-05-11 00:00:00,2026-05-11 00:00:00,Web,Paid,0
BILL991104,CUST10399,273643,273643,2026-09-14 00:00:00,2026-09-16 00:00:00,Web,Paid,0
BILL435646,CUST10389,232085,232085,2026-12-27 00:00:00,2026-12-31 00:00:00,Web,Paid,0
BILL422007,CUST10505,257908,257908,2026-11-20 00:00:00,2026-11-22 00:00:00,Web,Paid,0
BILL596432,CUST10359,265900,265900,2026-06-15 00:00:00,2026-06-15 00:00:00,Web,Paid,1
BILL334143,CUST10480,105645,105645,2027-03-01 00:00:00,2027-03-06 00:00:00,Mobile,Paid,0
BILL596874,CUST10553,189749,189749,2026-05-17 00:00:00,2026-05-21 00:00:00,Mobile,Paid,0
BILL418164,CUST10325,220741,220741,2026-11-15 00:00:00,2026-11-20 00:00:00,Web,Paid,0
BILL386256,CUST10598,175972,175972,2026-07-21 00:00:00,2026-07-23 00:00:00,Web,Paid,0
BILL816221,CUST10296,145271,145314,2026-10-20 00:00:00,2026-10-20 00:00:00,API,Paid,0
BILL642546,CUST10080,197104,197104,2026-07-12 00:00:00,2026-07-12 00:00:00,Mobile,Paid,0
BILL531576,CUST10437,176170,176170,2026-12-31 00:00:00,2027-01-03 00:00:00,Web,Paid,0
BILL646546,CUST10434,222596,222596,2026-10-24 00:00:00,2026-10-26 00:00:00,Mobile,Paid,0
BILL850134,CUST10269,293166,293166,2026-11-26 00:00:00,2026-12-01 00:00:00,Web,Paid,0
BILL985560,CUST10231,107632,107632,2026-03-06 00:00:00,2026-03-10 00:00:00,Mobile,Paid,0
BILL627000,CUST10588,279935,279935,2026-07-07 00:00:00,2026-07-11 00:00:00,Mobile,Paid,0
BILL345749,CUST10240,178367,178367,2026-07-16 00:03:00,2026-07-17 00:03:00,Web,Paid,0
BILL572715,CUST10195,267270,267270,2026-09-11 00:00:00,2026-09-14 00:00:00,Mobile,Paid,0
BILL796091,CUST10559,119656,119656,2026-07-18 00:00:00,2026-07-23 00:00:00,Mobile,Paid,0
BILL776888,CUST10398,332324,332324,2026-11-12 00:00:00,2026-11-17 00:00:00,API,Paid,0
BILL564424,CUST10075,282116,282116,2026-07-15 00:00:00,2026-07-14 00:00:00,Web,Paid,0
BILL399844,CUST10446,332242,332242,2026-07-11 00:00:00,2026-07-13 00:00:00,API,Paid,0
BILL212691,CUST10444,299032,299032,2026-07-19 00:00:00,2026-07-23 00:00:00,API,Paid,0
BILL470831,CUST10251,198303,198303,2026-05-16 00:00:00,2026-05-20 00:00:00,Mobile,Paid,0
BILL143685,CUST10611,384518,384518,2026-05-09 00:00:00,2026-05-11 00:00:00,Web,Paid,0
BILL384919,CUST10473,142062,142062,2026-08-17 00:00:00,2026-08-21 00:00:00,Mobile,Paid,0
BILL724777,CUST10093,167091,167091,2026-04-09 00:00:00,2026-04-13 00:00:00,Web,Paid,0
BILL850198,CUST10581,319058,319058,2026-11-27 00:00:00,2026-12-01 00:00:00,Mobile,Paid,0
BILL326427,CUST10479,264655,264655,2026-09-17 00:00:00,2026-09-17 00:00:00,Web,Paid,1
BILL665890,CUST10413,298647,298647,2026-08-21 00:00:00,2026-08-25 00:00:00,Web,Paid,0
BILL127166,CUST10066,362601,362601,2026-09-18 00:00:00,2026-09-23 00:00:00,API,Paid,0
BILL943336,CUST10155,387650,387650,2026-11-18 00:00:00,2026-11-20 00:00:00,Mobile,Paid,0
BILL547539,CUST10248,211923,211923,2026-05-16 00:00:00,2026-05-18 00:00:00,Mobile,Paid,0
BILL630290,CUST10359,265900,265900,2026-07-15 00:00:00,2026-07-17 00:00:00,Web,Paid,0
BILL253074,CUST10428,223714,223714,2026-04-10 00:00:00,2026-04-11 00:00:00,Web,Paid,0
BILL966171,CUST10321,259198,259198,2026-07-11 00:00:00,2026-07-12 00:00:00,Web,Paid,0
BILL920260,CUST10025,333506,333506,2026-09-19 00:00:00,2026-09-20 00:00:00,Web,Paid,0
BILL577946,CUST10076,374032,374032,2026-07-15 00:00:00,2026-07-15 00:00:00,Web,Paid,0
BILL501550,CUST10135,318407,318407,2027-03-20 00:00:00,2027-03-20 00:00:00,Mobile,Paid,0
BILL197394,CUST10160,399481,399481,2026-02-01 00:00:00,2026-02-01 00:00:00,Web,Paid,0
BILL635432,CUST10232,250541,250541,2026-04-12 00:00:00,2026-04-13 00:00:00,Mobile,Paid,0
BILL691717,CUST10511,361457,361457,2026-10-25 00:00:00,2026-10-30 00:00:00,Mobile,Paid,0
BILL463118,CUST10437,176170,176170,2027-02-02 00:00:00,2027-02-03 00:00:00,Web,Paid,0
BILL733943,CUST10611,384518,384518,2026-06-10 00:00:00,2026-06-09 00:00:00,API,Paid,0
BILL696978,CUST10284,295311,295311,2026-09-23 00:00:00,2026-09-23 00:00:00,Web,Paid,0
BILL620036,CUST10330,341313,341313,2027-01-26 00:00:00,2027-01-29 00:00:00,Mobile,Paid,0
BILL177549,CUST10232,250541,250541,2026-05-13 00:00:00,2026-05-15 00:00:00,Mobile,Paid,0
BILL740978,CUST10226,203978,203978,2026-12-22 00:00:00,2026-12-25 00:00:00,Web,Paid,0
BILL924234,CUST10142,103897,103897,2026-09-19 00:02:00,2026-09-23 00:02:00,Web,Paid,0
BILL730465,CUST10532,229729,229729,2026-09-21 00:00:00,2026-09-21 00:00:00,Mobile,Paid,0
BILL161655,CUST10189,310340,310340,2026-05-12 00:00:00,2026-05-13 00:00:00,Mobile,Paid,0
BILL455560,CUST10199,298717,298717,2026-10-28 00:00:00,2026-10-28 00:00:00,Mobile,Paid,0
BILL156823,CUST10224,304571,304571,2026-11-24 00:00:00,2026-11-27 00:00:00,Mobile,Paid,0
BILL303319,CUST10510,148501,148501,2026-06-21 00:00:00,2026-06-25 00:00:00,Web,Paid,0
BILL936693,CUST10448,114297,114297,2026-08-26 00:00:00,2026-08-28 00:00:00,Web,Paid,0
BILL617188,CUST10403,274987,274987,2026-09-30 00:00:00,2026-10-05 00:00:00,Web,Paid,0
BILL649144,CUST10368,133379,133379,2026-06-13 00:00:00,2026-06-13 00:00:00,Web,Paid,0
BILL177608,CUST10235,396186,396186,2026-09-17 00:00:00,2026-09-17 00:00:00,Mobile,Paid,0
BILL450664,CUST10403,274987,274987,2026-11-04 00:00:00,2026-11-07 00:00:00,Web,Paid,0
BILL336277,CUST10192,166878,166878,2026-07-17 00:00:00,2026-07-17 00:00:00,Mobile,Paid,0
BILL149051,CUST10021,307019,307019,2026-05-22 00:00:00,2026-05-26 00:00:00,API,Paid,1
BILL838595,CUST10589,243034,243034,2026-05-10 00:00:00,2026-05-12 00:00:00,Mobile,Paid,0
BILL353485,CUST10383,346266,346266,2026-11-23 00:00:00,2026-11-25 00:00:00,Web,Paid,0
BILL281386,CUST10134,366610,366610,2026-08-22 00:00:00,2026-08-23 00:00:00,Web,Paid,0
BILL955723,CUST10504,354532,354532,2026-04-07 00:00:00,2026-04-09 00:00:00,Web,Paid,0
BILL367307,CUST10537,313828,313828,2026-07-19 00:00:00,2026-07-21 00:00:00,Mobile,Paid,0
BILL167073,CUST10087,215985,215985,2026-07-12 00:00:00,2026-07-12 00:00:00,Web,Paid,0
BILL334555,CUST10312,385962,385962,2026-07-19 00:00:00,2026-07-20 00:00:00,Mobile,Paid,0
BILL607159,CUST10033,192674,192674,2026-10-19 00:00:00,2026-10-24 00:00:00,Mobile,Paid,0
BILL841774,CUST10039,204115,204115,2026-05-11 00:00:00,2026-05-16 00:00:00,Mobile,Paid,0
BILL375972,CUST10258,198716,198716,2026-08-19 00:00:00,2026-08-20 00:00:00,Web,Paid,0
BILL753578,CUST10252,396619,396619,2026-08-20 00:00:00,2026-08-20 00:00:00,API,Paid,0
BILL200012,CUST10252,396619,396619,2026-08-20 00:00:00,2026-08-20 00:01:00,API,Paid,0
BILL190297,CUST10252,396619,396619,2026-08-20 00:00:00,2026-08-20 00:02:00,API,Paid,0
BILL474226,CUST10028,233088,233088,2027-01-03 00:03:00,2027-01-07 00:03:00,Web,Paid,0
BILL206074,CUST10440,385257,385257,2026-05-14 00:00:00,2026-05-14 00:00:00,Mobile,Paid,0
BILL894835,CUST10481,287879,287879,2026-05-13 00:00:00,2026-05-13 00:00:00,Mobile,Paid,0
BILL472714,CUST10375,145501,145501,2026-08-24 00:00:00,2026-08-24 00:00:00,Mobile,Paid,0
BILL305906,CUST10033,192674,192674,2026-11-23 00:00:00,2026-11-27 00:00:00,Mobile,Paid,0
BILL833423,CUST10067,385330,385330,2026-08-21 00:00:00,2026-08-23 00:00:00,Mobile,Paid,0
BILL554337,CUST10376,370526,370526,2026-07-19 00:00:00,2026-07-20 00:00:00,Web,Paid,0
BILL800418,CUST10080,197104,200623,2026-08-11 00:00:00,2026-08-14 00:00:00,Mobile,Paid,0
BILL340274,CUST10444,299032,299032,2026-08-22 00:00:00,2026-08-22 00:00:00,Web,Paid,0
BILL213991,CUST10449,285445,285445,2027-05-01 00:03:00,2027-05-04 00:03:00,Web,Paid,0
BILL235103,CUST10420,223380,215795,2026-06-19 00:02:00,2026-06-24 00:02:00,Mobile,Paid,0
BILL349853,CUST10239,115461,115461,2026-08-23 00:00:00,2026-08-23 00:00:00,Web,Paid,0
BILL883920,CUST10234,154405,154405,2026-06-11 00:03:00,2026-06-12 00:03:00,Mobile,Paid,0
BILL883479,CUST10321,259198,259198,2026-08-11 00:00:00,2026-08-15 00:00:00,Web,Paid,0
BILL644240,CUST10455,395476,395476,2026-06-16 00:00:00,2026-06-17 00:00:00,Web,Paid,0
BILL916361,CUST10118,311847,311847,2026-07-15 00:00:00,2026-07-16 00:00:00,Web,Paid,0
BILL559037,CUST10217,259957,259957,2026-04-12 00:00:00,2026-04-15 00:00:00,Web,Paid,0
BILL977531,CUST10339,166164,166164,2026-07-17 00:00:00,2026-07-19 00:00:00,Mobile,Paid,0
BILL516657,CUST10487,343510,343510,2026-09-17 00:00:00,2026-09-19 00:00:00,Web,Paid,0
BILL631679,CUST10024,252646,252646,2026-10-17 00:00:00,2026-10-18 00:00:00,Web,Paid,0
BILL310502,CUST10140,178769,178769,2026-08-01 00:00:00,2026-08-02 00:00:00,API,Paid,0
BILL247391,CUST10216,221501,221501,2026-05-16 00:00:00,2026-05-17 00:00:00,Web,Paid,0
BILL852405,CUST10078,117102,117102,2026-06-13 00:00:00,2026-06-16 00:00:00,Mobile,Paid,0
BILL503344,CUST10525,278327,267531,2026-07-19 00:00:00,2026-07-23 00:00:00,Mobile,Paid,0
BILL328116,CUST10166,363350,363350,2026-09-21 00:00:00,2026-09-24 00:00:00,Web,Paid,0
BILL356596,CUST10381,173810,173810,2026-04-13 00:00:00,2026-04-14 00:00:00,Web,Paid,0
BILL144887,CUST10318,217679,217679,2026-07-24 00:00:00,2026-07-24 00:00:00,Web,Paid,0
BILL174688,CUST10324,159805,159805,2026-08-24 00:03:00,2026-08-29 00:03:00,Web,Paid,0
BILL942003,CUST10367,217341,217341,2026-11-27 00:00:00,2026-11-29 00:00:00,Web,Paid,0
BILL799773,CUST10362,146134,146134,2026-09-18 00:00:00,2026-09-20 00:00:00,Mobile,Paid,0
BILL878207,CUST10190,181924,854354,2026-05-14 00:00:00,2026-05-17 00:00:00,Web,Paid,0
BILL746638,CUST10039,204115,204115,2026-06-15 00:00:00,2026-06-18 00:00:00,API,Paid,0
BILL769373,CUST10521,102928,102928,2026-04-07 00:00:00,2026-04-12 00:00:00,Web,Paid,0
BILL245614,CUST10433,352026,352026,2026-08-17 00:00:00,2026-08-19 00:00:00,Web,Paid,0
BILL921294,CUST10259,161507,161507,2026-10-20 00:00:00,2026-10-23 00:00:00,Web,Paid,0
BILL482338,CUST10013,154503,159304,2026-07-18 00:00:00,2026-07-21 00:00:00,Mobile,Paid,0
BILL805558,CUST10471,365335,365335,2026-06-11 00:00:00,2026-06-15 00:00:00,Mobile,Paid,0
BILL174465,CUST10514,228952,228952,2026-09-11 00:00:00,2026-09-15 00:00:00,Web,Paid,0
BILL822269,CUST10008,235370,235370,2027-03-10 00:00:00,2027-03-10 00:00:00,Web,Paid,0
BILL842908,CUST10023,275833,275833,2026-05-19 00:00:00,2026-05-24 00:00:00,Mobile,Paid,0
BILL522932,CUST10039,204115,204115,2026-07-18 00:00:00,2026-07-23 00:00:00,Mobile,Paid,0
BILL259941,CUST10258,198716,198716,2026-09-19 00:00:00,2026-09-23 00:00:00,Web,Paid,0
BILL376611,CUST10586,278588,278588,2026-08-17 00:00:00,2026-08-22 00:00:00,Mobile,Paid,0
BILL162767,CUST10259,161507,161507,2026-11-22 00:00:00,2026-11-26 00:00:00,API,Paid,0
BILL998298,CUST10233,357934,357934,2026-08-15 00:00:00,2026-08-19 00:00:00,Web,Paid,0
BILL364216,CUST10398,332324,332324,2026-12-17 00:00:00,2026-12-19 00:00:00,Mobile,Paid,0
BILL156282,CUST10027,172429,172429,2026-04-06 00:00:00,2026-04-11 00:00:00,Mobile,Paid,0
BILL754868,CUST10011,246971,246971,2026-09-04 00:00:00,2026-09-08 00:00:00,Web,Paid,0
BILL792028,CUST10486,205954,205954,2027-03-07 00:02:00,2027-03-08 00:02:00,Mobile,Paid,0
BILL829751,CUST10190,181924,181924,2026-06-16 00:00:00,2026-06-19 00:00:00,Web,Paid,0
BILL522598,CUST10618,170930,170930,2026-07-19 00:00:00,2026-07-20 00:00:00,Web,Paid,0
BILL375297,CUST10009,375989,375989,2026-09-10 00:00:00,2026-09-11 00:00:00,Mobile,Paid,0
BILL815534,CUST10452,181594,181594,2026-12-01 00:02:00,2026-12-05 00:02:00,Web,Paid,0
BILL366761,CUST10426,269834,269834,2026-08-05 00:00:00,2026-08-05 00:00:00,Web,Paid,0
BILL439888,CUST10363,390051,390051,2026-05-14 00:00:00,2026-05-15 00:00:00,Web,Paid,0
BILL992802,CUST10311,170587,170587,2026-08-26 00:00:00,2026-08-29 00:00:00,Mobile,Paid,0
BILL942547,CUST10113,287414,287414,2026-05-14 00:00:00,2026-05-16 00:00:00,Web,Paid,0
BILL258204,CUST10535,231038,231038,2026-09-22 00:00:00,2026-09-22 00:00:00,Mobile,Paid,0
BILL851914,CUST10425,254546,254546,2026-09-08 00:00:00,2026-09-12 00:00:00,Web,Paid,0
BILL944658,CUST10093,167091,167091,2026-05-13 00:00:00,2026-05-15 00:00:00,Web,Paid,0
BILL174193,CUST10200,172208,172208,2026-06-23 00:00:00,2026-06-25 00:00:00,API,Paid,0
BILL647004,CUST10510,148501,148501,2026-07-25 00:00:00,2026-07-29 00:00:00,Web,Paid,0
BILL455976,CUST10258,198716,134723,2026-10-23 00:00:00,2026-10-24 00:00:00,Web,Paid,0
BILL794616,CUST10404,362092,362092,2026-09-14 00:03:00,2026-09-14 00:03:00,Web,Paid,0
BILL364072,CUST10019,290331,290331,2026-09-29 00:00:00,2026-10-01 00:00:00,Mobile,Paid,0
BILL371108,CUST10377,248037,248037,2026-08-18 00:00:00,2026-08-19 00:00:00,Mobile,Paid,0
BILL385047,CUST10386,196578,196578,2026-09-26 00:02:00,2026-09-30 00:02:00,Web,Paid,0
BILL224983,CUST10338,214725,214725,2026-10-16 00:00:00,2026-10-16 00:00:00,API,Paid,0
BILL380256,CUST10137,312474,312474,2026-11-26 00:00:00,2026-11-26 00:00:00,API,Paid,0
BILL350543,CUST10137,312474,312474,2026-11-26 00:00:00,2026-11-26 00:01:00,API,Paid,0
BILL542152,CUST10137,312474,312474,2026-11-26 00:00:00,2026-11-26 00:02:00,API,Paid,0
BILL992888,CUST10261,192948,192948,2026-08-16 00:00:00,2026-08-16 00:00:00,Mobile,Paid,0
BILL825592,CUST10446,332242,332242,2026-08-12 00:00:00,2026-08-15 00:00:00,Web,Paid,0
BILL628311,CUST10320,224248,224248,2026-09-21 00:00:00,2026-09-23 00:00:00,Web,Paid,0
BILL537535,CUST10560,304731,304731,2026-06-18 00:00:00,2026-06-21 00:00:00,Web,Paid,0
BILL817164,CUST10068,364147,364147,2026-08-18 00:00:00,2026-08-21 00:00:00,Web,Paid,0
BILL852403,CUST10540,380305,380305,2026-10-22 00:00:00,2026-10-25 00:00:00,Web,Paid,0
BILL868103,CUST10060,153034,153034,2026-07-21 00:00:00,2026-07-21 00:00:00,Web,Paid,0
BILL800962,CUST10315,135973,135973,2026-10-14 00:00:00,2026-10-14 00:00:00,Web,Paid,0
BILL125705,CUST10550,272473,272473,2026-10-26 00:00:00,2026-10-31 00:00:00,Web,Paid,0
BILL852113,CUST10287,337070,337070,2026-07-15 00:00:00,2026-07-19 00:00:00,Web,Paid,0
BILL237335,CUST10577,390170,390170,2027-02-23 00:00:00,2027-02-28 00:00:00,Web,Paid,0
BILL343757,CUST10226,203978,203978,2027-01-24 00:00:00,2027-01-28 00:00:00,Web,Paid,0
BILL174584,CUST10363,390051,390051,2026-06-14 00:00:00,2026-06-18 00:00:00,Web,Paid,0
BILL846400,CUST10058,220342,220342,2026-05-13 00:00:00,2026-05-13 00:00:00,Mobile,Paid,0
BILL698807,CUST10618,170930,111301,2026-08-19 00:00:00,2026-08-23 00:00:00,Web,Paid,0
BILL127825,CUST10453,138926,138926,2026-05-17 00:00:00,2026-05-19 00:00:00,Web,Paid,0
BILL532115,CUST10498,335312,335312,2026-09-19 00:00:00,2026-09-21 00:00:00,Mobile,Paid,0
BILL403919,CUST10291,161087,161087,2026-07-14 00:00:00,2026-07-18 00:00:00,API,Paid,0
BILL169452,CUST10006,282203,282203,2026-11-25 00:03:00,2026-11-27 00:03:00,Mobile,Paid,0
BILL461228,CUST10571,308834,308834,2026-10-20 00:00:00,2026-10-25 00:00:00,API,Paid,0
BILL901287,CUST10314,104406,104406,2026-11-24 00:00:00,2026-11-27 00:00:00,Mobile,Paid,0
BILL191648,CUST10383,346266,346266,2026-12-25 00:00:00,2026-12-28 00:00:00,API,Paid,0
BILL770767,CUST10085,211430,116812,2026-05-10 00:00:00,2026-05-13 00:00:00,Mobile,Paid,0
BILL130716,CUST10394,290450,290450,2026-09-18 00:00:00,2026-09-23 00:00:00,Web,Paid,1
BILL215275,CUST10232,250541,250541,2026-06-14 00:00:00,2026-06-15 00:00:00,Mobile,Paid,0
BILL858174,CUST10060,153034,153034,2026-08-20 00:00:00,2026-08-25 00:00:00,Web,Paid,0
BILL101626,CUST10429,143790,143790,2026-06-07 00:00:00,2026-06-11 00:00:00,Mobile,Paid,0
BILL367773,CUST10493,105706,105706,2026-07-16 00:00:00,2026-07-20 00:00:00,Web,Paid,0
BILL529706,CUST10013,154503,154503,2026-08-20 00:00:00,2026-08-24 00:00:00,Mobile,Paid,0
BILL478680,CUST10195,267270,267270,2026-10-14 00:00:00,2026-10-15 00:00:00,Mobile,Paid,0
BILL751009,CUST10120,190853,190853,2026-06-20 00:00:00,2026-06-21 00:00:00,Mobile,Paid,0
BILL225898,CUST10478,236492,236492,2026-07-18 00:00:00,2026-07-22 00:00:00,Web,Paid,0
BILL667272,CUST10066,362601,362601,2026-10-23 00:00:00,2026-10-24 00:00:00,API,Paid,0
BILL372474,CUST10418,114272,114272,2026-10-16 00:00:00,2026-10-19 00:00:00,Web,Paid,0
BILL342704,CUST10008,235370,235370,2027-04-09 00:00:00,2027-04-14 00:00:00,Web,Paid,0
BILL135116,CUST10417,265913,265913,2026-07-13 00:03:00,2026-07-13 00:03:00,API,Paid,0
BILL898595,CUST10417,265913,265913,2026-07-13 00:03:00,2026-07-13 00:04:00,API,Paid,0
BILL408078,CUST10383,346266,346266,2027-01-27 00:00:00,2027-01-27 00:00:00,Web,Paid,0
BILL955324,CUST10448,114297,114297,2026-09-27 00:00:00,2026-10-01 00:00:00,Web,Paid,0
BILL602168,CUST10342,134818,134818,2026-07-23 00:00:00,2026-07-28 00:00:00,Web,Paid,0
BILL808278,CUST10062,312378,312378,2026-07-16 00:00:00,2026-07-17 00:00:00,Mobile,Paid,0
BILL354605,CUST10588,279935,279935,2026-08-10 00:00:00,2026-08-11 00:00:00,Mobile,Paid,0
BILL346189,CUST10337,169043,169043,2026-09-24 00:00:00,2026-09-29 00:00:00,API,Paid,0
BILL214216,CUST10537,313828,313828,2026-08-20 00:00:00,2026-08-23 00:00:00,API,Paid,0
BILL512923,CUST10478,236492,236492,2026-08-21 00:00:00,2026-08-24 00:00:00,Web,Paid,0
BILL921469,CUST10025,333506,333506,2026-10-20 00:00:00,2026-10-22 00:00:00,Web,Paid,0
BILL677419,CUST10309,395004,395004,2026-11-28 00:00:00,2026-11-30 00:00:00,Mobile,Paid,0
BILL165326,CUST10072,168087,168087,2026-07-14 00:00:00,2026-07-16 00:00:00,Mobile,Paid,0
BILL868504,CUST10531,369226,369226,2026-05-17 00:00:00,2026-05-22 00:00:00,API,Paid,0
BILL383559,CUST10595,388505,388505,2026-09-10 00:00:00,2026-09-10 00:00:00,Mobile,Paid,0
BILL785922,CUST10244,360335,360335,2026-09-29 00:00:00,2026-10-03 00:00:00,Mobile,Paid,0
BILL213433,CUST10609,222054,222054,2026-09-22 00:00:00,2026-09-26 00:00:00,Web,Paid,0
BILL978961,CUST10429,143790,143790,2026-07-11 00:00:00,2026-07-14 00:00:00,Mobile,Paid,0
BILL227287,CUST10130,263630,263630,2027-02-28 00:00:00,2027-03-05 00:00:00,Mobile,Paid,0
BILL655480,CUST10323,349794,349794,2026-08-16 00:00:00,2026-08-16 00:00:00,Mobile,Paid,0
BILL453282,CUST10607,195355,195355,2027-01-15 00:00:00,2027-01-20 00:00:00,Web,Paid,0
BILL179890,CUST10080,197104,197104,2026-09-13 00:00:00,2026-09-17 00:00:00,API,Paid,0
BILL920974,CUST10247,395778,395778,2026-06-11 00:00:00,2026-06-15 00:00:00,Web,Paid,0
BILL954653,CUST10476,355985,355985,2026-11-30 00:00:00,2026-12-01 00:00:00,Web,Paid,0
BILL526388,CUST10481,287879,297021,2026-06-12 00:00:00,2026-06-17 00:00:00,Mobile,Paid,0
BILL562605,CUST10241,282189,282189,2026-11-15 00:03:00,2026-11-19 00:03:00,Web,Paid,1
BILL683972,CUST10480,105645,105645,2027-04-05 00:00:00,2027-04-10 00:00:00,Mobile,Paid,0
BILL664715,CUST10574,239475,239475,2026-05-14 00:00:00,2026-05-18 00:00:00,Web,Paid,0
BILL152428,CUST10469,346728,346728,2026-08-21 00:00:00,2026-08-25 00:00:00,Mobile,Paid,0
BILL220455,CUST10278,251703,251703,2026-07-30 00:00:00,2026-07-31 00:00:00,Web,Paid,0
BILL158874,CUST10423,319827,319827,2026-09-25 00:00:00,2026-09-27 00:00:00,Web,Paid,0
BILL150388,CUST10405,184088,184088,2026-05-16 00:00:00,2026-05-21 00:00:00,Web,Paid,0
BILL262452,CUST10186,272503,272503,2026-04-10 00:00:00,2026-04-11 00:00:00,Mobile,Paid,0
BILL641382,CUST10442,209546,209546,2026-12-29 00:00:00,2026-12-28 00:00:00,Web,Paid,0
BILL551356,CUST10295,210565,210565,2026-08-14 00:00:00,2026-08-17 00:00:00,Mobile,Paid,0
BILL527969,CUST10566,389780,389780,2026-09-21 00:00:00,2026-09-25 00:00:00,Web,Paid,0
BILL915091,CUST10172,250168,250168,2026-06-17 00:03:00,2026-06-17 00:03:00,Web,Paid,0
BILL726614,CUST10143,295085,295085,2027-01-30 00:00:00,2027-01-29 00:00:00,Web,Paid,0
BILL492631,CUST10374,209770,209770,2026-10-21 00:00:00,2026-10-25 00:00:00,Mobile,Paid,0
BILL552035,CUST10577,390170,390170,2027-03-30 00:00:00,2027-04-01 00:00:00,Web,Paid,0
BILL457420,CUST10334,331403,331403,2026-08-10 00:00:00,2026-08-15 00:00:00,Web,Paid,1
BILL160648,CUST10044,169553,169553,2026-06-12 00:00:00,2026-06-14 00:00:00,Web,Paid,0
BILL495438,CUST10613,332566,332566,2026-06-11 00:00:00,2026-06-12 00:00:00,Mobile,Paid,0
BILL895970,CUST10586,278588,278588,2026-09-21 00:00:00,2026-09-21 00:00:00,Mobile,Paid,0
BILL155599,CUST10188,116421,116421,2026-09-24 00:00:00,2026-09-24 00:00:00,Mobile,Paid,0
BILL988518,CUST10356,128557,128557,2026-08-23 00:00:00,2026-08-24 00:00:00,Mobile,Paid,0
BILL581451,CUST10293,139693,139693,2026-08-16 00:00:00,2026-08-21 00:00:00,Web,Paid,0
BILL673081,CUST10435,240524,240524,2027-01-01 00:00:00,2027-01-01 00:00:00,Mobile,Paid,0
BILL232952,CUST10153,162569,162569,2026-06-11 00:02:00,2026-06-13 00:02:00,Web,Paid,0
BILL575502,CUST10132,376210,376210,2026-05-11 00:03:00,2026-05-11 00:03:00,Web,Paid,0
BILL567441,CUST10034,108235,108235,2026-12-21 00:00:00,2026-12-25 00:00:00,Mobile,Paid,0
BILL858913,CUST10402,340164,340164,2026-07-17 00:00:00,2026-07-17 00:00:00,Mobile,Paid,0
BILL326098,CUST10403,274987,274987,2026-12-07 00:00:00,2026-12-11 00:00:00,Web,Paid,0
BILL703223,CUST10572,310423,310423,2026-10-21 00:00:00,2026-10-26 00:00:00,Web,Paid,0
BILL169794,CUST10552,129409,129409,2026-07-16 00:00:00,2026-07-19 00:00:00,Web,Paid,0
BILL565955,CUST10190,181924,181924,2026-07-19 00:00:00,2026-07-23 00:00:00,Web,Paid,0
BILL825455,CUST10084,150618,150618,2026-08-22 00:00:00,2026-08-24 00:00:00,Mobile,Paid,0
BILL978629,CUST10511,361457,361457,2026-11-29 00:00:00,2026-12-03 00:00:00,Mobile,Paid,0
BILL288085,CUST10250,208952,208952,2026-04-08 00:00:00,2026-04-12 00:00:00,API,Paid,0
BILL462750,CUST10594,300870,300870,2026-06-11 00:00:00,2026-06-11 00:00:00,Mobile,Paid,0
BILL671143,CUST10063,291682,291682,2026-12-02 00:00:00,2026-12-05 00:00:00,Web,Paid,0
BILL235854,CUST10079,180418,180418,2026-10-24 00:00:00,2026-10-28 00:00:00,API,Paid,0
BILL515548,CUST10499,367983,367983,2026-04-05 00:00:00,2026-04-05 00:00:00,Mobile,Paid,0
BILL814453,CUST10267,106083,106083,2026-05-07 00:00:00,2026-05-07 00:00:00,Mobile,Paid,0
BILL288094,CUST10467,239957,239957,2026-07-13 00:00:00,2026-07-17 00:00:00,Mobile,Paid,0
BILL252812,CUST10402,340164,340164,2026-08-16 00:00:00,2026-08-16 00:00:00,API,Paid,0
BILL129579,CUST10525,278327,278327,2026-08-22 00:00:00,2026-08-27 00:00:00,Mobile,Paid,0
BILL767821,CUST10194,305707,305707,2026-07-20 00:00:00,2026-07-21 00:00:00,Mobile,Paid,0
BILL575382,CUST10079,180418,180418,2026-11-27 00:00:00,2026-12-01 00:00:00,Web,Paid,0
BILL223749,CUST10584,348118,348118,2026-04-19 00:00:00,2026-04-20 00:00:00,Web,Paid,0
BILL563853,CUST10333,348154,348154,2026-07-23 00:00:00,2026-07-27 00:00:00,Web,Paid,0
BILL186565,CUST10430,119549,119549,2026-05-19 00:00:00,2026-05-20 00:00:00,Mobile,Paid,0
BILL215917,CUST10319,121345,121345,2026-10-25 00:00:00,2026-10-29 00:00:00,Mobile,Paid,0
BILL282097,CUST10454,215896,215896,2026-11-23 00:00:00,2026-11-23 00:00:00,API,Paid,0
BILL484908,CUST10606,122236,122236,2026-10-22 00:03:00,2026-10-22 00:03:00,Mobile,Paid,0
BILL407348,CUST10235,396186,396186,2026-10-17 00:00:00,2026-10-22 00:00:00,Mobile,Paid,1
BILL662208,CUST10196,193206,191894,2026-09-15 00:00:00,2026-09-18 00:00:00,Mobile,Paid,0
BILL748963,CUST10254,113526,113526,2026-08-10 00:02:00,2026-08-14 00:02:00,Web,Paid,0
BILL414584,CUST10296,145271,150540,2026-11-19 00:00:00,2026-11-20 00:00:00,Mobile,Paid,0
BILL668421,CUST10243,374096,374096,2026-09-12 00:03:00,2026-09-16 00:03:00,Mobile,Paid,0
BILL587978,CUST10176,366658,366658,2026-07-25 00:00:00,2026-07-29 00:00:00,Web,Paid,0
BILL167465,CUST10021,307019,307019,2026-06-25 00:00:00,2026-06-25 00:00:00,API,Paid,0
BILL357663,CUST10021,307019,307019,2026-06-25 00:00:00,2026-06-25 00:01:00,API,Paid,0
BILL916411,CUST10021,307019,307019,2026-06-25 00:00:00,2026-06-25 00:02:00,API,Paid,0
BILL112857,CUST10609,222054,229368,2026-10-26 00:00:00,2026-10-28 00:00:00,Web,Paid,0
BILL480368,CUST10399,273643,273643,2026-10-16 00:00:00,2026-10-20 00:00:00,Web,Paid,0
BILL371531,CUST10392,380320,380320,2026-07-24 00:00:00,2026-07-29 00:00:00,Mobile,Paid,0
BILL880938,CUST10182,277770,277770,2026-10-24 00:00:00,2026-10-27 00:00:00,Web,Paid,0
BILL421749,CUST10615,228653,228653,2027-01-30 00:00:00,2027-01-31 00:00:00,Web,Paid,0
BILL204137,CUST10091,271646,271646,2026-08-12 00:00:00,2026-08-15 00:00:00,Web,Paid,0
BILL572024,CUST10087,215985,215985,2026-08-11 00:00:00,2026-08-16 00:00:00,Web,Paid,0
BILL658053,CUST10195,267270,267270,2026-11-14 00:00:00,2026-11-15 00:00:00,Mobile,Paid,0
BILL860442,CUST10294,134073,134073,2026-10-18 00:00:00,2026-10-20 00:00:00,Mobile,Paid,0
BILL578119,CUST10216,221501,221501,2026-06-16 00:00:00,2026-06-19 00:00:00,Web,Paid,0
BILL211906,CUST10075,282116,282116,2026-08-13 00:00:00,2026-08-16 00:00:00,Web,Paid,0
BILL793717,CUST10176,366658,366658,2026-08-28 00:00:00,2026-08-29 00:00:00,Web,Paid,0
BILL277028,CUST10224,304571,304571,2026-12-27 00:00:00,2026-12-29 00:00:00,Mobile,Paid,0
BILL688011,CUST10248,211923,211923,2026-06-17 00:00:00,2026-06-17 00:00:00,Mobile,Paid,0
BILL892792,CUST10486,205954,205954,2027-04-07 00:02:00,2027-04-12 00:02:00,Mobile,Paid,0
BILL950712,CUST10385,299414,299414,2027-01-12 00:02:00,2027-01-15 00:02:00,Web,Paid,0
BILL472179,CUST10421,286502,286502,2026-11-22 00:03:00,2026-11-23 00:03:00,Mobile,Paid,0
BILL929559,CUST10093,167091,167091,2026-06-14 00:00:00,2026-06-18 00:00:00,Web,Paid,0
BILL651991,CUST10220,319361,319361,2026-05-10 00:00:00,2026-05-13 00:00:00,Mobile,Paid,0
BILL477279,CUST10353,274267,274267,2026-05-17 00:00:00,2026-05-22 00:00:00,Mobile,Paid,0
BILL986910,CUST10048,286473,286473,2026-07-07 00:00:00,2026-07-10 00:00:00,Mobile,Paid,0
BILL308237,CUST10040,301677,301677,2026-08-15 00:00:00,2026-08-20 00:00:00,API,Paid,0
BILL993020,CUST10551,310461,310461,2026-08-19 00:00:00,2026-08-24 00:00:00,Mobile,Paid,0
BILL110630,CUST10072,168087,168087,2026-08-15 00:00:00,2026-08-18 00:00:00,Mobile,Paid,0
BILL259622,CUST10056,259856,259856,2026-04-09 00:00:00,2026-04-12 00:00:00,Mobile,Paid,0
BILL656174,CUST10194,305707,305707,2026-08-20 00:00:00,2026-08-21 00:00:00,Mobile,Paid,0
BILL546025,CUST10498,335312,335312,2026-10-21 00:00:00,2026-10-21 00:00:00,API,Paid,0
BILL360051,CUST10337,169043,169043,2026-10-29 00:00:00,2026-11-01 00:00:00,Mobile,Paid,0
BILL790268,CUST10100,173743,173743,2026-12-04 00:00:00,2026-12-09 00:00:00,API,Paid,0
BILL320288,CUST10529,334563,334563,2026-07-30 00:00:00,2026-08-04 00:00:00,Web,Paid,0
BILL968012,CUST10245,149125,149125,2026-06-08 00:00:00,2026-06-13 00:00:00,Web,Paid,0
BILL652945,CUST10340,346715,346715,2026-12-16 00:00:00,2026-12-18 00:00:00,Web,Paid,0
BILL835951,CUST10539,274276,274276,2026-04-08 00:00:00,2026-04-13 00:00:00,Mobile,Paid,0
BILL302561,CUST10574,239475,239475,2026-06-17 00:00:00,2026-06-17 00:00:00,Web,Paid,0
BILL662823,CUST10344,240657,240657,2026-08-13 00:00:00,2026-08-18 00:00:00,Web,Paid,0
BILL200333,CUST10378,120457,120457,2026-10-25 00:00:00,2026-10-26 00:00:00,Web,Paid,0
BILL351064,CUST10472,398226,398226,2026-06-14 00:00:00,2026-06-14 00:00:00,Mobile,Paid,0
BILL968830,CUST10273,352715,352715,2026-07-17 00:00:00,2026-07-22 00:00:00,Mobile,Paid,0
BILL495755,CUST10355,283799,896735,2026-07-09 00:00:00,2026-07-12 00:00:00,Web,Paid,0
BILL917399,CUST10029,356599,356599,2026-04-15 00:00:00,2026-04-19 00:00:00,Mobile,Paid,0
BILL894214,CUST10484,371120,371120,2027-01-24 00:00:00,2027-01-25 00:00:00,Mobile,Paid,0
BILL454281,CUST10214,130783,130783,2026-10-23 00:00:00,2026-10-24 00:00:00,Web,Paid,0
BILL667351,CUST10421,286502,286502,2026-12-23 00:03:00,2026-12-24 00:03:00,Mobile,Paid,0
BILL166853,CUST10487,343510,343510,2026-10-19 00:00:00,2026-10-21 00:00:00,Web,Paid,0
BILL624573,CUST10058,220342,230892,2026-06-12 00:00:00,2026-06-13 00:00:00,Mobile,Paid,0
BILL982803,CUST10105,208383,89933,2026-09-20 00:00:00,2026-09-23 00:00:00,Mobile,Paid,0
BILL621802,CUST10293,139693,139693,2026-09-20 00:00:00,2026-09-20 00:00:00,Web,Paid,0
BILL558456,CUST10431,249946,249946,2026-06-17 00:00:00,2026-06-18 00:00:00,Mobile,Paid,0
BILL902993,CUST10476,355985,348708,2026-12-31 00:00:00,2027-01-05 00:00:00,Web,Paid,0
BILL793850,CUST10052,251664,251664,2026-11-29 00:00:00,2026-12-03 00:00:00,API,Paid,0
BILL557685,CUST10308,227871,227871,2026-08-17 00:00:00,2026-08-22 00:00:00,API,Paid,0
BILL553834,CUST10030,378810,378810,2026-06-05 00:00:00,2026-06-05 00:00:00,Web,Paid,0
BILL104391,CUST10001,345488,345488,2026-08-26 00:00:00,2026-08-29 00:00:00,Mobile,Paid,0
BILL709171,CUST10268,171929,171929,2026-05-19 00:00:00,2026-05-22 00:00:00,Mobile,Paid,0
BILL156837,CUST10310,162282,162282,2026-08-19 00:02:00,2026-08-24 00:02:00,Mobile,Paid,0
BILL852129,CUST10294,134073,134073,2026-11-19 00:00:00,2026-11-19 00:00:00,Mobile,Paid,0
BILL175718,CUST10144,156018,156018,2026-10-27 00:00:00,2026-10-27 00:00:00,Web,Paid,0
BILL267994,CUST10075,282116,282116,2026-09-15 00:00:00,2026-09-19 00:00:00,Web,Paid,0
BILL231725,CUST10012,354052,354052,2026-06-17 00:00:00,2026-06-22 00:00:00,Mobile,Paid,0
BILL476044,CUST10613,332566,332566,2026-07-12 00:00:00,2026-07-13 00:00:00,Mobile,Paid,0
BILL583868,CUST10228,360483,360483,2026-06-09 00:00:00,2026-06-11 00:00:00,Mobile,Paid,0
BILL431928,CUST10477,154672,157828,2026-04-07 00:00:00,2026-04-12 00:00:00,Mobile,Paid,0
BILL557413,CUST10582,399188,399188,2026-08-11 00:00:00,2026-08-12 00:00:00,Mobile,Paid,0
BILL200577,CUST10448,114297,114297,2026-10-31 00:00:00,2026-11-01 00:00:00,Web,Paid,0
BILL335755,CUST10461,160670,160670,2026-08-20 00:00:00,2026-08-20 00:00:00,Mobile,Paid,0
BILL872048,CUST10550,272473,272473,2026-11-30 00:00:00,2026-12-03 00:00:00,Web,Paid,0
BILL273391,CUST10051,158243,158243,2026-09-23 00:00:00,2026-09-25 00:00:00,Mobile,Paid,1
BILL767933,CUST10569,351356,351356,2026-05-15 00:00:00,2026-05-16 00:00:00,Mobile,Paid,0
BILL248668,CUST10043,117933,117933,2026-08-24 00:00:00,2026-08-24 00:00:00,Web,Paid,0
BILL146595,CUST10510,148501,148501,2026-08-28 00:00:00,2026-08-31 00:00:00,Web,Paid,0
BILL612210,CUST10298,252847,252847,2026-09-14 00:00:00,2026-09-19 00:00:00,Mobile,Paid,0
BILL711906,CUST10616,196054,196054,2026-09-15 00:00:00,2026-09-17 00:00:00,Mobile,Paid,0
BILL152733,CUST10138,372983,372983,2026-07-10 00:00:00,2026-07-13 00:00:00,Mobile,Paid,1
BILL675142,CUST10385,299414,299414,2027-02-14 00:02:00,2027-02-17 00:02:00,Web,Paid,0
BILL371127,CUST10089,286667,286667,2026-07-14 00:00:00,2026-07-16 00:00:00,Web,Paid,0
BILL514220,CUST10149,180427,180427,2026-05-13 00:00:00,2026-05-16 00:00:00,Mobile,Paid,0
BILL185247,CUST10274,234102,234102,2026-08-28 00:00:00,2026-08-29 00:00:00,Mobile,Paid,0
BILL126097,CUST10507,151074,151074,2026-08-06 00:00:00,2026-08-06 00:00:00,Mobile,Paid,0
BILL956358,CUST10449,285445,285445,2027-06-03 00:03:00,2027-06-04 00:03:00,Web,Paid,0
BILL888094,CUST10171,142781,142781,2026-10-13 00:00:00,2026-10-14 00:00:00,Mobile,Paid,0
BILL932999,CUST10304,131699,131699,2026-10-11 00:00:00,2026-10-16 00:00:00,Web,Paid,0
BILL145734,CUST10481,287879,184692,2026-07-17 00:00:00,2026-07-18 00:00:00,Mobile,Paid,0
BILL548172,CUST10362,146134,146134,2026-10-20 00:00:00,2026-10-20 00:00:00,API,Paid,0
BILL439613,CUST10362,146134,146134,2026-10-20 00:00:00,2026-10-20 00:01:00,API,Paid,0
BILL875052,CUST10250,208952,208952,2026-05-12 00:00:00,2026-05-15 00:00:00,Web,Paid,0
BILL261548,CUST10023,275833,275833,2026-06-23 00:00:00,2026-06-28 00:00:00,Mobile,Paid,0
BILL619928,CUST10616,196054,196054,2026-10-17 00:00:00,2026-10-18 00:00:00,Mobile,Paid,0
BILL213525,CUST10275,284799,284799,2026-07-10 00:00:00,2026-07-10 00:00:00,Web,Paid,0
BILL621114,CUST10128,102847,102847,2026-06-14 00:00:00,2026-06-19 00:00:00,Web,Paid,0
BILL448559,CUST10207,347323,347323,2026-07-07 00:00:00,2026-07-08 00:00:00,Web,Paid,0
BILL190332,CUST10522,253907,253907,2026-03-04 00:00:00,2026-03-04 00:00:00,Web,Paid,0
BILL414547,CUST10410,224918,224918,2027-01-27 00:00:00,2027-01-29 00:00:00,Mobile,Paid,0
BILL728670,CUST10013,154503,154503,2026-09-23 00:00:00,2026-09-27 00:00:00,Mobile,Paid,0
BILL129479,CUST10362,146134,146134,2026-11-19 00:02:00,2026-11-21 00:02:00,Mobile,Paid,0
BILL458204,CUST10385,299414,299414,2027-03-19 00:02:00,2027-03-24 00:02:00,Web,Paid,0
BILL988998,CUST10475,126039,126039,2026-05-14 00:00:00,2026-05-15 00:00:00,Mobile,Paid,0
BILL705107,CUST10236,177020,177020,2026-09-14 00:00:00,2026-09-17 00:00:00,Web,Paid,0
BILL494998,CUST10216,221501,221501,2026-07-19 00:00:00,2026-07-21 00:00:00,Web,Paid,0
BILL508843,CUST10056,259856,267785,2026-05-12 00:00:00,2026-05-14 00:00:00,Mobile,Paid,0
BILL749717,CUST10071,237224,237224,2027-02-05 00:00:00,2027-02-05 00:00:00,Web,Paid,0
BILL737763,CUST10487,343510,343510,2026-11-20 00:00:00,2026-11-21 00:00:00,Web,Paid,0
BILL902585,CUST10365,350379,350379,2026-08-30 00:00:00,2026-08-30 00:00:00,Mobile,Paid,0
BILL341604,CUST10249,312332,312332,2026-07-14 00:00:00,2026-07-16 00:00:00,Mobile,Paid,0
BILL310439,CUST10224,304571,304571,2027-01-28 00:00:00,2027-01-28 00:00:00,Mobile,Paid,0
BILL891459,CUST10293,139693,139693,2026-10-20 00:00:00,2026-10-21 00:00:00,Web,Paid,0
BILL666832,CUST10155,387650,387650,2026-12-20 00:00:00,2026-12-20 00:00:00,Mobile,Paid,0
BILL603163,CUST10503,252261,252261,2026-07-13 00:00:00,2026-07-16 00:00:00,Mobile,Paid,0
BILL124076,CUST10585,195739,195739,2026-06-19 00:00:00,2026-06-19 00:00:00,API,Paid,0
BILL853972,CUST10585,195739,195739,2026-06-19 00:00:00,2026-06-19 00:01:00,API,Paid,0
BILL635324,CUST10585,195739,195739,2026-06-19 00:00:00,2026-06-19 00:02:00,API,Paid,0
BILL273299,CUST10416,138452,138452,2026-09-25 00:00:00,2026-09-30 00:00:00,Mobile,Paid,0
BILL738170,CUST10038,283493,294981,2026-06-10 00:00:00,2026-06-12 00:00:00,Mobile,Paid,0
BILL622079,CUST10365,350379,350379,2026-09-29 00:00:00,2026-10-02 00:00:00,Mobile,Paid,0
BILL570526,CUST10574,239475,239475,2026-07-17 00:00:00,2026-07-18 00:00:00,Web,Paid,0
BILL549728,CUST10610,166415,166415,2026-08-08 00:03:00,2026-08-12 00:03:00,Web,Paid,0
BILL694044,CUST10005,153842,153842,2026-05-15 00:00:00,2026-05-17 00:00:00,Web,Paid,0
BILL930814,CUST10280,247195,247195,2026-05-07 00:00:00,2026-05-07 00:00:00,Mobile,Paid,0
BILL935173,CUST10133,321466,321466,2027-01-27 00:00:00,2027-01-30 00:00:00,Web,Paid,0
BILL274728,CUST10470,167619,167619,2026-11-23 00:00:00,2026-11-23 00:00:00,Web,Paid,0
BILL781977,CUST10204,212495,212495,2026-06-10 00:00:00,2026-06-13 00:00:00,Web,Paid,0
BILL816707,CUST10360,105618,105618,2026-08-09 00:00:00,2026-08-11 00:00:00,Web,Paid,0
BILL648892,CUST10471,365335,365335,2026-07-15 00:00:00,2026-07-18 00:00:00,Mobile,Paid,0
BILL871806,CUST10082,112331,112331,2026-05-13 00:00:00,2026-05-15 00:00:00,Mobile,Paid,0
BILL966408,CUST10122,151433,151433,2026-07-21 00:03:00,2026-07-22 00:03:00,Web,Paid,0
BILL983223,CUST10285,375934,375934,2026-08-12 00:00:00,2026-08-13 00:00:00,Mobile,Paid,0
BILL235479,CUST10252,396619,396619,2026-09-19 00:03:00,2026-09-21 00:03:00,Mobile,Paid,0
BILL368571,CUST10526,151663,151663,2026-10-15 00:00:00,2026-10-16 00:00:00,Mobile,Paid,0
BILL712735,CUST10228,360483,360483,2026-07-11 00:00:00,2026-07-11 00:00:00,API,Paid,0
BILL703846,CUST10265,181461,181461,2026-03-06 00:00:00,2026-03-09 00:00:00,Web,Paid,0
BILL136299,CUST10365,350379,350379,2026-11-01 00:00:00,2026-11-01 00:00:00,Mobile,Paid,0
BILL428466,CUST10201,142456,142456,2026-07-22 00:00:00,2026-07-24 00:00:00,Web,Paid,0
BILL953909,CUST10552,129409,129409,2026-08-18 00:00:00,2026-08-19 00:00:00,API,Paid,0
BILL244594,CUST10200,172208,172208,2026-07-25 00:00:00,2026-07-29 00:00:00,Web,Paid,0
BILL784061,CUST10514,228952,228952,2026-10-15 00:00:00,2026-10-15 00:00:00,Web,Paid,0
BILL417211,CUST10123,375988,375988,2026-04-09 00:00:00,2026-04-13 00:00:00,Mobile,Paid,0
BILL782274,CUST10544,237131,237131,2026-06-14 00:00:00,2026-06-19 00:00:00,Mobile,Paid,0
BILL158055,CUST10057,186020,186020,2026-06-16 00:00:00,2026-06-18 00:00:00,Mobile,Paid,0
BILL930715,CUST10267,106083,106083,2026-06-06 00:00:00,2026-06-09 00:00:00,API,Paid,0
BILL960371,CUST10281,145537,145537,2026-09-27 00:00:00,2026-09-29 00:00:00,Web,Paid,0
BILL953780,CUST10614,326804,326804,2026-07-06 00:00:00,2026-07-06 00:00:00,Web,Paid,0
BILL430023,CUST10406,256264,256264,2027-04-28 00:03:00,2027-04-29 00:03:00,Web,Paid,0
BILL965167,CUST10585,195739,198696,2026-07-19 00:03:00,2026-07-22 00:03:00,Mobile,Paid,0
BILL966380,CUST10064,130657,130657,2026-04-03 00:00:00,2026-04-04 00:00:00,Mobile,Paid,0
BILL669394,CUST10277,241318,241318,2026-04-19 00:00:00,2026-04-19 00:00:00,Mobile,Paid,0
BILL342399,CUST10617,174690,174690,2026-05-16 00:00:00,2026-05-21 00:00:00,API,Paid,0
BILL146290,CUST10217,259957,259957,2026-05-15 00:00:00,2026-05-18 00:00:00,API,Paid,0
BILL822648,CUST10073,207444,207444,2026-09-24 00:00:00,2026-09-28 00:00:00,Web,Paid,0
BILL100355,CUST10072,168087,168087,2026-09-17 00:00:00,2026-09-20 00:00:00,API,Paid,0
BILL796607,CUST10540,380305,380305,2026-11-24 00:00:00,2026-11-27 00:00:00,Web,Paid,0
BILL358104,CUST10132,376210,376210,2026-06-10 00:03:00,2026-06-10 00:03:00,API,Paid,0
BILL849839,CUST10132,376210,376210,2026-06-10 00:03:00,2026-06-10 00:04:00,API,Paid,0
BILL571069,CUST10132,376210,376210,2026-06-10 00:03:00,2026-06-10 00:05:00,API,Paid,0
BILL390518,CUST10348,355414,355414,2026-08-20 00:00:00,2026-08-25 00:00:00,Web,Paid,0
BILL648861,CUST10589,243034,233453,2026-06-11 00:00:00,2026-06-16 00:00:00,Mobile,Paid,0
BILL628479,CUST10474,169578,169578,2026-08-14 00:00:00,2026-08-14 00:00:00,API,Paid,0
BILL578051,CUST10474,169578,169578,2026-08-14 00:00:00,2026-08-14 00:01:00,API,Paid,0
BILL775280,CUST10474,169578,169578,2026-08-14 00:00:00,2026-08-14 00:02:00,API,Paid,0
BILL598987,CUST10277,241318,241318,2026-05-19 00:00:00,2026-05-23 00:00:00,Mobile,Paid,0
BILL595702,CUST10409,337522,337522,2026-07-20 00:00:00,2026-07-22 00:00:00,Mobile,Paid,0
BILL670115,CUST10542,236444,236444,2026-08-16 00:00:00,2026-08-21 00:00:00,Mobile,Paid,0
BILL665411,CUST10044,169553,169553,2026-07-14 00:00:00,2026-07-19 00:00:00,Web,Paid,0
BILL436354,CUST10511,361457,361457,2027-01-02 00:00:00,2027-01-04 00:00:00,Mobile,Paid,0
BILL482668,CUST10412,259696,259696,2026-08-20 00:00:00,2026-08-20 00:00:00,Mobile,Paid,0
BILL929515,CUST10267,106083,106083,2026-07-09 00:00:00,2026-07-09 00:00:00,Mobile,Paid,0
BILL899694,CUST10083,191697,191697,2026-04-09 00:00:00,2026-04-10 00:00:00,Web,Paid,0
BILL875550,CUST10539,274276,274276,2026-05-13 00:00:00,2026-05-17 00:00:00,Mobile,Paid,0
BILL659769,CUST10344,240657,240657,2026-09-17 00:00:00,2026-09-16 00:00:00,Web,Paid,0
BILL137670,CUST10292,357685,1490586,2026-09-04 00:00:00,2026-09-07 00:00:00,Web,Paid,0
BILL192802,CUST10329,140860,140860,2026-09-12 00:00:00,2026-09-12 00:00:00,Web,Paid,0
BILL441559,CUST10005,153842,153842,2026-06-16 00:00:00,2026-06-16 00:00:00,API,Paid,0
BILL952771,CUST10005,153842,153842,2026-06-16 00:00:00,2026-06-16 00:01:00,API,Paid,0
BILL899363,CUST10228,360483,360483,2026-08-10 00:00:00,2026-08-13 00:00:00,Mobile,Paid,0
BILL358272,CUST10336,314172,314172,2026-07-15 00:00:00,2026-07-16 00:00:00,Mobile,Paid,0
BILL834550,CUST10411,149767,149767,2026-07-18 00:00:00,2026-07-21 00:00:00,Web,Paid,0
BILL877950,CUST10291,161087,161087,2026-08-17 00:00:00,2026-08-20 00:00:00,Web,Paid,0
BILL297462,CUST10430,119549,119549,2026-06-19 00:00:00,2026-06-19 00:00:00,Mobile,Paid,0
BILL766441,CUST10484,371120,371120,2027-02-24 00:00:00,2027-02-28 00:00:00,Mobile,Paid,0
BILL663449,CUST10617,174690,174690,2026-06-20 00:00:00,2026-06-24 00:00:00,API,Paid,0
BILL580178,CUST10402,340164,340164,2026-09-15 00:00:00,2026-09-15 00:00:00,Mobile,Paid,0
BILL953688,CUST10270,355476,355476,2026-05-16 00:00:00,2026-05-18 00:00:00,Web,Paid,0
BILL472028,CUST10322,250013,250013,2026-07-21 00:03:00,2026-07-22 00:03:00,Web,Paid,0
BILL107403,CUST10513,326951,326951,2026-10-17 00:00:00,2026-10-18 00:00:00,API,Paid,0
BILL430739,CUST10057,186020,186020,2026-07-18 00:00:00,2026-07-21 00:00:00,Mobile,Paid,0
BILL589201,CUST10042,284002,284002,2026-07-11 00:00:00,2026-07-13 00:00:00,Web,Paid,0
BILL898569,CUST10413,298647,298647,2026-09-24 00:00:00,2026-09-27 00:00:00,Web,Paid,0
BILL890908,CUST10308,227871,227871,2026-09-21 00:00:00,2026-09-25 00:00:00,Mobile,Paid,0
BILL695395,CUST10618,170930,170930,2026-09-22 00:00:00,2026-09-23 00:00:00,API,Paid,0
BILL100723,CUST10501,251690,108423,2026-06-11 00:00:00,2026-06-11 00:00:00,Mobile,Paid,0
BILL337721,CUST10436,179560,179560,2026-04-11 00:00:00,2026-04-11 00:00:00,Mobile,Paid,0
BILL434896,CUST10575,294651,294651,2026-04-09 00:00:00,2026-04-12 00:00:00,Mobile,Paid,0
BILL330402,CUST10607,195355,195355,2027-02-19 00:00:00,2027-02-19 00:00:00,Web,Paid,0
BILL548493,CUST10536,220011,220011,2026-10-12 00:02:00,2026-10-15 00:02:00,Web,Paid,0
BILL286859,CUST10554,369856,369856,2026-07-18 00:00:00,2026-07-18 00:00:00,Web,Paid,0
BILL992086,CUST10439,250474,250474,2026-06-10 00:00:00,2026-06-12 00:00:00,Mobile,Paid,0
BILL258249,CUST10138,372983,372983,2026-08-12 00:00:00,2026-08-16 00:00:00,Mobile,Paid,0
BILL311185,CUST10147,193914,193914,2026-10-21 00:00:00,2026-10-26 00:00:00,Mobile,Paid,0
BILL829662,CUST10296,145271,145271,2026-12-20 00:00:00,2026-12-22 00:00:00,Mobile,Paid,0
BILL839873,CUST10225,114221,114221,2026-08-20 00:00:00,2026-08-22 00:00:00,Mobile,Paid,0
BILL128265,CUST10591,281465,283555,2026-07-15 00:00:00,2026-07-17 00:00:00,API,Paid,0
BILL479873,CUST10180,125186,125186,2026-07-20 00:00:00,2026-07-24 00:00:00,Mobile,Paid,0
BILL177473,CUST10055,143097,143097,2026-06-10 00:00:00,2026-06-13 00:00:00,API,Paid,0
BILL780084,CUST10528,152607,152607,2026-07-18 00:00:00,2026-07-23 00:00:00,API,Paid,0
BILL778785,CUST10494,277498,284972,2026-10-29 00:00:00,2026-10-29 00:00:00,API,Paid,0
BILL344262,CUST10410,224918,224918,2027-02-28 00:00:00,2027-03-01 00:00:00,Mobile,Paid,0
BILL187517,CUST10279,232515,232515,2026-04-13 00:00:00,2026-04-18 00:00:00,Web,Paid,0
BILL541135,CUST10463,122930,122930,2026-08-12 00:00:00,2026-08-13 00:00:00,Web,Paid,0
BILL349432,CUST10505,257908,257908,2026-12-22 00:00:00,2026-12-22 00:00:00,Web,Paid,0
BILL996252,CUST10510,148501,148501,2026-09-30 00:00:00,2026-10-04 00:00:00,Web,Paid,0
BILL109030,CUST10306,221146,221146,2027-02-10 00:00:00,2027-02-10 00:00:00,Mobile,Paid,0
BILL425188,CUST10463,122930,122930,2026-09-12 00:00:00,2026-09-17 00:00:00,Web,Paid,0
BILL209878,CUST10248,211923,211923,2026-07-17 00:00:00,2026-07-22 00:00:00,Mobile,Paid,0
BILL261586,CUST10286,351577,351577,2026-05-13 00:00:00,2026-05-12 00:00:00,Mobile,Paid,0
BILL518112,CUST10462,296387,296387,2026-06-18 00:00:00,2026-06-21 00:00:00,Mobile,Paid,0
BILL518402,CUST10127,395325,395325,2026-07-08 00:00:00,2026-07-13 00:00:00,Web,Paid,0
BILL648283,CUST10066,362601,362601,2026-11-23 00:00:00,2026-11-26 00:00:00,Web,Paid,0
BILL985834,CUST10314,104406,104406,2026-12-27 00:00:00,2026-12-27 00:00:00,Mobile,Paid,0
BILL208411,CUST10467,239957,239957,2026-08-16 00:00:00,2026-08-17 00:00:00,API,Paid,0
BILL252704,CUST10585,195739,195739,2026-08-21 00:03:00,2026-08-21 00:03:00,Mobile,Paid,0
BILL365623,CUST10075,282116,282116,2026-10-19 00:00:00,2026-10-20 00:00:00,Web,Paid,0
BILL632461,CUST10389,232085,232085,2027-01-30 00:00:00,2027-02-01 00:00:00,Web,Paid,0
BILL186546,CUST10081,332441,332441,2026-08-23 00:00:00,2026-08-23 00:00:00,Mobile,Paid,0
BILL527677,CUST10476,355985,355985,2027-02-04 00:00:00,2027-02-06 00:00:00,Web,Paid,0
BILL239512,CUST10216,221501,221501,2026-08-20 00:00:00,2026-08-22 00:00:00,Web,Paid,0
BILL323644,CUST10349,168829,168829,2027-01-22 00:03:00,2027-01-24 00:03:00,Mobile,Paid,0
BILL998977,CUST10514,228952,228952,2026-11-14 00:00:00,2026-11-17 00:00:00,Web,Paid,0
BILL538660,CUST10524,389395,382972,2026-07-21 00:00:00,2026-07-26 00:00:00,Mobile,Paid,0
BILL608144,CUST10608,306417,306417,2026-11-14 00:00:00,2026-11-18 00:00:00,Web,Paid,0
BILL358730,CUST10423,319827,319827,2026-10-27 00:00:00,2026-11-01 00:00:00,Web,Paid,0
BILL733832,CUST10077,181758,181758,2026-08-20 00:00:00,2026-08-25 00:00:00,Web,Paid,0
BILL318450,CUST10489,207019,207019,2026-07-19 00:00:00,2026-07-19 00:00:00,Web,Paid,0
BILL987178,CUST10564,309257,309257,2026-07-25 00:00:00,2026-07-28 00:00:00,Web,Paid,0
BILL367021,CUST10529,334563,334563,2026-09-03 00:00:00,2026-09-07 00:00:00,Web,Paid,0
BILL152634,CUST10385,299414,299414,2027-04-23 00:02:00,2027-04-28 00:02:00,Web,Paid,0
BILL297182,CUST10210,395253,395253,2026-06-06 00:03:00,2026-06-07 00:03:00,Mobile,Paid,0
BILL134948,CUST10394,290450,290450,2026-10-23 00:00:00,2026-10-24 00:00:00,Web,Paid,0
BILL970170,CUST10530,292483,292483,2026-07-20 00:00:00,2026-07-24 00:00:00,Mobile,Paid,0
BILL249297,CUST10310,162282,162282,2026-09-23 00:02:00,2026-09-24 00:02:00,Mobile,Paid,0
BILL219469,CUST10521,102928,102928,2026-05-12 00:00:00,2026-05-14 00:00:00,Web,Paid,0
BILL292265,CUST10474,169578,169578,2026-09-13 00:03:00,2026-09-13 00:03:00,Web,Paid,0
BILL765372,CUST10614,326804,326804,2026-08-05 00:00:00,2026-08-06 00:00:00,Web,Paid,0
BILL300644,CUST10470,167619,167619,2026-12-23 00:00:00,2026-12-26 00:00:00,Web,Paid,0
BILL772225,CUST10547,191107,191107,2026-11-29 00:00:00,2026-12-04 00:00:00,Mobile,Paid,0
BILL939255,CUST10411,149767,149767,2026-08-20 00:00:00,2026-08-24 00:00:00,Web,Paid,0
BILL490708,CUST10098,135211,135211,2026-05-06 00:00:00,2026-05-11 00:00:00,Web,Paid,0
BILL930328,CUST10221,300750,300750,2026-11-24 00:00:00,2026-11-23 00:00:00,Mobile,Paid,0
BILL990538,CUST10022,241872,235510,2026-09-26 00:00:00,2026-09-28 00:00:00,Mobile,Paid,0
BILL601027,CUST10405,184088,184088,2026-06-20 00:00:00,2026-06-20 00:00:00,API,Paid,0
BILL308097,CUST10405,184088,184088,2026-06-20 00:00:00,2026-06-20 00:01:00,API,Paid,0
BILL157564,CUST10223,305291,305291,2026-08-13 00:00:00,2026-08-13 00:00:00,API,Paid,0
BILL491609,CUST10316,324947,324947,2026-10-30 00:00:00,2026-11-02 00:00:00,API,Paid,0
BILL917592,CUST10061,340328,340328,2026-07-10 00:00:00,2026-07-15 00:00:00,Mobile,Paid,0
BILL416051,CUST10377,248037,248037,2026-09-18 00:00:00,2026-09-18 00:00:00,API,Paid,0
BILL541450,CUST10377,248037,248037,2026-09-18 00:00:00,2026-09-18 00:01:00,API,Paid,0
BILL361533,CUST10024,252646,252646,2026-11-17 00:00:00,2026-11-21 00:00:00,Web,Paid,0
BILL429405,CUST10499,367983,367983,2026-05-05 00:00:00,2026-05-05 00:00:00,Mobile,Paid,0
BILL849506,CUST10419,368161,368161,2026-08-09 00:00:00,2026-08-09 00:00:00,Web,Paid,0
BILL210988,CUST10172,250168,250168,2026-07-17 00:03:00,2026-07-22 00:03:00,Web,Paid,0
BILL465438,CUST10310,162282,162282,2026-10-24 00:02:00,2026-10-29 00:02:00,Mobile,Paid,0
BILL753000,CUST10267,106083,106083,2026-08-08 00:00:00,2026-08-12 00:00:00,Mobile,Paid,0
BILL741522,CUST10078,117102,117102,2026-07-16 00:00:00,2026-07-19 00:00:00,Mobile,Paid,0
BILL345745,CUST10128,102847,102847,2026-07-19 00:00:00,2026-07-24 00:00:00,Web,Paid,0
BILL247166,CUST10173,273864,273864,2026-10-13 00:00:00,2026-10-16 00:00:00,Mobile,Paid,0
BILL524725,CUST10361,297495,297495,2027-01-22 00:00:00,2027-01-23 00:00:00,Web,Paid,0
BILL275921,CUST10352,271716,271716,2026-07-20 00:00:00,2026-07-22 00:00:00,Mobile,Paid,0
BILL355350,CUST10305,184444,184444,2026-06-08 00:00:00,2026-06-09 00:00:00,Web,Paid,0
BILL630925,CUST10610,166415,166415,2026-09-11 00:03:00,2026-09-15 00:03:00,Web,Paid,0
BILL473203,CUST10494,277498,277498,2026-11-28 00:00:00,2026-12-03 00:00:00,Mobile,Paid,0
BILL981651,CUST10517,222616,222616,2026-07-16 00:00:00,2026-07-17 00:00:00,Mobile,Paid,0
BILL585238,CUST10456,297942,297942,2026-08-28 00:00:00,2026-08-28 00:00:00,Mobile,Paid,0
BILL363381,CUST10384,275409,275409,2026-08-18 00:00:00,2026-08-22 00:00:00,Mobile,Paid,0
BILL250755,CUST10269,293166,293166,2026-12-31 00:00:00,2027-01-02 00:00:00,Web,Paid,0
BILL596751,CUST10204,212495,212495,2026-07-13 00:00:00,2026-07-13 00:00:00,API,Paid,0
BILL554185,CUST10204,212495,212495,2026-07-13 00:00:00,2026-07-13 00:01:00,API,Paid,0
BILL848026,CUST10465,350477,350477,2026-06-08 00:03:00,2026-06-11 00:03:00,Mobile,Paid,0
BILL523845,CUST10136,140071,140071,2026-05-18 00:00:00,2026-05-21 00:00:00,Mobile,Paid,0
BILL825091,CUST10355,283799,283799,2026-08-11 00:00:00,2026-08-12 00:00:00,Web,Paid,0
BILL130835,CUST10426,269834,269834,2026-09-04 00:00:00,2026-09-05 00:00:00,Web,Paid,0
BILL527378,CUST10289,398229,398229,2026-11-24 00:00:00,2026-11-27 00:00:00,Web,Paid,0
BILL565047,CUST10559,119656,119656,2026-08-22 00:00:00,2026-08-27 00:00:00,Mobile,Paid,0
BILL513394,CUST10580,251274,251274,2026-04-15 00:00:00,2026-04-15 00:00:00,Mobile,Paid,0
BILL675932,CUST10521,102928,102928,2026-06-13 00:00:00,2026-06-16 00:00:00,Web,Paid,0
BILL190245,CUST10607,195355,195355,2027-03-21 00:00:00,2027-03-23 00:00:00,Web,Paid,1
BILL494341,CUST10275,284799,284799,2026-08-09 00:00:00,2026-08-10 00:00:00,Web,Paid,0
BILL223696,CUST10419,368161,368161,2026-09-08 00:00:00,2026-09-08 00:00:00,Web,Paid,0
BILL843473,CUST10463,122930,122930,2026-10-17 00:00:00,2026-10-21 00:00:00,Web,Paid,0
BILL303622,CUST10145,392922,392922,2026-06-20 00:00:00,2026-06-20 00:00:00,Web,Paid,0
BILL872242,CUST10246,264249,264249,2026-06-13 00:00:00,2026-06-14 00:00:00,Web,Paid,0
BILL545506,CUST10593,206789,206789,2026-05-22 00:00:00,2026-05-24 00:00:00,Web,Paid,0
BILL529918,CUST10248,211923,211923,2026-08-21 00:00:00,2026-08-25 00:00:00,Mobile,Paid,0
BILL529068,CUST10385,299414,299414,2027-05-28 00:02:00,2027-06-02 00:02:00,Web,Paid,0
BILL433537,CUST10003,182530,182530,2026-05-15 00:00:00,2026-05-17 00:00:00,Web,Paid,0
BILL297769,CUST10314,104406,104406,2027-01-26 00:00:00,2027-01-26 00:00:00,Mobile,Paid,0
BILL250336,CUST10358,125188,125188,2026-06-17 00:00:00,2026-06-21 00:00:00,Mobile,Paid,0
BILL313426,CUST10156,219188,219188,2026-05-12 00:00:00,2026-05-15 00:00:00,Web,Paid,0
BILL759594,CUST10206,162750,162750,2026-07-09 00:00:00,2026-07-11 00:00:00,Mobile,Paid,0
BILL211507,CUST10280,247195,251070,2026-06-06 00:00:00,2026-06-10 00:00:00,Mobile,Paid,0
BILL513506,CUST10316,324947,324947,2026-12-02 00:00:00,2026-12-03 00:00:00,Mobile,Paid,0
BILL132892,CUST10389,232085,232085,2027-03-03 00:00:00,2027-03-05 00:00:00,Web,Paid,0
BILL252897,CUST10339,166164,166164,2026-08-18 00:00:00,2026-08-19 00:00:00,Mobile,Paid,0
BILL513566,CUST10511,361457,361457,2027-02-03 00:00:00,2027-02-05 00:00:00,Mobile,Paid,0
BILL608666,CUST10112,366183,366183,2026-06-08 00:03:00,2026-06-08 00:03:00,Mobile,Paid,0
BILL933184,CUST10255,188144,188144,2026-07-14 00:00:00,2026-07-15 00:00:00,Web,Paid,0
BILL398025,CUST10372,220460,220460,2026-07-20 00:00:00,2026-07-19 00:00:00,Web,Paid,0
BILL547433,CUST10556,375784,375784,2026-04-10 00:00:00,2026-04-10 00:00:00,Mobile,Paid,0
BILL320536,CUST10449,285445,285445,2027-07-04 00:03:00,2027-07-09 00:03:00,Web,Paid,0
BILL159067,CUST10492,132628,132628,2026-08-15 00:00:00,2026-08-20 00:00:00,Web,Paid,0
BILL216397,CUST10348,355414,355414,2026-09-24 00:00:00,2026-09-24 00:00:00,Web,Paid,0
BILL382662,CUST10202,218656,218656,2026-10-22 00:00:00,2026-10-24 00:00:00,Web,Paid,0
BILL638608,CUST10425,254546,254546,2026-10-12 00:00:00,2026-10-13 00:00:00,API,Paid,0
BILL718029,CUST10140,178769,178769,2026-09-01 00:00:00,2026-09-06 00:00:00,Mobile,Paid,0
BILL543332,CUST10343,309442,309442,2026-05-11 00:00:00,2026-05-12 00:00:00,API,Paid,0
BILL300349,CUST10508,348867,348867,2026-06-10 00:00:00,2026-06-13 00:00:00,API,Paid,0
BILL759306,CUST10331,117190,117190,2026-11-24 00:00:00,2026-11-23 00:00:00,Mobile,Paid,0
BILL417510,CUST10504,354532,354532,2026-05-09 00:00:00,2026-05-14 00:00:00,Web,Paid,0
BILL178010,CUST10533,335715,335715,2026-05-20 00:00:00,2026-05-25 00:00:00,Web,Paid,0
BILL312115,CUST10318,217679,217679,2026-08-23 00:00:00,2026-08-27 00:00:00,Web,Paid,0
BILL921096,CUST10145,392922,392922,2026-07-20 00:00:00,2026-07-24 00:00:00,Web,Paid,0
BILL452707,CUST10617,174690,174690,2026-07-24 00:00:00,2026-07-28 00:00:00,Mobile,Paid,0
BILL469524,CUST10426,269834,269834,2026-10-05 00:00:00,2026-10-09 00:00:00,Web,Paid,0
BILL697209,CUST10236,177020,177020,2026-10-17 00:00:00,2026-10-21 00:00:00,Web,Paid,0
BILL335119,CUST10479,264655,264655,2026-10-17 00:00:00,2026-10-22 00:00:00,Web,Paid,0
BILL890045,CUST10456,297942,300780,2026-09-27 00:00:00,2026-09-28 00:00:00,Mobile,Paid,0
BILL532869,CUST10605,167331,167331,2026-11-28 00:00:00,2026-12-02 00:00:00,Web,Paid,0
BILL221013,CUST10336,314172,314172,2026-08-15 00:00:00,2026-08-16 00:00:00,Mobile,Paid,0
BILL864004,CUST10003,182530,182530,2026-06-16 00:00:00,2026-06-16 00:00:00,Web,Paid,0
BILL755943,CUST10242,250923,250923,2026-06-13 00:00:00,2026-06-18 00:00:00,Mobile,Paid,0
BILL991956,CUST10137,312474,312474,2026-12-26 00:03:00,2026-12-30 00:03:00,Web,Paid,0
BILL839857,CUST10519,250546,250546,2026-04-04 00:00:00,2026-04-07 00:00:00,Web,Paid,0
BILL582104,CUST10608,306417,306417,2026-12-18 00:00:00,2026-12-20 00:00:00,Web,Paid,0
BILL757089,CUST10145,392922,392922,2026-08-23 00:00:00,2026-08-24 00:00:00,Web,Paid,0
BILL167163,CUST10242,250923,250923,2026-07-18 00:00:00,2026-07-18 00:00:00,Mobile,Paid,0
BILL498121,CUST10135,318407,318407,2027-04-19 00:00:00,2027-04-23 00:00:00,Mobile,Paid,0
BILL682689,CUST10289,398229,398229,2026-12-27 00:00:00,2026-12-28 00:00:00,Web,Paid,0
BILL262075,CUST10187,162615,162615,2026-05-08 00:00:00,2026-05-13 00:00:00,Mobile,Paid,0
BILL619285,CUST10021,307019,307019,2026-07-25 00:03:00,2026-07-25 00:03:00,Web,Paid,0
BILL769316,CUST10093,167091,167091,2026-07-18 00:00:00,2026-07-18 00:00:00,Web,Paid,0
BILL612430,CUST10336,314172,314172,2026-09-15 00:00:00,2026-09-18 00:00:00,Mobile,Paid,0
BILL410903,CUST10381,173810,176842,2026-05-14 00:00:00,2026-05-17 00:00:00,Web,Paid,0
BILL948148,CUST10252,396619,396619,2026-10-21 00:03:00,2026-10-23 00:03:00,Mobile,Paid,0
BILL997543,CUST10014,292242,292242,2026-09-17 00:00:00,2026-09-18 00:00:00,Mobile,Paid,0
BILL718448,CUST10473,142062,142062,2026-09-20 00:00:00,2026-09-22 00:00:00,Mobile,Paid,0
BILL782104,CUST10073,207444,207444,2026-10-28 00:00:00,2026-10-28 00:00:00,Web,Paid,0
BILL103390,CUST10198,372200,372200,2026-09-22 00:00:00,2026-09-23 00:00:00,Mobile,Paid,0
BILL409996,CUST10037,178042,178042,2026-06-13 00:00:00,2026-06-18 00:00:00,Mobile,Paid,0
BILL811115,CUST10359,265900,265900,2026-08-16 00:00:00,2026-08-19 00:00:00,Web,Paid,0
BILL624947,CUST10171,142781,142781,2026-11-13 00:00:00,2026-11-18 00:00:00,Mobile,Paid,0
BILL750169,CUST10189,310340,310340,2026-06-12 00:00:00,2026-06-12 00:00:00,API,Paid,0
BILL692208,CUST10605,167331,167331,2027-01-01 00:00:00,2027-01-06 00:00:00,Web,Paid,0
BILL635347,CUST10591,281465,281465,2026-08-16 00:00:00,2026-08-21 00:00:00,Mobile,Paid,0
BILL849423,CUST10585,195739,195739,2026-09-20 00:03:00,2026-09-24 00:03:00,Mobile,Paid,0
BILL183871,CUST10400,320362,320362,2026-07-21 00:00:00,2026-07-26 00:00:00,Web,Paid,0
BILL444649,CUST10477,154672,154672,2026-05-12 00:00:00,2026-05-13 00:00:00,Mobile,Paid,0
BILL165168,CUST10085,211430,203946,2026-06-12 00:00:00,2026-06-15 00:00:00,API,Paid,0
BILL206747,CUST10285,375934,375934,2026-09-12 00:00:00,2026-09-13 00:00:00,Mobile,Paid,0
BILL338825,CUST10553,189749,189749,2026-06-20 00:00:00,2026-06-20 00:00:00,Mobile,Paid,0
BILL734719,CUST10341,220156,220156,2026-09-21 00:00:00,2026-09-25 00:00:00,Mobile,Paid,0
BILL266342,CUST10419,368161,368161,2026-10-08 00:00:00,2026-10-11 00:00:00,Web,Paid,0
BILL609507,CUST10036,134169,130364,2026-07-16 00:02:00,2026-07-20 00:02:00,API,Paid,0
BILL886748,CUST10392,380320,819193,2026-08-28 00:00:00,2026-09-01 00:00:00,Mobile,Paid,0
BILL486962,CUST10374,209770,209770,2026-11-24 00:00:00,2026-11-28 00:00:00,Mobile,Paid,0
BILL875980,CUST10427,247973,247973,2026-05-15 00:00:00,2026-05-16 00:00:00,Web,Paid,0
BILL762677,CUST10555,138509,138509,2026-05-18 00:00:00,2026-05-18 00:00:00,Mobile,Paid,0
BILL463107,CUST10190,181924,180502,2026-08-22 00:00:00,2026-08-23 00:00:00,Web,Paid,0
BILL243564,CUST10453,138926,138926,2026-06-18 00:00:00,2026-06-17 00:00:00,Web,Paid,0
BILL427813,CUST10334,331403,331403,2026-09-14 00:00:00,2026-09-18 00:00:00,Web,Paid,0
BILL977347,CUST10319,121345,121345,2026-11-28 00:00:00,2026-12-01 00:00:00,Mobile,Paid,0
BILL442042,CUST10325,220741,220741,2026-12-20 00:00:00,2026-12-21 00:00:00,API,Paid,0
BILL240379,CUST10489,207019,207019,2026-08-18 00:00:00,2026-08-20 00:00:00,Web,Paid,0
BILL478018,CUST10038,283493,283493,2026-07-12 00:00:00,2026-07-16 00:00:00,Mobile,Paid,0
BILL719903,CUST10052,251664,251664,2027-01-02 00:00:00,2027-01-03 00:00:00,Mobile,Paid,0
BILL380951,CUST10585,195739,195739,2026-10-24 00:03:00,2026-10-27 00:03:00,Mobile,Paid,0
BILL513727,CUST10445,268121,268121,2026-07-20 00:00:00,2026-07-20 00:00:00,Web,Paid,0
BILL222904,CUST10081,332441,332441,2026-09-22 00:00:00,2026-09-27 00:00:00,API,Paid,0
BILL217305,CUST10064,130657,125328,2026-05-04 00:00:00,2026-05-08 00:00:00,Mobile,Paid,0
BILL225437,CUST10495,342600,342600,2026-08-21 00:00:00,2026-08-21 00:00:00,Web,Paid,0
BILL266470,CUST10537,313828,313828,2026-09-22 00:00:00,2026-09-24 00:00:00,Mobile,Paid,0
BILL240652,CUST10400,320362,320362,2026-08-25 00:00:00,2026-08-27 00:00:00,API,Paid,0
BILL677549,CUST10426,269834,269834,2026-11-08 00:00:00,2026-11-10 00:00:00,Web,Paid,0
BILL299149,CUST10477,154672,154672,2026-06-12 00:00:00,2026-06-15 00:00:00,Mobile,Paid,0
BILL202692,CUST10588,279935,279935,2026-09-10 00:00:00,2026-09-13 00:00:00,API,Paid,0
BILL565476,CUST10009,375989,375989,2026-10-11 00:00:00,2026-10-13 00:00:00,Mobile,Paid,0
BILL308246,CUST10175,299561,299561,2026-11-24 00:00:00,2026-11-28 00:00:00,Web,Paid,0
BILL172725,CUST10079,180418,180418,2026-12-31 00:00:00,2027-01-05 00:00:00,Web,Paid,0
BILL512906,CUST10526,151663,157434,2026-11-15 00:00:00,2026-11-15 00:00:00,Mobile,Paid,0
BILL474772,CUST10183,118488,118488,2026-07-15 00:00:00,2026-07-17 00:00:00,API,Paid,0
BILL266148,CUST10249,312332,312332,2026-08-15 00:00:00,2026-08-18 00:00:00,Mobile,Paid,0
BILL296091,CUST10350,227517,227517,2026-04-02 00:00:00,2026-04-02 00:00:00,API,Paid,0
BILL257761,CUST10516,111753,111753,2026-05-15 00:00:00,2026-05-16 00:00:00,Mobile,Paid,0
BILL404647,CUST10534,291049,291049,2026-06-14 00:00:00,2026-06-18 00:00:00,Mobile,Paid,0
BILL685266,CUST10246,264249,264249,2026-07-14 00:00:00,2026-07-17 00:00:00,Web,Paid,0
BILL124280,CUST10161,344866,344866,2026-11-27 00:00:00,2026-11-30 00:00:00,Mobile,Paid,0
BILL624510,CUST10340,346715,346715,2027-01-17 00:00:00,2027-01-18 00:00:00,Web,Paid,0
BILL949430,CUST10189,310340,310340,2026-07-12 00:00:00,2026-07-12 00:00:00,Mobile,Paid,0
BILL644841,CUST10438,188399,83327,2026-05-13 00:00:00,2026-05-15 00:00:00,Mobile,Paid,0
BILL689752,CUST10590,338082,338082,2026-09-10 00:00:00,2026-09-14 00:00:00,Web,Paid,0
BILL784230,CUST10277,241318,241318,2026-06-22 00:00:00,2026-06-23 00:00:00,API,Paid,0
BILL297027,CUST10099,272414,272414,2026-07-17 00:00:00,2026-07-22 00:00:00,Web,Paid,0
BILL102374,CUST10023,275833,275833,2026-07-28 00:00:00,2026-07-28 00:00:00,API,Paid,0
BILL858828,CUST10557,259648,259648,2026-10-11 00:00:00,2026-10-14 00:00:00,Mobile,Paid,0
BILL434972,CUST10179,339114,339114,2026-05-15 00:00:00,2026-05-19 00:00:00,Web,Paid,0
BILL726713,CUST10299,369454,369454,2026-07-15 00:03:00,2026-07-16 00:03:00,Mobile,Paid,0
BILL738902,CUST10293,139693,139693,2026-11-20 00:00:00,2026-11-24 00:00:00,Web,Paid,0
BILL363739,CUST10236,177020,177201,2026-11-20 00:00:00,2026-11-24 00:00:00,Web,Paid,0
BILL455122,CUST10411,149767,149767,2026-09-23 00:00:00,2026-09-23 00:00:00,Web,Paid,0
BILL677268,CUST10061,340328,340328,2026-08-14 00:00:00,2026-08-19 00:00:00,Mobile,Paid,0
BILL495424,CUST10030,378810,378810,2026-07-05 00:00:00,2026-07-05 00:00:00,Web,Paid,0
BILL826780,CUST10579,131456,131456,2026-08-16 00:00:00,2026-08-18 00:00:00,Mobile,Paid,0
BILL925421,CUST10493,105706,105706,2026-08-19 00:00:00,2026-08-21 00:00:00,Web,Paid,0
BILL665939,CUST10457,217047,217047,2026-08-21 00:00:00,2026-08-24 00:00:00,Web,Paid,0
BILL124537,CUST10176,366658,366658,2026-09-28 00:00:00,2026-10-02 00:00:00,Web,Paid,0
BILL183152,CUST10039,204115,204115,2026-08-22 00:00:00,2026-08-26 00:00:00,Mobile,Paid,0
BILL654471,CUST10577,390170,390170,2027-05-01 00:00:00,2027-05-06 00:00:00,Web,Paid,0
BILL861318,CUST10026,141285,141285,2026-08-23 00:00:00,2026-08-26 00:00:00,Web,Paid,0
BILL388194,CUST10178,102909,102909,2026-07-19 00:00:00,2026-07-20 00:00:00,Mobile,Paid,0
BILL731166,CUST10408,218921,218921,2026-09-23 00:00:00,2026-09-25 00:00:00,Web,Paid,0
BILL979576,CUST10484,371120,371120,2027-03-30 00:00:00,2027-03-30 00:00:00,Mobile,Paid,0
BILL833908,CUST10331,117190,117190,2026-12-23 00:00:00,2026-12-26 00:00:00,Mobile,Paid,0
BILL755388,CUST10002,132483,132483,2026-04-05 00:03:00,2026-04-10 00:03:00,Mobile,Paid,0
BILL565587,CUST10081,332441,332441,2026-10-27 00:00:00,2026-10-27 00:00:00,Mobile,Paid,0
BILL612520,CUST10505,257908,257908,2027-01-21 00:00:00,2027-01-26 00:00:00,Web,Paid,0
BILL108460,CUST10563,263339,263339,2026-08-12 00:00:00,2026-08-16 00:00:00,Web,Paid,0
BILL217891,CUST10479,264655,264655,2026-11-21 00:00:00,2026-11-24 00:00:00,API,Paid,0
BILL338710,CUST10120,190853,190853,2026-07-21 00:00:00,2026-07-21 00:00:00,Mobile,Paid,0
BILL863371,CUST10093,167091,167091,2026-08-17 00:00:00,2026-08-22 00:00:00,Web,Paid,0
BILL560173,CUST10165,382686,382686,2026-12-07 00:00:00,2026-12-11 00:00:00,Web,Paid,0
BILL378968,CUST10297,269700,269700,2026-07-21 00:00:00,2026-07-22 00:00:00,Web,Paid,0
BILL772127,CUST10178,102909,102909,2026-08-19 00:00:00,2026-08-20 00:00:00,Mobile,Paid,0
BILL753489,CUST10219,181149,181149,2027-02-04 00:00:00,2027-02-07 00:00:00,Web,Paid,0
BILL234663,CUST10252,396619,405288,2026-11-22 00:03:00,2026-11-25 00:03:00,Mobile,Paid,0
BILL303048,CUST10153,162569,460444,2026-07-13 00:02:00,2026-07-17 00:02:00,Web,Paid,0
BILL145447,CUST10292,357685,357685,2026-10-07 00:00:00,2026-10-07 00:00:00,Web,Paid,1
BILL277379,CUST10001,345488,345488,2026-09-28 00:00:00,2026-09-28 00:00:00,Mobile,Paid,0
BILL518862,CUST10166,363350,363350,2026-10-24 00:00:00,2026-10-24 00:00:00,Web,Paid,0
BILL978554,CUST10509,150011,150011,2026-08-09 00:00:00,2026-08-11 00:00:00,Web,Paid,0
BILL384475,CUST10600,339191,339191,2026-09-14 00:00:00,2026-09-16 00:00:00,Mobile,Paid,0
BILL524627,CUST10389,232085,232085,2027-04-04 00:00:00,2027-04-05 00:00:00,Web,Paid,0
BILL411369,CUST10214,130783,130783,2026-11-23 00:00:00,2026-11-24 00:00:00,Web,Paid,0
BILL281385,CUST10134,366610,366610,2026-09-22 00:00:00,2026-09-23 00:00:00,Web,Paid,0
BILL730131,CUST10540,380305,380305,2026-12-27 00:00:00,2026-12-28 00:00:00,Web,Paid,0
BILL416486,CUST10451,253228,253228,2026-09-21 00:00:00,2026-09-25 00:00:00,Mobile,Paid,0
BILL210967,CUST10196,193206,193206,2026-10-18 00:00:00,2026-10-18 00:00:00,Mobile,Paid,0
BILL603833,CUST10482,317106,317106,2027-02-22 00:00:00,2027-02-27 00:00:00,Web,Paid,0
BILL304659,CUST10497,202976,202976,2026-06-05 00:00:00,2026-06-05 00:00:00,Mobile,Paid,0
BILL854054,CUST10230,298652,298652,2026-09-25 00:00:00,2026-09-30 00:00:00,Web,Paid,0
BILL618356,CUST10575,294651,294651,2026-05-12 00:00:00,2026-05-15 00:00:00,Mobile,Paid,0
BILL838437,CUST10511,361457,361457,2027-03-07 00:00:00,2027-03-10 00:00:00,API,Paid,0
BILL709034,CUST10222,302556,302556,2027-01-31 00:00:00,2027-02-05 00:00:00,Web,Paid,0
BILL397009,CUST10613,332566,332566,2026-08-12 00:00:00,2026-08-17 00:00:00,Mobile,Paid,0
BILL109938,CUST10234,154405,154405,2026-07-12 00:03:00,2026-07-16 00:03:00,Mobile,Paid,0
BILL755930,CUST10503,252261,252261,2026-08-15 00:00:00,2026-08-16 00:00:00,Mobile,Paid,0
BILL155488,CUST10492,132628,132628,2026-09-19 00:00:00,2026-09-21 00:00:00,Web,Paid,0
BILL759569,CUST10262,114741,114741,2026-06-15 00:00:00,2026-06-19 00:00:00,Web,Paid,0
BILL678182,CUST10103,263167,263167,2026-08-14 00:00:00,2026-08-17 00:00:00,Mobile,Paid,0
BILL289122,CUST10601,235801,235801,2026-05-09 00:00:00,2026-05-12 00:00:00,Web,Paid,0
BILL333517,CUST10442,209546,209546,2027-01-27 00:00:00,2027-01-28 00:00:00,Web,Paid,0
BILL473615,CUST10181,362143,362143,2026-08-16 00:00:00,2026-08-17 00:00:00,Mobile,Paid,0
BILL330575,CUST10442,209546,209546,2027-02-27 00:00:00,2027-02-27 00:00:00,Web,Paid,0
BILL638310,CUST10524,389395,389395,2026-08-25 00:00:00,2026-08-25 00:00:00,Mobile,Paid,0
BILL820048,CUST10354,179044,179044,2026-06-08 00:00:00,2026-06-07 00:00:00,API,Paid,0
BILL656510,CUST10003,182530,182530,2026-07-16 00:00:00,2026-07-20 00:00:00,API,Paid,0
BILL900497,CUST10088,139159,139159,2026-07-15 00:00:00,2026-07-17 00:00:00,Web,Paid,0
BILL189960,CUST10210,395253,398946,2026-07-07 00:03:00,2026-07-12 00:03:00,Mobile,Paid,0
BILL445775,CUST10221,300750,300750,2026-12-23 00:00:00,2026-12-24 00:00:00,Mobile,Paid,0
BILL964663,CUST10601,235801,235801,2026-06-11 00:00:00,2026-06-15 00:00:00,Web,Paid,0
BILL378394,CUST10435,240524,240524,2027-01-31 00:00:00,2027-02-01 00:00:00,API,Paid,0
BILL843962,CUST10348,355414,355414,2026-10-24 00:00:00,2026-10-26 00:00:00,Web,Paid,0
BILL873410,CUST10146,116906,116906,2026-08-16 00:03:00,2026-08-18 00:03:00,Web,Paid,0
BILL655430,CUST10538,389274,389274,2026-10-15 00:03:00,2026-10-17 00:03:00,Web,Paid,0
BILL338414,CUST10588,279935,271586,2026-10-13 00:00:00,2026-10-14 00:00:00,API,Paid,0
BILL708052,CUST10434,222596,222596,2026-11-25 00:00:00,2026-11-26 00:00:00,Mobile,Paid,0
BILL313920,CUST10199,298717,298717,2026-11-27 00:00:00,2026-12-02 00:00:00,Mobile,Paid,0
BILL123493,CUST10562,377397,377397,2026-07-25 00:00:00,2026-07-26 00:00:00,Mobile,Paid,0
BILL101444,CUST10588,279935,279935,2026-11-13 00:00:00,2026-11-18 00:00:00,Mobile,Paid,0
BILL968522,CUST10117,147482,147482,2026-08-28 00:00:00,2026-08-28 00:00:00,Web,Paid,0
BILL622261,CUST10420,223380,223380,2026-07-24 00:02:00,2026-07-25 00:02:00,Mobile,Paid,0
BILL298864,CUST10362,146134,146134,2026-12-21 00:02:00,2026-12-25 00:02:00,Mobile,Paid,0
BILL454362,CUST10305,184444,184444,2026-07-09 00:00:00,2026-07-12 00:00:00,Web,Paid,0
BILL183013,CUST10105,208383,208383,2026-10-23 00:00:00,2026-10-26 00:00:00,Mobile,Paid,0
BILL396221,CUST10057,186020,186020,2026-08-20 00:00:00,2026-08-24 00:00:00,Mobile,Paid,0
BILL503535,CUST10187,162615,162615,2026-06-12 00:00:00,2026-06-17 00:00:00,Mobile,Paid,0
BILL180985,CUST10472,398226,398226,2026-07-14 00:00:00,2026-07-17 00:00:00,Mobile,Paid,0
BILL498976,CUST10198,372200,372200,2026-10-23 00:00:00,2026-10-26 00:00:00,API,Paid,0
BILL870351,CUST10193,205671,205671,2026-08-16 00:00:00,2026-08-21 00:00:00,Web,Paid,0
BILL217755,CUST10538,389274,389274,2026-11-16 00:03:00,2026-11-20 00:03:00,Web,Paid,0
BILL810458,CUST10132,376210,376210,2026-07-10 00:06:00,2026-07-10 00:06:00,Web,Paid,0
BILL390059,CUST10181,362143,362143,2026-09-16 00:00:00,2026-09-15 00:00:00,Mobile,Paid,0
BILL661513,CUST10030,378810,378810,2026-08-04 00:00:00,2026-08-05 00:00:00,API,Paid,0
BILL664217,CUST10226,203978,203978,2027-02-27 00:00:00,2027-03-02 00:00:00,Web,Paid,0
BILL140945,CUST10240,178367,178367,2026-08-16 00:03:00,2026-08-16 00:03:00,Web,Paid,0
BILL860914,CUST10300,103916,103916,2026-09-08 00:03:00,2026-09-09 00:03:00,Mobile,Paid,0
BILL748974,CUST10402,340164,340164,2026-10-15 00:00:00,2026-10-19 00:00:00,Mobile,Paid,0
BILL421413,CUST10235,396186,396186,2026-11-21 00:00:00,2026-11-21 00:00:00,Mobile,Paid,0
BILL812655,CUST10152,104595,104595,2026-07-12 00:00:00,2026-07-16 00:00:00,Mobile,Paid,0
BILL698148,CUST10281,145537,145537,2026-10-29 00:00:00,2026-10-29 00:00:00,Web,Paid,0
BILL268886,CUST10193,205671,205671,2026-09-20 00:00:00,2026-09-21 00:00:00,Web,Paid,0
BILL381261,CUST10613,332566,332566,2026-09-16 00:00:00,2026-09-19 00:00:00,Mobile,Paid,0
BILL392979,CUST10079,180418,180418,2027-02-04 00:00:00,2027-02-09 00:00:00,Web,Paid,0
BILL335381,CUST10154,339106,339106,2026-07-19 00:00:00,2026-07-24 00:00:00,Web,Paid,0
BILL823604,CUST10105,208383,208383,2026-11-25 00:00:00,2026-11-30 00:00:00,Mobile,Paid,0
BILL310736,CUST10146,116906,120433,2026-09-17 00:03:00,2026-09-19 00:03:00,Web,Paid,0
BILL717538,CUST10509,150011,150011,2026-09-10 00:00:00,2026-09-14 00:00:00,Web,Paid,0
BILL861588,CUST10242,250923,250923,2026-08-17 00:00:00,2026-08-17 00:00:00,API,Paid,0
BILL376655,CUST10242,250923,250923,2026-08-17 00:00:00,2026-08-17 00:01:00,API,Paid,0
BILL438287,CUST10416,138452,138452,2026-10-30 00:00:00,2026-11-03 00:00:00,Mobile,Paid,1
BILL152769,CUST10236,177020,177020,2026-12-24 00:00:00,2026-12-24 00:00:00,API,Paid,0
BILL446887,CUST10581,319058,319058,2026-12-31 00:00:00,2026-12-31 00:00:00,Mobile,Paid,0
BILL463255,CUST10245,149125,149125,2026-07-13 00:00:00,2026-07-16 00:00:00,Web,Paid,0
BILL257993,CUST10071,237224,237224,2027-03-07 00:00:00,2027-03-09 00:00:00,Web,Paid,1
BILL498582,CUST10547,191107,191107,2027-01-03 00:00:00,2027-01-06 00:00:00,Mobile,Paid,0
BILL499822,CUST10416,138452,74508,2026-12-03 00:00:00,2026-12-05 00:00:00,Mobile,Paid,0
BILL597528,CUST10479,264655,264655,2026-12-24 00:00:00,2026-12-25 00:00:00,Web,Paid,0
BILL352930,CUST10536,220011,220011,2026-11-14 00:02:00,2026-11-17 00:02:00,Web,Paid,0
BILL304361,CUST10537,313828,313828,2026-10-24 00:00:00,2026-10-27 00:00:00,Mobile,Paid,0
BILL631548,CUST10426,269834,269834,2026-12-10 00:00:00,2026-12-13 00:00:00,Web,Paid,0
BILL428858,CUST10049,374332,374332,2026-02-04 00:00:00,2026-02-04 00:00:00,API,Paid,0
BILL539218,CUST10617,174690,174690,2026-08-27 00:00:00,2026-08-28 00:00:00,Mobile,Paid,0
BILL834534,CUST10307,102038,102038,2026-08-10 00:00:00,2026-08-13 00:00:00,Mobile,Paid,0
BILL610006,CUST10097,391403,391403,2026-05-11 00:00:00,2026-05-11 00:00:00,Mobile,Paid,0
BILL807310,CUST10454,215896,215896,2026-12-23 00:00:00,2026-12-27 00:00:00,Web,Paid,0
BILL510206,CUST10501,251690,251690,2026-07-11 00:00:00,2026-07-14 00:00:00,Mobile,Paid,0
BILL609831,CUST10519,250546,250546,2026-05-07 00:00:00,2026-05-07 00:00:00,Web,Paid,0
BILL876412,CUST10011,246971,242349,2026-10-08 00:00:00,2026-10-09 00:00:00,API,Paid,0
BILL621804,CUST10415,167276,167276,2026-04-07 00:00:00,2026-04-12 00:00:00,Mobile,Paid,0
BILL139479,CUST10616,196054,196054,2026-11-17 00:00:00,2026-11-22 00:00:00,API,Paid,0
BILL211230,CUST10462,296387,296387,2026-07-21 00:00:00,2026-07-21 00:00:00,Mobile,Paid,0
BILL431480,CUST10289,398229,398229,2027-01-27 00:00:00,2027-01-30 00:00:00,Web,Paid,0
BILL414387,CUST10090,263843,263843,2026-04-12 00:00:00,2026-04-14 00:00:00,Web,Paid,0
BILL608421,CUST10221,300750,300750,2027-01-23 00:00:00,2027-01-28 00:00:00,Mobile,Paid,0
BILL424057,CUST10462,296387,296387,2026-08-20 00:00:00,2026-08-25 00:00:00,Mobile,Paid,0
BILL671542,CUST10131,168512,168512,2026-07-11 00:00:00,2026-07-14 00:00:00,Mobile,Paid,0
BILL421136,CUST10257,333829,333829,2026-06-18 00:00:00,2026-06-20 00:00:00,Web,Paid,0
BILL995854,CUST10327,290839,290839,2026-06-12 00:03:00,2026-06-13 00:03:00,Mobile,Paid,0
BILL305735,CUST10037,178042,178042,2026-07-18 00:00:00,2026-07-20 00:00:00,Mobile,Paid,0
BILL157808,CUST10591,281465,281465,2026-09-20 00:00:00,2026-09-25 00:00:00,API,Paid,0
BILL982240,CUST10314,104406,104406,2027-02-25 00:00:00,2027-03-02 00:00:00,Mobile,Paid,0
BILL840144,CUST10263,238303,238303,2026-07-20 00:00:00,2026-07-19 00:00:00,Web,Paid,0
BILL585500,CUST10021,307019,305685,2026-08-24 00:03:00,2026-08-25 00:03:00,Web,Paid,0
BILL795795,CUST10139,219961,219961,2026-11-20 00:00:00,2026-11-22 00:00:00,Mobile,Paid,0
BILL413991,CUST10528,152607,152607,2026-08-22 00:00:00,2026-08-24 00:00:00,Mobile,Paid,0
BILL594147,CUST10565,262025,262025,2026-08-21 00:00:00,2026-08-23 00:00:00,Web,Paid,0
BILL242306,CUST10561,376279,376279,2026-10-28 00:00:00,2026-10-29 00:00:00,Mobile,Paid,0
BILL436682,CUST10605,167331,167331,2027-02-05 00:00:00,2027-02-07 00:00:00,Web,Paid,0
BILL319733,CUST10321,259198,259198,2026-09-14 00:00:00,2026-09-15 00:00:00,Web,Paid,0
BILL298685,CUST10010,272952,272952,2026-10-08 00:06:00,2026-10-09 00:06:00,Mobile,Paid,0
BILL191058,CUST10359,265900,265900,2026-09-18 00:00:00,2026-09-22 00:00:00,API,Paid,0
BILL400745,CUST10221,300750,300750,2027-02-27 00:00:00,2027-02-27 00:00:00,Mobile,Paid,0
BILL654165,CUST10263,238303,238303,2026-08-18 00:00:00,2026-08-22 00:00:00,Web,Paid,0
BILL637746,CUST10477,154672,154672,2026-07-15 00:00:00,2026-07-15 00:00:00,Mobile,Paid,0
BILL936496,CUST10113,287414,287414,2026-06-15 00:00:00,2026-06-17 00:00:00,Web,Paid,0
BILL752442,CUST10404,362092,362092,2026-10-14 00:03:00,2026-10-15 00:03:00,Web,Paid,0
BILL690781,CUST10522,253907,253907,2026-04-03 00:00:00,2026-04-02 00:00:00,Web,Paid,0
BILL366827,CUST10262,114741,114741,2026-07-19 00:00:00,2026-07-20 00:00:00,Web,Paid,0
BILL306984,CUST10129,154112,154112,2026-06-11 00:00:00,2026-06-13 00:00:00,Web,Paid,0
BILL781516,CUST10391,398193,398193,2026-10-20 00:00:00,2026-10-23 00:00:00,Mobile,Paid,0
BILL669293,CUST10181,362143,362143,2026-10-15 00:00:00,2026-10-16 00:00:00,Mobile,Paid,0
BILL143692,CUST10473,142062,142062,2026-10-22 00:00:00,2026-10-23 00:00:00,Mobile,Paid,0
BILL143767,CUST10033,192674,200765,2026-12-27 00:00:00,2026-12-28 00:00:00,Mobile,Paid,0
BILL418949,CUST10448,114297,114297,2026-12-01 00:00:00,2026-12-06 00:00:00,Web,Paid,0
BILL494370,CUST10579,131456,131456,2026-09-17 00:00:00,2026-09-21 00:00:00,Mobile,Paid,0
BILL626979,CUST10452,181594,181594,2027-01-04 00:02:00,2027-01-09 00:02:00,Web,Paid,0
BILL781891,CUST10445,268121,268121,2026-08-19 00:00:00,2026-08-20 00:00:00,Web,Paid,0
BILL866551,CUST10519,250546,250546,2026-06-06 00:00:00,2026-06-06 00:00:00,Web,Paid,0
BILL507201,CUST10330,341313,341313,2027-02-28 00:00:00,2027-03-02 00:00:00,API,Paid,0
BILL186039,CUST10126,368583,368583,2026-08-23 00:00:00,2026-08-23 00:00:00,Web,Paid,1
BILL808824,CUST10330,341313,341313,2027-04-01 00:00:00,2027-04-06 00:00:00,Mobile,Paid,0
BILL964569,CUST10475,126039,126039,2026-06-14 00:00:00,2026-06-14 00:00:00,API,Paid,0
BILL335822,CUST10475,126039,126039,2026-06-14 00:00:00,2026-06-14 00:01:00,API,Paid,0
BILL640105,CUST10475,126039,126039,2026-06-14 00:00:00,2026-06-14 00:02:00,API,Paid,0
BILL884341,CUST10203,295824,295824,2026-06-17 00:00:00,2026-06-18 00:00:00,Web,Paid,0
BILL574160,CUST10366,135898,135898,2026-08-19 00:00:00,2026-08-21 00:00:00,Mobile,Paid,0
BILL574292,CUST10508,348867,348867,2026-07-13 00:00:00,2026-07-17 00:00:00,Web,Paid,0
BILL142312,CUST10381,173810,173810,2026-06-16 00:00:00,2026-06-20 00:00:00,Web,Paid,0
BILL574439,CUST10418,114272,114272,2026-11-18 00:00:00,2026-11-21 00:00:00,API,Paid,0
BILL336754,CUST10073,207444,744981,2026-11-27 00:00:00,2026-11-27 00:00:00,Web,Paid,0
BILL414271,CUST10258,198716,198716,2026-11-23 00:00:00,2026-11-25 00:00:00,Web,Paid,0
BILL589588,CUST10446,332242,332242,2026-09-14 00:00:00,2026-09-19 00:00:00,Web,Paid,0
BILL160443,CUST10256,321442,321442,2026-07-17 00:00:00,2026-07-16 00:00:00,API,Paid,0
BILL322134,CUST10319,121345,121345,2026-12-31 00:00:00,2027-01-05 00:00:00,Mobile,Paid,0
BILL922756,CUST10279,232515,1010032,2026-05-18 00:00:00,2026-05-20 00:00:00,Web,Paid,0
BILL653979,CUST10044,169553,169553,2026-08-18 00:00:00,2026-08-19 00:00:00,Web,Paid,0
BILL571204,CUST10237,368949,221851,2026-05-16 00:00:00,2026-05-21 00:00:00,Mobile,Paid,0
BILL193729,CUST10517,222616,222616,2026-08-16 00:00:00,2026-08-21 00:00:00,Mobile,Paid,0
BILL290981,CUST10359,265900,265900,2026-10-22 00:00:00,2026-10-23 00:00:00,Web,Paid,0
BILL477133,CUST10540,380305,380305,2027-01-27 00:00:00,2027-02-01 00:00:00,Web,Paid,0
BILL524396,CUST10339,166164,166164,2026-09-18 00:00:00,2026-09-22 00:00:00,Mobile,Paid,0
BILL395201,CUST10361,297495,297495,2027-02-22 00:00:00,2027-02-27 00:00:00,Web,Paid,0
BILL348622,CUST10617,174690,174690,2026-09-27 00:00:00,2026-09-30 00:00:00,Mobile,Paid,0
BILL322866,CUST10273,352715,352715,2026-08-21 00:00:00,2026-08-24 00:00:00,API,Paid,0
BILL189554,CUST10495,342600,342600,2026-09-20 00:00:00,2026-09-21 00:00:00,API,Paid,0
BILL632724,CUST10528,152607,531695,2026-09-23 00:00:00,2026-09-24 00:00:00,Mobile,Paid,0
BILL611157,CUST10480,105645,103294,2027-05-10 00:00:00,2027-05-13 00:00:00,Mobile,Paid,0
BILL771244,CUST10156,219188,219188,2026-06-14 00:00:00,2026-06-18 00:00:00,Web,Paid,0
BILL275001,CUST10056,259856,259856,2026-06-13 00:00:00,2026-06-13 00:00:00,Mobile,Paid,0
BILL565914,CUST10027,172429,172429,2026-05-11 00:00:00,2026-05-11 00:00:00,Mobile,Paid,0
BILL495827,CUST10398,332324,332324,2027-01-18 00:00:00,2027-01-19 00:00:00,Mobile,Paid,0
BILL526290,CUST10132,376210,376210,2026-08-09 00:06:00,2026-08-11 00:06:00,Web,Paid,0
BILL736208,CUST10451,253228,253228,2026-10-25 00:00:00,2026-10-25 00:00:00,Mobile,Paid,0
BILL108377,CUST10417,265913,265913,2026-08-12 00:05:00,2026-08-16 00:05:00,Web,Paid,0
BILL213278,CUST10615,228653,228653,2027-03-02 00:00:00,2027-03-04 00:00:00,Web,Paid,0
BILL531860,CUST10178,102909,102909,2026-09-19 00:00:00,2026-09-21 00:00:00,Mobile,Paid,0
BILL391407,CUST10210,395253,395253,2026-08-11 00:03:00,2026-08-13 00:03:00,Mobile,Paid,0
BILL917216,CUST10165,382686,382686,2027-01-10 00:00:00,2027-01-12 00:00:00,Web,Paid,0
BILL426440,CUST10189,310340,310340,2026-08-11 00:00:00,2026-08-12 00:00:00,Mobile,Paid,0
BILL888397,CUST10619,156874,156874,2026-10-29 00:00:00,2026-11-02 00:00:00,Mobile,Paid,0
BILL697903,CUST10085,211430,211430,2026-07-15 00:00:00,2026-07-17 00:00:00,Mobile,Paid,0
BILL205272,CUST10371,297428,297428,2026-04-04 00:00:00,2026-04-05 00:00:00,Web,Paid,0
BILL408464,CUST10533,335715,335715,2026-06-24 00:00:00,2026-06-29 00:00:00,Web,Paid,0
BILL500488,CUST10428,223714,223714,2026-05-11 00:00:00,2026-05-13 00:00:00,Web,Paid,0
BILL699696,CUST10552,129409,73154,2026-09-18 00:00:00,2026-09-20 00:00:00,Web,Paid,0
BILL332718,CUST10599,330929,330929,2026-07-18 00:00:00,2026-07-23 00:00:00,Mobile,Paid,0
BILL193909,CUST10121,363947,363947,2027-01-24 00:00:00,2027-01-27 00:00:00,Mobile,Paid,0
BILL358045,CUST10602,301882,301882,2026-08-16 00:00:00,2026-08-19 00:00:00,Web,Paid,0
BILL996705,CUST10226,203978,203978,2027-04-01 00:00:00,2027-04-05 00:00:00,API,Paid,0
BILL114769,CUST10357,216028,216028,2026-12-26 00:00:00,2026-12-29 00:00:00,Mobile,Paid,0
BILL326801,CUST10081,332441,332441,2026-11-26 00:00:00,2026-11-26 00:00:00,Mobile,Paid,0
BILL131435,CUST10261,192948,192948,2026-09-15 00:00:00,2026-09-19 00:00:00,API,Paid,0
BILL482269,CUST10488,202266,202266,2026-06-23 00:00:00,2026-06-24 00:00:00,Mobile,Paid,0
BILL435808,CUST10245,149125,149125,2026-08-15 00:00:00,2026-08-16 00:00:00,Web,Paid,0
BILL744049,CUST10524,389395,389395,2026-09-24 00:00:00,2026-09-29 00:00:00,Mobile,Paid,0
BILL154670,CUST10411,149767,156976,2026-10-23 00:00:00,2026-10-26 00:00:00,Web,Paid,0
BILL345788,CUST10385,299414,299414,2027-07-02 00:02:00,2027-07-04 00:02:00,Web,Paid,0
BILL437621,CUST10205,363069,363069,2027-01-28 00:00:00,2027-02-01 00:00:00,Mobile,Paid,0
BILL997350,CUST10397,321880,321880,2026-09-02 00:00:00,2026-09-07 00:00:00,Mobile,Paid,0
BILL169928,CUST10571,308834,308834,2026-11-24 00:00:00,2026-11-29 00:00:00,Mobile,Paid,0
BILL865108,CUST10428,223714,223714,2026-06-12 00:00:00,2026-06-13 00:00:00,Web,Paid,0
BILL719487,CUST10230,298652,298652,2026-10-30 00:00:00,2026-11-01 00:00:00,Web,Paid,0
BILL322123,CUST10089,286667,286667,2026-08-15 00:00:00,2026-08-16 00:00:00,Web,Paid,0
BILL737629,CUST10546,178968,178968,2026-05-14 00:00:00,2026-05-18 00:00:00,Web,Paid,0
BILL675401,CUST10023,275833,275833,2026-08-27 00:00:00,2026-08-29 00:00:00,Mobile,Paid,0
BILL635723,CUST10529,334563,334563,2026-10-07 00:00:00,2026-10-12 00:00:00,API,Paid,0
BILL293691,CUST10361,297495,297495,2027-03-29 00:00:00,2027-03-30 00:00:00,Web,Paid,0
BILL370136,CUST10359,265900,265900,2026-11-22 00:00:00,2026-11-22 00:00:00,Web,Paid,0
BILL355176,CUST10087,215985,215985,2026-09-15 00:00:00,2026-09-16 00:00:00,Web,Paid,1
BILL784367,CUST10164,224102,234003,2026-06-18 00:00:00,2026-06-19 00:00:00,Mobile,Paid,0
BILL850342,CUST10095,162561,162561,2026-06-18 00:00:00,2026-06-20 00:00:00,Web,Paid,0
BILL682365,CUST10328,184243,184243,2027-02-02 00:00:00,2027-02-02 00:00:00,Web,Paid,0
BILL446560,CUST10112,366183,366183,2026-07-08 00:03:00,2026-07-09 00:03:00,Mobile,Paid,0
BILL566840,CUST10136,140071,140071,2026-06-20 00:00:00,2026-06-24 00:00:00,Mobile,Paid,0
BILL222078,CUST10109,373800,373800,2026-07-20 00:00:00,2026-07-21 00:00:00,Web,Paid,0
BILL498141,CUST10197,240006,240006,2026-07-13 00:00:00,2026-07-16 00:00:00,Mobile,Paid,0
BILL803963,CUST10579,131456,131456,2026-10-21 00:00:00,2026-10-22 00:00:00,Mobile,Paid,0
BILL345024,CUST10196,193206,193206,2026-11-17 00:00:00,2026-11-21 00:00:00,Mobile,Paid,0
BILL806767,CUST10030,378810,378810,2026-09-04 00:00:00,2026-09-06 00:00:00,Web,Paid,0
BILL809007,CUST10116,102455,102455,2026-08-16 00:00:00,2026-08-20 00:00:00,API,Paid,0
BILL901337,CUST10024,252646,252646,2026-12-21 00:00:00,2026-12-24 00:00:00,Web,Paid,0
BILL688509,CUST10201,142456,142456,2026-08-23 00:00:00,2026-08-27 00:00:00,API,Paid,0
BILL374381,CUST10055,143097,143097,2026-07-13 00:00:00,2026-07-18 00:00:00,Web,Paid,0
BILL404071,CUST10094,245816,245816,2026-11-19 00:00:00,2026-11-20 00:00:00,Mobile,Paid,0
BILL682242,CUST10580,251274,251274,2026-05-15 00:00:00,2026-05-20 00:00:00,API,Paid,0
BILL395495,CUST10171,142781,142781,2026-12-18 00:00:00,2026-12-19 00:00:00,Mobile,Paid,0
BILL877063,CUST10473,142062,142062,2026-11-22 00:00:00,2026-11-22 00:00:00,Mobile,Paid,0
BILL493144,CUST10326,371573,371573,2026-10-19 00:00:00,2026-10-20 00:00:00,Web,Paid,0
BILL922568,CUST10429,143790,143790,2026-08-13 00:00:00,2026-08-18 00:00:00,Mobile,Paid,0
BILL553095,CUST10037,178042,178042,2026-08-19 00:00:00,2026-08-19 00:00:00,API,Paid,0
BILL538115,CUST10454,215896,215896,2027-01-26 00:00:00,2027-01-30 00:00:00,Web,Paid,0
BILL589645,CUST10258,198716,198716,2026-12-25 00:00:00,2026-12-28 00:00:00,Web,Paid,0
BILL274742,CUST10382,319178,318037,2026-11-15 00:00:00,2026-11-15 00:00:00,Web,Paid,0
BILL550029,CUST10447,214704,214704,2026-11-28 00:00:00,2026-12-02 00:00:00,Web,Paid,0
BILL223126,CUST10470,167619,167619,2027-01-25 00:00:00,2027-01-26 00:00:00,Web,Paid,0
BILL309567,CUST10228,360483,1846951,2026-09-12 00:00:00,2026-09-13 00:00:00,Mobile,Paid,0
BILL468274,CUST10570,261002,261002,2026-05-14 00:00:00,2026-05-18 00:00:00,Web,Paid,0
BILL139415,CUST10406,256264,256264,2027-05-29 00:03:00,2027-06-03 00:03:00,Web,Paid,0
BILL690042,CUST10067,385330,841498,2026-09-22 00:00:00,2026-09-22 00:00:00,Mobile,Paid,0
BILL177941,CUST10189,310340,1236731,2026-09-11 00:00:00,2026-09-13 00:00:00,Mobile,Paid,0
BILL794768,CUST10299,369454,369454,2026-08-15 00:03:00,2026-08-16 00:03:00,Mobile,Paid,0
BILL404412,CUST10149,180427,180427,2026-06-15 00:00:00,2026-06-17 00:00:00,API,Paid,0
BILL452080,CUST10527,283502,283502,2026-09-21 00:00:00,2026-09-25 00:00:00,Mobile,Paid,0
BILL876461,CUST10102,378569,378569,2026-06-12 00:00:00,2026-06-12 00:00:00,Web,Paid,0
BILL640222,CUST10414,229181,229181,2026-07-18 00:00:00,2026-07-22 00:00:00,Mobile,Paid,0
BILL765861,CUST10488,202266,202266,2026-07-24 00:00:00,2026-07-24 00:00:00,Mobile,Paid,0
BILL639873,CUST10519,250546,239139,2026-07-06 00:00:00,2026-07-07 00:00:00,Web,Paid,0
BILL144660,CUST10306,221146,221146,2027-03-12 00:00:00,2027-03-15 00:00:00,Mobile,Paid,0
BILL197266,CUST10077,181758,181758,2026-09-24 00:00:00,2026-09-29 00:00:00,Web,Paid,0
BILL369438,CUST10338,214725,214725,2026-11-15 00:00:00,2026-11-20 00:00:00,Mobile,Paid,0
BILL916475,CUST10049,374332,374332,2026-03-06 00:00:00,2026-03-06 00:00:00,API,Paid,0
BILL381121,CUST10047,174040,174040,2026-06-08 00:00:00,2026-06-13 00:00:00,Web,Paid,0
BILL499324,CUST10262,114741,114741,2026-08-19 00:00:00,2026-08-23 00:00:00,Web,Paid,0
BILL519681,CUST10061,340328,340328,2026-09-18 00:00:00,2026-09-17 00:00:00,Mobile,Paid,0
BILL898991,CUST10165,382686,382686,2027-02-11 00:00:00,2027-02-12 00:00:00,Web,Paid,0
BILL591531,CUST10562,377397,377397,2026-08-25 00:00:00,2026-08-27 00:00:00,Mobile,Paid,0
BILL145970,CUST10258,198716,198716,2027-01-27 00:00:00,2027-01-30 00:00:00,Web,Paid,0
BILL376827,CUST10302,246406,246406,2026-06-17 00:00:00,2026-06-22 00:00:00,Web,Paid,0
BILL629135,CUST10477,154672,154672,2026-08-14 00:00:00,2026-08-18 00:00:00,API,Paid,0
BILL281350,CUST10496,159420,159420,2026-10-17 00:00:00,2026-10-17 00:00:00,Mobile,Paid,0
BILL277929,CUST10602,301882,301882,2026-09-18 00:00:00,2026-09-21 00:00:00,API,Paid,0
BILL213843,CUST10398,332324,332324,2027-02-18 00:00:00,2027-02-18 00:00:00,Mobile,Paid,0
BILL884989,CUST10488,202266,202266,2026-08-23 00:00:00,2026-08-25 00:00:00,Mobile,Paid,1
BILL132678,CUST10310,162282,162282,2026-11-28 00:02:00,2026-12-02 00:02:00,Mobile,Paid,0
BILL459725,CUST10262,114741,117600,2026-09-22 00:00:00,2026-09-26 00:00:00,Web,Paid,0
BILL173823,CUST10178,102909,102909,2026-10-21 00:00:00,2026-10-22 00:00:00,Mobile,Paid,0
BILL624929,CUST10184,307487,307487,2026-07-06 00:00:00,2026-07-06 00:00:00,Web,Paid,0
BILL381700,CUST10432,148263,148263,2026-09-26 00:00:00,2026-09-26 00:00:00,API,Paid,0
BILL115027,CUST10010,272952,272952,2026-11-08 00:06:00,2026-11-08 00:06:00,Mobile,Paid,0
BILL190295,CUST10033,192674,192674,2027-01-27 00:00:00,2027-01-28 00:00:00,Mobile,Paid,0
BILL172473,CUST10495,342600,342600,2026-10-21 00:00:00,2026-10-21 00:00:00,Web,Paid,0
BILL957442,CUST10341,220156,220156,2026-10-25 00:00:00,2026-10-29 00:00:00,Mobile,Paid,0
BILL127704,CUST10417,265913,265913,2026-09-15 00:05:00,2026-09-16 00:05:00,API,Paid,0
BILL355397,CUST10294,134073,134073,2026-12-19 00:00:00,2026-12-20 00:00:00,Mobile,Paid,0
BILL634016,CUST10410,224918,224918,2027-03-31 00:00:00,2027-04-02 00:00:00,Mobile,Paid,0
BILL257311,CUST10388,195075,195075,2026-10-28 00:00:00,2026-11-02 00:00:00,Web,Paid,0
BILL153993,CUST10344,240657,240657,2026-10-16 00:00:00,2026-10-18 00:00:00,Web,Paid,0
BILL418835,CUST10398,332324,332324,2027-03-20 00:00:00,2027-03-22 00:00:00,Mobile,Paid,0
BILL953251,CUST10504,354532,354532,2026-06-13 00:00:00,2026-06-18 00:00:00,Web,Paid,0
BILL880927,CUST10140,178769,178769,2026-10-06 00:00:00,2026-10-07 00:00:00,Mobile,Paid,0
BILL882621,CUST10517,222616,222616,2026-09-20 00:00:00,2026-09-20 00:00:00,Mobile,Paid,0
BILL471261,CUST10502,327978,1742081,2026-10-25 00:00:00,2026-10-26 00:00:00,Web,Paid,0
BILL622504,CUST10401,247639,247639,2026-06-21 00:00:00,2026-06-23 00:00:00,Mobile,Paid,0
BILL229552,CUST10532,229729,229729,2026-10-21 00:00:00,2026-10-24 00:00:00,Mobile,Paid,0
BILL390181,CUST10261,192948,192948,2026-10-19 00:00:00,2026-10-24 00:00:00,Mobile,Paid,0
BILL484320,CUST10527,283502,283502,2026-10-25 00:00:00,2026-10-29 00:00:00,Mobile,Paid,0
BILL836504,CUST10254,113526,115086,2026-09-13 00:02:00,2026-09-15 00:02:00,Web,Paid,0
BILL368475,CUST10254,113526,113526,2026-10-15 00:02:00,2026-10-15 00:02:00,Web,Paid,0
BILL264450,CUST10472,398226,398226,2026-08-16 00:00:00,2026-08-18 00:00:00,Mobile,Paid,0
BILL913854,CUST10142,103897,103897,2026-10-23 00:02:00,2026-10-28 00:02:00,Web,Paid,0
BILL455487,CUST10480,105645,105645,2027-06-12 00:00:00,2027-06-15 00:00:00,Mobile,Paid,0
BILL610871,CUST10615,228653,228653,2027-04-03 00:00:00,2027-04-07 00:00:00,Web,Paid,1
BILL571539,CUST10448,114297,114297,2027-01-05 00:00:00,2027-01-09 00:00:00,Web,Paid,0
BILL957192,CUST10009,375989,375989,2026-11-12 00:00:00,2026-11-12 00:00:00,API,Paid,0
BILL535048,CUST10382,319178,319178,2026-12-15 00:00:00,2026-12-16 00:00:00,Web,Paid,0
BILL151561,CUST10362,146134,146134,2027-01-24 00:02:00,2027-01-28 00:02:00,Mobile,Paid,0
BILL437998,CUST10345,232502,232502,2026-05-15 00:00:00,2026-05-15 00:00:00,Mobile,Paid,0
BILL638836,CUST10549,344709,338860,2026-06-13 00:00:00,2026-06-13 00:00:00,Mobile,Paid,0
BILL880975,CUST10571,308834,308834,2026-12-29 00:00:00,2027-01-02 00:00:00,Mobile,Paid,0
BILL621331,CUST10525,278327,278327,2026-09-26 00:00:00,2026-10-01 00:00:00,Mobile,Paid,0
BILL131895,CUST10525,278327,278327,2026-10-31 00:00:00,2026-10-31 00:00:00,Mobile,Paid,0
BILL283596,CUST10423,319827,319827,2026-12-01 00:00:00,2026-12-03 00:00:00,Web,Paid,0
BILL954984,CUST10171,142781,142781,2027-01-18 00:00:00,2027-01-22 00:00:00,Mobile,Paid,0
BILL148354,CUST10514,228952,228952,2026-12-17 00:00:00,2026-12-17 00:00:00,Web,Paid,0
BILL908760,CUST10192,166878,166878,2026-08-16 00:00:00,2026-08-19 00:00:00,Mobile,Paid,0
BILL910427,CUST10375,145501,147625,2026-09-23 00:00:00,2026-09-25 00:00:00,Mobile,Paid,0
BILL143247,CUST10358,125188,125188,2026-07-21 00:00:00,2026-07-20 00:00:00,API,Paid,0
BILL726408,CUST10142,103897,103897,2026-11-27 00:02:00,2026-11-30 00:02:00,Web,Paid,0
BILL911362,CUST10398,332324,332324,2027-04-21 00:00:00,2027-04-24 00:00:00,Mobile,Paid,0
BILL820805,CUST10072,168087,168087,2026-10-20 00:00:00,2026-10-24 00:00:00,Mobile,Paid,0
BILL118476,CUST10278,251703,251703,2026-08-30 00:00:00,2026-09-04 00:00:00,Web,Paid,0
BILL402916,CUST10177,188340,188340,2026-07-19 00:00:00,2026-07-18 00:00:00,Web,Paid,0
BILL871184,CUST10408,218921,218921,2026-10-25 00:00:00,2026-10-27 00:00:00,Web,Paid,0
BILL954945,CUST10582,399188,399188,2026-09-11 00:00:00,2026-09-12 00:00:00,Mobile,Paid,0
BILL608305,CUST10545,302966,302966,2026-06-22 00:00:00,2026-06-22 00:00:00,Web,Paid,0
BILL126605,CUST10172,250168,250168,2026-08-21 00:03:00,2026-08-24 00:03:00,Web,Paid,0
BILL311066,CUST10440,385257,385257,2026-06-13 00:00:00,2026-06-15 00:00:00,Mobile,Paid,0
BILL765386,CUST10585,195739,195739,2026-11-26 00:03:00,2026-11-26 00:03:00,Mobile,Paid,0
BILL264472,CUST10619,156874,156874,2026-12-02 00:00:00,2026-12-05 00:00:00,Mobile,Paid,0
BILL755504,CUST10066,362601,362601,2026-12-26 00:00:00,2026-12-31 00:00:00,Web,Paid,0
BILL149080,CUST10178,102909,102909,2026-11-21 00:00:00,2026-11-25 00:00:00,Mobile,Paid,0
BILL904339,CUST10115,371698,371698,2026-07-20 00:00:00,2026-07-23 00:00:00,Mobile,Paid,0
BILL978888,CUST10010,272952,272952,2026-12-08 00:06:00,2026-12-11 00:06:00,Mobile,Paid,0
BILL746695,CUST10410,224918,224918,2027-05-02 00:00:00,2027-05-03 00:00:00,Mobile,Paid,0
BILL184422,CUST10191,230963,230963,2026-08-16 00:00:00,2026-08-19 00:00:00,Mobile,Paid,0
BILL804285,CUST10206,162750,162750,2026-08-10 00:00:00,2026-08-11 00:00:00,Mobile,Paid,0
BILL664986,CUST10177,188340,188340,2026-08-17 00:00:00,2026-08-22 00:00:00,Web,Paid,0
BILL244816,CUST10034,108235,108235,2027-01-24 00:00:00,2027-01-24 00:00:00,Mobile,Paid,0
BILL277774,CUST10080,197104,197104,2026-10-17 00:00:00,2026-10-18 00:00:00,Mobile,Paid,0
BILL300723,CUST10133,321466,321466,2027-03-01 00:00:00,2027-03-03 00:00:00,Web,Paid,0
BILL436600,CUST10384,275409,275409,2026-09-21 00:00:00,2026-09-23 00:00:00,Mobile,Paid,0
BILL956282,CUST10348,355414,355414,2026-11-25 00:00:00,2026-11-30 00:00:00,Web,Paid,0
BILL339273,CUST10129,154112,154112,2026-07-13 00:00:00,2026-07-17 00:00:00,Web,Paid,0
BILL536741,CUST10172,250168,250168,2026-09-23 00:03:00,2026-09-24 00:03:00,Web,Paid,0
BILL421472,CUST10320,224248,224248,2026-10-23 00:00:00,2026-10-23 00:00:00,Web,Paid,0
BILL161936,CUST10255,188144,188144,2026-08-14 00:00:00,2026-08-14 00:00:00,Web,Paid,0
BILL107874,CUST10194,305707,305707,2026-09-20 00:00:00,2026-09-25 00:00:00,Mobile,Paid,0
BILL179601,CUST10136,140071,140071,2026-07-24 00:00:00,2026-07-24 00:00:00,Mobile,Paid,0
BILL534902,CUST10557,259648,259648,2026-11-13 00:00:00,2026-11-16 00:00:00,Mobile,Paid,0
BILL925142,CUST10281,145537,145537,2026-11-28 00:00:00,2026-11-30 00:00:00,Web,Paid,0
BILL840909,CUST10451,253228,249262,2026-11-24 00:00:00,2026-11-27 00:00:00,Mobile,Paid,0
BILL958342,CUST10235,396186,396186,2026-12-21 00:00:00,2026-12-23 00:00:00,API,Paid,0
BILL277595,CUST10452,181594,181594,2027-02-08 00:02:00,2027-02-11 00:02:00,API,Paid,0
BILL861158,CUST10092,220450,220450,2026-04-13 00:00:00,2026-04-13 00:00:00,Mobile,Paid,0
BILL487316,CUST10101,176350,176350,2026-08-15 00:00:00,2026-08-15 00:00:00,API,Paid,0
BILL954937,CUST10443,351740,351740,2026-09-14 00:00:00,2026-09-14 00:00:00,Web,Paid,0
BILL489515,CUST10493,105706,105706,2026-09-20 00:00:00,2026-09-25 00:00:00,API,Paid,0
BILL318011,CUST10425,254546,254546,2026-11-12 00:00:00,2026-11-17 00:00:00,Web,Paid,0
BILL968661,CUST10453,138926,138926,2026-07-17 00:00:00,2026-07-18 00:00:00,Web,Paid,0
BILL316782,CUST10085,211430,211430,2026-08-16 00:00:00,2026-08-18 00:00:00,Mobile,Paid,0
BILL859556,CUST10298,252847,252847,2026-10-19 00:00:00,2026-10-23 00:00:00,API,Paid,0
BILL619813,CUST10026,141285,141285,2026-09-25 00:00:00,2026-09-25 00:00:00,Web,Paid,0
BILL590242,CUST10380,136412,136412,2026-08-21 00:00:00,2026-08-23 00:00:00,Web,Paid,0
BILL507401,CUST10333,348154,348154,2026-08-26 00:00:00,2026-08-31 00:00:00,Web,Paid,0
BILL575341,CUST10524,389395,389395,2026-10-29 00:00:00,2026-11-03 00:00:00,Mobile,Paid,0
BILL381597,CUST10065,108529,108529,2026-06-12 00:00:00,2026-06-12 00:00:00,Web,Paid,0
BILL151886,CUST10253,224900,224900,2026-08-20 00:00:00,2026-08-25 00:00:00,Web,Paid,0
BILL738716,CUST10008,235370,235370,2027-05-14 00:00:00,2027-05-14 00:00:00,API,Paid,0
BILL535855,CUST10008,235370,235370,2027-05-14 00:00:00,2027-05-14 00:01:00,API,Paid,0
BILL731893,CUST10008,235370,235370,2027-05-14 00:00:00,2027-05-14 00:02:00,API,Paid,0
BILL763102,CUST10274,234102,234102,2026-09-28 00:00:00,2026-10-01 00:00:00,Mobile,Paid,0
BILL639362,CUST10583,228215,228215,2026-09-10 00:00:00,2026-09-15 00:00:00,Mobile,Paid,0
BILL954660,CUST10465,350477,350477,2026-07-11 00:03:00,2026-07-13 00:03:00,API,Paid,0
BILL649472,CUST10067,385330,386502,2026-10-22 00:00:00,2026-10-24 00:00:00,Mobile,Paid,0
BILL478507,CUST10355,283799,283799,2026-09-11 00:00:00,2026-09-13 00:00:00,Web,Paid,0
BILL640051,CUST10269,293166,293166,2027-02-01 00:00:00,2027-02-06 00:00:00,Web,Paid,0
BILL159221,CUST10121,363947,363947,2027-02-26 00:00:00,2027-02-28 00:00:00,Mobile,Paid,0
BILL580698,CUST10103,263167,263167,2026-09-16 00:00:00,2026-09-16 00:00:00,Mobile,Paid,0
BILL676007,CUST10395,126871,126871,2026-09-19 00:00:00,2026-09-21 00:00:00,Mobile,Paid,0
BILL591773,CUST10104,190483,190483,2026-06-14 00:00:00,2026-06-16 00:00:00,Mobile,Paid,0
BILL755668,CUST10262,114741,114741,2026-10-26 00:00:00,2026-10-25 00:00:00,Web,Paid,0
BILL896483,CUST10308,227871,227871,2026-10-25 00:00:00,2026-10-28 00:00:00,Mobile,Paid,0
BILL650542,CUST10405,184088,184088,2026-07-20 00:02:00,2026-07-20 00:02:00,Web,Paid,0
BILL130940,CUST10158,223467,216382,2026-05-11 00:00:00,2026-05-12 00:00:00,Web,Paid,0
BILL394367,CUST10498,335312,335312,2026-11-20 00:00:00,2026-11-24 00:00:00,Mobile,Paid,0
BILL527169,CUST10128,102847,102847,2026-08-23 00:00:00,2026-08-24 00:00:00,Web,Paid,0
BILL447854,CUST10415,167276,167276,2026-05-12 00:00:00,2026-05-17 00:00:00,Mobile,Paid,0
BILL924658,CUST10588,279935,279935,2026-12-18 00:00:00,2026-12-20 00:00:00,Mobile,Paid,0
BILL926942,CUST10149,180427,180427,2026-07-17 00:00:00,2026-07-19 00:00:00,Mobile,Paid,0
BILL229739,CUST10279,232515,232515,2026-06-19 00:00:00,2026-06-21 00:00:00,Web,Paid,0
BILL755968,CUST10518,144976,144976,2026-07-19 00:00:00,2026-07-23 00:00:00,Web,Paid,0
BILL794149,CUST10166,363350,363350,2026-11-23 00:00:00,2026-11-27 00:00:00,Web,Paid,0
BILL517072,CUST10272,118808,118808,2026-08-13 00:00:00,2026-08-15 00:00:00,Web,Paid,0
BILL977906,CUST10559,119656,119656,2026-09-26 00:00:00,2026-09-27 00:00:00,Mobile,Paid,0
BILL543735,CUST10219,181149,181149,2027-03-09 00:00:00,2027-03-13 00:00:00,Web,Paid,0
BILL607011,CUST10584,348118,348118,2026-05-20 00:00:00,2026-05-22 00:00:00,Web,Paid,0
BILL812906,CUST10017,248631,248631,2026-12-25 00:00:00,2026-12-25 00:00:00,Web,Paid,0
BILL124097,CUST10189,310340,310340,2026-10-13 00:00:00,2026-10-16 00:00:00,Mobile,Paid,0
BILL380332,CUST10114,195049,195049,2026-08-18 00:00:00,2026-08-20 00:00:00,Mobile,Paid,0
BILL636471,CUST10006,282203,282203,2026-12-27 00:03:00,2026-12-30 00:03:00,Mobile,Paid,0
BILL557848,CUST10223,305291,305291,2026-09-12 00:00:00,2026-09-14 00:00:00,Mobile,Paid,0
BILL615831,CUST10196,193206,193206,2026-12-21 00:00:00,2026-12-24 00:00:00,Mobile,Paid,0
BILL192951,CUST10450,324116,324116,2026-07-12 00:00:00,2026-07-17 00:00:00,Web,Paid,0
BILL383811,CUST10331,117190,117190,2027-01-25 00:00:00,2027-01-26 00:00:00,Mobile,Paid,1
BILL180954,CUST10558,370905,370905,2026-07-15 00:00:00,2026-07-19 00:00:00,API,Paid,0
BILL868078,CUST10506,110402,110402,2026-07-18 00:00:00,2026-07-18 00:00:00,Mobile,Paid,0
BILL547293,CUST10415,167276,167276,2026-06-16 00:00:00,2026-06-21 00:00:00,Mobile,Paid,0
BILL183070,CUST10204,212495,212495,2026-08-12 00:02:00,2026-08-16 00:02:00,Web,Paid,0
BILL260441,CUST10436,179560,179560,2026-05-11 00:00:00,2026-05-13 00:00:00,API,Paid,0
BILL198941,CUST10276,213867,214253,2026-07-09 00:02:00,2026-07-09 00:02:00,Mobile,Paid,0
BILL316705,CUST10501,251690,251690,2026-08-13 00:00:00,2026-08-14 00:00:00,Mobile,Paid,0
BILL730562,CUST10025,333506,333506,2026-11-21 00:00:00,2026-11-25 00:00:00,Web,Paid,0
BILL251478,CUST10073,207444,207444,2026-12-27 00:00:00,2026-12-27 00:00:00,Web,Paid,0
BILL267176,CUST10363,390051,390051,2026-07-18 00:00:00,2026-07-21 00:00:00,Web,Paid,0
BILL594681,CUST10333,348154,348154,2026-09-30 00:00:00,2026-10-01 00:00:00,Web,Paid,0
BILL830362,CUST10172,250168,250168,2026-10-24 00:03:00,2026-10-26 00:03:00,Web,Paid,0
BILL603554,CUST10050,356550,356550,2026-05-18 00:00:00,2026-05-22 00:00:00,Web,Paid,0
BILL790802,CUST10321,259198,259198,2026-10-15 00:00:00,2026-10-17 00:00:00,API,Paid,0
BILL519502,CUST10429,143790,143790,2026-09-17 00:00:00,2026-09-21 00:00:00,Mobile,Paid,0
BILL614216,CUST10542,236444,236444,2026-09-20 00:00:00,2026-09-20 00:00:00,Mobile,Paid,0
BILL448891,CUST10127,395325,398056,2026-08-12 00:00:00,2026-08-12 00:00:00,Web,Paid,0
BILL990839,CUST10454,215896,215896,2027-03-01 00:00:00,2027-03-04 00:00:00,Web,Paid,0
BILL998360,CUST10415,167276,167276,2026-07-21 00:00:00,2026-07-26 00:00:00,Mobile,Paid,0
BILL422750,CUST10343,309442,309442,2026-06-11 00:00:00,2026-06-15 00:00:00,Web,Paid,0
BILL752555,CUST10603,158354,158354,2026-09-26 00:00:00,2026-10-01 00:00:00,Web,Paid,0
BILL149450,CUST10343,309442,309442,2026-07-15 00:00:00,2026-07-16 00:00:00,Web,Paid,0
BILL717406,CUST10323,349794,349794,2026-09-15 00:00:00,2026-09-18 00:00:00,Mobile,Paid,0
BILL906469,CUST10254,113526,113526,2026-11-14 00:02:00,2026-11-15 00:02:00,Web,Paid,0
BILL248847,CUST10167,172148,172148,2026-06-17 00:00:00,2026-06-18 00:00:00,Web,Paid,0
BILL942661,CUST10455,395476,395476,2026-07-17 00:00:00,2026-07-18 00:00:00,API,Paid,0
BILL768527,CUST10546,178968,178968,2026-06-17 00:00:00,2026-06-17 00:00:00,Web,Paid,0
BILL737505,CUST10351,243567,243567,2026-12-20 00:00:00,2026-12-23 00:00:00,Web,Paid,0
BILL769184,CUST10085,211430,211430,2026-09-17 00:00:00,2026-09-19 00:00:00,Mobile,Paid,0
BILL891183,CUST10123,375988,375988,2026-05-13 00:00:00,2026-05-16 00:00:00,Mobile,Paid,0
BILL245554,CUST10271,249678,249678,2026-06-18 00:00:00,2026-06-22 00:00:00,Mobile,Paid,0
BILL980958,CUST10251,198303,198303,2026-06-19 00:00:00,2026-06-19 00:00:00,API,Paid,0
BILL794971,CUST10046,304792,304792,2026-04-05 00:00:00,2026-04-08 00:00:00,Web,Paid,0
BILL154267,CUST10094,245816,245816,2026-12-20 00:00:00,2026-12-25 00:00:00,API,Paid,0
BILL425226,CUST10096,304688,304688,2026-05-06 00:00:00,2026-05-07 00:00:00,Web,Paid,0
BILL969317,CUST10018,378464,378464,2026-08-31 00:00:00,2026-09-02 00:00:00,Mobile,Paid,0
BILL320275,CUST10444,299032,299032,2026-09-21 00:00:00,2026-09-21 00:00:00,Web,Paid,0
BILL173357,CUST10164,224102,229008,2026-07-19 00:00:00,2026-07-21 00:00:00,Mobile,Paid,0
BILL824252,CUST10495,342600,342600,2026-11-20 00:00:00,2026-11-25 00:00:00,Web,Paid,0
BILL620498,CUST10284,295311,295311,2026-10-23 00:00:00,2026-10-23 00:00:00,Web,Paid,0
BILL656678,CUST10270,355476,355476,2026-06-17 00:00:00,2026-06-18 00:00:00,Web,Paid,0
BILL896159,CUST10519,250546,250546,2026-08-06 00:00:00,2026-08-06 00:00:00,Web,Paid,0
BILL875186,CUST10521,102928,102928,2026-07-16 00:00:00,2026-07-20 00:00:00,Web,Paid,0
BILL771302,CUST10558,370905,370905,2026-08-18 00:00:00,2026-08-19 00:00:00,Mobile,Paid,0
BILL277108,CUST10470,167619,167619,2027-02-25 00:00:00,2027-02-28 00:00:00,API,Paid,0
BILL532885,CUST10414,229181,229181,2026-08-21 00:00:00,2026-08-26 00:00:00,Mobile,Paid,0
BILL219115,CUST10096,304688,304688,2026-06-06 00:00:00,2026-06-06 00:00:00,Web,Paid,0
BILL160226,CUST10444,299032,299032,2026-10-21 00:00:00,2026-10-24 00:00:00,Web,Paid,0
BILL429967,CUST10591,281465,281465,2026-10-25 00:00:00,2026-10-30 00:00:00,API,Paid,0
BILL168999,CUST10504,354532,354532,2026-07-18 00:00:00,2026-07-17 00:00:00,Web,Paid,0
BILL613367,CUST10402,340164,340164,2026-11-18 00:00:00,2026-11-20 00:00:00,Mobile,Paid,0
BILL474293,CUST10023,275833,275833,2026-09-28 00:00:00,2026-10-03 00:00:00,Mobile,Paid,0
BILL381285,CUST10596,256895,256895,2026-09-25 00:00:00,2026-09-28 00:00:00,Web,Paid,0
BILL285346,CUST10360,105618,105618,2026-09-10 00:00:00,2026-09-15 00:00:00,API,Paid,0
BILL337351,CUST10478,236492,236492,2026-09-23 00:00:00,2026-09-27 00:00:00,Web,Paid,0
BILL351915,CUST10474,169578,169578,2026-10-13 00:03:00,2026-10-14 00:03:00,Web,Paid,0
BILL341193,CUST10512,262637,262637,2026-09-18 00:00:00,2026-09-22 00:00:00,API,Paid,0
BILL175990,CUST10404,362092,362092,2026-11-14 00:03:00,2026-11-16 00:03:00,Web,Paid,0
BILL442734,CUST10587,271806,285233,2026-04-06 00:00:00,2026-04-06 00:00:00,Web,Paid,0
BILL690172,CUST10401,247639,247639,2026-07-23 00:00:00,2026-07-24 00:00:00,Mobile,Paid,0
BILL846722,CUST10464,127515,127515,2026-11-01 00:00:00,2026-11-05 00:00:00,Mobile,Paid,0
BILL806642,CUST10402,340164,340164,2026-12-20 00:00:00,2026-12-22 00:00:00,API,Paid,0
BILL703374,CUST10447,214704,214704,2027-01-01 00:00:00,2027-01-04 00:00:00,API,Paid,0
BILL626072,CUST10372,220460,220460,2026-08-18 00:00:00,2026-08-19 00:00:00,Web,Paid,0
BILL800626,CUST10205,363069,363069,2027-03-03 00:00:00,2027-03-05 00:00:00,API,Paid,0
BILL291473,CUST10470,167619,167619,2027-03-30 00:00:00,2027-03-31 00:00:00,Web,Paid,0
BILL559285,CUST10109,373800,373800,2026-08-20 00:00:00,2026-08-24 00:00:00,Web,Paid,0
BILL925508,CUST10278,251703,251703,2026-10-04 00:00:00,2026-10-05 00:00:00,Web,Paid,0
BILL160530,CUST10521,102928,99842,2026-08-19 00:00:00,2026-08-22 00:00:00,Web,Paid,0
BILL543624,CUST10594,300870,300870,2026-07-11 00:00:00,2026-07-11 00:00:00,Mobile,Paid,0
BILL995660,CUST10318,217679,217679,2026-09-26 00:00:00,2026-09-28 00:00:00,Web,Paid,0
BILL552110,CUST10558,370905,370905,2026-09-18 00:00:00,2026-09-23 00:00:00,Mobile,Paid,0
BILL738745,CUST10356,128557,128557,2026-09-23 00:00:00,2026-09-26 00:00:00,Mobile,Paid,0
BILL171857,CUST10298,252847,256231,2026-11-22 00:00:00,2026-11-25 00:00:00,Mobile,Paid,0
BILL250977,CUST10056,259856,259856,2026-07-13 00:00:00,2026-07-14 00:00:00,Mobile,Paid,0
BILL144960,CUST10223,305291,305291,2026-10-14 00:00:00,2026-10-18 00:00:00,Mobile,Paid,0
BILL175134,CUST10092,220450,220450,2026-05-13 00:00:00,2026-05-16 00:00:00,Mobile,Paid,0
BILL310217,CUST10554,369856,369856,2026-08-17 00:00:00,2026-08-17 00:00:00,Web,Paid,0
BILL313508,CUST10387,288975,288975,2027-02-17 00:00:00,2027-02-17 00:00:00,Mobile,Paid,0
BILL279151,CUST10135,318407,318407,2027-05-23 00:00:00,2027-05-25 00:00:00,API,Paid,0
BILL612750,CUST10355,283799,283799,2026-10-13 00:00:00,2026-10-13 00:00:00,Web,Paid,0
BILL417623,CUST10245,149125,149125,2026-09-15 00:00:00,2026-09-18 00:00:00,Web,Paid,0
BILL168218,CUST10176,366658,366658,2026-11-01 00:00:00,2026-11-06 00:00:00,Web,Paid,0
BILL739784,CUST10613,332566,332566,2026-10-19 00:00:00,2026-10-22 00:00:00,API,Paid,0
BILL539233,CUST10269,293166,293166,2027-03-08 00:00:00,2027-03-11 00:00:00,Web,Paid,0
BILL274444,CUST10574,239475,239475,2026-08-17 00:00:00,2026-08-18 00:00:00,Web,Paid,0
BILL362477,CUST10063,291682,291682,2027-01-04 00:00:00,2027-01-05 00:00:00,Web,Paid,0
BILL907220,CUST10079,180418,180418,2027-03-11 00:00:00,2027-03-11 00:00:00,Web,Paid,0
BILL397252,CUST10048,286473,286473,2026-08-09 00:00:00,2026-08-12 00:00:00,Mobile,Paid,0
BILL674279,CUST10176,366658,366658,2026-12-06 00:00:00,2026-12-07 00:00:00,Web,Paid,0
BILL615334,CUST10545,302966,302966,2026-07-22 00:00:00,2026-07-25 00:00:00,Web,Paid,0
BILL440719,CUST10545,302966,302966,2026-08-24 00:00:00,2026-08-26 00:00:00,Web,Paid,0
BILL202646,CUST10532,229729,229729,2026-11-23 00:00:00,2026-11-27 00:00:00,Mobile,Paid,0
BILL219822,CUST10320,224248,224248,2026-11-22 00:00:00,2026-11-22 00:00:00,Web,Paid,0
BILL718851,CUST10430,119549,119549,2026-07-19 00:00:00,2026-07-24 00:00:00,Mobile,Paid,0
BILL675123,CUST10446,332242,332242,2026-10-19 00:00:00,2026-10-23 00:00:00,Web,Paid,0
BILL122285,CUST10183,118488,118488,2026-08-16 00:00:00,2026-08-16 00:00:00,Web,Paid,0
BILL862160,CUST10067,385330,385330,2026-11-23 00:00:00,2026-11-26 00:00:00,Mobile,Paid,0
BILL298345,CUST10193,205671,205671,2026-10-21 00:00:00,2026-10-25 00:00:00,Web,Paid,0
BILL589199,CUST10591,281465,281465,2026-11-29 00:00:00,2026-11-30 00:00:00,API,Paid,0
BILL874967,CUST10206,162750,162750,2026-09-10 00:00:00,2026-09-12 00:00:00,Mobile,Paid,0
BILL176552,CUST10242,250923,250923,2026-09-16 00:02:00,2026-09-21 00:02:00,Mobile,Paid,0
BILL200851,CUST10170,290605,290605,2026-10-26 00:00:00,2026-10-30 00:00:00,Mobile,Paid,0
BILL517789,CUST10250,208952,208952,2026-06-14 00:00:00,2026-06-16 00:00:00,Web,Paid,0
BILL431721,CUST10406,256264,256264,2027-07-03 00:03:00,2027-07-07 00:03:00,Web,Paid,0
BILL293245,CUST10027,172429,172429,2026-06-10 00:00:00,2026-06-11 00:00:00,Mobile,Paid,0
BILL550911,CUST10590,338082,338082,2026-10-14 00:00:00,2026-10-19 00:00:00,Web,Paid,1
BILL361061,CUST10350,227517,227517,2026-05-02 00:00:00,2026-05-02 00:00:00,Mobile,Paid,0
BILL140045,CUST10158,223467,223467,2026-06-11 00:00:00,2026-06-11 00:00:00,Web,Paid,0
BILL892515,CUST10512,262637,262637,2026-10-22 00:00:00,2026-10-26 00:00:00,Web,Paid,0
BILL603349,CUST10576,241667,241667,2026-08-24 00:00:00,2026-08-29 00:00:00,Web,Paid,0
BILL586482,CUST10314,104406,104406,2027-04-01 00:00:00,2027-04-02 00:00:00,Mobile,Paid,0
BILL298786,CUST10556,375784,1178174,2026-05-10 00:00:00,2026-05-12 00:00:00,Mobile,Paid,0
BILL226838,CUST10139,219961,209988,2026-12-22 00:00:00,2026-12-23 00:00:00,Mobile,Paid,0
BILL831440,CUST10075,282116,282116,2026-11-19 00:00:00,2026-11-21 00:00:00,Web,Paid,0
BILL799255,CUST10450,324116,324116,2026-08-16 00:00:00,2026-08-18 00:00:00,Web,Paid,0
BILL668635,CUST10575,294651,294651,2026-06-14 00:00:00,2026-06-18 00:00:00,Mobile,Paid,0
BILL946819,CUST10416,138452,138452,2027-01-04 00:00:00,2027-01-09 00:00:00,Mobile,Paid,1
BILL134900,CUST10080,197104,197104,2026-11-17 00:00:00,2026-11-17 00:00:00,Mobile,Paid,0
BILL507345,CUST10317,393733,393733,2026-09-21 00:00:00,2026-09-22 00:00:00,Mobile,Paid,0
BILL223357,CUST10286,351577,222385,2026-06-11 00:00:00,2026-06-14 00:00:00,Mobile,Paid,0
BILL300628,CUST10020,296410,296410,2026-07-18 00:00:00,2026-07-21 00:00:00,Web,Paid,0
BILL177514,CUST10383,346266,346266,2027-02-26 00:00:00,2027-02-26 00:00:00,Web,Paid,0
BILL219756,CUST10117,147482,147482,2026-09-27 00:00:00,2026-09-29 00:00:00,Web,Paid,0
BILL853280,CUST10013,154503,154503,2026-10-27 00:00:00,2026-10-28 00:00:00,Mobile,Paid,0
BILL882253,CUST10468,286051,286051,2026-11-18 00:00:00,2026-11-20 00:00:00,Web,Paid,0
BILL242552,CUST10330,341313,341313,2027-05-06 00:00:00,2027-05-10 00:00:00,Mobile,Paid,0
BILL528296,CUST10270,355476,355476,2026-07-18 00:00:00,2026-07-19 00:00:00,Web,Paid,0
BILL245329,CUST10398,332324,332324,2027-05-24 00:00:00,2027-05-25 00:00:00,API,Paid,0
BILL115261,CUST10024,252646,252646,2027-01-23 00:00:00,2027-01-23 00:00:00,Web,Paid,0
BILL632513,CUST10349,168829,168829,2027-02-23 00:03:00,2027-02-26 00:03:00,Mobile,Paid,0
BILL471316,CUST10284,295311,295311,2026-11-22 00:00:00,2026-11-21 00:00:00,Web,Paid,0
BILL253350,CUST10431,249946,249946,2026-07-18 00:00:00,2026-07-23 00:00:00,Mobile,Paid,0
BILL545768,CUST10608,306417,306417,2027-01-19 00:00:00,2027-01-22 00:00:00,Web,Paid,0
BILL525243,CUST10110,259291,259291,2026-12-20 00:00:00,2026-12-24 00:00:00,Mobile,Paid,0
BILL555341,CUST10457,217047,217047,2026-09-23 00:00:00,2026-09-26 00:00:00,Web,Paid,0
BILL394778,CUST10234,154405,154405,2026-08-15 00:03:00,2026-08-16 00:03:00,Mobile,Paid,0
BILL855315,CUST10556,375784,375784,2026-06-11 00:00:00,2026-06-13 00:00:00,Mobile,Paid,0
BILL108434,CUST10590,338082,338082,2026-11-18 00:00:00,2026-11-18 00:00:00,API,Paid,0
BILL640176,CUST10203,295824,295824,2026-07-18 00:00:00,2026-07-18 00:00:00,Web,Paid,0
BILL600637,CUST10010,272952,272952,2027-01-10 00:06:00,2027-01-15 00:06:00,API,Paid,0
BILL710343,CUST10086,381108,381108,2026-06-14 00:00:00,2026-06-14 00:00:00,Web,Paid,0
BILL375307,CUST10410,224918,224918,2027-06-02 00:00:00,2027-06-06 00:00:00,Mobile,Paid,1
BILL166280,CUST10524,389395,389395,2026-12-03 00:00:00,2026-12-04 00:00:00,Mobile,Paid,0
BILL807223,CUST10480,105645,105645,2027-07-15 00:00:00,2027-07-16 00:00:00,Mobile,Paid,0
BILL836945,CUST10287,337070,337070,2026-08-18 00:00:00,2026-08-18 00:00:00,API,Paid,0
BILL113335,CUST10005,153842,153842,2026-07-16 00:02:00,2026-07-21 00:02:00,Web,Paid,0
BILL214113,CUST10216,221501,221501,2026-09-21 00:00:00,2026-09-26 00:00:00,Web,Paid,0
BILL736448,CUST10365,350379,350379,2026-12-01 00:00:00,2026-12-03 00:00:00,Mobile,Paid,0
BILL648308,CUST10365,350379,350379,2027-01-02 00:00:00,2027-01-04 00:00:00,API,Paid,0
BILL753773,CUST10535,231038,231038,2026-10-22 00:00:00,2026-10-25 00:00:00,Mobile,Paid,0
BILL670182,CUST10065,108529,108529,2026-07-12 00:00:00,2026-07-12 00:00:00,API,Paid,0
BILL320862,CUST10065,108529,108529,2026-07-12 00:00:00,2026-07-12 00:01:00,API,Paid,0
BILL791997,CUST10561,376279,376279,2026-11-28 00:00:00,2026-11-30 00:00:00,Mobile,Paid,0
BILL178918,CUST10071,237224,237224,2027-04-08 00:00:00,2027-04-08 00:00:00,Web,Paid,0
BILL164003,CUST10469,346728,346728,2026-09-24 00:00:00,2026-09-24 00:00:00,Mobile,Paid,0
BILL936132,CUST10114,195049,195049,2026-09-19 00:00:00,2026-09-19 00:00:00,API,Paid,0
BILL197305,CUST10114,195049,195049,2026-09-19 00:00:00,2026-09-19 00:01:00,API,Paid,0
BILL418122,CUST10155,387650,387650,2027-01-19 00:00:00,2027-01-23 00:00:00,Mobile,Paid,0
BILL340476,CUST10095,162561,162561,2026-07-20 00:00:00,2026-07-21 00:00:00,Web,Paid,0
BILL731141,CUST10096,304688,304688,2026-07-06 00:00:00,2026-07-06 00:00:00,Web,Paid,0
BILL496049,CUST10449,285445,285445,2027-08-08 00:03:00,2027-08-10 00:03:00,Web,Paid,0
BILL447551,CUST10050,356550,356550,2026-06-21 00:00:00,2026-06-25 00:00:00,Web,Paid,0
BILL745576,CUST10594,300870,300870,2026-08-10 00:00:00,2026-08-10 00:00:00,API,Paid,0
BILL506682,CUST10550,272473,272473,2027-01-02 00:00:00,2027-01-04 00:00:00,Web,Paid,0
BILL918191,CUST10565,262025,262025,2026-09-22 00:00:00,2026-09-27 00:00:00,Web,Paid,0
BILL526762,CUST10220,319361,319361,2026-06-12 00:00:00,2026-06-16 00:00:00,Mobile,Paid,0
BILL954817,CUST10119,278581,278581,2026-11-11 00:02:00,2026-11-12 00:02:00,Mobile,Paid,0
BILL389917,CUST10361,297495,297495,2027-04-29 00:00:00,2027-04-30 00:00:00,Web,Paid,0
BILL636140,CUST10302,246406,246406,2026-07-22 00:00:00,2026-07-26 00:00:00,Web,Paid,0
BILL125055,CUST10382,319178,319178,2027-01-15 00:00:00,2027-01-18 00:00:00,API,Paid,0
BILL224166,CUST10256,321442,321442,2026-08-15 00:00:00,2026-08-15 00:00:00,API,Paid,0
BILL739678,CUST10256,321442,321442,2026-08-15 00:00:00,2026-08-15 00:01:00,API,Paid,0
BILL197862,CUST10256,321442,321442,2026-08-15 00:00:00,2026-08-15 00:02:00,API,Paid,0
BILL122214,CUST10221,300750,300750,2027-03-29 00:00:00,2027-03-28 00:00:00,Mobile,Paid,0
BILL748341,CUST10234,154405,154405,2026-09-15 00:03:00,2026-09-19 00:03:00,Mobile,Paid,0
BILL444877,CUST10398,332324,332324,2027-06-24 00:00:00,2027-06-27 00:00:00,Mobile,Paid,0
BILL715211,CUST10408,218921,218921,2026-11-26 00:00:00,2026-11-30 00:00:00,Web,Paid,0
BILL758360,CUST10530,292483,292483,2026-08-23 00:00:00,2026-08-28 00:00:00,API,Paid,0
BILL999766,CUST10337,169043,169043,2026-12-01 00:00:00,2026-12-01 00:00:00,Mobile,Paid,1
BILL296494,CUST10068,364147,364147,2026-09-20 00:00:00,2026-09-20 00:00:00,Web,Paid,0
BILL879879,CUST10515,239952,239952,2026-11-25 00:00:00,2026-11-25 00:00:00,API,Paid,0
BILL610627,CUST10515,239952,239952,2026-11-25 00:00:00,2026-11-25 00:01:00,API,Paid,0
BILL301147,CUST10167,172148,172148,2026-07-18 00:00:00,2026-07-18 00:00:00,API,Paid,0
BILL408841,CUST10469,346728,346728,2026-10-24 00:00:00,2026-10-25 00:00:00,Mobile,Paid,0
BILL324608,CUST10300,103916,103916,2026-10-09 00:03:00,2026-10-14 00:03:00,Mobile,Paid,0
BILL308651,CUST10309,395004,395004,2026-12-30 00:00:00,2027-01-03 00:00:00,Mobile,Paid,0
BILL582393,CUST10228,360483,349094,2026-10-13 00:00:00,2026-10-16 00:00:00,Mobile,Paid,0
BILL413137,CUST10530,292483,292483,2026-09-27 00:00:00,2026-09-27 00:00:00,Mobile,Paid,0
BILL287910,CUST10536,220011,220011,2026-12-17 00:02:00,2026-12-17 00:02:00,Web,Paid,0
BILL772942,CUST10204,212495,212495,2026-09-15 00:02:00,2026-09-20 00:02:00,Web,Paid,0
BILL956881,CUST10010,272952,272952,2027-02-14 00:06:00,2027-02-16 00:06:00,Mobile,Paid,0
BILL318463,CUST10336,314172,314172,2026-10-18 00:00:00,2026-10-20 00:00:00,Mobile,Paid,0
BILL152578,CUST10084,150618,150618,2026-09-23 00:00:00,2026-09-23 00:00:00,Mobile,Paid,0
BILL237313,CUST10488,202266,202266,2026-09-24 00:00:00,2026-09-24 00:00:00,Mobile,Paid,0
BILL509962,CUST10356,128557,128557,2026-10-26 00:00:00,2026-10-25 00:00:00,Mobile,Paid,0
BILL969254,CUST10080,197104,197104,2026-12-17 00:00:00,2026-12-17 00:00:00,Mobile,Paid,0
BILL140918,CUST10140,178769,178769,2026-11-06 00:00:00,2026-11-07 00:00:00,Mobile,Paid,0
BILL446657,CUST10390,396951,396951,2026-11-20 00:00:00,2026-11-20 00:00:00,Web,Paid,0
BILL640396,CUST10202,218656,218656,2026-11-23 00:00:00,2026-11-27 00:00:00,Web,Paid,0
BILL996706,CUST10020,296410,296410,2026-08-20 00:00:00,2026-08-21 00:00:00,Web,Paid,0
BILL692646,CUST10291,161087,161087,2026-09-19 00:00:00,2026-09-23 00:00:00,Web,Paid,0
BILL808577,CUST10592,260721,260721,2026-11-18 00:02:00,2026-11-19 00:02:00,Web,Paid,0
BILL747947,CUST10574,239475,239475,2026-09-17 00:00:00,2026-09-20 00:00:00,Web,Paid,0
BILL924606,CUST10475,126039,39049,2026-07-14 00:03:00,2026-07-18 00:03:00,Mobile,Paid,0
BILL298434,CUST10221,300750,300750,2027-04-27 00:00:00,2027-04-27 00:00:00,Mobile,Paid,0
BILL606069,CUST10577,390170,390170,2027-06-05 00:00:00,2027-06-08 00:00:00,Web,Paid,0
BILL133440,CUST10190,181924,181924,2026-09-22 00:00:00,2026-09-22 00:00:00,Web,Paid,0
BILL796371,CUST10116,102455,101228,2026-09-19 00:00:00,2026-09-22 00:00:00,API,Paid,0
BILL932359,CUST10406,256264,256264,2027-08-06 00:03:00,2027-08-08 00:03:00,Web,Paid,0
BILL912291,CUST10452,181594,181594,2027-03-13 00:02:00,2027-03-14 00:02:00,Web,Paid,0
BILL249002,CUST10163,268582,268582,2026-07-12 00:00:00,2026-07-12 00:00:00,Mobile,Paid,0
BILL862459,CUST10443,351740,351740,2026-10-14 00:00:00,2026-10-14 00:00:00,Web,Paid,0
BILL687612,CUST10056,259856,259856,2026-08-13 00:00:00,2026-08-15 00:00:00,Mobile,Paid,0
BILL559890,CUST10411,149767,149767,2026-11-25 00:00:00,2026-11-28 00:00:00,Web,Paid,0
BILL237852,CUST10611,384518,384518,2026-07-09 00:00:00,2026-07-09 00:00:00,Web,Paid,0
BILL100039,CUST10391,398193,398193,2026-11-22 00:00:00,2026-11-22 00:00:00,Mobile,Paid,0
BILL186202,CUST10575,294651,294651,2026-07-18 00:00:00,2026-07-23 00:00:00,Mobile,Paid,0
BILL404115,CUST10156,219188,219188,2026-07-18 00:00:00,2026-07-23 00:00:00,Web,Paid,0
BILL335170,CUST10321,259198,259198,2026-11-16 00:00:00,2026-11-18 00:00:00,Web,Paid,0
BILL994624,CUST10451,253228,253228,2026-12-27 00:00:00,2026-12-27 00:00:00,Mobile,Paid,0
BILL221810,CUST10200,172208,172208,2026-08-28 00:00:00,2026-09-01 00:00:00,Web,Paid,0
BILL409826,CUST10325,220741,220741,2027-01-20 00:00:00,2027-01-24 00:00:00,Web,Paid,0
BILL337234,CUST10029,356599,356599,2026-05-19 00:00:00,2026-05-18 00:00:00,Mobile,Paid,0
BILL664014,CUST10406,256264,256264,2027-09-07 00:03:00,2027-09-09 00:03:00,Web,Paid,0
BILL331435,CUST10560,304731,304731,2026-07-21 00:00:00,2026-07-22 00:00:00,Web,Paid,0
BILL948204,CUST10343,309442,309442,2026-08-15 00:00:00,2026-08-16 00:00:00,Web,Paid,0
BILL213954,CUST10178,102909,102909,2026-12-25 00:00:00,2026-12-27 00:00:00,Mobile,Paid,0
BILL861830,CUST10525,278327,278327,2026-11-30 00:00:00,2026-12-04 00:00:00,Mobile,Paid,0
BILL697289,CUST10270,355476,355476,2026-08-18 00:00:00,2026-08-18 00:00:00,Web,Paid,0
BILL225798,CUST10252,396619,396619,2026-12-25 00:03:00,2026-12-25 00:03:00,Mobile,Paid,0
BILL659540,CUST10263,238303,245060,2026-09-21 00:00:00,2026-09-20 00:00:00,Web,Paid,0
BILL729783,CUST10418,114272,114272,2026-12-21 00:00:00,2026-12-24 00:00:00,Web,Paid,0
BILL673320,CUST10245,149125,149125,2026-10-18 00:00:00,2026-10-22 00:00:00,Web,Paid,0
BILL594385,CUST10119,278581,278581,2026-12-12 00:02:00,2026-12-14 00:02:00,Mobile,Paid,0
BILL862614,CUST10027,172429,172429,2026-07-11 00:00:00,2026-07-13 00:00:00,Mobile,Paid,0
BILL728362,CUST10295,210565,210565,2026-09-16 00:00:00,2026-09-19 00:00:00,Mobile,Paid,0
BILL212294,CUST10470,167619,167619,2027-04-30 00:00:00,2027-05-05 00:00:00,Web,Paid,0
BILL900870,CUST10456,297942,297164,2026-10-28 00:00:00,2026-10-29 00:00:00,Mobile,Paid,1
BILL767931,CUST10053,123911,123911,2026-08-17 00:00:00,2026-08-18 00:00:00,Mobile,Paid,0
BILL399872,CUST10071,237224,237224,2027-05-08 00:00:00,2027-05-08 00:00:00,Web,Paid,0
